gender,age_band,race,education,income,party,weight
Female,18-29,Asian / Asian American,Bachelor's degree,"$100,000 to $167,999",Democrat,0.00016464608917239997
Female,18-29,Asian / Asian American,Bachelor's degree,"$100,000 to $167,999",Independent,0.0002269481888558362
Female,18-29,Asian / Asian American,Bachelor's degree,"$100,000 to $167,999",Other,1.858332902892963e-05
Female,18-29,Asian / Asian American,Bachelor's degree,"$100,000 to $167,999",Republican,8.189145416746135e-05
Female,18-29,Asian / Asian American,Bachelor's degree,"$168,000 or more",Democrat,0.00010089672283645666
Female,18-29,Asian / Asian American,Bachelor's degree,"$168,000 or more",Independent,0.0001390760547324414
Female,18-29,Asian / Asian American,Bachelor's degree,"$168,000 or more",Other,1.1388044549587147e-05
Female,18-29,Asian / Asian American,Bachelor's degree,"$168,000 or more",Republican,5.018387861710489e-05
Female,18-29,Asian / Asian American,Bachelor's degree,"$30,000 to $55,999",Democrat,0.00012437527867648253
Female,18-29,Asian / Asian American,Bachelor's degree,"$30,000 to $55,999",Independent,0.00017143889888882516
Female,18-29,Asian / Asian American,Bachelor's degree,"$30,000 to $55,999",Other,1.4038029924231785e-05
Female,18-29,Asian / Asian American,Bachelor's degree,"$30,000 to $55,999",Republican,6.186161168174162e-05
Female,18-29,Asian / Asian American,Bachelor's degree,"$56,000 to $99,999",Democrat,0.00018484906274213015
Female,18-29,Asian / Asian American,Bachelor's degree,"$56,000 to $99,999",Independent,0.00025479597002209036
Female,18-29,Asian / Asian American,Bachelor's degree,"$56,000 to $99,999",Other,2.0863604904877937e-05
Female,18-29,Asian / Asian American,Bachelor's degree,"$56,000 to $99,999",Republican,9.19399824528774e-05
Female,18-29,Asian / Asian American,Bachelor's degree,"Less than $30,000",Democrat,0.00023090807883325163
Female,18-29,Asian / Asian American,Bachelor's degree,"Less than $30,000",Independent,0.000318283723268489
Female,18-29,Asian / Asian American,Bachelor's degree,"Less than $30,000",Other,2.6062209105393386e-05
Female,18-29,Asian / Asian American,Bachelor's degree,"Less than $30,000",Republican,0.00011484875498542746
Female,18-29,Asian / Asian American,Doctorate degree / Ph.D.,"$100,000 to $167,999",Democrat,7.3592572098379766e-06
Female,18-29,Asian / Asian American,Doctorate degree / Ph.D.,"$100,000 to $167,999",Independent,4.777207377577197e-06
Female,18-29,Asian / Asian American,Doctorate degree / Ph.D.,"$100,000 to $167,999",Republican,1.7850044618482328e-06
Female,18-29,Asian / Asian American,Doctorate degree / Ph.D.,"$168,000 or more",Democrat,7.239057770636726e-06
Female,18-29,Asian / Asian American,Doctorate degree / Ph.D.,"$168,000 or more",Independent,4.699180800796434e-06
Female,18-29,Asian / Asian American,Doctorate degree / Ph.D.,"$168,000 or more",Republican,1.755849816322451e-06
Female,18-29,Asian / Asian American,Doctorate degree / Ph.D.,"$30,000 to $55,999",Democrat,1.1046453782265377e-05
Female,18-29,Asian / Asian American,Doctorate degree / Ph.D.,"$30,000 to $55,999",Independent,7.1707237564897655e-06
Female,18-29,Asian / Asian American,Doctorate degree / Ph.D.,"$30,000 to $55,999",Republican,2.6793423203886222e-06
Female,18-29,Asian / Asian American,Doctorate degree / Ph.D.,"$56,000 to $99,999",Democrat,8.858729005695773e-06
Female,18-29,Asian / Asian American,Doctorate degree / Ph.D.,"$56,000 to $99,999",Independent,5.75057840149858e-06
Female,18-29,Asian / Asian American,Doctorate degree / Ph.D.,"$56,000 to $99,999",Republican,2.148704733452231e-06
Female,18-29,Asian / Asian American,Doctorate degree / Ph.D.,"Less than $30,000",Democrat,1.2065307094060212e-05
Female,18-29,Asian / Asian American,Doctorate degree / Ph.D.,"Less than $30,000",Independent,7.832104846862385e-06
Female,18-29,Asian / Asian American,Doctorate degree / Ph.D.,"Less than $30,000",Republican,2.926467492898073e-06
Female,18-29,Asian / Asian American,High school diploma / GED,"$100,000 to $167,999",Democrat,3.5210565628038077e-05
Female,18-29,Asian / Asian American,High school diploma / GED,"$100,000 to $167,999",Independent,3.3648662480644365e-05
Female,18-29,Asian / Asian American,High school diploma / GED,"$100,000 to $167,999",Other,5.535979324945971e-06
Female,18-29,Asian / Asian American,High school diploma / GED,"$100,000 to $167,999",Republican,3.5350425704627105e-06
Female,18-29,Asian / Asian American,High school diploma / GED,"$168,000 or more",Democrat,1.635071833476521e-05
Female,18-29,Asian / Asian American,High school diploma / GED,"$168,000 or more",Independent,1.5625417903667323e-05
Female,18-29,Asian / Asian American,High school diploma / GED,"$168,000 or more",Other,2.57074082834945e-06
Female,18-29,Asian / Asian American,High school diploma / GED,"$168,000 or more",Republican,1.6415665110762627e-06
Female,18-29,Asian / Asian American,High school diploma / GED,"$30,000 to $55,999",Democrat,4.9155053556290444e-05
Female,18-29,Asian / Asian American,High school diploma / GED,"$30,000 to $55,999",Independent,4.6974587792947603e-05
Female,18-29,Asian / Asian American,High school diploma / GED,"$30,000 to $55,999",Other,7.728400704462039e-06
Female,18-29,Asian / Asian American,High school diploma / GED,"$30,000 to $55,999",Republican,4.935030260817293e-06
Female,18-29,Asian / Asian American,High school diploma / GED,"$56,000 to $99,999",Democrat,4.971114153746674e-05
Female,18-29,Asian / Asian American,High school diploma / GED,"$56,000 to $99,999",Independent,4.7506008304217166e-05
Female,18-29,Asian / Asian American,High school diploma / GED,"$56,000 to $99,999",Other,7.8158316079915e-06
Female,18-29,Asian / Asian American,High school diploma / GED,"$56,000 to $99,999",Republican,4.99085994294019e-06
Female,18-29,Asian / Asian American,High school diploma / GED,"Less than $30,000",Democrat,7.74511661688418e-05
Female,18-29,Asian / Asian American,High school diploma / GED,"Less than $30,000",Independent,7.401551502121884e-05
Female,18-29,Asian / Asian American,High school diploma / GED,"Less than $30,000",Other,1.2177255518503724e-05
Female,18-29,Asian / Asian American,High school diploma / GED,"Less than $30,000",Republican,7.775881036140384e-06
Female,18-29,Asian / Asian American,Less than high school,"$100,000 to $167,999",Democrat,8.281199606270783e-06
Female,18-29,Asian / Asian American,Less than high school,"$100,000 to $167,999",Independent,1.4755785305889373e-05
Female,18-29,Asian / Asian American,Less than high school,"$168,000 or more",Democrat,5.467299059529735e-06
Female,18-29,Asian / Asian American,Less than high school,"$168,000 or more",Independent,9.7418604744683e-06
Female,18-29,Asian / Asian American,Less than high school,"$30,000 to $55,999",Democrat,1.8086995571174358e-05
Female,18-29,Asian / Asian American,Less than high school,"$30,000 to $55,999",Independent,3.2228159707046e-05
Female,18-29,Asian / Asian American,Less than high school,"$56,000 to $99,999",Democrat,1.8258362268835986e-05
Female,18-29,Asian / Asian American,Less than high school,"$56,000 to $99,999",Independent,3.253350800433365e-05
Female,18-29,Asian / Asian American,Less than high school,"Less than $30,000",Democrat,1.9300134309718635e-05
Female,18-29,Asian / Asian American,Less than high school,"Less than $30,000",Independent,3.438978068266668e-05
Female,18-29,Asian / Asian American,Master's degree / Professional degree,"$100,000 to $167,999",Democrat,0.000108527455774043
Female,18-29,Asian / Asian American,Master's degree / Professional degree,"$100,000 to $167,999",Independent,6.588416340032243e-05
Female,18-29,Asian / Asian American,Master's degree / Professional degree,"$100,000 to $167,999",Other,6.7430527979975165e-06
Female,18-29,Asian / Asian American,Master's degree / Professional degree,"$100,000 to $167,999",Republican,1.721990743253461e-05
Female,18-29,Asian / Asian American,Master's degree / Professional degree,"$168,000 or more",Democrat,7.085277484302014e-05
Female,18-29,Asian / Asian American,Master's degree / Professional degree,"$168,000 or more",Independent,4.301285570393216e-05
Female,18-29,Asian / Asian American,Master's degree / Professional degree,"$168,000 or more",Other,4.402240872999294e-06
Female,18-29,Asian / Asian American,Master's degree / Professional degree,"$168,000 or more",Republican,1.1242115789346957e-05
Female,18-29,Asian / Asian American,Master's degree / Professional degree,"$30,000 to $55,999",Democrat,9.585933312696735e-05
Female,18-29,Asian / Asian American,Master's degree / Professional degree,"$30,000 to $55,999",Independent,5.819367939788725e-05
Female,18-29,Asian / Asian American,Master's degree / Professional degree,"$30,000 to $55,999",Other,5.955954093328811e-06
Female,18-29,Asian / Asian American,Master's degree / Professional degree,"$30,000 to $55,999",Republican,1.5209873217959247e-05
Female,18-29,Asian / Asian American,Master's degree / Professional degree,"$56,000 to $99,999",Democrat,0.00013326089733164357
Female,18-29,Asian / Asian American,Master's degree / Professional degree,"$56,000 to $99,999",Independent,8.08991851145144e-05
Female,18-29,Asian / Asian American,Master's degree / Professional degree,"$56,000 to $99,999",Other,8.279796667183247e-06
Female,18-29,Asian / Asian American,Master's degree / Professional degree,"$56,000 to $99,999",Republican,2.114432979250066e-05
Female,18-29,Asian / Asian American,Master's degree / Professional degree,"Less than $30,000",Democrat,0.0001303350870296665
Female,18-29,Asian / Asian American,Master's degree / Professional degree,"Less than $30,000",Independent,7.912300264862178e-05
Female,18-29,Asian / Asian American,Master's degree / Professional degree,"Less than $30,000",Other,8.098009549790276e-06
Female,18-29,Asian / Asian American,Master's degree / Professional degree,"Less than $30,000",Republican,2.0680095353336306e-05
Female,18-29,Asian / Asian American,Some college or Associate's degree,"$100,000 to $167,999",Democrat,0.00011775080400255101
Female,18-29,Asian / Asian American,Some college or Associate's degree,"$100,000 to $167,999",Independent,0.00011968654045364667
Female,18-29,Asian / Asian American,Some college or Associate's degree,"$100,000 to $167,999",Other,1.6461575783807664e-06
Female,18-29,Asian / Asian American,Some college or Associate's degree,"$100,000 to $167,999",Republican,2.1543255653101706e-05
Female,18-29,Asian / Asian American,Some college or Associate's degree,"$168,000 or more",Democrat,5.934094966576497e-05
Female,18-29,Asian / Asian American,Some college or Associate's degree,"$168,000 or more",Independent,6.0316471151870214e-05
Female,18-29,Asian / Asian American,Some college or Associate's degree,"$168,000 or more",Other,8.295871508316365e-07
Female,18-29,Asian / Asian American,Some college or Associate's degree,"$168,000 or more",Republican,1.085680272144656e-05
Female,18-29,Asian / Asian American,Some college or Associate's degree,"$30,000 to $55,999",Democrat,0.00015609975439011422
Female,18-29,Asian / Asian American,Some college or Associate's degree,"$30,000 to $55,999",Independent,0.00015866591932749746
Female,18-29,Asian / Asian American,Some college or Associate's degree,"$30,000 to $55,999",Other,2.1822763406956953e-06
Female,18-29,Asian / Asian American,Some college or Associate's degree,"$30,000 to $55,999",Republican,2.8559439102766248e-05
Female,18-29,Asian / Asian American,Some college or Associate's degree,"$56,000 to $99,999",Democrat,0.00015900325565332496
Female,18-29,Asian / Asian American,Some college or Associate's degree,"$56,000 to $99,999",Independent,0.00016161715201198047
Female,18-29,Asian / Asian American,Some college or Associate's degree,"$56,000 to $99,999",Other,2.2228673213582897e-06
Female,18-29,Asian / Asian American,Some college or Associate's degree,"$56,000 to $99,999",Republican,2.9090653055250994e-05
Female,18-29,Asian / Asian American,Some college or Associate's degree,"Less than $30,000",Democrat,0.00027311497569093606
Female,18-29,Asian / Asian American,Some college or Associate's degree,"Less than $30,000",Independent,0.0002776047846418253
Female,18-29,Asian / Asian American,Some college or Associate's degree,"Less than $30,000",Other,3.818150464545222e-06
Female,18-29,Asian / Asian American,Some college or Associate's degree,"Less than $30,000",Republican,4.996811523998623e-05
Female,18-29,Black / African American,Bachelor's degree,"$100,000 to $167,999",Democrat,0.0001999180536799739
Female,18-29,Black / African American,Bachelor's degree,"$100,000 to $167,999",Independent,0.00016066860980100756
Female,18-29,Black / African American,Bachelor's degree,"$100,000 to $167,999",Other,5.56210439151443e-06
Female,18-29,Black / African American,Bachelor's degree,"$100,000 to $167,999",Republican,4.9655243979697697e-05
Female,18-29,Black / African American,Bachelor's degree,"$168,000 or more",Democrat,7.621533673433595e-05
Female,18-29,Black / African American,Bachelor's degree,"$168,000 or more",Independent,6.125215793779055e-05
Female,18-29,Black / African American,Bachelor's degree,"$168,000 or more",Other,2.1204571140403555e-06
Female,18-29,Black / African American,Bachelor's degree,"$168,000 or more",Republican,1.893021200874848e-05
Female,18-29,Black / African American,Bachelor's degree,"$30,000 to $55,999",Democrat,0.00030857440789795466
Female,18-29,Black / African American,Bachelor's degree,"$30,000 to $55,999",Independent,0.00016333449521582262
Female,18-29,Black / African American,Bachelor's degree,"$30,000 to $55,999",Republican,0.00014148519165680125
Female,18-29,Black / African American,Bachelor's degree,"$56,000 to $99,999",Democrat,0.0003289085021835849
Female,18-29,Black / African American,Bachelor's degree,"$56,000 to $99,999",Independent,0.00030116067023589914
Female,18-29,Black / African American,Bachelor's degree,"$56,000 to $99,999",Other,1.8144799656388603e-05
Female,18-29,Black / African American,Bachelor's degree,"$56,000 to $99,999",Republican,5.6656170868332925e-05
Female,18-29,Black / African American,Bachelor's degree,"Less than $30,000",Democrat,0.00029794033140488293
Female,18-29,Black / African American,Bachelor's degree,"Less than $30,000",Independent,0.00023944640301022102
Female,18-29,Black / African American,Bachelor's degree,"Less than $30,000",Other,8.28927250546942e-06
Female,18-29,Black / African American,Bachelor's degree,"Less than $30,000",Republican,7.400182012067784e-05
Female,18-29,Black / African American,Doctorate degree / Ph.D.,"$100,000 to $167,999",Democrat,4.231012126805826e-06
Female,18-29,Black / African American,Doctorate degree / Ph.D.,"$100,000 to $167,999",Independent,1.5439728342095728e-06
Female,18-29,Black / African American,Doctorate degree / Ph.D.,"$100,000 to $167,999",Other,2.831438699172121e-07
Female,18-29,Black / African American,Doctorate degree / Ph.D.,"$100,000 to $167,999",Republican,6.948520921906222e-07
Female,18-29,Black / African American,Doctorate degree / Ph.D.,"$168,000 or more",Democrat,2.4402566939585856e-06
Female,18-29,Black / African American,Doctorate degree / Ph.D.,"$168,000 or more",Independent,8.904937946406961e-07
Female,18-29,Black / African American,Doctorate degree / Ph.D.,"$168,000 or more",Other,1.6330459549886467e-07
Female,18-29,Black / African American,Doctorate degree / Ph.D.,"$168,000 or more",Republican,4.0075930261145154e-07
Female,18-29,Black / African American,Doctorate degree / Ph.D.,"$30,000 to $55,999",Democrat,1.4956755153151508e-06
Female,18-29,Black / African American,Doctorate degree / Ph.D.,"$30,000 to $55,999",Independent,5.457990417489948e-07
Female,18-29,Black / African American,Doctorate degree / Ph.D.,"$30,000 to $55,999",Other,1.0009220981989111e-07
Female,18-29,Black / African American,Doctorate degree / Ph.D.,"$30,000 to $55,999",Republican,2.456323049680345e-07
Female,18-29,Black / African American,Doctorate degree / Ph.D.,"$56,000 to $99,999",Democrat,4.573197435237901e-06
Female,18-29,Black / African American,Doctorate degree / Ph.D.,"$56,000 to $99,999",Independent,1.6688424409728131e-06
Female,18-29,Black / African American,Doctorate degree / Ph.D.,"$56,000 to $99,999",Other,3.0604327780225114e-07
Female,18-29,Black / African American,Doctorate degree / Ph.D.,"$56,000 to $99,999",Republican,7.510486168884672e-07
Female,18-29,Black / African American,Doctorate degree / Ph.D.,"Less than $30,000",Democrat,1.3225257496879425e-06
Female,18-29,Black / African American,Doctorate degree / Ph.D.,"Less than $30,000",Independent,4.82613561214816e-07
Female,18-29,Black / African American,Doctorate degree / Ph.D.,"Less than $30,000",Other,8.850484177517737e-08
Female,18-29,Black / African American,Doctorate degree / Ph.D.,"Less than $30,000",Republican,2.171962066297366e-07
Female,18-29,Black / African American,High school diploma / GED,"$100,000 to $167,999",Democrat,6.177899519131372e-05
Female,18-29,Black / African American,High school diploma / GED,"$100,000 to $167,999",Independent,0.00011021148002343497
Female,18-29,Black / African American,High school diploma / GED,"$100,000 to $167,999",Other,1.26250966213008e-05
Female,18-29,Black / African American,High school diploma / GED,"$100,000 to $167,999",Republican,9.569694155549926e-06
Female,18-29,Black / African American,High school diploma / GED,"$168,000 or more",Democrat,1.72026259224612e-05
Female,18-29,Black / African American,High school diploma / GED,"$168,000 or more",Independent,3.068885884810456e-05
Female,18-29,Black / African American,High school diploma / GED,"$168,000 or more",Other,3.515512250378961e-06
Female,18-29,Black / African American,High school diploma / GED,"$168,000 or more",Republican,2.6647223419625154e-06
Female,18-29,Black / African American,High school diploma / GED,"$30,000 to $55,999",Democrat,0.00025926766065746887
Female,18-29,Black / African American,High school diploma / GED,"$30,000 to $55,999",Independent,0.0004146993278794811
Female,18-29,Black / African American,High school diploma / GED,"$30,000 to $55,999",Other,2.4812343512778527e-05
Female,18-29,Black / African American,High school diploma / GED,"$30,000 to $55,999",Republican,6.176196030757602e-05
Female,18-29,Black / African American,High school diploma / GED,"$56,000 to $99,999",Democrat,0.0001728461289922197
Female,18-29,Black / African American,High school diploma / GED,"$56,000 to $99,999",Independent,0.0003083512063212145
Female,18-29,Black / African American,High school diploma / GED,"$56,000 to $99,999",Other,3.532267030868479e-05
Female,18-29,Black / African American,High school diploma / GED,"$56,000 to $99,999",Republican,2.6774222942668448e-05
Female,18-29,Black / African American,High school diploma / GED,"Less than $30,000",Democrat,0.0005884153436997299
Female,18-29,Black / African American,High school diploma / GED,"Less than $30,000",Independent,0.0008860911904613675
Female,18-29,Black / African American,High school diploma / GED,"Less than $30,000",Other,4.888306569353557e-05
Female,18-29,Black / African American,High school diploma / GED,"Less than $30,000",Republican,8.489816361704308e-05
Female,18-29,Black / African American,Less than high school,"$100,000 to $167,999",Democrat,2.3888655889836443e-06
Female,18-29,Black / African American,Less than high school,"$100,000 to $167,999",Independent,5.2696880646671924e-05
Female,18-29,Black / African American,Less than high school,"$100,000 to $167,999",Republican,5.524070413247542e-06
Female,18-29,Black / African American,Less than high school,"$168,000 or more",Democrat,6.221534206591873e-07
Female,18-29,Black / African American,Less than high school,"$168,000 or more",Independent,1.3724315299943114e-05
Female,18-29,Black / African American,Less than high school,"$168,000 or more",Republican,1.4386825777947537e-06
Female,18-29,Black / African American,Less than high school,"$30,000 to $55,999",Democrat,9.699770789426805e-06
Female,18-29,Black / African American,Less than high school,"$30,000 to $55,999",Independent,0.00021397087636394372
Female,18-29,Black / African American,Less than high school,"$30,000 to $55,999",Republican,2.242998395567003e-05
Female,18-29,Black / African American,Less than high school,"$56,000 to $99,999",Democrat,5.80589140516444e-06
Female,18-29,Black / African American,Less than high school,"$56,000 to $99,999",Independent,0.00012807433278640742
Female,18-29,Black / African American,Less than high school,"$56,000 to $99,999",Republican,1.3425683337605596e-05
Female,18-29,Black / African American,Less than high school,"Less than $30,000",Democrat,2.5834530246945612e-05
Female,18-29,Black / African American,Less than high school,"Less than $30,000",Independent,0.0005698935776312735
Female,18-29,Black / African American,Less than high school,"Less than $30,000",Republican,5.974039093510428e-05
Female,18-29,Black / African American,Master's degree / Professional degree,"$100,000 to $167,999",Democrat,3.115028267023541e-05
Female,18-29,Black / African American,Master's degree / Professional degree,"$100,000 to $167,999",Independent,5.96023175462826e-05
Female,18-29,Black / African American,Master's degree / Professional degree,"$100,000 to $167,999",Republican,8.169536479235565e-06
Female,18-29,Black / African American,Master's degree / Professional degree,"$168,000 or more",Democrat,1.202481128395787e-05
Female,18-29,Black / African American,Master's degree / Professional degree,"$168,000 or more",Independent,2.3008029434846955e-05
Female,18-29,Black / African American,Master's degree / Professional degree,"$168,000 or more",Republican,3.1536514605719595e-06
Female,18-29,Black / African American,Master's degree / Professional degree,"$30,000 to $55,999",Democrat,5.005864196459087e-05
Female,18-29,Black / African American,Master's degree / Professional degree,"$30,000 to $55,999",Independent,9.578118779513038e-05
Female,18-29,Black / African American,Master's degree / Professional degree,"$30,000 to $55,999",Republican,1.3128481239160037e-05
Female,18-29,Black / African American,Master's degree / Professional degree,"$56,000 to $99,999",Democrat,4.783002446967393e-05
Female,18-29,Black / African American,Master's degree / Professional degree,"$56,000 to $99,999",Independent,9.151699639027471e-05
Female,18-29,Black / African American,Master's degree / Professional degree,"$56,000 to $99,999",Republican,1.2543999482903498e-05
Female,18-29,Black / African American,Master's degree / Professional degree,"Less than $30,000",Democrat,2.6359659378010932e-05
Female,18-29,Black / African American,Master's degree / Professional degree,"Less than $30,000",Independent,5.043603633687927e-05
Female,18-29,Black / African American,Master's degree / Professional degree,"Less than $30,000",Republican,6.913137872570603e-06
Female,18-29,Black / African American,Some college or Associate's degree,"$100,000 to $167,999",Democrat,0.00022541777790927167
Female,18-29,Black / African American,Some college or Associate's degree,"$100,000 to $167,999",Independent,0.0002982532820256956
Female,18-29,Black / African American,Some college or Associate's degree,"$100,000 to $167,999",Other,8.34702075710542e-06
Female,18-29,Black / African American,Some college or Associate's degree,"$100,000 to $167,999",Republican,1.0656499971965305e-05
Female,18-29,Black / African American,Some college or Associate's degree,"$168,000 or more",Democrat,6.616920508194385e-05
Female,18-29,Black / African American,Some college or Associate's degree,"$168,000 or more",Independent,8.7549361757369e-05
Female,18-29,Black / African American,Some college or Associate's degree,"$168,000 or more",Other,2.450187085609775e-06
Female,18-29,Black / African American,Some college or Associate's degree,"$168,000 or more",Republican,3.128112337193342e-06
Female,18-29,Black / African American,Some college or Associate's degree,"$30,000 to $55,999",Democrat,0.00041581521043520847
Female,18-29,Black / African American,Some college or Associate's degree,"$30,000 to $55,999",Independent,0.0013278494316414562
Female,18-29,Black / African American,Some college or Associate's degree,"$30,000 to $55,999",Republican,0.00012270485107537262
Female,18-29,Black / African American,Some college or Associate's degree,"$56,000 to $99,999",Democrat,0.0002040938113674952
Female,18-29,Black / African American,Some college or Associate's degree,"$56,000 to $99,999",Independent,0.000989693861310868
Female,18-29,Black / African American,Some college or Associate's degree,"$56,000 to $99,999",Other,0.00015489730902962787
Female,18-29,Black / African American,Some college or Associate's degree,"$56,000 to $99,999",Republican,3.4525905026586e-05
Female,18-29,Black / African American,Some college or Associate's degree,"Less than $30,000",Democrat,0.0014470296497235728
Female,18-29,Black / African American,Some college or Associate's degree,"Less than $30,000",Independent,0.0012954827419150068
Female,18-29,Black / African American,Some college or Associate's degree,"Less than $30,000",Other,8.134616448242904e-08
Female,18-29,Black / African American,Some college or Associate's degree,"Less than $30,000",Republican,1.011155831486627e-05
Female,18-29,Hispanic / Latino,Bachelor's degree,"$100,000 to $167,999",Democrat,0.00038803039705013494
Female,18-29,Hispanic / Latino,Bachelor's degree,"$100,000 to $167,999",Independent,0.0001974167771913843
Female,18-29,Hispanic / Latino,Bachelor's degree,"$100,000 to $167,999",Other,1.7521165903944724e-05
Female,18-29,Hispanic / Latino,Bachelor's degree,"$100,000 to $167,999",Republican,7.910460345918271e-05
Female,18-29,Hispanic / Latino,Bachelor's degree,"$168,000 or more",Democrat,0.00015326743428680675
Female,18-29,Hispanic / Latino,Bachelor's degree,"$168,000 or more",Independent,7.797730063241481e-05
Female,18-29,Hispanic / Latino,Bachelor's degree,"$168,000 or more",Other,6.920654062738595e-06
Female,18-29,Hispanic / Latino,Bachelor's degree,"$168,000 or more",Republican,3.124538619817904e-05
Female,18-29,Hispanic / Latino,Bachelor's degree,"$30,000 to $55,999",Democrat,0.000490047863365794
Female,18-29,Hispanic / Latino,Bachelor's degree,"$30,000 to $55,999",Independent,0.00011258690443312371
Female,18-29,Hispanic / Latino,Bachelor's degree,"$30,000 to $55,999",Other,1.7689644680089294e-05
Female,18-29,Hispanic / Latino,Bachelor's degree,"$30,000 to $55,999",Republican,0.00016718892508569568
Female,18-29,Hispanic / Latino,Bachelor's degree,"$56,000 to $99,999",Democrat,0.0006258908884449934
Female,18-29,Hispanic / Latino,Bachelor's degree,"$56,000 to $99,999",Independent,0.00043341757723058106
Female,18-29,Hispanic / Latino,Bachelor's degree,"$56,000 to $99,999",Other,6.297910681566826e-05
Female,18-29,Hispanic / Latino,Bachelor's degree,"$56,000 to $99,999",Republican,1.1011270799491467e-05
Female,18-29,Hispanic / Latino,Bachelor's degree,"Less than $30,000",Democrat,0.0003441294262379544
Female,18-29,Hispanic / Latino,Bachelor's degree,"Less than $30,000",Independent,0.00018674889802148406
Female,18-29,Hispanic / Latino,Bachelor's degree,"Less than $30,000",Republican,6.494129990716692e-05
Female,18-29,Hispanic / Latino,Doctorate degree / Ph.D.,"$100,000 to $167,999",Democrat,1.8988639047252096e-06
Female,18-29,Hispanic / Latino,Doctorate degree / Ph.D.,"$100,000 to $167,999",Independent,3.2095113276182168e-06
Female,18-29,Hispanic / Latino,Doctorate degree / Ph.D.,"$100,000 to $167,999",Other,3.355237452443585e-07
Female,18-29,Hispanic / Latino,Doctorate degree / Ph.D.,"$100,000 to $167,999",Republican,9.777810642968091e-07
Female,18-29,Hispanic / Latino,Doctorate degree / Ph.D.,"$168,000 or more",Democrat,7.963819856557071e-07
Female,18-29,Hispanic / Latino,Doctorate degree / Ph.D.,"$168,000 or more",Independent,1.3460664546377599e-06
Female,18-29,Hispanic / Latino,Doctorate degree / Ph.D.,"$168,000 or more",Other,1.4071838735120393e-07
Female,18-29,Hispanic / Latino,Doctorate degree / Ph.D.,"$168,000 or more",Republican,4.10080587441536e-07
Female,18-29,Hispanic / Latino,Doctorate degree / Ph.D.,"$30,000 to $55,999",Democrat,2.0512921898484057e-06
Female,18-29,Hispanic / Latino,Doctorate degree / Ph.D.,"$30,000 to $55,999",Independent,3.4671497536975746e-06
Female,18-29,Hispanic / Latino,Doctorate degree / Ph.D.,"$30,000 to $55,999",Other,3.624573811823756e-07
Female,18-29,Hispanic / Latino,Doctorate degree / Ph.D.,"$30,000 to $55,999",Republican,1.0562708868090046e-06
Female,18-29,Hispanic / Latino,Doctorate degree / Ph.D.,"$56,000 to $99,999",Democrat,1.7563980279185693e-06
Female,18-29,Hispanic / Latino,Doctorate degree / Ph.D.,"$56,000 to $99,999",Independent,2.9687116345637806e-06
Female,18-29,Hispanic / Latino,Doctorate degree / Ph.D.,"$56,000 to $99,999",Other,3.103504379648129e-07
Female,18-29,Hispanic / Latino,Doctorate degree / Ph.D.,"$56,000 to $99,999",Republican,9.044211798399323e-07
Female,18-29,Hispanic / Latino,Doctorate degree / Ph.D.,"Less than $30,000",Democrat,3.51128734763071e-06
Female,18-29,Hispanic / Latino,Doctorate degree / Ph.D.,"Less than $30,000",Independent,5.93487320955428e-06
Female,18-29,Hispanic / Latino,Doctorate degree / Ph.D.,"Less than $30,000",Other,6.204342915648158e-07
Female,18-29,Hispanic / Latino,Doctorate degree / Ph.D.,"Less than $30,000",Republican,1.8080654812989935e-06
Female,18-29,Hispanic / Latino,High school diploma / GED,"$100,000 to $167,999",Democrat,0.00011937742064907213
Female,18-29,Hispanic / Latino,High school diploma / GED,"$100,000 to $167,999",Independent,0.00032441419565648925
Female,18-29,Hispanic / Latino,High school diploma / GED,"$100,000 to $167,999",Other,5.822805259144816e-06
Female,18-29,Hispanic / Latino,High school diploma / GED,"$100,000 to $167,999",Republican,0.00011162113502664965
Female,18-29,Hispanic / Latino,High school diploma / GED,"$168,000 or more",Democrat,2.9992003768641398e-05
Female,18-29,Hispanic / Latino,High school diploma / GED,"$168,000 or more",Independent,8.150479149095117e-05
Female,18-29,Hispanic / Latino,High school diploma / GED,"$168,000 or more",Other,1.4629030877598683e-06
Female,18-29,Hispanic / Latino,High school diploma / GED,"$168,000 or more",Republican,2.8043339219235576e-05
Female,18-29,Hispanic / Latino,High school diploma / GED,"$30,000 to $55,999",Democrat,0.0002917572249254245
Female,18-29,Hispanic / Latino,High school diploma / GED,"$30,000 to $55,999",Independent,0.0007534600727645575
Female,18-29,Hispanic / Latino,High school diploma / GED,"$30,000 to $55,999",Other,4.7074085466479736e-05
Female,18-29,Hispanic / Latino,High school diploma / GED,"$30,000 to $55,999",Republican,0.00031475586232488246
Female,18-29,Hispanic / Latino,High school diploma / GED,"$56,000 to $99,999",Democrat,0.00035339823654308763
Female,18-29,Hispanic / Latino,High school diploma / GED,"$56,000 to $99,999",Independent,0.0006602472294735775
Female,18-29,Hispanic / Latino,High school diploma / GED,"$56,000 to $99,999",Other,1.460850337293489e-05
Female,18-29,Hispanic / Latino,High school diploma / GED,"$56,000 to $99,999",Republican,0.0002685154924457599
Female,18-29,Hispanic / Latino,High school diploma / GED,"Less than $30,000",Democrat,0.0003154770626946823
Female,18-29,Hispanic / Latino,High school diploma / GED,"Less than $30,000",Independent,0.0009068858528459995
Female,18-29,Hispanic / Latino,High school diploma / GED,"Less than $30,000",Republican,0.00031352553200508304
Female,18-29,Hispanic / Latino,Less than high school,"$100,000 to $167,999",Democrat,7.800879676784611e-06
Female,18-29,Hispanic / Latino,Less than high school,"$100,000 to $167,999",Independent,0.00010784944968023184
Female,18-29,Hispanic / Latino,Less than high school,"$100,000 to $167,999",Republican,4.936925490979734e-05
Female,18-29,Hispanic / Latino,Less than high school,"$168,000 or more",Democrat,2.6012621367348496e-06
Female,18-29,Hispanic / Latino,Less than high school,"$168,000 or more",Independent,3.596321204078786e-05
Female,18-29,Hispanic / Latino,Less than high school,"$168,000 or more",Republican,1.6462550229796715e-05
Female,18-29,Hispanic / Latino,Less than high school,"$30,000 to $55,999",Democrat,3.249052594479709e-05
Female,18-29,Hispanic / Latino,Less than high school,"$30,000 to $55,999",Independent,0.00044919105128563887
Female,18-29,Hispanic / Latino,Less than high school,"$30,000 to $55,999",Republican,0.00020562207391759495
Female,18-29,Hispanic / Latino,Less than high school,"$56,000 to $99,999",Democrat,2.1680599002729053e-05
Female,18-29,Hispanic / Latino,Less than high school,"$56,000 to $99,999",Independent,0.00029974064055118127
Female,18-29,Hispanic / Latino,Less than high school,"$56,000 to $99,999",Republican,0.00013720952804184398
Female,18-29,Hispanic / Latino,Less than high school,"Less than $30,000",Democrat,4.840269284534205e-05
Female,18-29,Hispanic / Latino,Less than high school,"Less than $30,000",Independent,0.0006691814260315715
Female,18-29,Hispanic / Latino,Less than high school,"Less than $30,000",Republican,0.00030632505312365845
Female,18-29,Hispanic / Latino,Master's degree / Professional degree,"$100,000 to $167,999",Democrat,9.571184003257843e-05
Female,18-29,Hispanic / Latino,Master's degree / Professional degree,"$100,000 to $167,999",Independent,2.7294594770197767e-05
Female,18-29,Hispanic / Latino,Master's degree / Professional degree,"$100,000 to $167,999",Republican,2.424133111971382e-05
Female,18-29,Hispanic / Latino,Master's degree / Professional degree,"$168,000 or more",Democrat,3.489457381068682e-05
Female,18-29,Hispanic / Latino,Master's degree / Professional degree,"$168,000 or more",Independent,9.951049436697317e-06
Female,18-29,Hispanic / Latino,Master's degree / Professional degree,"$168,000 or more",Republican,8.837892132658076e-06
Female,18-29,Hispanic / Latino,Master's degree / Professional degree,"$30,000 to $55,999",Democrat,6.60431252400914e-05
Female,18-29,Hispanic / Latino,Master's degree / Professional degree,"$30,000 to $55,999",Independent,1.8833828084092173e-05
Female,18-29,Hispanic / Latino,Master's degree / Professional degree,"$30,000 to $55,999",Republican,1.6727013779913145e-05
Female,18-29,Hispanic / Latino,Master's degree / Professional degree,"$56,000 to $99,999",Democrat,0.0001107222820353747
Female,18-29,Hispanic / Latino,Master's degree / Professional degree,"$56,000 to $99,999",Independent,3.157519298718357e-05
Female,18-29,Hispanic / Latino,Master's degree / Professional degree,"$56,000 to $99,999",Republican,2.804308746165846e-05
Female,18-29,Hispanic / Latino,Master's degree / Professional degree,"Less than $30,000",Democrat,6.712901019192429e-05
Female,18-29,Hispanic / Latino,Master's degree / Professional degree,"Less than $30,000",Independent,1.914349499382088e-05
Female,18-29,Hispanic / Latino,Master's degree / Professional degree,"Less than $30,000",Republican,1.7002040324866616e-05
Female,18-29,Hispanic / Latino,Some college or Associate's degree,"$100,000 to $167,999",Democrat,0.0006357884316661023
Female,18-29,Hispanic / Latino,Some college or Associate's degree,"$100,000 to $167,999",Independent,0.00029469858879300635
Female,18-29,Hispanic / Latino,Some college or Associate's degree,"$100,000 to $167,999",Republican,0.00039668720805933984
Female,18-29,Hispanic / Latino,Some college or Associate's degree,"$168,000 or more",Democrat,0.00015917371010236127
Female,18-29,Hispanic / Latino,Some college or Associate's degree,"$168,000 or more",Independent,0.00014468814963764605
Female,18-29,Hispanic / Latino,Some college or Associate's degree,"$168,000 or more",Other,7.239822013193001e-06
Female,18-29,Hispanic / Latino,Some college or Associate's degree,"$168,000 or more",Republican,7.36412882728423e-05
Female,18-29,Hispanic / Latino,Some college or Associate's degree,"$30,000 to $55,999",Democrat,0.0011184662098309378
Female,18-29,Hispanic / Latino,Some college or Associate's degree,"$30,000 to $55,999",Independent,0.001081019187513806
Female,18-29,Hispanic / Latino,Some college or Associate's degree,"$30,000 to $55,999",Other,0.00011355299978839611
Female,18-29,Hispanic / Latino,Some college or Associate's degree,"$30,000 to $55,999",Republican,0.00040390903480882985
Female,18-29,Hispanic / Latino,Some college or Associate's degree,"$56,000 to $99,999",Democrat,0.0017096366652492527
Female,18-29,Hispanic / Latino,Some college or Associate's degree,"$56,000 to $99,999",Independent,0.0007445962265407877
Female,18-29,Hispanic / Latino,Some college or Associate's degree,"$56,000 to $99,999",Other,6.272988006761975e-06
Female,18-29,Hispanic / Latino,Some college or Associate's degree,"$56,000 to $99,999",Republican,0.00029585892351967607
Female,18-29,Hispanic / Latino,Some college or Associate's degree,"Less than $30,000",Democrat,0.0007182766422106012
Female,18-29,Hispanic / Latino,Some college or Associate's degree,"Less than $30,000",Independent,0.001278803118143145
Female,18-29,Hispanic / Latino,Some college or Associate's degree,"Less than $30,000",Other,3.895287952007763e-05
Female,18-29,Hispanic / Latino,Some college or Associate's degree,"Less than $30,000",Republican,0.0008333197518403891
Female,18-29,Other,Bachelor's degree,"$100,000 to $167,999",Democrat,8.31129601798252e-05
Female,18-29,Other,Bachelor's degree,"$100,000 to $167,999",Independent,6.362097094343223e-05
Female,18-29,Other,Bachelor's degree,"$100,000 to $167,999",Other,1.3743261538864032e-05
Female,18-29,Other,Bachelor's degree,"$100,000 to $167,999",Republican,3.3359693844395855e-05
Female,18-29,Other,Bachelor's degree,"$168,000 or more",Democrat,3.9580829262573076e-05
Female,18-29,Other,Bachelor's degree,"$168,000 or more",Independent,3.0298172306493902e-05
Female,18-29,Other,Bachelor's degree,"$168,000 or more",Other,6.54494422174013e-06
Female,18-29,Other,Bachelor's degree,"$168,000 or more",Republican,1.5886864617141348e-05
Female,18-29,Other,Bachelor's degree,"$30,000 to $55,999",Democrat,0.00010324152484423204
Female,18-29,Other,Bachelor's degree,"$30,000 to $55,999",Independent,7.902890280961151e-05
Female,18-29,Other,Bachelor's degree,"$30,000 to $55,999",Other,1.7071648928584614e-05
Female,18-29,Other,Bachelor's degree,"$30,000 to $55,999",Republican,4.1438852056050165e-05
Female,18-29,Other,Bachelor's degree,"$56,000 to $99,999",Democrat,4.0946994004729964e-05
Female,18-29,Other,Bachelor's degree,"$56,000 to $99,999",Independent,9.68036589403741e-05
Female,18-29,Other,Bachelor's degree,"$56,000 to $99,999",Other,2.6108237167934836e-05
Female,18-29,Other,Bachelor's degree,"$56,000 to $99,999",Republican,9.028465529274321e-05
Female,18-29,Other,Bachelor's degree,"Less than $30,000",Democrat,8.582181413359889e-05
Female,18-29,Other,Bachelor's degree,"Less than $30,000",Independent,6.569453345775196e-05
Female,18-29,Other,Bachelor's degree,"Less than $30,000",Other,1.4191187930569358e-05
Female,18-29,Other,Bachelor's degree,"Less than $30,000",Republican,3.444696757849885e-05
Female,18-29,Other,Doctorate degree / Ph.D.,"$100,000 to $167,999",Democrat,1.633663021236662e-06
Female,18-29,Other,Doctorate degree / Ph.D.,"$100,000 to $167,999",Independent,2.0247142312053995e-06
Female,18-29,Other,Doctorate degree / Ph.D.,"$100,000 to $167,999",Other,5.81225743450437e-07
Female,18-29,Other,Doctorate degree / Ph.D.,"$100,000 to $167,999",Republican,7.552888631219046e-07
Female,18-29,Other,Doctorate degree / Ph.D.,"$168,000 or more",Democrat,6.652642872739504e-07
Female,18-29,Other,Doctorate degree / Ph.D.,"$168,000 or more",Independent,8.245091260844272e-07
Female,18-29,Other,Doctorate degree / Ph.D.,"$168,000 or more",Other,2.366881816723277e-07
Female,18-29,Other,Doctorate degree / Ph.D.,"$168,000 or more",Republican,3.075705948405351e-07
Female,18-29,Other,Doctorate degree / Ph.D.,"$30,000 to $55,999",Democrat,2.4456372539493904e-07
Female,18-29,Other,Doctorate degree / Ph.D.,"$30,000 to $55,999",Independent,3.031051378447088e-07
Female,18-29,Other,Doctorate degree / Ph.D.,"$30,000 to $55,999",Other,8.701104895309346e-08
Female,18-29,Other,Doctorate degree / Ph.D.,"$30,000 to $55,999",Republican,1.1306876370046814e-07
Female,18-29,Other,Doctorate degree / Ph.D.,"$56,000 to $99,999",Democrat,1.996775447809307e-06
Female,18-29,Other,Doctorate degree / Ph.D.,"$56,000 to $99,999",Independent,2.4747451666259857e-06
Female,18-29,Other,Doctorate degree / Ph.D.,"$56,000 to $99,999",Other,7.104141301294796e-07
Female,18-29,Other,Doctorate degree / Ph.D.,"$56,000 to $99,999",Republican,9.23166061960548e-07
Female,18-29,Other,Doctorate degree / Ph.D.,"Less than $30,000",Democrat,3.965742953584283e-07
Female,18-29,Other,Doctorate degree / Ph.D.,"Less than $30,000",Independent,4.915025982130887e-07
Female,18-29,Other,Doctorate degree / Ph.D.,"Less than $30,000",Other,1.4109347316838364e-07
Female,18-29,Other,Doctorate degree / Ph.D.,"Less than $30,000",Republican,1.8334757216815662e-07
Female,18-29,Other,High school diploma / GED,"$100,000 to $167,999",Democrat,2.3744719802109107e-05
Female,18-29,Other,High school diploma / GED,"$100,000 to $167,999",Independent,5.7642587260311555e-05
Female,18-29,Other,High school diploma / GED,"$100,000 to $167,999",Republican,7.123795396292315e-06
Female,18-29,Other,High school diploma / GED,"$168,000 or more",Democrat,9.66017676941553e-06
Female,18-29,Other,High school diploma / GED,"$168,000 or more",Independent,2.3451006666821544e-05
Female,18-29,Other,High school diploma / GED,"$168,000 or more",Republican,2.898207406567073e-06
Female,18-29,Other,High school diploma / GED,"$30,000 to $55,999",Democrat,6.673629988454412e-05
Female,18-29,Other,High school diploma / GED,"$30,000 to $55,999",Independent,0.00016200877591250671
Female,18-29,Other,High school diploma / GED,"$30,000 to $55,999",Republican,2.00219564536984e-05
Female,18-29,Other,High school diploma / GED,"$56,000 to $99,999",Democrat,5.011126700750865e-05
Female,18-29,Other,High school diploma / GED,"$56,000 to $99,999",Independent,0.00012164991228696305
Female,18-29,Other,High school diploma / GED,"$56,000 to $99,999",Republican,1.5034180912034031e-05
Female,18-29,Other,High school diploma / GED,"Less than $30,000",Democrat,2.340639731379118e-05
Female,18-29,Other,High school diploma / GED,"Less than $30,000",Independent,0.0002207874087362277
Female,18-29,Other,High school diploma / GED,"Less than $30,000",Republican,8.449430998994854e-06
Female,18-29,Other,Less than high school,"$100,000 to $167,999",Democrat,1.1091285217542315e-06
Female,18-29,Other,Less than high school,"$100,000 to $167,999",Independent,1.6042569593900244e-05
Female,18-29,Other,Less than high school,"$100,000 to $167,999",Other,2.0163075674458344e-07
Female,18-29,Other,Less than high school,"$100,000 to $167,999",Republican,5.063022030796592e-06
Female,18-29,Other,Less than high school,"$168,000 or more",Democrat,3.988249276546411e-07
Female,18-29,Other,Less than high school,"$168,000 or more",Independent,5.768652173476036e-06
Female,18-29,Other,Less than high school,"$168,000 or more",Other,7.250320444777811e-08
Female,18-29,Other,Less than high school,"$168,000 or more",Republican,1.8205819754347165e-06
Female,18-29,Other,Less than high school,"$30,000 to $55,999",Democrat,4.007432048335746e-06
Female,18-29,Other,Less than high school,"$30,000 to $55,999",Independent,5.7963983674831586e-05
Female,18-29,Other,Less than high school,"$30,000 to $55,999",Other,7.285193200427676e-07
Female,18-29,Other,Less than high school,"$30,000 to $55,999",Republican,1.8293386518952155e-05
Female,18-29,Other,Less than high school,"$56,000 to $99,999",Democrat,3.6752862448699573e-06
Female,18-29,Other,Less than high school,"$56,000 to $99,999",Independent,5.3159786448892355e-05
Female,18-29,Other,Less than high school,"$56,000 to $99,999",Other,6.681378508182436e-07
Female,18-29,Other,Less than high school,"$56,000 to $99,999",Republican,1.6777185747445408e-05
Female,18-29,Other,Less than high school,"Less than $30,000",Democrat,6.0618341709774474e-06
Female,18-29,Other,Less than high school,"Less than $30,000",Independent,8.767910539418706e-05
Female,18-29,Other,Less than high school,"Less than $30,000",Other,1.1019933102263078e-06
Female,18-29,Other,Less than high school,"Less than $30,000",Republican,2.7671454978141076e-05
Female,18-29,Other,Master's degree / Professional degree,"$100,000 to $167,999",Democrat,1.690442365390356e-05
Female,18-29,Other,Master's degree / Professional degree,"$100,000 to $167,999",Independent,2.0743621820291595e-05
Female,18-29,Other,Master's degree / Professional degree,"$100,000 to $167,999",Other,6.1057533718817075e-06
Female,18-29,Other,Master's degree / Professional degree,"$100,000 to $167,999",Republican,9.799330737954592e-06
Female,18-29,Other,Master's degree / Professional degree,"$168,000 or more",Democrat,7.300682696174461e-06
Female,18-29,Other,Master's degree / Professional degree,"$168,000 or more",Independent,8.958755647633031e-06
Female,18-29,Other,Master's degree / Professional degree,"$168,000 or more",Other,2.6369528415665404e-06
Female,18-29,Other,Master's degree / Professional degree,"$168,000 or more",Republican,4.232135079988676e-06
Female,18-29,Other,Master's degree / Professional degree,"$30,000 to $55,999",Democrat,1.5207065362746652e-05
Female,18-29,Other,Master's degree / Professional degree,"$30,000 to $55,999",Independent,1.8660773022476218e-05
Female,18-29,Other,Master's degree / Professional degree,"$30,000 to $55,999",Other,5.4926800532223295e-06
Female,18-29,Other,Master's degree / Professional degree,"$30,000 to $55,999",Republican,8.815388568946361e-06
Female,18-29,Other,Master's degree / Professional degree,"$56,000 to $99,999",Democrat,2.4001911882730996e-05
Female,18-29,Other,Master's degree / Professional degree,"$56,000 to $99,999",Independent,2.9453035090277276e-05
Female,18-29,Other,Master's degree / Professional degree,"$56,000 to $99,999",Other,8.6693138677787e-06
Female,18-29,Other,Master's degree / Professional degree,"$56,000 to $99,999",Republican,1.3913675952377739e-05
Female,18-29,Other,Master's degree / Professional degree,"Less than $30,000",Democrat,1.019433165032219e-05
Female,18-29,Other,Master's degree / Professional degree,"Less than $30,000",Independent,1.2509587123136304e-05
Female,18-29,Other,Master's degree / Professional degree,"Less than $30,000",Other,3.682117540497262e-06
Female,18-29,Other,Master's degree / Professional degree,"Less than $30,000",Republican,5.90955536486672e-06
Female,18-29,Other,Some college or Associate's degree,"$100,000 to $167,999",Democrat,5.7629728168018456e-05
Female,18-29,Other,Some college or Associate's degree,"$100,000 to $167,999",Independent,0.00011415478549313895
Female,18-29,Other,Some college or Associate's degree,"$100,000 to $167,999",Other,7.243100310868784e-07
Female,18-29,Other,Some college or Associate's degree,"$100,000 to $167,999",Republican,4.6762711239175964e-05
Female,18-29,Other,Some college or Associate's degree,"$168,000 or more",Democrat,2.5264015649218613e-05
Female,18-29,Other,Some college or Associate's degree,"$168,000 or more",Independent,5.0043760031690234e-05
Female,18-29,Other,Some college or Associate's degree,"$168,000 or more",Other,3.175267443031228e-07
Female,18-29,Other,Some college or Associate's degree,"$168,000 or more",Republican,2.050007706269302e-05
Female,18-29,Other,Some college or Associate's degree,"$30,000 to $55,999",Democrat,0.0001422197874200777
Female,18-29,Other,Some college or Associate's degree,"$30,000 to $55,999",Independent,0.00028171344620064344
Female,18-29,Other,Some college or Associate's degree,"$30,000 to $55,999",Other,1.7874666760023256e-06
Female,18-29,Other,Some college or Associate's degree,"$30,000 to $55,999",Republican,0.00011540194727680145
Female,18-29,Other,Some college or Associate's degree,"$56,000 to $99,999",Democrat,0.00012138225464579525
Female,18-29,Other,Some college or Associate's degree,"$56,000 to $99,999",Independent,0.00024043780323527338
Female,18-29,Other,Some college or Associate's degree,"$56,000 to $99,999",Other,1.525573474502027e-06
Female,18-29,Other,Some college or Associate's degree,"$56,000 to $99,999",Republican,9.849366818133668e-05
Female,18-29,Other,Some college or Associate's degree,"Less than $30,000",Democrat,0.00015407883737811085
Female,18-29,Other,Some college or Associate's degree,"Less than $30,000",Independent,0.00035828651351065547
Female,18-29,Other,Some college or Associate's degree,"Less than $30,000",Other,1.7913938701075824e-06
Female,18-29,Other,Some college or Associate's degree,"Less than $30,000",Republican,9.486162385739439e-05
Female,18-29,White / Caucasian,Bachelor's degree,"$100,000 to $167,999",Democrat,0.00146605814367545
Female,18-29,White / Caucasian,Bachelor's degree,"$100,000 to $167,999",Independent,0.0008089825547796659
Female,18-29,White / Caucasian,Bachelor's degree,"$100,000 to $167,999",Other,9.26666061476676e-05
Female,18-29,White / Caucasian,Bachelor's degree,"$100,000 to $167,999",Republican,0.00120956106290403
Female,18-29,White / Caucasian,Bachelor's degree,"$168,000 or more",Democrat,0.0008356236807399514
Female,18-29,White / Caucasian,Bachelor's degree,"$168,000 or more",Independent,0.00024382312409094317
Female,18-29,White / Caucasian,Bachelor's degree,"$168,000 or more",Republican,0.0005813180916320694
Female,18-29,White / Caucasian,Bachelor's degree,"$30,000 to $55,999",Democrat,0.0017612234652018722
Female,18-29,White / Caucasian,Bachelor's degree,"$30,000 to $55,999",Independent,0.0010601874676901808
Female,18-29,White / Caucasian,Bachelor's degree,"$30,000 to $55,999",Other,4.6254557677406995e-05
Female,18-29,White / Caucasian,Bachelor's degree,"$30,000 to $55,999",Republican,0.0004688955881638886
Female,18-29,White / Caucasian,Bachelor's degree,"$56,000 to $99,999",Democrat,0.0020623695144033945
Female,18-29,White / Caucasian,Bachelor's degree,"$56,000 to $99,999",Independent,0.0008185782287637668
Female,18-29,White / Caucasian,Bachelor's degree,"$56,000 to $99,999",Other,3.4236701384086106e-06
Female,18-29,White / Caucasian,Bachelor's degree,"$56,000 to $99,999",Republican,0.0021243661593386694
Female,18-29,White / Caucasian,Bachelor's degree,"Less than $30,000",Democrat,0.0009672223673718615
Female,18-29,White / Caucasian,Bachelor's degree,"Less than $30,000",Independent,0.0012203621921524847
Female,18-29,White / Caucasian,Bachelor's degree,"Less than $30,000",Other,0.00015118861934039753
Female,18-29,White / Caucasian,Bachelor's degree,"Less than $30,000",Republican,0.0004111671442055769
Female,18-29,White / Caucasian,Doctorate degree / Ph.D.,"$100,000 to $167,999",Democrat,1.3567588110770308e-05
Female,18-29,White / Caucasian,Doctorate degree / Ph.D.,"$100,000 to $167,999",Independent,4.979661779217745e-05
Female,18-29,White / Caucasian,Doctorate degree / Ph.D.,"$100,000 to $167,999",Other,3.2039019297259725e-06
Female,18-29,White / Caucasian,Doctorate degree / Ph.D.,"$100,000 to $167,999",Republican,8.746830078375475e-06
Female,18-29,White / Caucasian,Doctorate degree / Ph.D.,"$168,000 or more",Democrat,7.0174350896178255e-06
Female,18-29,White / Caucasian,Doctorate degree / Ph.D.,"$168,000 or more",Independent,2.5755832959117835e-05
Female,18-29,White / Caucasian,Doctorate degree / Ph.D.,"$168,000 or more",Other,1.6571238485273266e-06
Female,18-29,White / Caucasian,Doctorate degree / Ph.D.,"$168,000 or more",Republican,4.5240400735773675e-06
Female,18-29,White / Caucasian,Doctorate degree / Ph.D.,"$30,000 to $55,999",Democrat,6.204723733638286e-06
Female,18-29,White / Caucasian,Doctorate degree / Ph.D.,"$30,000 to $55,999",Independent,2.277296847070157e-05
Female,18-29,White / Caucasian,Doctorate degree / Ph.D.,"$30,000 to $55,999",Other,1.4652070936498663e-06
Female,18-29,White / Caucasian,Doctorate degree / Ph.D.,"$30,000 to $55,999",Republican,4.000096681761386e-06
Female,18-29,White / Caucasian,Doctorate degree / Ph.D.,"$56,000 to $99,999",Democrat,1.4939124513085391e-05
Female,18-29,White / Caucasian,Doctorate degree / Ph.D.,"$56,000 to $99,999",Independent,5.483051721899785e-05
Female,18-29,White / Caucasian,Doctorate degree / Ph.D.,"$56,000 to $99,999",Other,3.527781759375164e-06
Female,18-29,White / Caucasian,Doctorate degree / Ph.D.,"$56,000 to $99,999",Republican,9.631039988008059e-06
Female,18-29,White / Caucasian,Doctorate degree / Ph.D.,"Less than $30,000",Democrat,6.337715219237713e-06
Female,18-29,White / Caucasian,Doctorate degree / Ph.D.,"Less than $30,000",Independent,2.3261082210884442e-05
Female,18-29,White / Caucasian,Doctorate degree / Ph.D.,"Less than $30,000",Other,1.4966122095680651e-06
Female,18-29,White / Caucasian,Doctorate degree / Ph.D.,"Less than $30,000",Republican,4.08583439113992e-06
Female,18-29,White / Caucasian,High school diploma / GED,"$100,000 to $167,999",Democrat,0.0005606460411474879
Female,18-29,White / Caucasian,High school diploma / GED,"$100,000 to $167,999",Independent,0.00018750960376655727
Female,18-29,White / Caucasian,High school diploma / GED,"$100,000 to $167,999",Republican,0.0003646513793914424
Female,18-29,White / Caucasian,High school diploma / GED,"$168,000 or more",Democrat,7.566696098888099e-05
Female,18-29,White / Caucasian,High school diploma / GED,"$168,000 or more",Independent,0.0001889453413444623
Female,18-29,White / Caucasian,High school diploma / GED,"$168,000 or more",Other,7.472720639251336e-06
Female,18-29,White / Caucasian,High school diploma / GED,"$168,000 or more",Republican,0.0001250320897393323
Female,18-29,White / Caucasian,High school diploma / GED,"$30,000 to $55,999",Democrat,0.0003057247035853632
Female,18-29,White / Caucasian,High school diploma / GED,"$30,000 to $55,999",Independent,0.0011052976737698365
Female,18-29,White / Caucasian,High school diploma / GED,"$30,000 to $55,999",Other,1.975959805069657e-05
Female,18-29,White / Caucasian,High school diploma / GED,"$30,000 to $55,999",Republican,0.000665815550896097
Female,18-29,White / Caucasian,High school diploma / GED,"$56,000 to $99,999",Democrat,0.0004589519572210115
Female,18-29,White / Caucasian,High school diploma / GED,"$56,000 to $99,999",Independent,0.0008637066154526719
Female,18-29,White / Caucasian,High school diploma / GED,"$56,000 to $99,999",Other,7.551843281064345e-05
Female,18-29,White / Caucasian,High school diploma / GED,"$56,000 to $99,999",Republican,0.000735815986631354
Female,18-29,White / Caucasian,High school diploma / GED,"Less than $30,000",Democrat,0.00033869840700945805
Female,18-29,White / Caucasian,High school diploma / GED,"Less than $30,000",Independent,0.0011728897941695826
Female,18-29,White / Caucasian,High school diploma / GED,"Less than $30,000",Other,4.921748554723096e-05
Female,18-29,White / Caucasian,High school diploma / GED,"Less than $30,000",Republican,0.0007049059772649967
Female,18-29,White / Caucasian,Less than high school,"$100,000 to $167,999",Democrat,6.304577062250898e-05
Female,18-29,White / Caucasian,Less than high school,"$100,000 to $167,999",Independent,0.00017866623026182893
Female,18-29,White / Caucasian,Less than high school,"$100,000 to $167,999",Other,1.0035630996508729e-05
Female,18-29,White / Caucasian,Less than high school,"$100,000 to $167,999",Republican,7.902307764704554e-05
Female,18-29,White / Caucasian,Less than high school,"$168,000 or more",Democrat,3.020829500640108e-05
Female,18-29,White / Caucasian,Less than high school,"$168,000 or more",Independent,8.560768054921645e-05
Female,18-29,White / Caucasian,Less than high school,"$168,000 or more",Other,4.808558904499825e-06
Female,18-29,White / Caucasian,Less than high school,"$168,000 or more",Republican,3.786379987594947e-05
Female,18-29,White / Caucasian,Less than high school,"$30,000 to $55,999",Democrat,0.00012108360286759395
Female,18-29,White / Caucasian,Less than high school,"$30,000 to $55,999",Independent,0.00034314039874943974
Female,18-29,White / Caucasian,Less than high school,"$30,000 to $55,999",Other,1.9274097946756512e-05
Female,18-29,White / Caucasian,Less than high school,"$30,000 to $55,999",Republican,0.00015176908548681858
Female,18-29,White / Caucasian,Less than high school,"$56,000 to $99,999",Democrat,0.00010568501278702228
Female,18-29,White / Caucasian,Less than high school,"$56,000 to $99,999",Independent,0.00029950213382099584
Female,18-29,White / Caucasian,Less than high school,"$56,000 to $99,999",Other,1.6822949100620492e-05
Female,18-29,White / Caucasian,Less than high school,"$56,000 to $99,999",Republican,0.0001324681241760594
Female,18-29,White / Caucasian,Less than high school,"Less than $30,000",Democrat,0.00011309542147171707
Female,18-29,White / Caucasian,Less than high school,"Less than $30,000",Independent,0.0005290074730270979
Female,18-29,White / Caucasian,Less than high school,"Less than $30,000",Other,3.844669051819291e-05
Female,18-29,White / Caucasian,Less than high school,"Less than $30,000",Republican,0.00018655214634593967
Female,18-29,White / Caucasian,Master's degree / Professional degree,"$100,000 to $167,999",Democrat,0.0004668460949294068
Female,18-29,White / Caucasian,Master's degree / Professional degree,"$100,000 to $167,999",Independent,0.00019801047591581341
Female,18-29,White / Caucasian,Master's degree / Professional degree,"$100,000 to $167,999",Republican,0.0002690680373779984
Female,18-29,White / Caucasian,Master's degree / Professional degree,"$168,000 or more",Democrat,0.00020067806010439187
Female,18-29,White / Caucasian,Master's degree / Professional degree,"$168,000 or more",Independent,9.501649423271197e-05
Female,18-29,White / Caucasian,Master's degree / Professional degree,"$168,000 or more",Other,5.413585301294698e-06
Female,18-29,White / Caucasian,Master's degree / Professional degree,"$168,000 or more",Republican,0.0001170626709166263
Female,18-29,White / Caucasian,Master's degree / Professional degree,"$30,000 to $55,999",Democrat,0.00034179465800153637
Female,18-29,White / Caucasian,Master's degree / Professional degree,"$30,000 to $55,999",Independent,0.000164592070491631
Female,18-29,White / Caucasian,Master's degree / Professional degree,"$30,000 to $55,999",Other,9.667350711997264e-06
Female,18-29,White / Caucasian,Master's degree / Professional degree,"$30,000 to $55,999",Republican,0.00020056467135103105
Female,18-29,White / Caucasian,Master's degree / Professional degree,"$56,000 to $99,999",Democrat,0.0003711794751371248
Female,18-29,White / Caucasian,Master's degree / Professional degree,"$56,000 to $99,999",Independent,0.00035752381415799845
Female,18-29,White / Caucasian,Master's degree / Professional degree,"$56,000 to $99,999",Other,3.472215233149232e-05
Female,18-29,White / Caucasian,Master's degree / Professional degree,"$56,000 to $99,999",Republican,0.0003039697325573379
Female,18-29,White / Caucasian,Master's degree / Professional degree,"Less than $30,000",Democrat,0.00022752688495789313
Female,18-29,White / Caucasian,Master's degree / Professional degree,"Less than $30,000",Independent,0.00010772880174914273
Female,18-29,White / Caucasian,Master's degree / Professional degree,"Less than $30,000",Other,6.137871770420138e-06
Female,18-29,White / Caucasian,Master's degree / Professional degree,"Less than $30,000",Republican,0.0001327245481875576
Female,18-29,White / Caucasian,Some college or Associate's degree,"$100,000 to $167,999",Democrat,0.00115925068012636
Female,18-29,White / Caucasian,Some college or Associate's degree,"$100,000 to $167,999",Independent,0.0009731429791124298
Female,18-29,White / Caucasian,Some college or Associate's degree,"$100,000 to $167,999",Other,2.0913139704530636e-05
Female,18-29,White / Caucasian,Some college or Associate's degree,"$100,000 to $167,999",Republican,0.0007514841147150384
Female,18-29,White / Caucasian,Some college or Associate's degree,"$168,000 or more",Democrat,0.0005360731077815986
Female,18-29,White / Caucasian,Some college or Associate's degree,"$168,000 or more",Independent,0.000273799943277762
Female,18-29,White / Caucasian,Some college or Associate's degree,"$168,000 or more",Other,2.077768128868991e-05
Female,18-29,White / Caucasian,Some college or Associate's degree,"$168,000 or more",Republican,0.00030379676494982576
Female,18-29,White / Caucasian,Some college or Associate's degree,"$30,000 to $55,999",Democrat,0.0010356056501832356
Female,18-29,White / Caucasian,Some college or Associate's degree,"$30,000 to $55,999",Independent,0.0020209001309887545
Female,18-29,White / Caucasian,Some college or Associate's degree,"$30,000 to $55,999",Other,0.0002913295853695283
Female,18-29,White / Caucasian,Some college or Associate's degree,"$30,000 to $55,999",Republican,0.0017611149471394745
Female,18-29,White / Caucasian,Some college or Associate's degree,"$56,000 to $99,999",Democrat,0.0012599750376667274
Female,18-29,White / Caucasian,Some college or Associate's degree,"$56,000 to $99,999",Independent,0.0019272520957148126
Female,18-29,White / Caucasian,Some college or Associate's degree,"$56,000 to $99,999",Other,4.5011559190639465e-05
Female,18-29,White / Caucasian,Some college or Associate's degree,"$56,000 to $99,999",Republican,0.00238009666986289
Female,18-29,White / Caucasian,Some college or Associate's degree,"Less than $30,000",Democrat,0.0019243443850877732
Female,18-29,White / Caucasian,Some college or Associate's degree,"Less than $30,000",Independent,0.002504497427261319
Female,18-29,White / Caucasian,Some college or Associate's degree,"Less than $30,000",Other,0.00010866873834672496
Female,18-29,White / Caucasian,Some college or Associate's degree,"Less than $30,000",Republican,0.0017147560053268854
Female,30-44,Asian / Asian American,Bachelor's degree,"$100,000 to $167,999",Democrat,0.0007972254867752064
Female,30-44,Asian / Asian American,Bachelor's degree,"$100,000 to $167,999",Independent,0.0002008147192099973
Female,30-44,Asian / Asian American,Bachelor's degree,"$100,000 to $167,999",Other,8.384672978945824e-06
Female,30-44,Asian / Asian American,Bachelor's degree,"$100,000 to $167,999",Republican,0.00012310744284756045
Female,30-44,Asian / Asian American,Bachelor's degree,"$168,000 or more",Democrat,0.00041764115377495626
Female,30-44,Asian / Asian American,Bachelor's degree,"$168,000 or more",Independent,0.00041814467299213973
Female,30-44,Asian / Asian American,Bachelor's degree,"$30,000 to $55,999",Democrat,0.00025917610705539494
Female,30-44,Asian / Asian American,Bachelor's degree,"$30,000 to $55,999",Independent,0.00020094282780577268
Female,30-44,Asian / Asian American,Bachelor's degree,"$30,000 to $55,999",Other,7.711698939249868e-07
Female,30-44,Asian / Asian American,Bachelor's degree,"$30,000 to $55,999",Republican,3.432751899184897e-05
Female,30-44,Asian / Asian American,Bachelor's degree,"$56,000 to $99,999",Democrat,0.0004781023283942129
Female,30-44,Asian / Asian American,Bachelor's degree,"$56,000 to $99,999",Independent,0.0003805281009629969
Female,30-44,Asian / Asian American,Bachelor's degree,"$56,000 to $99,999",Republican,6.784547386423332e-05
Female,30-44,Asian / Asian American,Bachelor's degree,"Less than $30,000",Democrat,0.00024225303275583773
Female,30-44,Asian / Asian American,Bachelor's degree,"Less than $30,000",Independent,0.0001878221337589509
Female,30-44,Asian / Asian American,Bachelor's degree,"Less than $30,000",Other,7.208158487132313e-07
Female,30-44,Asian / Asian American,Bachelor's degree,"Less than $30,000",Republican,3.2086081071437755e-05
Female,30-44,Asian / Asian American,Doctorate degree / Ph.D.,"$100,000 to $167,999",Democrat,4.901411242674556e-05
Female,30-44,Asian / Asian American,Doctorate degree / Ph.D.,"$100,000 to $167,999",Independent,4.4261680142741784e-05
Female,30-44,Asian / Asian American,Doctorate degree / Ph.D.,"$100,000 to $167,999",Republican,1.6471342915197166e-05
Female,30-44,Asian / Asian American,Doctorate degree / Ph.D.,"$168,000 or more",Democrat,6.195703874702716e-05
Female,30-44,Asian / Asian American,Doctorate degree / Ph.D.,"$168,000 or more",Independent,5.5949654004465325e-05
Female,30-44,Asian / Asian American,Doctorate degree / Ph.D.,"$168,000 or more",Republican,2.082085302957716e-05
Female,30-44,Asian / Asian American,Doctorate degree / Ph.D.,"$30,000 to $55,999",Democrat,2.3949993963126463e-05
Female,30-44,Asian / Asian American,Doctorate degree / Ph.D.,"$30,000 to $55,999",Independent,2.1627790849030108e-05
Female,30-44,Asian / Asian American,Doctorate degree / Ph.D.,"$30,000 to $55,999",Republican,8.048468978666977e-06
Female,30-44,Asian / Asian American,Doctorate degree / Ph.D.,"$56,000 to $99,999",Democrat,3.9647907587425734e-05
Female,30-44,Asian / Asian American,Doctorate degree / Ph.D.,"$56,000 to $99,999",Independent,3.5803627099978624e-05
Female,30-44,Asian / Asian American,Doctorate degree / Ph.D.,"$56,000 to $99,999",Republican,1.3323801032173412e-05
Female,30-44,Asian / Asian American,Doctorate degree / Ph.D.,"Less than $30,000",Democrat,2.3482051391789516e-05
Female,30-44,Asian / Asian American,Doctorate degree / Ph.D.,"Less than $30,000",Independent,2.1205220217997183e-05
Female,30-44,Asian / Asian American,Doctorate degree / Ph.D.,"Less than $30,000",Republican,7.89121544135914e-06
Female,30-44,Asian / Asian American,High school diploma / GED,"$100,000 to $167,999",Democrat,2.7162798048525025e-05
Female,30-44,Asian / Asian American,High school diploma / GED,"$100,000 to $167,999",Independent,3.109749605809115e-05
Female,30-44,Asian / Asian American,High school diploma / GED,"$100,000 to $167,999",Republican,3.871718426914626e-05
Female,30-44,Asian / Asian American,High school diploma / GED,"$168,000 or more",Democrat,1.018609364245089e-05
Female,30-44,Asian / Asian American,High school diploma / GED,"$168,000 or more",Independent,1.1661611823921225e-05
Female,30-44,Asian / Asian American,High school diploma / GED,"$168,000 or more",Republican,1.451900735090011e-05
Female,30-44,Asian / Asian American,High school diploma / GED,"$30,000 to $55,999",Democrat,5.531897558129633e-05
Female,30-44,Asian / Asian American,High school diploma / GED,"$30,000 to $55,999",Independent,6.333226871560884e-05
Female,30-44,Asian / Asian American,High school diploma / GED,"$30,000 to $55,999",Republican,7.885030722296123e-05
Female,30-44,Asian / Asian American,High school diploma / GED,"$56,000 to $99,999",Democrat,5.174943591429847e-05
Female,30-44,Asian / Asian American,High school diploma / GED,"$56,000 to $99,999",Independent,5.924565931972245e-05
Female,30-44,Asian / Asian American,High school diploma / GED,"$56,000 to $99,999",Republican,7.376237317447731e-05
Female,30-44,Asian / Asian American,High school diploma / GED,"Less than $30,000",Democrat,5.072039006379182e-05
Female,30-44,Asian / Asian American,High school diploma / GED,"Less than $30,000",Independent,5.80675498619796e-05
Female,30-44,Asian / Asian American,High school diploma / GED,"Less than $30,000",Republican,7.229559652855558e-05
Female,30-44,Asian / Asian American,Less than high school,"$100,000 to $167,999",Democrat,1.529892395068664e-05
Female,30-44,Asian / Asian American,Less than high school,"$100,000 to $167,999",Independent,2.1935087877087533e-05
Female,30-44,Asian / Asian American,Less than high school,"$100,000 to $167,999",Republican,8.613747652194989e-06
Female,30-44,Asian / Asian American,Less than high school,"$168,000 or more",Democrat,6.653179084608307e-06
Female,30-44,Asian / Asian American,Less than high school,"$168,000 or more",Independent,9.539106694908057e-06
Female,30-44,Asian / Asian American,Less than high school,"$168,000 or more",Republican,3.7459370282774343e-06
Female,30-44,Asian / Asian American,Less than high school,"$30,000 to $55,999",Democrat,5.155609630536537e-05
Female,30-44,Asian / Asian American,Less than high school,"$30,000 to $55,999",Independent,7.39194146400748e-05
Female,30-44,Asian / Asian American,Less than high school,"$30,000 to $55,999",Republican,2.9027610369077463e-05
Female,30-44,Asian / Asian American,Less than high school,"$56,000 to $99,999",Democrat,3.1070499599350855e-05
Female,30-44,Asian / Asian American,Less than high school,"$56,000 to $99,999",Independent,4.454784802470927e-05
Female,30-44,Asian / Asian American,Less than high school,"$56,000 to $99,999",Republican,1.7493612219990253e-05
Female,30-44,Asian / Asian American,Less than high school,"Less than $30,000",Democrat,5.425586375826783e-05
Female,30-44,Asian / Asian American,Less than high school,"Less than $30,000",Independent,7.779025134192401e-05
Female,30-44,Asian / Asian American,Less than high school,"Less than $30,000",Republican,3.054765946755461e-05
Female,30-44,Asian / Asian American,Master's degree / Professional degree,"$100,000 to $167,999",Democrat,0.00047494670757828016
Female,30-44,Asian / Asian American,Master's degree / Professional degree,"$100,000 to $167,999",Independent,0.00023475690154739826
Female,30-44,Asian / Asian American,Master's degree / Professional degree,"$100,000 to $167,999",Republican,3.089875927942222e-05
Female,30-44,Asian / Asian American,Master's degree / Professional degree,"$168,000 or more",Democrat,0.0008180509760116885
Female,30-44,Asian / Asian American,Master's degree / Professional degree,"$168,000 or more",Independent,9.339122837340123e-05
Female,30-44,Asian / Asian American,Master's degree / Professional degree,"$30,000 to $55,999",Democrat,0.0001552341617716169
Female,30-44,Asian / Asian American,Master's degree / Professional degree,"$30,000 to $55,999",Independent,7.672922087959951e-05
Female,30-44,Asian / Asian American,Master's degree / Professional degree,"$30,000 to $55,999",Republican,1.0099118322098294e-05
Female,30-44,Asian / Asian American,Master's degree / Professional degree,"$56,000 to $99,999",Democrat,0.00025572362997484406
Female,30-44,Asian / Asian American,Master's degree / Professional degree,"$56,000 to $99,999",Independent,0.00027201556357052804
Female,30-44,Asian / Asian American,Master's degree / Professional degree,"$56,000 to $99,999",Republican,5.5843883286783444e-05
Female,30-44,Asian / Asian American,Master's degree / Professional degree,"Less than $30,000",Democrat,0.0001516592631260687
Female,30-44,Asian / Asian American,Master's degree / Professional degree,"Less than $30,000",Independent,7.496221814858972e-05
Female,30-44,Asian / Asian American,Master's degree / Professional degree,"Less than $30,000",Republican,9.866545001903377e-06
Female,30-44,Asian / Asian American,Some college or Associate's degree,"$100,000 to $167,999",Democrat,0.00012174556645419884
Female,30-44,Asian / Asian American,Some college or Associate's degree,"$100,000 to $167,999",Independent,0.0001040948152675559
Female,30-44,Asian / Asian American,Some college or Associate's degree,"$100,000 to $167,999",Republican,7.896583066715733e-05
Female,30-44,Asian / Asian American,Some college or Associate's degree,"$168,000 or more",Democrat,5.7843093851953236e-05
Female,30-44,Asian / Asian American,Some college or Associate's degree,"$168,000 or more",Independent,4.94569645892457e-05
Female,30-44,Asian / Asian American,Some college or Associate's degree,"$168,000 or more",Republican,3.7517817588012e-05
Female,30-44,Asian / Asian American,Some college or Associate's degree,"$30,000 to $55,999",Democrat,0.00014496681325213152
Female,30-44,Asian / Asian American,Some college or Associate's degree,"$30,000 to $55,999",Independent,0.00012394943064381687
Female,30-44,Asian / Asian American,Some college or Associate's degree,"$30,000 to $55,999",Republican,9.402744724943894e-05
Female,30-44,Asian / Asian American,Some college or Associate's degree,"$56,000 to $99,999",Democrat,0.00020034329572626703
Female,30-44,Asian / Asian American,Some college or Associate's degree,"$56,000 to $99,999",Independent,0.00017129739477260292
Female,30-44,Asian / Asian American,Some college or Associate's degree,"$56,000 to $99,999",Republican,0.00012994538714124155
Female,30-44,Asian / Asian American,Some college or Associate's degree,"Less than $30,000",Democrat,0.00011652215355433841
Female,30-44,Asian / Asian American,Some college or Associate's degree,"Less than $30,000",Independent,9.962869615773443e-05
Female,30-44,Asian / Asian American,Some college or Associate's degree,"Less than $30,000",Republican,7.557785399935643e-05
Female,30-44,Black / African American,Bachelor's degree,"$100,000 to $167,999",Democrat,0.0003446502790421988
Female,30-44,Black / African American,Bachelor's degree,"$100,000 to $167,999",Independent,0.0002642203110584249
Female,30-44,Black / African American,Bachelor's degree,"$100,000 to $167,999",Other,2.201625981102459e-05
Female,30-44,Black / African American,Bachelor's degree,"$100,000 to $167,999",Republican,2.435823215725118e-05
Female,30-44,Black / African American,Bachelor's degree,"$168,000 or more",Democrat,9.586932014076535e-05
Female,30-44,Black / African American,Bachelor's degree,"$168,000 or more",Independent,8.221649191944353e-05
Female,30-44,Black / African American,Bachelor's degree,"$30,000 to $55,999",Democrat,0.00043844702722772443
Female,30-44,Black / African American,Bachelor's degree,"$30,000 to $55,999",Independent,0.000419539408318921
Female,30-44,Black / African American,Bachelor's degree,"$30,000 to $55,999",Other,7.545869362681096e-05
Female,30-44,Black / African American,Bachelor's degree,"$56,000 to $99,999",Democrat,0.0005767293654171068
Female,30-44,Black / African American,Bachelor's degree,"$56,000 to $99,999",Independent,0.0004421398199662505
Female,30-44,Black / African American,Bachelor's degree,"$56,000 to $99,999",Other,3.68414718390978e-05
Female,30-44,Black / African American,Bachelor's degree,"$56,000 to $99,999",Republican,4.076047120511388e-05
Female,30-44,Black / African American,Bachelor's degree,"Less than $30,000",Democrat,0.0001834198957856617
Female,30-44,Black / African American,Bachelor's degree,"Less than $30,000",Independent,0.0003479600643952876
Female,30-44,Black / African American,Bachelor's degree,"Less than $30,000",Republican,0.00012666805891537386
Female,30-44,Black / African American,Doctorate degree / Ph.D.,"$100,000 to $167,999",Democrat,2.6272750405512575e-05
Female,30-44,Black / African American,Doctorate degree / Ph.D.,"$100,000 to $167,999",Independent,9.587401711538887e-06
Female,30-44,Black / African American,Doctorate degree / Ph.D.,"$100,000 to $167,999",Other,1.758200638579082e-06
Female,30-44,Black / African American,Doctorate degree / Ph.D.,"$100,000 to $167,999",Republican,4.314730149604761e-06
Female,30-44,Black / African American,Doctorate degree / Ph.D.,"$168,000 or more",Democrat,1.4573157152664934e-05
Female,30-44,Black / African American,Doctorate degree / Ph.D.,"$168,000 or more",Independent,5.318008570532802e-06
Female,30-44,Black / African American,Doctorate degree / Ph.D.,"$168,000 or more",Other,9.752513085402994e-07
Female,30-44,Black / African American,Doctorate degree / Ph.D.,"$168,000 or more",Republican,2.3933253873693516e-06
Female,30-44,Black / African American,Doctorate degree / Ph.D.,"$30,000 to $55,999",Democrat,1.1550990315739357e-05
Female,30-44,Black / African American,Doctorate degree / Ph.D.,"$30,000 to $55,999",Independent,4.215165242077283e-06
Female,30-44,Black / African American,Doctorate degree / Ph.D.,"$30,000 to $55,999",Other,7.730046620886886e-07
Female,30-44,Black / African American,Doctorate degree / Ph.D.,"$30,000 to $55,999",Republican,1.8969999487627219e-06
Female,30-44,Black / African American,Doctorate degree / Ph.D.,"$56,000 to $99,999",Democrat,2.2392684056179846e-05
Female,30-44,Black / African American,Doctorate degree / Ph.D.,"$56,000 to $99,999",Independent,8.17149533766066e-06
Female,30-44,Black / African American,Doctorate degree / Ph.D.,"$56,000 to $99,999",Other,1.4985424365320433e-06
Female,30-44,Black / African American,Doctorate degree / Ph.D.,"$56,000 to $99,999",Republican,3.677513299387963e-06
Female,30-44,Black / African American,Doctorate degree / Ph.D.,"Less than $30,000",Democrat,7.559220171753477e-06
Female,30-44,Black / African American,Doctorate degree / Ph.D.,"Less than $30,000",Independent,2.758496133597118e-06
Female,30-44,Black / African American,Doctorate degree / Ph.D.,"Less than $30,000",Other,5.058711222844863e-07
Female,30-44,Black / African American,Doctorate degree / Ph.D.,"Less than $30,000",Republican,1.2414381699344916e-06
Female,30-44,Black / African American,High school diploma / GED,"$100,000 to $167,999",Democrat,8.475541806301919e-05
Female,30-44,Black / African American,High school diploma / GED,"$100,000 to $167,999",Independent,5.0822194320077406e-05
Female,30-44,Black / African American,High school diploma / GED,"$100,000 to $167,999",Other,3.6760276881061757e-06
Female,30-44,Black / African American,High school diploma / GED,"$100,000 to $167,999",Republican,1.652782369340662e-05
Female,30-44,Black / African American,High school diploma / GED,"$168,000 or more",Democrat,2.2348295330174314e-05
Female,30-44,Black / African American,High school diploma / GED,"$168,000 or more",Independent,1.3400788220383632e-05
Female,30-44,Black / African American,High school diploma / GED,"$168,000 or more",Other,9.692944037466819e-07
Female,30-44,Black / African American,High school diploma / GED,"$168,000 or more",Republican,4.358053956983169e-06
Female,30-44,Black / African American,High school diploma / GED,"$30,000 to $55,999",Democrat,0.0004455450310962566
Female,30-44,Black / African American,High school diploma / GED,"$30,000 to $55,999",Independent,0.00021965427117743552
Female,30-44,Black / African American,High school diploma / GED,"$30,000 to $55,999",Other,3.183988247806932e-05
Female,30-44,Black / African American,High school diploma / GED,"$30,000 to $55,999",Republican,6.944699756754909e-05
Female,30-44,Black / African American,High school diploma / GED,"$56,000 to $99,999",Democrat,0.00027966388277438406
Female,30-44,Black / African American,High school diploma / GED,"$56,000 to $99,999",Independent,0.000167695853781277
Female,30-44,Black / African American,High school diploma / GED,"$56,000 to $99,999",Other,1.2129633714714451e-05
Female,30-44,Black / African American,High school diploma / GED,"$56,000 to $99,999",Republican,5.453616362875729e-05
Female,30-44,Black / African American,High school diploma / GED,"Less than $30,000",Democrat,0.0008970062202757907
Female,30-44,Black / African American,High school diploma / GED,"Less than $30,000",Independent,0.0004574483615810207
Female,30-44,Black / African American,High school diploma / GED,"Less than $30,000",Other,4.1252733488723275e-05
Female,30-44,Black / African American,High school diploma / GED,"Less than $30,000",Republican,0.00020551003883013166
Female,30-44,Black / African American,Less than high school,"$100,000 to $167,999",Democrat,1.2563769535420099e-05
Female,30-44,Black / African American,Less than high school,"$100,000 to $167,999",Independent,1.4987669553952345e-05
Female,30-44,Black / African American,Less than high school,"$100,000 to $167,999",Republican,8.555940915309923e-06
Female,30-44,Black / African American,Less than high school,"$168,000 or more",Democrat,3.283983472859322e-06
Female,30-44,Black / African American,Less than high school,"$168,000 or more",Independent,3.917555075576339e-06
Female,30-44,Black / African American,Less than high school,"$168,000 or more",Republican,2.236396368257575e-06
Female,30-44,Black / African American,Less than high school,"$30,000 to $55,999",Democrat,7.8454476752248e-05
Female,30-44,Black / African American,Less than high school,"$30,000 to $55,999",Independent,9.359052386912576e-05
Female,30-44,Black / African American,Less than high school,"$30,000 to $55,999",Republican,5.342758522761656e-05
Female,30-44,Black / African American,Less than high school,"$56,000 to $99,999",Democrat,4.205454960382298e-05
Female,30-44,Black / African American,Less than high school,"$56,000 to $99,999",Independent,5.0168040007852735e-05
Female,30-44,Black / African American,Less than high school,"$56,000 to $99,999",Republican,2.863919467926219e-05
Female,30-44,Black / African American,Less than high school,"Less than $30,000",Democrat,0.00021378137653043047
Female,30-44,Black / African American,Less than high school,"Less than $30,000",Independent,0.0004879806951134234
Female,30-44,Black / African American,Less than high school,"Less than $30,000",Republican,3.153246127071101e-05
Female,30-44,Black / African American,Master's degree / Professional degree,"$100,000 to $167,999",Democrat,0.00024098537200696946
Female,30-44,Black / African American,Master's degree / Professional degree,"$100,000 to $167,999",Independent,0.0002741328118883377
Female,30-44,Black / African American,Master's degree / Professional degree,"$100,000 to $167,999",Other,1.674206697492459e-05
Female,30-44,Black / African American,Master's degree / Professional degree,"$100,000 to $167,999",Republican,7.951182927098068e-06
Female,30-44,Black / African American,Master's degree / Professional degree,"$168,000 or more",Democrat,8.553374726783269e-05
Female,30-44,Black / African American,Master's degree / Professional degree,"$168,000 or more",Independent,0.00014194648526445522
Female,30-44,Black / African American,Master's degree / Professional degree,"$168,000 or more",Republican,8.964414007586815e-07
Female,30-44,Black / African American,Master's degree / Professional degree,"$30,000 to $55,999",Democrat,0.00020908527255060865
Female,30-44,Black / African American,Master's degree / Professional degree,"$30,000 to $55,999",Independent,0.0002378448667294217
Female,30-44,Black / African American,Master's degree / Professional degree,"$30,000 to $55,999",Other,1.4525859421921316e-05
Female,30-44,Black / African American,Master's degree / Professional degree,"$30,000 to $55,999",Republican,6.8986562776265285e-06
Female,30-44,Black / African American,Master's degree / Professional degree,"$56,000 to $99,999",Democrat,0.00020592116048734685
Female,30-44,Black / African American,Master's degree / Professional degree,"$56,000 to $99,999",Independent,0.00045129974004982145
Female,30-44,Black / African American,Master's degree / Professional degree,"$56,000 to $99,999",Other,4.255645636351974e-05
Female,30-44,Black / African American,Master's degree / Professional degree,"$56,000 to $99,999",Republican,3.282247298295441e-05
Female,30-44,Black / African American,Master's degree / Professional degree,"Less than $30,000",Democrat,0.00011522303700237349
Female,30-44,Black / African American,Master's degree / Professional degree,"Less than $30,000",Independent,0.00013107191886676465
Female,30-44,Black / African American,Master's degree / Professional degree,"Less than $30,000",Other,8.004933189439241e-06
Female,30-44,Black / African American,Master's degree / Professional degree,"Less than $30,000",Republican,3.801722224845932e-06
Female,30-44,Black / African American,Some college or Associate's degree,"$100,000 to $167,999",Democrat,0.00026145806844550816
Female,30-44,Black / African American,Some college or Associate's degree,"$100,000 to $167,999",Independent,0.0002162801925868108
Female,30-44,Black / African American,Some college or Associate's degree,"$100,000 to $167,999",Other,3.0922510404468676e-05
Female,30-44,Black / African American,Some college or Associate's degree,"$100,000 to $167,999",Republican,1.256329236171422e-05
Female,30-44,Black / African American,Some college or Associate's degree,"$168,000 or more",Democrat,6.081800310937167e-05
Female,30-44,Black / African American,Some college or Associate's degree,"$168,000 or more",Independent,5.030913562333463e-05
Female,30-44,Black / African American,Some college or Associate's degree,"$168,000 or more",Other,7.192913743721432e-06
Female,30-44,Black / African American,Some college or Associate's degree,"$168,000 or more",Republican,2.9223590553600623e-06
Female,30-44,Black / African American,Some college or Associate's degree,"$30,000 to $55,999",Democrat,0.0007752394280600307
Female,30-44,Black / African American,Some college or Associate's degree,"$30,000 to $55,999",Independent,0.0009398183346336724
Female,30-44,Black / African American,Some college or Associate's degree,"$30,000 to $55,999",Other,0.0001933662598969619
Female,30-44,Black / African American,Some college or Associate's degree,"$30,000 to $55,999",Republican,0.00012489274314275681
Female,30-44,Black / African American,Some college or Associate's degree,"$56,000 to $99,999",Democrat,0.0010522459157518923
Female,30-44,Black / African American,Some college or Associate's degree,"$56,000 to $99,999",Independent,0.000403392773503234
Female,30-44,Black / African American,Some college or Associate's degree,"$56,000 to $99,999",Other,5.675141210423817e-05
Female,30-44,Black / African American,Some college or Associate's degree,"$56,000 to $99,999",Republican,1.2050372029017498e-05
Female,30-44,Black / African American,Some college or Associate's degree,"Less than $30,000",Democrat,0.0009847218913523646
Female,30-44,Black / African American,Some college or Associate's degree,"Less than $30,000",Independent,0.0014778435973790457
Female,30-44,Black / African American,Some college or Associate's degree,"Less than $30,000",Other,0.00015239025686439065
Female,30-44,Black / African American,Some college or Associate's degree,"Less than $30,000",Republican,5.7728592686148234e-05
Female,30-44,Hispanic / Latino,Bachelor's degree,"$100,000 to $167,999",Democrat,0.00042878589120087633
Female,30-44,Hispanic / Latino,Bachelor's degree,"$100,000 to $167,999",Independent,0.0005170919981830392
Female,30-44,Hispanic / Latino,Bachelor's degree,"$100,000 to $167,999",Other,4.471891207764228e-05
Female,30-44,Hispanic / Latino,Bachelor's degree,"$100,000 to $167,999",Republican,0.00015389743211684085
Female,30-44,Hispanic / Latino,Bachelor's degree,"$168,000 or more",Democrat,0.000167174381691601
Female,30-44,Hispanic / Latino,Bachelor's degree,"$168,000 or more",Independent,0.0002016030304351287
Female,30-44,Hispanic / Latino,Bachelor's degree,"$168,000 or more",Other,1.7434940444434217e-05
Female,30-44,Hispanic / Latino,Bachelor's degree,"$168,000 or more",Republican,6.000129338678542e-05
Female,30-44,Hispanic / Latino,Bachelor's degree,"$30,000 to $55,999",Democrat,0.00041545894788098297
Female,30-44,Hispanic / Latino,Bachelor's degree,"$30,000 to $55,999",Independent,0.00037787149674777025
Female,30-44,Hispanic / Latino,Bachelor's degree,"$30,000 to $55,999",Other,2.375540385870602e-05
Female,30-44,Hispanic / Latino,Bachelor's degree,"$30,000 to $55,999",Republican,0.0002149538545434413
Female,30-44,Hispanic / Latino,Bachelor's degree,"$56,000 to $99,999",Democrat,0.00041070319461179787
Female,30-44,Hispanic / Latino,Bachelor's degree,"$56,000 to $99,999",Independent,0.0007634609534692649
Female,30-44,Hispanic / Latino,Bachelor's degree,"$56,000 to $99,999",Other,7.417219866873475e-05
Female,30-44,Hispanic / Latino,Bachelor's degree,"$56,000 to $99,999",Republican,0.0002609124131383063
Female,30-44,Hispanic / Latino,Bachelor's degree,"Less than $30,000",Democrat,0.0002902479107056262
Female,30-44,Hispanic / Latino,Bachelor's degree,"Less than $30,000",Independent,0.0003500228790058603
Female,30-44,Hispanic / Latino,Bachelor's degree,"Less than $30,000",Other,3.0270517444529515e-05
Female,30-44,Hispanic / Latino,Bachelor's degree,"Less than $30,000",Republican,0.00010417415556695142
Female,30-44,Hispanic / Latino,Doctorate degree / Ph.D.,"$100,000 to $167,999",Democrat,9.069278908831324e-06
Female,30-44,Hispanic / Latino,Doctorate degree / Ph.D.,"$100,000 to $167,999",Independent,2.5686405484221494e-05
Female,30-44,Hispanic / Latino,Doctorate degree / Ph.D.,"$100,000 to $167,999",Republican,2.0451779383323013e-06
Female,30-44,Hispanic / Latino,Doctorate degree / Ph.D.,"$168,000 or more",Democrat,8.861655083651477e-06
Female,30-44,Hispanic / Latino,Doctorate degree / Ph.D.,"$168,000 or more",Independent,2.5098364272195096e-05
Female,30-44,Hispanic / Latino,Doctorate degree / Ph.D.,"$168,000 or more",Republican,1.9983574941714674e-06
Female,30-44,Hispanic / Latino,Doctorate degree / Ph.D.,"$30,000 to $55,999",Democrat,5.435252456317763e-06
Female,30-44,Hispanic / Latino,Doctorate degree / Ph.D.,"$30,000 to $55,999",Independent,1.5393957987788862e-05
Female,30-44,Hispanic / Latino,Doctorate degree / Ph.D.,"$30,000 to $55,999",Republican,1.2256827168589051e-06
Female,30-44,Hispanic / Latino,Doctorate degree / Ph.D.,"$56,000 to $99,999",Democrat,8.141220856112096e-06
Female,30-44,Hispanic / Latino,Doctorate degree / Ph.D.,"$56,000 to $99,999",Independent,2.3057919174044153e-05
Female,30-44,Hispanic / Latino,Doctorate degree / Ph.D.,"$56,000 to $99,999",Republican,1.8358951635943046e-06
Female,30-44,Hispanic / Latino,Doctorate degree / Ph.D.,"Less than $30,000",Democrat,5.235120077620996e-06
Female,30-44,Hispanic / Latino,Doctorate degree / Ph.D.,"Less than $30,000",Independent,1.4827134375746096e-05
Female,30-44,Hispanic / Latino,Doctorate degree / Ph.D.,"Less than $30,000",Republican,1.1805516397610305e-06
Female,30-44,Hispanic / Latino,High school diploma / GED,"$100,000 to $167,999",Democrat,0.00014184095675383928
Female,30-44,Hispanic / Latino,High school diploma / GED,"$100,000 to $167,999",Independent,0.00027425506327855774
Female,30-44,Hispanic / Latino,High school diploma / GED,"$100,000 to $167,999",Other,4.02146423511868e-06
Female,30-44,Hispanic / Latino,High school diploma / GED,"$100,000 to $167,999",Republican,7.920497998670663e-05
Female,30-44,Hispanic / Latino,High school diploma / GED,"$168,000 or more",Democrat,3.1073660878777036e-05
Female,30-44,Hispanic / Latino,High school diploma / GED,"$168,000 or more",Independent,6.0082144294861824e-05
Female,30-44,Hispanic / Latino,High school diploma / GED,"$168,000 or more",Other,8.809981174554216e-07
Female,30-44,Hispanic / Latino,High school diploma / GED,"$168,000 or more",Republican,1.7351749059959913e-05
Female,30-44,Hispanic / Latino,High school diploma / GED,"$30,000 to $55,999",Democrat,0.0005752544783648509
Female,30-44,Hispanic / Latino,High school diploma / GED,"$30,000 to $55,999",Independent,0.000694578062855811
Female,30-44,Hispanic / Latino,High school diploma / GED,"$30,000 to $55,999",Other,2.7377164722365623e-05
Female,30-44,Hispanic / Latino,High school diploma / GED,"$30,000 to $55,999",Republican,0.0002916569233539762
Female,30-44,Hispanic / Latino,High school diploma / GED,"$56,000 to $99,999",Democrat,0.0003315878127072407
Female,30-44,Hispanic / Latino,High school diploma / GED,"$56,000 to $99,999",Independent,0.0007338118562377452
Female,30-44,Hispanic / Latino,High school diploma / GED,"$56,000 to $99,999",Other,6.036966026611048e-07
Female,30-44,Hispanic / Latino,High school diploma / GED,"$56,000 to $99,999",Republican,0.00018115411719269505
Female,30-44,Hispanic / Latino,High school diploma / GED,"Less than $30,000",Democrat,0.00044332626676000316
Female,30-44,Hispanic / Latino,High school diploma / GED,"Less than $30,000",Independent,0.0009757643086428489
Female,30-44,Hispanic / Latino,High school diploma / GED,"Less than $30,000",Other,1.4204092542576429e-05
Female,30-44,Hispanic / Latino,High school diploma / GED,"Less than $30,000",Republican,0.0002947354772175371
Female,30-44,Hispanic / Latino,Less than high school,"$100,000 to $167,999",Democrat,4.1615990452788376e-05
Female,30-44,Hispanic / Latino,Less than high school,"$100,000 to $167,999",Independent,0.00014311468670334478
Female,30-44,Hispanic / Latino,Less than high school,"$100,000 to $167,999",Other,7.92000331437496e-06
Female,30-44,Hispanic / Latino,Less than high school,"$100,000 to $167,999",Republican,7.030317415843215e-05
Female,30-44,Hispanic / Latino,Less than high school,"$168,000 or more",Democrat,9.050843463380369e-06
Female,30-44,Hispanic / Latino,Less than high school,"$168,000 or more",Independent,3.112526249092089e-05
Female,30-44,Hispanic / Latino,Less than high school,"$168,000 or more",Other,1.722479975796382e-06
Female,30-44,Hispanic / Latino,Less than high school,"$168,000 or more",Republican,1.5289868566473192e-05
Female,30-44,Hispanic / Latino,Less than high school,"$30,000 to $55,999",Democrat,0.00026397288391846377
Female,30-44,Hispanic / Latino,Less than high school,"$30,000 to $55,999",Independent,0.0009077855932091146
Female,30-44,Hispanic / Latino,Less than high school,"$30,000 to $55,999",Other,5.023708658120549e-05
Female,30-44,Hispanic / Latino,Less than high school,"$30,000 to $55,999",Republican,0.00044593752135436456
Female,30-44,Hispanic / Latino,Less than high school,"$56,000 to $99,999",Democrat,0.00015420807077342997
Female,30-44,Hispanic / Latino,Less than high school,"$56,000 to $99,999",Independent,0.0005303115339980561
Female,30-44,Hispanic / Latino,Less than high school,"$56,000 to $99,999",Other,2.9347575735689384e-05
Female,30-44,Hispanic / Latino,Less than high school,"$56,000 to $99,999",Republican,0.00026050844250647624
Female,30-44,Hispanic / Latino,Less than high school,"Less than $30,000",Democrat,0.0003149318926891193
Female,30-44,Hispanic / Latino,Less than high school,"Less than $30,000",Independent,0.001385674367907697
Female,30-44,Hispanic / Latino,Less than high school,"Less than $30,000",Republican,0.0005382469485759616
Female,30-44,Hispanic / Latino,Master's degree / Professional degree,"$100,000 to $167,999",Democrat,0.00016744472666526793
Female,30-44,Hispanic / Latino,Master's degree / Professional degree,"$100,000 to $167,999",Independent,0.00019049636443761408
Female,30-44,Hispanic / Latino,Master's degree / Professional degree,"$100,000 to $167,999",Other,1.550201138626811e-05
Female,30-44,Hispanic / Latino,Master's degree / Professional degree,"$100,000 to $167,999",Republican,0.00020571881623287388
Female,30-44,Hispanic / Latino,Master's degree / Professional degree,"$168,000 or more",Democrat,0.0001714879071755182
Female,30-44,Hispanic / Latino,Master's degree / Professional degree,"$168,000 or more",Independent,0.00012079103131397273
Female,30-44,Hispanic / Latino,Master's degree / Professional degree,"$168,000 or more",Other,3.893092918825375e-06
Female,30-44,Hispanic / Latino,Master's degree / Professional degree,"$168,000 or more",Republican,5.495847735354608e-05
Female,30-44,Hispanic / Latino,Master's degree / Professional degree,"$30,000 to $55,999",Democrat,0.00015113593276503442
Female,30-44,Hispanic / Latino,Master's degree / Professional degree,"$30,000 to $55,999",Independent,0.00010645569992642579
Female,30-44,Hispanic / Latino,Master's degree / Professional degree,"$30,000 to $55,999",Other,3.431065427986169e-06
Female,30-44,Hispanic / Latino,Master's degree / Professional degree,"$30,000 to $55,999",Republican,4.843607269445994e-05
Female,30-44,Hispanic / Latino,Master's degree / Professional degree,"$56,000 to $99,999",Democrat,0.0003336708853113134
Female,30-44,Hispanic / Latino,Master's degree / Professional degree,"$56,000 to $99,999",Independent,0.00016857618199463538
Female,30-44,Hispanic / Latino,Master's degree / Professional degree,"$56,000 to $99,999",Other,5.247620965750838e-06
Female,30-44,Hispanic / Latino,Master's degree / Professional degree,"$56,000 to $99,999",Republican,2.5040510698372765e-05
Female,30-44,Hispanic / Latino,Master's degree / Professional degree,"Less than $30,000",Democrat,0.00013394823057250168
Female,30-44,Hispanic / Latino,Master's degree / Professional degree,"Less than $30,000",Independent,9.434918869803607e-05
Female,30-44,Hispanic / Latino,Master's degree / Professional degree,"Less than $30,000",Other,3.040872773596011e-06
Female,30-44,Hispanic / Latino,Master's degree / Professional degree,"Less than $30,000",Republican,4.2927754602146845e-05
Female,30-44,Hispanic / Latino,Some college or Associate's degree,"$100,000 to $167,999",Democrat,0.0002785340844013567
Female,30-44,Hispanic / Latino,Some college or Associate's degree,"$100,000 to $167,999",Independent,0.00034486036706435103
Female,30-44,Hispanic / Latino,Some college or Associate's degree,"$100,000 to $167,999",Other,2.862148650044924e-05
Female,30-44,Hispanic / Latino,Some college or Associate's degree,"$100,000 to $167,999",Republican,0.0005140553903886408
Female,30-44,Hispanic / Latino,Some college or Associate's degree,"$168,000 or more",Democrat,8.168757205529516e-05
Female,30-44,Hispanic / Latino,Some college or Associate's degree,"$168,000 or more",Independent,0.00011897210176765416
Female,30-44,Hispanic / Latino,Some college or Associate's degree,"$168,000 or more",Other,1.1995531333460925e-05
Female,30-44,Hispanic / Latino,Some college or Associate's degree,"$168,000 or more",Republican,6.930612733745776e-05
Female,30-44,Hispanic / Latino,Some college or Associate's degree,"$30,000 to $55,999",Democrat,0.0006786149377300475
Female,30-44,Hispanic / Latino,Some college or Associate's degree,"$30,000 to $55,999",Independent,0.0008532480219181781
Female,30-44,Hispanic / Latino,Some college or Associate's degree,"$30,000 to $55,999",Other,7.854200565542605e-05
Female,30-44,Hispanic / Latino,Some college or Associate's degree,"$30,000 to $55,999",Republican,0.0005287636545178377
Female,30-44,Hispanic / Latino,Some college or Associate's degree,"$56,000 to $99,999",Democrat,0.0006976623532604173
Female,30-44,Hispanic / Latino,Some college or Associate's degree,"$56,000 to $99,999",Independent,0.0010311182539190834
Female,30-44,Hispanic / Latino,Some college or Associate's degree,"$56,000 to $99,999",Other,9.531320737567684e-05
Female,30-44,Hispanic / Latino,Some college or Associate's degree,"$56,000 to $99,999",Republican,0.00048041115844792875
Female,30-44,Hispanic / Latino,Some college or Associate's degree,"Less than $30,000",Democrat,0.0006302969956198035
Female,30-44,Hispanic / Latino,Some college or Associate's degree,"Less than $30,000",Independent,0.0011145351112997822
Female,30-44,Hispanic / Latino,Some college or Associate's degree,"Less than $30,000",Other,0.00014093620464980964
Female,30-44,Hispanic / Latino,Some college or Associate's degree,"Less than $30,000",Republican,0.0002643881239860237
Female,30-44,Other,Bachelor's degree,"$100,000 to $167,999",Democrat,0.00010194385927001638
Female,30-44,Other,Bachelor's degree,"$100,000 to $167,999",Independent,9.010822558256585e-05
Female,30-44,Other,Bachelor's degree,"$100,000 to $167,999",Other,4.0093863927121055e-05
Female,30-44,Other,Bachelor's degree,"$100,000 to $167,999",Republican,4.884728045595195e-05
Female,30-44,Other,Bachelor's degree,"$168,000 or more",Democrat,4.7967456051008443e-05
Female,30-44,Other,Bachelor's degree,"$168,000 or more",Independent,4.2398457164720464e-05
Female,30-44,Other,Bachelor's degree,"$168,000 or more",Other,1.8865291834257077e-05
Female,30-44,Other,Bachelor's degree,"$168,000 or more",Republican,2.298402076652891e-05
Female,30-44,Other,Bachelor's degree,"$30,000 to $55,999",Democrat,8.029522638279142e-05
Female,30-44,Other,Bachelor's degree,"$30,000 to $55,999",Independent,7.097298870096631e-05
Female,30-44,Other,Bachelor's degree,"$30,000 to $55,999",Other,3.157959590348661e-05
Female,30-44,Other,Bachelor's degree,"$30,000 to $55,999",Republican,3.847415107177482e-05
Female,30-44,Other,Bachelor's degree,"$56,000 to $99,999",Democrat,0.0001207723303230454
Female,30-44,Other,Bachelor's degree,"$56,000 to $99,999",Independent,0.00010675072008071315
Female,30-44,Other,Bachelor's degree,"$56,000 to $99,999",Other,4.7498980446757485e-05
Female,30-44,Other,Bachelor's degree,"$56,000 to $99,999",Republican,5.786910494513511e-05
Female,30-44,Other,Bachelor's degree,"Less than $30,000",Democrat,6.671908915299365e-05
Female,30-44,Other,Bachelor's degree,"Less than $30,000",Independent,5.897303456147941e-05
Female,30-44,Other,Bachelor's degree,"Less than $30,000",Other,2.6240188482136084e-05
Female,30-44,Other,Bachelor's degree,"Less than $30,000",Republican,3.196902768797263e-05
Female,30-44,Other,Doctorate degree / Ph.D.,"$100,000 to $167,999",Democrat,6.696337912982811e-06
Female,30-44,Other,Doctorate degree / Ph.D.,"$100,000 to $167,999",Independent,8.299245617442697e-06
Female,30-44,Other,Doctorate degree / Ph.D.,"$100,000 to $167,999",Other,2.382427667930272e-06
Female,30-44,Other,Doctorate degree / Ph.D.,"$100,000 to $167,999",Republican,3.0959074078498156e-06
Female,30-44,Other,Doctorate degree / Ph.D.,"$168,000 or more",Democrat,5.373639956782223e-06
Female,30-44,Other,Doctorate degree / Ph.D.,"$168,000 or more",Independent,6.6599324049306366e-06
Female,30-44,Other,Doctorate degree / Ph.D.,"$168,000 or more",Other,1.911837287319774e-06
Female,30-44,Other,Doctorate degree / Ph.D.,"$168,000 or more",Republican,2.4843865356713137e-06
Female,30-44,Other,Doctorate degree / Ph.D.,"$30,000 to $55,999",Democrat,2.635523534307427e-06
Female,30-44,Other,Doctorate degree / Ph.D.,"$30,000 to $55,999",Independent,3.2663908879749153e-06
Female,30-44,Other,Doctorate degree / Ph.D.,"$30,000 to $55,999",Other,9.376683598122818e-07
Female,30-44,Other,Doctorate degree / Ph.D.,"$30,000 to $55,999",Republican,1.2184774632722217e-06
Female,30-44,Other,Doctorate degree / Ph.D.,"$56,000 to $99,999",Democrat,5.055292003225425e-06
Female,30-44,Other,Doctorate degree / Ph.D.,"$56,000 to $99,999",Independent,6.265381249849934e-06
Female,30-44,Other,Doctorate degree / Ph.D.,"$56,000 to $99,999",Other,1.7985752353686244e-06
Female,30-44,Other,Doctorate degree / Ph.D.,"$56,000 to $99,999",Republican,2.3372052254540554e-06
Female,30-44,Other,Doctorate degree / Ph.D.,"Less than $30,000",Democrat,1.0136385140369837e-06
Female,30-44,Other,Doctorate degree / Ph.D.,"Less than $30,000",Independent,1.2562739671459222e-06
Female,30-44,Other,Doctorate degree / Ph.D.,"Less than $30,000",Other,3.606330015752947e-07
Female,30-44,Other,Doctorate degree / Ph.D.,"Less than $30,000",Republican,4.6863390486982296e-07
Female,30-44,Other,High school diploma / GED,"$100,000 to $167,999",Democrat,8.404286542197965e-06
Female,30-44,Other,High school diploma / GED,"$100,000 to $167,999",Independent,2.2531604910519297e-05
Female,30-44,Other,High school diploma / GED,"$100,000 to $167,999",Other,4.857145852695255e-06
Female,30-44,Other,High school diploma / GED,"$100,000 to $167,999",Republican,1.4742922327495996e-05
Female,30-44,Other,High school diploma / GED,"$168,000 or more",Democrat,2.5473909306869622e-06
Female,30-44,Other,High school diploma / GED,"$168,000 or more",Independent,6.8294680000127415e-06
Female,30-44,Other,High school diploma / GED,"$168,000 or more",Other,1.4722307755756034e-06
Female,30-44,Other,High school diploma / GED,"$168,000 or more",Republican,4.468670414831396e-06
Female,30-44,Other,High school diploma / GED,"$30,000 to $55,999",Democrat,2.610110634057749e-05
Female,30-44,Other,High school diploma / GED,"$30,000 to $55,999",Independent,6.997617380612746e-05
Female,30-44,Other,High school diploma / GED,"$30,000 to $55,999",Other,1.5084787956282382e-05
Female,30-44,Other,High school diploma / GED,"$30,000 to $55,999",Republican,4.578694235480096e-05
Female,30-44,Other,High school diploma / GED,"$56,000 to $99,999",Democrat,2.213303108588164e-05
Female,30-44,Other,High school diploma / GED,"$56,000 to $99,999",Independent,5.9337899700990546e-05
Female,30-44,Other,High school diploma / GED,"$56,000 to $99,999",Other,1.2791491533111163e-05
Female,30-44,Other,High school diploma / GED,"$56,000 to $99,999",Republican,3.882608672762714e-05
Female,30-44,Other,High school diploma / GED,"Less than $30,000",Democrat,3.411104238407607e-05
Female,30-44,Other,High school diploma / GED,"Less than $30,000",Independent,8.489722354850239e-05
Female,30-44,Other,High school diploma / GED,"Less than $30,000",Other,5.828096879855079e-06
Female,30-44,Other,High school diploma / GED,"Less than $30,000",Republican,7.479837365074851e-05
Female,30-44,Other,Less than high school,"$100,000 to $167,999",Democrat,7.479069806948592e-07
Female,30-44,Other,Less than high school,"$100,000 to $167,999",Independent,6.658159158683828e-06
Female,30-44,Other,Less than high school,"$100,000 to $167,999",Other,3.2933381472740235e-06
Female,30-44,Other,Less than high school,"$100,000 to $167,999",Republican,1.723376982127319e-06
Female,30-44,Other,Less than high school,"$168,000 or more",Democrat,1.6041125592267407e-07
Female,30-44,Other,Less than high school,"$168,000 or more",Independent,1.4280434604116648e-06
Female,30-44,Other,Less than high school,"$168,000 or more",Other,7.063558998893962e-07
Female,30-44,Other,Less than high school,"$168,000 or more",Republican,3.6963027925535647e-07
Female,30-44,Other,Less than high school,"$30,000 to $55,999",Democrat,3.825902944358347e-06
Female,30-44,Other,Less than high school,"$30,000 to $55,999",Independent,3.405967772295461e-05
Female,30-44,Other,Less than high school,"$30,000 to $55,999",Other,1.6847004292856123e-05
Female,30-44,Other,Less than high school,"$30,000 to $55,999",Republican,8.815899891767951e-06
Female,30-44,Other,Less than high school,"$56,000 to $99,999",Democrat,2.0947633289651943e-06
Female,30-44,Other,Less than high school,"$56,000 to $99,999",Independent,1.8648398803640846e-05
Female,30-44,Other,Less than high school,"$56,000 to $99,999",Other,9.224093582309328e-06
Female,30-44,Other,Less than high school,"$56,000 to $99,999",Republican,4.826892912256286e-06
Female,30-44,Other,Less than high school,"Less than $30,000",Democrat,6.7371794558926696e-06
Female,30-44,Other,Less than high school,"Less than $30,000",Independent,5.997699480792758e-05
Female,30-44,Other,Less than high school,"Less than $30,000",Other,2.966653698900913e-05
Female,30-44,Other,Less than high school,"Less than $30,000",Republican,1.5524256757116137e-05
Female,30-44,Other,Master's degree / Professional degree,"$100,000 to $167,999",Democrat,6.163720332456089e-05
Female,30-44,Other,Master's degree / Professional degree,"$100,000 to $167,999",Independent,4.813422561542698e-05
Female,30-44,Other,Master's degree / Professional degree,"$100,000 to $167,999",Other,5.151387445611615e-06
Female,30-44,Other,Master's degree / Professional degree,"$100,000 to $167,999",Republican,3.2711657512710286e-05
Female,30-44,Other,Master's degree / Professional degree,"$168,000 or more",Democrat,4.9730378383089164e-05
Female,30-44,Other,Master's degree / Professional degree,"$168,000 or more",Independent,3.883585114054516e-05
Female,30-44,Other,Master's degree / Professional degree,"$168,000 or more",Other,4.156263312584124e-06
Female,30-44,Other,Master's degree / Professional degree,"$168,000 or more",Republican,2.639255219090832e-05
Female,30-44,Other,Master's degree / Professional degree,"$30,000 to $55,999",Democrat,3.517739730772615e-05
Female,30-44,Other,Master's degree / Professional degree,"$30,000 to $55,999",Independent,2.7471018917869822e-05
Female,30-44,Other,Master's degree / Professional degree,"$30,000 to $55,999",Other,2.9399841830283613e-06
Female,30-44,Other,Master's degree / Professional degree,"$30,000 to $55,999",Republican,1.866909773403594e-05
Female,30-44,Other,Master's degree / Professional degree,"$56,000 to $99,999",Democrat,7.101948377069542e-05
Female,30-44,Other,Master's degree / Professional degree,"$56,000 to $99,999",Independent,5.546111229137532e-05
Female,30-44,Other,Master's degree / Professional degree,"$56,000 to $99,999",Other,5.935520389589067e-06
Female,30-44,Other,Master's degree / Professional degree,"$56,000 to $99,999",Republican,3.769095456202744e-05
Female,30-44,Other,Master's degree / Professional degree,"Less than $30,000",Democrat,2.1596807388613165e-05
Female,30-44,Other,Master's degree / Professional degree,"Less than $30,000",Independent,1.6865554297499964e-05
Female,30-44,Other,Master's degree / Professional degree,"Less than $30,000",Other,1.804973562171051e-06
Female,30-44,Other,Master's degree / Professional degree,"Less than $30,000",Republican,1.1461703785362613e-05
Female,30-44,Other,Some college or Associate's degree,"$100,000 to $167,999",Democrat,7.020835864109924e-05
Female,30-44,Other,Some college or Associate's degree,"$100,000 to $167,999",Independent,9.024912520211357e-05
Female,30-44,Other,Some college or Associate's degree,"$100,000 to $167,999",Other,1.4033200781445185e-05
Female,30-44,Other,Some college or Associate's degree,"$100,000 to $167,999",Republican,4.274831119735627e-05
Female,30-44,Other,Some college or Associate's degree,"$168,000 or more",Democrat,2.012819538337632e-05
Female,30-44,Other,Some college or Associate's degree,"$168,000 or more",Independent,2.587372871844275e-05
Female,30-44,Other,Some college or Associate's degree,"$168,000 or more",Other,4.023210521513708e-06
Female,30-44,Other,Some college or Associate's degree,"$168,000 or more",Republican,1.2255611393627798e-05
Female,30-44,Other,Some college or Associate's degree,"$30,000 to $55,999",Democrat,0.00012991694605634497
Female,30-44,Other,Some college or Associate's degree,"$30,000 to $55,999",Independent,0.00016700135080001258
Female,30-44,Other,Some college or Associate's degree,"$30,000 to $55,999",Other,2.596771416122551e-05
Female,30-44,Other,Some college or Associate's degree,"$30,000 to $55,999",Republican,7.910354475336917e-05
Female,30-44,Other,Some college or Associate's degree,"$56,000 to $99,999",Democrat,0.00025262365454551913
Female,30-44,Other,Some college or Associate's degree,"$56,000 to $99,999",Independent,7.508258418397498e-05
Female,30-44,Other,Some college or Associate's degree,"$56,000 to $99,999",Other,8.967419077185776e-06
Female,30-44,Other,Some college or Associate's degree,"$56,000 to $99,999",Republican,8.031129827767864e-05
Female,30-44,Other,Some college or Associate's degree,"Less than $30,000",Democrat,0.00015026566767364335
Female,30-44,Other,Some college or Associate's degree,"Less than $30,000",Independent,0.00019315855430807903
Female,30-44,Other,Some college or Associate's degree,"Less than $30,000",Other,3.003500332206514e-05
Female,30-44,Other,Some college or Associate's degree,"Less than $30,000",Republican,9.149342967592357e-05
Female,30-44,White / Caucasian,Bachelor's degree,"$100,000 to $167,999",Democrat,0.0023689643043739725
Female,30-44,White / Caucasian,Bachelor's degree,"$100,000 to $167,999",Independent,0.001903418005374681
Female,30-44,White / Caucasian,Bachelor's degree,"$100,000 to $167,999",Other,0.00024839617428698535
Female,30-44,White / Caucasian,Bachelor's degree,"$100,000 to $167,999",Republican,0.0023693804271753397
Female,30-44,White / Caucasian,Bachelor's degree,"$168,000 or more",Democrat,0.0012909731879740256
Female,30-44,White / Caucasian,Bachelor's degree,"$168,000 or more",Independent,0.0010268266529239393
Female,30-44,White / Caucasian,Bachelor's degree,"$168,000 or more",Republican,0.0011164270018136767
Female,30-44,White / Caucasian,Bachelor's degree,"$30,000 to $55,999",Democrat,0.00106927989035207
Female,30-44,White / Caucasian,Bachelor's degree,"$30,000 to $55,999",Independent,0.0011902139941271006
Female,30-44,White / Caucasian,Bachelor's degree,"$30,000 to $55,999",Other,0.0001889545331609917
Female,30-44,White / Caucasian,Bachelor's degree,"$30,000 to $55,999",Republican,0.001163385711124526
Female,30-44,White / Caucasian,Bachelor's degree,"$56,000 to $99,999",Democrat,0.0027429669922880173
Female,30-44,White / Caucasian,Bachelor's degree,"$56,000 to $99,999",Independent,0.0014109997577283402
Female,30-44,White / Caucasian,Bachelor's degree,"$56,000 to $99,999",Other,0.0002333494594986978
Female,30-44,White / Caucasian,Bachelor's degree,"$56,000 to $99,999",Republican,0.0027701400523371506
Female,30-44,White / Caucasian,Bachelor's degree,"Less than $30,000",Democrat,0.0006373518160041038
Female,30-44,White / Caucasian,Bachelor's degree,"Less than $30,000",Independent,0.0004962386035700264
Female,30-44,White / Caucasian,Bachelor's degree,"Less than $30,000",Other,0.00020770024151378982
Female,30-44,White / Caucasian,Bachelor's degree,"Less than $30,000",Republican,0.0006335149914392048
Female,30-44,White / Caucasian,Doctorate degree / Ph.D.,"$100,000 to $167,999",Democrat,0.00025670772915403013
Female,30-44,White / Caucasian,Doctorate degree / Ph.D.,"$100,000 to $167,999",Independent,8.937740697556694e-05
Female,30-44,White / Caucasian,Doctorate degree / Ph.D.,"$100,000 to $167,999",Other,1.394231842488035e-06
Female,30-44,White / Caucasian,Doctorate degree / Ph.D.,"$100,000 to $167,999",Republican,9.790434222407612e-05
Female,30-44,White / Caucasian,Doctorate degree / Ph.D.,"$168,000 or more",Democrat,0.00018729618449616305
Female,30-44,White / Caucasian,Doctorate degree / Ph.D.,"$168,000 or more",Independent,0.0001032136519902289
Female,30-44,White / Caucasian,Doctorate degree / Ph.D.,"$168,000 or more",Other,7.831258703066544e-06
Female,30-44,White / Caucasian,Doctorate degree / Ph.D.,"$168,000 or more",Republican,8.494883274424921e-05
Female,30-44,White / Caucasian,Doctorate degree / Ph.D.,"$30,000 to $55,999",Democrat,5.389658114874098e-05
Female,30-44,White / Caucasian,Doctorate degree / Ph.D.,"$30,000 to $55,999",Independent,2.9700887848376023e-05
Female,30-44,White / Caucasian,Doctorate degree / Ph.D.,"$30,000 to $55,999",Other,2.2535326671070363e-06
Female,30-44,White / Caucasian,Doctorate degree / Ph.D.,"$30,000 to $55,999",Republican,2.4444980925839703e-05
Female,30-44,White / Caucasian,Doctorate degree / Ph.D.,"$56,000 to $99,999",Democrat,5.021983421323992e-05
Female,30-44,White / Caucasian,Doctorate degree / Ph.D.,"$56,000 to $99,999",Independent,0.0001433358350854824
Female,30-44,White / Caucasian,Doctorate degree / Ph.D.,"$56,000 to $99,999",Other,1.4424117547563991e-05
Female,30-44,White / Caucasian,Doctorate degree / Ph.D.,"$56,000 to $99,999",Republican,5.7413660347661196e-05
Female,30-44,White / Caucasian,Doctorate degree / Ph.D.,"Less than $30,000",Democrat,2.8203300768879126e-05
Female,30-44,White / Caucasian,Doctorate degree / Ph.D.,"Less than $30,000",Independent,1.554204469442613e-05
Female,30-44,White / Caucasian,Doctorate degree / Ph.D.,"Less than $30,000",Other,1.1792410250942014e-06
Female,30-44,White / Caucasian,Doctorate degree / Ph.D.,"Less than $30,000",Republican,1.2791704680456816e-05
Female,30-44,White / Caucasian,High school diploma / GED,"$100,000 to $167,999",Democrat,0.0003222164014311954
Female,30-44,White / Caucasian,High school diploma / GED,"$100,000 to $167,999",Independent,0.00033185451167599104
Female,30-44,White / Caucasian,High school diploma / GED,"$100,000 to $167,999",Other,4.108363977403551e-05
Female,30-44,White / Caucasian,High school diploma / GED,"$100,000 to $167,999",Republican,0.00039140660144938385
Female,30-44,White / Caucasian,High school diploma / GED,"$168,000 or more",Democrat,4.716997901090837e-05
Female,30-44,White / Caucasian,High school diploma / GED,"$168,000 or more",Independent,9.544793595475605e-05
Female,30-44,White / Caucasian,High school diploma / GED,"$168,000 or more",Other,1.0278873108022361e-05
Female,30-44,White / Caucasian,High school diploma / GED,"$168,000 or more",Republican,9.955249765515498e-05
Female,30-44,White / Caucasian,High school diploma / GED,"$30,000 to $55,999",Democrat,0.0002651275877215102
Female,30-44,White / Caucasian,High school diploma / GED,"$30,000 to $55,999",Independent,0.001036641623758691
Female,30-44,White / Caucasian,High school diploma / GED,"$30,000 to $55,999",Other,0.0001262274099582905
Female,30-44,White / Caucasian,High school diploma / GED,"$30,000 to $55,999",Republican,0.0008000034152343724
Female,30-44,White / Caucasian,High school diploma / GED,"$56,000 to $99,999",Democrat,0.00038434959724693477
Female,30-44,White / Caucasian,High school diploma / GED,"$56,000 to $99,999",Independent,0.0008254909733741258
Female,30-44,White / Caucasian,High school diploma / GED,"$56,000 to $99,999",Other,0.0001697520994560151
Female,30-44,White / Caucasian,High school diploma / GED,"$56,000 to $99,999",Republican,0.001124062259546292
Female,30-44,White / Caucasian,High school diploma / GED,"Less than $30,000",Democrat,0.0004934085737145314
Female,30-44,White / Caucasian,High school diploma / GED,"Less than $30,000",Independent,0.0009484854107174767
Female,30-44,White / Caucasian,High school diploma / GED,"Less than $30,000",Other,3.991205041466905e-05
Female,30-44,White / Caucasian,High school diploma / GED,"Less than $30,000",Republican,0.0009159967051237883
Female,30-44,White / Caucasian,Less than high school,"$100,000 to $167,999",Democrat,2.1185394407713738e-05
Female,30-44,White / Caucasian,Less than high school,"$100,000 to $167,999",Independent,8.138322789893573e-05
Female,30-44,White / Caucasian,Less than high school,"$100,000 to $167,999",Other,3.1263105453484012e-06
Female,30-44,White / Caucasian,Less than high school,"$100,000 to $167,999",Republican,5.0197843239146485e-05
Female,30-44,White / Caucasian,Less than high school,"$168,000 or more",Democrat,6.15296654218372e-06
Female,30-44,White / Caucasian,Less than high school,"$168,000 or more",Independent,2.363648600163604e-05
Female,30-44,White / Caucasian,Less than high school,"$168,000 or more",Other,9.079880136194602e-07
Female,30-44,White / Caucasian,Less than high school,"$168,000 or more",Republican,1.4579178654695757e-05
Female,30-44,White / Caucasian,Less than high school,"$30,000 to $55,999",Democrat,0.0001586364327621469
Female,30-44,White / Caucasian,Less than high school,"$30,000 to $55,999",Independent,0.00023731444801132503
Female,30-44,White / Caucasian,Less than high school,"$30,000 to $55,999",Republican,0.0002451053796380821
Female,30-44,White / Caucasian,Less than high school,"$56,000 to $99,999",Democrat,5.7867087239248764e-05
Female,30-44,White / Caucasian,Less than high school,"$56,000 to $99,999",Independent,0.00022229514626948154
Female,30-44,White / Caucasian,Less than high school,"$56,000 to $99,999",Other,8.53939660423733e-06
Female,30-44,White / Caucasian,Less than high school,"$56,000 to $99,999",Republican,0.00013711347157568913
Female,30-44,White / Caucasian,Less than high school,"Less than $30,000",Democrat,7.410711838290625e-05
Female,30-44,White / Caucasian,Less than high school,"Less than $30,000",Independent,0.0006162718994737946
Female,30-44,White / Caucasian,Less than high school,"Less than $30,000",Other,3.4358921507312364e-05
Female,30-44,White / Caucasian,Less than high school,"Less than $30,000",Republican,0.0002710464823076268
Female,30-44,White / Caucasian,Master's degree / Professional degree,"$100,000 to $167,999",Democrat,0.0024957263315634436
Female,30-44,White / Caucasian,Master's degree / Professional degree,"$100,000 to $167,999",Independent,0.0006594308180419195
Female,30-44,White / Caucasian,Master's degree / Professional degree,"$100,000 to $167,999",Other,0.00011840897449701334
Female,30-44,White / Caucasian,Master's degree / Professional degree,"$100,000 to $167,999",Republican,0.001193364361165155
Female,30-44,White / Caucasian,Master's degree / Professional degree,"$168,000 or more",Democrat,0.001311399800664757
Female,30-44,White / Caucasian,Master's degree / Professional degree,"$168,000 or more",Independent,0.0009430489127733247
Female,30-44,White / Caucasian,Master's degree / Professional degree,"$168,000 or more",Other,0.0001654742732740961
Female,30-44,White / Caucasian,Master's degree / Professional degree,"$168,000 or more",Republican,0.0005607947860511709
Female,30-44,White / Caucasian,Master's degree / Professional degree,"$30,000 to $55,999",Democrat,0.0005996603110100916
Female,30-44,White / Caucasian,Master's degree / Professional degree,"$30,000 to $55,999",Independent,0.00037815019682229544
Female,30-44,White / Caucasian,Master's degree / Professional degree,"$30,000 to $55,999",Other,0.0002126603928744491
Female,30-44,White / Caucasian,Master's degree / Professional degree,"$30,000 to $55,999",Republican,0.0002459735089386011
Female,30-44,White / Caucasian,Master's degree / Professional degree,"$56,000 to $99,999",Democrat,0.001719738409713134
Female,30-44,White / Caucasian,Master's degree / Professional degree,"$56,000 to $99,999",Independent,0.000773762480605017
Female,30-44,White / Caucasian,Master's degree / Professional degree,"$56,000 to $99,999",Other,0.0003062593048698627
Female,30-44,White / Caucasian,Master's degree / Professional degree,"$56,000 to $99,999",Republican,0.000669447696273605
Female,30-44,White / Caucasian,Master's degree / Professional degree,"Less than $30,000",Democrat,0.00034479577911127133
Female,30-44,White / Caucasian,Master's degree / Professional degree,"Less than $30,000",Independent,0.00015981300076078387
Female,30-44,White / Caucasian,Master's degree / Professional degree,"Less than $30,000",Other,4.019649310048619e-05
Female,30-44,White / Caucasian,Master's degree / Professional degree,"Less than $30,000",Republican,0.00015437911882587517
Female,30-44,White / Caucasian,Some college or Associate's degree,"$100,000 to $167,999",Democrat,0.0011577678447701714
Female,30-44,White / Caucasian,Some college or Associate's degree,"$100,000 to $167,999",Independent,0.0012989072912424383
Female,30-44,White / Caucasian,Some college or Associate's degree,"$100,000 to $167,999",Other,0.00015142249249612292
Female,30-44,White / Caucasian,Some college or Associate's degree,"$100,000 to $167,999",Republican,0.0015676447053150683
Female,30-44,White / Caucasian,Some college or Associate's degree,"$168,000 or more",Democrat,0.00046811337068275606
Female,30-44,White / Caucasian,Some college or Associate's degree,"$168,000 or more",Independent,0.0003150926708631177
Female,30-44,White / Caucasian,Some college or Associate's degree,"$168,000 or more",Other,1.9016774121121943e-05
Female,30-44,White / Caucasian,Some college or Associate's degree,"$168,000 or more",Republican,0.0002011094440412083
Female,30-44,White / Caucasian,Some college or Associate's degree,"$30,000 to $55,999",Democrat,0.0016488449685593402
Female,30-44,White / Caucasian,Some college or Associate's degree,"$30,000 to $55,999",Independent,0.0019050146442455896
Female,30-44,White / Caucasian,Some college or Associate's degree,"$30,000 to $55,999",Other,8.840535509136455e-05
Female,30-44,White / Caucasian,Some college or Associate's degree,"$30,000 to $55,999",Republican,0.001810437976343697
Female,30-44,White / Caucasian,Some college or Associate's degree,"$56,000 to $99,999",Democrat,0.0020345236684300165
Female,30-44,White / Caucasian,Some college or Associate's degree,"$56,000 to $99,999",Independent,0.00227421870499583
Female,30-44,White / Caucasian,Some college or Associate's degree,"$56,000 to $99,999",Other,0.00011244643898623214
Female,30-44,White / Caucasian,Some college or Associate's degree,"$56,000 to $99,999",Republican,0.003023965823897646
Female,30-44,White / Caucasian,Some college or Associate's degree,"Less than $30,000",Democrat,0.0014194204623485254
Female,30-44,White / Caucasian,Some college or Associate's degree,"Less than $30,000",Independent,0.0014548660974398114
Female,30-44,White / Caucasian,Some college or Associate's degree,"Less than $30,000",Other,0.0003464006466148074
Female,30-44,White / Caucasian,Some college or Associate's degree,"Less than $30,000",Republican,0.001538837377957674
Female,45-59,Asian / Asian American,Bachelor's degree,"$100,000 to $167,999",Democrat,0.0004910958795271321
Female,45-59,Asian / Asian American,Bachelor's degree,"$100,000 to $167,999",Independent,0.0001802793030037262
Female,45-59,Asian / Asian American,Bachelor's degree,"$100,000 to $167,999",Republican,6.980231500471919e-05
Female,45-59,Asian / Asian American,Bachelor's degree,"$168,000 or more",Democrat,0.0002425942029784491
Female,45-59,Asian / Asian American,Bachelor's degree,"$168,000 or more",Independent,0.00024379563772094205
Female,45-59,Asian / Asian American,Bachelor's degree,"$168,000 or more",Other,7.2014905465526075e-06
Female,45-59,Asian / Asian American,Bachelor's degree,"$168,000 or more",Republican,0.00013973242349624434
Female,45-59,Asian / Asian American,Bachelor's degree,"$30,000 to $55,999",Democrat,0.00015776240797986773
Female,45-59,Asian / Asian American,Bachelor's degree,"$30,000 to $55,999",Independent,0.00015854371782024829
Female,45-59,Asian / Asian American,Bachelor's degree,"$30,000 to $55,999",Other,4.683230166754317e-06
Female,45-59,Asian / Asian American,Bachelor's degree,"$30,000 to $55,999",Republican,9.086995209687039e-05
Female,45-59,Asian / Asian American,Bachelor's degree,"$56,000 to $99,999",Democrat,0.0001379901905342933
Female,45-59,Asian / Asian American,Bachelor's degree,"$56,000 to $99,999",Independent,0.0003266250955174957
Female,45-59,Asian / Asian American,Bachelor's degree,"$56,000 to $99,999",Other,2.0851919116106548e-05
Female,45-59,Asian / Asian American,Bachelor's degree,"$56,000 to $99,999",Republican,0.00019308272138427894
Female,45-59,Asian / Asian American,Bachelor's degree,"Less than $30,000",Democrat,0.0001583673611994792
Female,45-59,Asian / Asian American,Bachelor's degree,"Less than $30,000",Independent,0.000159151667038143
Female,45-59,Asian / Asian American,Bachelor's degree,"Less than $30,000",Other,4.701188406640728e-06
Female,45-59,Asian / Asian American,Bachelor's degree,"Less than $30,000",Republican,9.121840056942391e-05
Female,45-59,Asian / Asian American,Doctorate degree / Ph.D.,"$100,000 to $167,999",Democrat,2.636863090297404e-05
Female,45-59,Asian / Asian American,Doctorate degree / Ph.D.,"$100,000 to $167,999",Independent,1.7117001688417827e-05
Female,45-59,Asian / Asian American,Doctorate degree / Ph.D.,"$100,000 to $167,999",Republican,6.395770995979924e-06
Female,45-59,Asian / Asian American,Doctorate degree / Ph.D.,"$168,000 or more",Democrat,5.269376545662305e-05
Female,45-59,Asian / Asian American,Doctorate degree / Ph.D.,"$168,000 or more",Independent,3.420576804343604e-05
Female,45-59,Asian / Asian American,Doctorate degree / Ph.D.,"$168,000 or more",Republican,1.2780991854166666e-05
Female,45-59,Asian / Asian American,Doctorate degree / Ph.D.,"$30,000 to $55,999",Democrat,1.4804569491610166e-05
Female,45-59,Asian / Asian American,Doctorate degree / Ph.D.,"$30,000 to $55,999",Independent,9.610276768507117e-06
Female,45-59,Asian / Asian American,Doctorate degree / Ph.D.,"$30,000 to $55,999",Republican,3.5908817758046773e-06
Female,45-59,Asian / Asian American,Doctorate degree / Ph.D.,"$56,000 to $99,999",Democrat,1.881619665493311e-05
Female,45-59,Asian / Asian American,Doctorate degree / Ph.D.,"$56,000 to $99,999",Independent,1.2214394865520518e-05
Female,45-59,Asian / Asian American,Doctorate degree / Ph.D.,"$56,000 to $99,999",Republican,4.56391100710133e-06
Female,45-59,Asian / Asian American,Doctorate degree / Ph.D.,"Less than $30,000",Democrat,8.589214084065857e-06
Female,45-59,Asian / Asian American,Doctorate degree / Ph.D.,"Less than $30,000",Independent,5.575624783862224e-06
Female,45-59,Asian / Asian American,Doctorate degree / Ph.D.,"Less than $30,000",Republican,2.0833332803385994e-06
Female,45-59,Asian / Asian American,High school diploma / GED,"$100,000 to $167,999",Democrat,5.6081748927991496e-05
Female,45-59,Asian / Asian American,High school diploma / GED,"$100,000 to $167,999",Independent,0.00010624590782883504
Female,45-59,Asian / Asian American,High school diploma / GED,"$100,000 to $167,999",Republican,4.952495692352599e-06
Female,45-59,Asian / Asian American,High school diploma / GED,"$168,000 or more",Democrat,1.9815507259299942e-05
Female,45-59,Asian / Asian American,High school diploma / GED,"$168,000 or more",Independent,3.754013735478187e-05
Female,45-59,Asian / Asian American,High school diploma / GED,"$168,000 or more",Republican,1.749877923198698e-06
Female,45-59,Asian / Asian American,High school diploma / GED,"$30,000 to $55,999",Democrat,7.747166355184536e-05
Female,45-59,Asian / Asian American,High school diploma / GED,"$30,000 to $55,999",Independent,0.00014676873283043436
Female,45-59,Asian / Asian American,High school diploma / GED,"$30,000 to $55,999",Republican,6.841407184225726e-06
Female,45-59,Asian / Asian American,High school diploma / GED,"$56,000 to $99,999",Democrat,8.951080661558506e-05
Female,45-59,Asian / Asian American,High school diploma / GED,"$56,000 to $99,999",Independent,0.00016957668209625733
Female,45-59,Asian / Asian American,High school diploma / GED,"$56,000 to $99,999",Republican,7.904565971219763e-06
Female,45-59,Asian / Asian American,High school diploma / GED,"Less than $30,000",Democrat,7.096078576528908e-05
Female,45-59,Asian / Asian American,High school diploma / GED,"Less than $30,000",Independent,0.00013443398695645186
Female,45-59,Asian / Asian American,High school diploma / GED,"Less than $30,000",Republican,6.266441267368229e-06
Female,45-59,Asian / Asian American,Less than high school,"$100,000 to $167,999",Democrat,3.402696122417798e-05
Female,45-59,Asian / Asian American,Less than high school,"$100,000 to $167,999",Independent,4.87867242852133e-05
Female,45-59,Asian / Asian American,Less than high school,"$100,000 to $167,999",Republican,1.915818774580798e-05
Female,45-59,Asian / Asian American,Less than high school,"$168,000 or more",Democrat,1.3815713541827418e-05
Female,45-59,Asian / Asian American,Less than high school,"$168,000 or more",Independent,1.980851016721678e-05
Female,45-59,Asian / Asian American,Less than high school,"$168,000 or more",Republican,7.778656228889443e-06
Female,45-59,Asian / Asian American,Less than high school,"$30,000 to $55,999",Democrat,7.884832050621598e-05
Female,45-59,Asian / Asian American,Less than high school,"$30,000 to $55,999",Independent,0.00011305009717281364
Female,45-59,Asian / Asian American,Less than high school,"$30,000 to $55,999",Republican,4.4393941549689994e-05
Female,45-59,Asian / Asian American,Less than high school,"$56,000 to $99,999",Democrat,7.022584613820311e-05
Female,45-59,Asian / Asian American,Less than high school,"$56,000 to $99,999",Independent,0.00010068748045611266
Female,45-59,Asian / Asian American,Less than high school,"$56,000 to $99,999",Republican,3.953923290593282e-05
Female,45-59,Asian / Asian American,Less than high school,"Less than $30,000",Democrat,7.757350608858183e-05
Female,45-59,Asian / Asian American,Less than high school,"Less than $30,000",Independent,0.00011122231069790104
Female,45-59,Asian / Asian American,Less than high school,"Less than $30,000",Republican,4.367618324640833e-05
Female,45-59,Asian / Asian American,Master's degree / Professional degree,"$100,000 to $167,999",Democrat,0.00017595749992296004
Female,45-59,Asian / Asian American,Master's degree / Professional degree,"$100,000 to $167,999",Independent,7.454894093914398e-05
Female,45-59,Asian / Asian American,Master's degree / Professional degree,"$100,000 to $167,999",Other,1.3652321113910551e-05
Female,45-59,Asian / Asian American,Master's degree / Professional degree,"$100,000 to $167,999",Republican,6.323092283812648e-05
Female,45-59,Asian / Asian American,Master's degree / Professional degree,"$168,000 or more",Democrat,0.0003152565098031637
Female,45-59,Asian / Asian American,Master's degree / Professional degree,"$168,000 or more",Independent,0.0001572032271151991
Female,45-59,Asian / Asian American,Master's degree / Professional degree,"$168,000 or more",Other,7.728270831521324e-06
Female,45-59,Asian / Asian American,Master's degree / Professional degree,"$168,000 or more",Republican,6.153377082343417e-05
Female,45-59,Asian / Asian American,Master's degree / Professional degree,"$30,000 to $55,999",Democrat,7.196630712103357e-05
Female,45-59,Asian / Asian American,Master's degree / Professional degree,"$30,000 to $55,999",Independent,3.588612882269647e-05
Female,45-59,Asian / Asian American,Master's degree / Professional degree,"$30,000 to $55,999",Other,1.7641986600785701e-06
Female,45-59,Asian / Asian American,Master's degree / Professional degree,"$30,000 to $55,999",Republican,1.4046841577226993e-05
Female,45-59,Asian / Asian American,Master's degree / Professional degree,"$56,000 to $99,999",Democrat,0.00014734295349052938
Female,45-59,Asian / Asian American,Master's degree / Professional degree,"$56,000 to $99,999",Independent,7.347282946150117e-05
Female,45-59,Asian / Asian American,Master's degree / Professional degree,"$56,000 to $99,999",Other,3.611999163481297e-06
Female,45-59,Asian / Asian American,Master's degree / Professional degree,"$56,000 to $99,999",Republican,2.875933486098362e-05
Female,45-59,Asian / Asian American,Master's degree / Professional degree,"Less than $30,000",Democrat,7.560683078815276e-05
Female,45-59,Asian / Asian American,Master's degree / Professional degree,"Less than $30,000",Independent,3.7701482514259366e-05
Female,45-59,Asian / Asian American,Master's degree / Professional degree,"Less than $30,000",Other,1.8534432973602157e-06
Female,45-59,Asian / Asian American,Master's degree / Professional degree,"Less than $30,000",Republican,1.4757422142715315e-05
Female,45-59,Asian / Asian American,Some college or Associate's degree,"$100,000 to $167,999",Democrat,0.0001669441523463323
Female,45-59,Asian / Asian American,Some college or Associate's degree,"$100,000 to $167,999",Independent,0.00010094946972724453
Female,45-59,Asian / Asian American,Some college or Associate's degree,"$100,000 to $167,999",Other,2.1314845239449933e-06
Female,45-59,Asian / Asian American,Some college or Associate's degree,"$100,000 to $167,999",Republican,6.626627508463731e-05
Female,45-59,Asian / Asian American,Some college or Associate's degree,"$168,000 or more",Democrat,9.154858385916247e-05
Female,45-59,Asian / Asian American,Some college or Associate's degree,"$168,000 or more",Independent,5.535851879190223e-05
Female,45-59,Asian / Asian American,Some college or Associate's degree,"$168,000 or more",Other,1.1688602861636693e-06
Female,45-59,Asian / Asian American,Some college or Associate's degree,"$168,000 or more",Republican,3.633900053614859e-05
Female,45-59,Asian / Asian American,Some college or Associate's degree,"$30,000 to $55,999",Democrat,0.00017655124783401448
Female,45-59,Asian / Asian American,Some college or Associate's degree,"$30,000 to $55,999",Independent,0.00010675878488725409
Female,45-59,Asian / Asian American,Some college or Associate's degree,"$30,000 to $55,999",Other,2.254144557640424e-06
Female,45-59,Asian / Asian American,Some college or Associate's degree,"$30,000 to $55,999",Republican,7.007968467942449e-05
Female,45-59,Asian / Asian American,Some college or Associate's degree,"$56,000 to $99,999",Democrat,0.00022005681096478314
Female,45-59,Asian / Asian American,Some college or Associate's degree,"$56,000 to $99,999",Independent,0.00013306616652662513
Female,45-59,Asian / Asian American,Some college or Associate's degree,"$56,000 to $99,999",Other,2.809608365239805e-06
Female,45-59,Asian / Asian American,Some college or Associate's degree,"$56,000 to $99,999",Republican,8.734864303236365e-05
Female,45-59,Asian / Asian American,Some college or Associate's degree,"Less than $30,000",Democrat,0.00015038550047504848
Female,45-59,Asian / Asian American,Some college or Associate's degree,"Less than $30,000",Independent,9.093661751103516e-05
Female,45-59,Asian / Asian American,Some college or Associate's degree,"Less than $30,000",Other,1.920069450670584e-06
Female,45-59,Asian / Asian American,Some college or Associate's degree,"Less than $30,000",Republican,5.969353704912409e-05
Female,45-59,Black / African American,Bachelor's degree,"$100,000 to $167,999",Democrat,0.00043815370834142717
Female,45-59,Black / African American,Bachelor's degree,"$100,000 to $167,999",Independent,0.00013298686797279648
Female,45-59,Black / African American,Bachelor's degree,"$100,000 to $167,999",Other,1.4641558775177247e-05
Female,45-59,Black / African American,Bachelor's degree,"$100,000 to $167,999",Republican,6.268071847001878e-05
Female,45-59,Black / African American,Bachelor's degree,"$168,000 or more",Democrat,0.0001590325490016252
Female,45-59,Black / African American,Bachelor's degree,"$168,000 or more",Independent,4.826899828718569e-05
Female,45-59,Black / African American,Bachelor's degree,"$168,000 or more",Other,5.3143094969747475e-06
Female,45-59,Black / African American,Bachelor's degree,"$168,000 or more",Republican,2.2750633491780576e-05
Female,45-59,Black / African American,Bachelor's degree,"$30,000 to $55,999",Democrat,0.00046214906528586685
Female,45-59,Black / African American,Bachelor's degree,"$30,000 to $55,999",Independent,0.00014026985406918185
Female,45-59,Black / African American,Bachelor's degree,"$30,000 to $55,999",Other,1.544339936751933e-05
Female,45-59,Black / African American,Bachelor's degree,"$30,000 to $55,999",Republican,6.61134092919576e-05
Female,45-59,Black / African American,Bachelor's degree,"$56,000 to $99,999",Democrat,0.0006124917832846054
Female,45-59,Black / African American,Bachelor's degree,"$56,000 to $99,999",Independent,0.0001534431195541741
Female,45-59,Black / African American,Bachelor's degree,"$56,000 to $99,999",Republican,0.00014840244716609176
Female,45-59,Black / African American,Bachelor's degree,"Less than $30,000",Democrat,0.0004151890343005027
Female,45-59,Black / African American,Bachelor's degree,"Less than $30,000",Independent,0.00012601671111556184
Female,45-59,Black / African American,Bachelor's degree,"Less than $30,000",Other,1.3874159987213606e-05
Female,45-59,Black / African American,Bachelor's degree,"Less than $30,000",Republican,5.939547349568367e-05
Female,45-59,Black / African American,Doctorate degree / Ph.D.,"$100,000 to $167,999",Democrat,2.3947962151309373e-05
Female,45-59,Black / African American,Doctorate degree / Ph.D.,"$100,000 to $167,999",Independent,8.739044438573776e-06
Female,45-59,Black / African American,Doctorate degree / Ph.D.,"$100,000 to $167,999",Other,1.6026233149257636e-06
Female,45-59,Black / African American,Doctorate degree / Ph.D.,"$100,000 to $167,999",Republican,3.9329340370153065e-06
Female,45-59,Black / African American,Doctorate degree / Ph.D.,"$168,000 or more",Democrat,2.0392477987995725e-05
Female,45-59,Black / African American,Doctorate degree / Ph.D.,"$168,000 or more",Independent,7.441583973774094e-06
Female,45-59,Black / African American,Doctorate degree / Ph.D.,"$168,000 or more",Other,1.364686500929914e-06
Female,45-59,Black / African American,Doctorate degree / Ph.D.,"$168,000 or more",Republican,3.3490227799482633e-06
Female,45-59,Black / African American,Doctorate degree / Ph.D.,"$30,000 to $55,999",Democrat,8.112764052739242e-06
Female,45-59,Black / African American,Doctorate degree / Ph.D.,"$30,000 to $55,999",Independent,2.960494305469572e-06
Female,45-59,Black / African American,Doctorate degree / Ph.D.,"$30,000 to $55,999",Other,5.429148725584017e-07
Female,45-59,Black / African American,Doctorate degree / Ph.D.,"$30,000 to $55,999",Republican,1.3323457618521366e-06
Female,45-59,Black / African American,Doctorate degree / Ph.D.,"$56,000 to $99,999",Democrat,2.5389823462405005e-05
Female,45-59,Black / African American,Doctorate degree / Ph.D.,"$56,000 to $99,999",Independent,9.265205704084051e-06
Female,45-59,Black / African American,Doctorate degree / Ph.D.,"$56,000 to $99,999",Other,1.6991142204755276e-06
Female,45-59,Black / African American,Doctorate degree / Ph.D.,"$56,000 to $99,999",Republican,4.1697285246311765e-06
Female,45-59,Black / African American,Doctorate degree / Ph.D.,"Less than $30,000",Democrat,8.798272655522537e-06
Female,45-59,Black / African American,Doctorate degree / Ph.D.,"Less than $30,000",Independent,3.210648790636082e-06
Female,45-59,Black / African American,Doctorate degree / Ph.D.,"Less than $30,000",Other,5.88789843566848e-07
Female,45-59,Black / African American,Doctorate degree / Ph.D.,"Less than $30,000",Republican,1.4449257007846807e-06
Female,45-59,Black / African American,High school diploma / GED,"$100,000 to $167,999",Democrat,0.00014485970832300686
Female,45-59,Black / African American,High school diploma / GED,"$100,000 to $167,999",Independent,6.136324272765667e-05
Female,45-59,Black / African American,High school diploma / GED,"$100,000 to $167,999",Other,1.640500331544879e-05
Female,45-59,Black / African American,High school diploma / GED,"$100,000 to $167,999",Republican,1.4836149994243458e-05
Female,45-59,Black / African American,High school diploma / GED,"$168,000 or more",Democrat,3.395878542233351e-05
Female,45-59,Black / African American,High school diploma / GED,"$168,000 or more",Independent,1.4385098635989044e-05
Female,45-59,Black / African American,High school diploma / GED,"$168,000 or more",Other,3.8457483719337044e-06
Female,45-59,Black / African American,High school diploma / GED,"$168,000 or more",Republican,3.4779694090275255e-06
Female,45-59,Black / African American,High school diploma / GED,"$30,000 to $55,999",Democrat,0.0005461802504227598
Female,45-59,Black / African American,High school diploma / GED,"$30,000 to $55,999",Independent,0.00019591552073198787
Female,45-59,Black / African American,High school diploma / GED,"$30,000 to $55,999",Other,6.296964041396115e-05
Female,45-59,Black / African American,High school diploma / GED,"$30,000 to $55,999",Republican,9.934895140610402e-05
Female,45-59,Black / African American,High school diploma / GED,"$56,000 to $99,999",Democrat,0.00040440868559722703
Female,45-59,Black / African American,High school diploma / GED,"$56,000 to $99,999",Independent,0.0001713093904630892
Female,45-59,Black / African American,High school diploma / GED,"$56,000 to $99,999",Other,4.5798282385227734e-05
Female,45-59,Black / African American,High school diploma / GED,"$56,000 to $99,999",Republican,4.141847300366535e-05
Female,45-59,Black / African American,High school diploma / GED,"Less than $30,000",Democrat,0.0010285173553151593
Female,45-59,Black / African American,High school diploma / GED,"Less than $30,000",Independent,0.00036939368582132484
Female,45-59,Black / African American,High school diploma / GED,"Less than $30,000",Other,0.00015870564634887872
Female,45-59,Black / African American,High school diploma / GED,"Less than $30,000",Republican,0.00010647201773002165
Female,45-59,Black / African American,Less than high school,"$100,000 to $167,999",Democrat,3.0424685561076704e-05
Female,45-59,Black / African American,Less than high school,"$100,000 to $167,999",Independent,1.5668735517064538e-05
Female,45-59,Black / African American,Less than high school,"$100,000 to $167,999",Other,4.256537674246086e-06
Female,45-59,Black / African American,Less than high school,"$100,000 to $167,999",Republican,1.5200616498337904e-06
Female,45-59,Black / African American,Less than high school,"$168,000 or more",Democrat,8.649374406197138e-06
Female,45-59,Black / African American,Less than high school,"$168,000 or more",Independent,4.454434202342298e-06
Female,45-59,Black / African American,Less than high school,"$168,000 or more",Other,1.2100827778393994e-06
Female,45-59,Black / African American,Less than high school,"$168,000 or more",Republican,4.3213535612457763e-07
Female,45-59,Black / African American,Less than high school,"$30,000 to $55,999",Democrat,0.000164482630068032
Female,45-59,Black / African American,Less than high school,"$30,000 to $55,999",Independent,8.470867587155279e-05
Female,45-59,Black / African American,Less than high school,"$30,000 to $55,999",Other,2.301179120613019e-05
Female,45-59,Black / African American,Less than high school,"$30,000 to $55,999",Republican,8.21779201393218e-06
Female,45-59,Black / African American,Less than high school,"$56,000 to $99,999",Democrat,9.531185904767698e-05
Female,45-59,Black / African American,Less than high school,"$56,000 to $99,999",Independent,4.908567774874103e-05
Female,45-59,Black / African American,Less than high school,"$56,000 to $99,999",Other,1.3334518051943093e-05
Female,45-59,Black / African American,Less than high school,"$56,000 to $99,999",Republican,4.761919442746424e-06
Female,45-59,Black / African American,Less than high school,"Less than $30,000",Democrat,0.0005525815757948861
Female,45-59,Black / African American,Less than high school,"Less than $30,000",Independent,0.0002958947414848492
Female,45-59,Black / African American,Less than high school,"Less than $30,000",Republican,3.342216910074146e-05
Female,45-59,Black / African American,Master's degree / Professional degree,"$100,000 to $167,999",Democrat,0.00033431082776078574
Female,45-59,Black / African American,Master's degree / Professional degree,"$100,000 to $167,999",Independent,9.39463865176141e-05
Female,45-59,Black / African American,Master's degree / Professional degree,"$100,000 to $167,999",Other,4.6587370438817585e-06
Female,45-59,Black / African American,Master's degree / Professional degree,"$100,000 to $167,999",Republican,3.1965547963020116e-05
Female,45-59,Black / African American,Master's degree / Professional degree,"$168,000 or more",Democrat,0.00018116553221184673
Female,45-59,Black / African American,Master's degree / Professional degree,"$168,000 or more",Independent,5.0910247887698905e-05
Female,45-59,Black / African American,Master's degree / Professional degree,"$168,000 or more",Other,2.5246043678663184e-06
Female,45-59,Black / African American,Master's degree / Professional degree,"$168,000 or more",Republican,1.732236897007599e-05
Female,45-59,Black / African American,Master's degree / Professional degree,"$30,000 to $55,999",Democrat,0.0002216366572418533
Female,45-59,Black / African American,Master's degree / Professional degree,"$30,000 to $55,999",Independent,6.228324462949833e-05
Female,45-59,Black / African American,Master's degree / Professional degree,"$30,000 to $55,999",Other,3.0885834966541337e-06
Female,45-59,Black / African American,Master's degree / Professional degree,"$30,000 to $55,999",Republican,2.1192066212397222e-05
Female,45-59,Black / African American,Master's degree / Professional degree,"$56,000 to $99,999",Democrat,0.00039455001443933674
Female,45-59,Black / African American,Master's degree / Professional degree,"$56,000 to $99,999",Independent,0.0001108745068334158
Female,45-59,Black / African American,Master's degree / Professional degree,"$56,000 to $99,999",Other,5.498190950751566e-06
Female,45-59,Black / African American,Master's degree / Professional degree,"$56,000 to $99,999",Republican,3.7725393146390506e-05
Female,45-59,Black / African American,Master's degree / Professional degree,"Less than $30,000",Democrat,0.00015660385917337538
Female,45-59,Black / African American,Master's degree / Professional degree,"Less than $30,000",Independent,4.400804718948336e-05
Female,45-59,Black / African American,Master's degree / Professional degree,"Less than $30,000",Other,2.182328956655541e-06
Female,45-59,Black / African American,Master's degree / Professional degree,"Less than $30,000",Republican,1.4973873879976554e-05
Female,45-59,Black / African American,Some college or Associate's degree,"$100,000 to $167,999",Democrat,0.0005659243449539064
Female,45-59,Black / African American,Some college or Associate's degree,"$100,000 to $167,999",Independent,8.865194559795294e-05
Female,45-59,Black / African American,Some college or Associate's degree,"$100,000 to $167,999",Republican,6.600390557509744e-07
Female,45-59,Black / African American,Some college or Associate's degree,"$168,000 or more",Democrat,0.00010407841763874805
Female,45-59,Black / African American,Some college or Associate's degree,"$168,000 or more",Independent,4.535477525053599e-05
Female,45-59,Black / African American,Some college or Associate's degree,"$168,000 or more",Other,2.627556238602063e-06
Female,45-59,Black / African American,Some college or Associate's degree,"$168,000 or more",Republican,5.896440911018449e-06
Female,45-59,Black / African American,Some college or Associate's degree,"$30,000 to $55,999",Democrat,0.0010669803351578836
Female,45-59,Black / African American,Some college or Associate's degree,"$30,000 to $55,999",Independent,0.0005905581304570424
Female,45-59,Black / African American,Some college or Associate's degree,"$30,000 to $55,999",Other,6.355032886318335e-08
Female,45-59,Black / African American,Some college or Associate's degree,"$30,000 to $55,999",Republican,3.1742238682686614e-05
Female,45-59,Black / African American,Some college or Associate's degree,"$56,000 to $99,999",Democrat,0.0009632413901244203
Female,45-59,Black / African American,Some college or Associate's degree,"$56,000 to $99,999",Independent,0.00045586323526807025
Female,45-59,Black / African American,Some college or Associate's degree,"$56,000 to $99,999",Other,6.765839626665142e-05
Female,45-59,Black / African American,Some college or Associate's degree,"$56,000 to $99,999",Republican,3.367438233905255e-05
Female,45-59,Black / African American,Some college or Associate's degree,"Less than $30,000",Democrat,0.0014815264163317774
Female,45-59,Black / African American,Some college or Associate's degree,"Less than $30,000",Independent,0.0006491204678969411
Female,45-59,Black / African American,Some college or Associate's degree,"Less than $30,000",Other,5.664863395373522e-05
Female,45-59,Black / African American,Some college or Associate's degree,"Less than $30,000",Republican,9.600934589579295e-05
Female,45-59,Hispanic / Latino,Bachelor's degree,"$100,000 to $167,999",Democrat,0.00019231681240438153
Female,45-59,Hispanic / Latino,Bachelor's degree,"$100,000 to $167,999",Independent,0.0002336873766369119
Female,45-59,Hispanic / Latino,Bachelor's degree,"$100,000 to $167,999",Other,2.8313639352803068e-06
Female,45-59,Hispanic / Latino,Bachelor's degree,"$100,000 to $167,999",Republican,0.00028617990805307854
Female,45-59,Hispanic / Latino,Bachelor's degree,"$168,000 or more",Democrat,0.00010881608971925024
Female,45-59,Hispanic / Latino,Bachelor's degree,"$168,000 or more",Independent,0.00014087478997917917
Female,45-59,Hispanic / Latino,Bachelor's degree,"$168,000 or more",Other,2.6062021035659567e-06
Female,45-59,Hispanic / Latino,Bachelor's degree,"$168,000 or more",Republican,0.00013901414050982984
Female,45-59,Hispanic / Latino,Bachelor's degree,"$30,000 to $55,999",Democrat,0.00018754785368328561
Female,45-59,Hispanic / Latino,Bachelor's degree,"$30,000 to $55,999",Independent,0.00024280200259764204
Female,45-59,Hispanic / Latino,Bachelor's degree,"$30,000 to $55,999",Other,4.491868914328295e-06
Female,45-59,Hispanic / Latino,Bachelor's degree,"$30,000 to $55,999",Republican,0.00023959511641625324
Female,45-59,Hispanic / Latino,Bachelor's degree,"$56,000 to $99,999",Democrat,0.00036046776765361104
Female,45-59,Hispanic / Latino,Bachelor's degree,"$56,000 to $99,999",Independent,0.0002664754298466789
Female,45-59,Hispanic / Latino,Bachelor's degree,"$56,000 to $99,999",Other,1.1850333148702125e-05
Female,45-59,Hispanic / Latino,Bachelor's degree,"$56,000 to $99,999",Republican,0.00028143242879682164
Female,45-59,Hispanic / Latino,Bachelor's degree,"Less than $30,000",Democrat,0.0001564125183933872
Female,45-59,Hispanic / Latino,Bachelor's degree,"Less than $30,000",Independent,0.00020249377399640987
Female,45-59,Hispanic / Latino,Bachelor's degree,"Less than $30,000",Other,3.7461613949980074e-06
Female,45-59,Hispanic / Latino,Bachelor's degree,"Less than $30,000",Republican,0.0001998192718148013
Female,45-59,Hispanic / Latino,Doctorate degree / Ph.D.,"$100,000 to $167,999",Democrat,1.0437516010909735e-05
Female,45-59,Hispanic / Latino,Doctorate degree / Ph.D.,"$100,000 to $167,999",Independent,1.7641772949525334e-05
Female,45-59,Hispanic / Latino,Doctorate degree / Ph.D.,"$100,000 to $167,999",Other,1.8442788102474262e-06
Female,45-59,Hispanic / Latino,Doctorate degree / Ph.D.,"$100,000 to $167,999",Republican,5.374585028640681e-06
Female,45-59,Hispanic / Latino,Doctorate degree / Ph.D.,"$168,000 or more",Democrat,8.305833483295532e-06
Female,45-59,Hispanic / Latino,Doctorate degree / Ph.D.,"$168,000 or more",Independent,1.4038745264266493e-05
Female,45-59,Hispanic / Latino,Doctorate degree / Ph.D.,"$168,000 or more",Other,1.4676166895144595e-06
Female,45-59,Hispanic / Latino,Doctorate degree / Ph.D.,"$168,000 or more",Republican,4.276918784416004e-06
Female,45-59,Hispanic / Latino,Doctorate degree / Ph.D.,"$30,000 to $55,999",Democrat,6.048565501293877e-06
Female,45-59,Hispanic / Latino,Doctorate degree / Ph.D.,"$30,000 to $55,999",Independent,1.0223449634244702e-05
Female,45-59,Hispanic / Latino,Doctorate degree / Ph.D.,"$30,000 to $55,999",Other,1.0687639831900578e-06
Female,45-59,Hispanic / Latino,Doctorate degree / Ph.D.,"$30,000 to $55,999",Republican,3.1145848834174052e-06
Female,45-59,Hispanic / Latino,Doctorate degree / Ph.D.,"$56,000 to $99,999",Democrat,8.696597089694993e-06
Female,45-59,Hispanic / Latino,Doctorate degree / Ph.D.,"$56,000 to $99,999",Independent,1.4699224521383933e-05
Female,45-59,Hispanic / Latino,Doctorate degree / Ph.D.,"$56,000 to $99,999",Other,1.5366634855476458e-06
Female,45-59,Hispanic / Latino,Doctorate degree / Ph.D.,"$56,000 to $99,999",Republican,4.478134497665879e-06
Female,45-59,Hispanic / Latino,Doctorate degree / Ph.D.,"Less than $30,000",Democrat,4.8750474783100255e-06
Female,45-59,Hispanic / Latino,Doctorate degree / Ph.D.,"Less than $30,000",Independent,8.239937609734541e-06
Female,45-59,Hispanic / Latino,Doctorate degree / Ph.D.,"Less than $30,000",Other,8.614067517405113e-07
Female,45-59,Hispanic / Latino,Doctorate degree / Ph.D.,"Less than $30,000",Republican,2.510305820221097e-06
Female,45-59,Hispanic / Latino,High school diploma / GED,"$100,000 to $167,999",Democrat,0.00022094078089745717
Female,45-59,Hispanic / Latino,High school diploma / GED,"$100,000 to $167,999",Independent,0.00021804376446604782
Female,45-59,Hispanic / Latino,High school diploma / GED,"$100,000 to $167,999",Other,2.3542793901110774e-06
Female,45-59,Hispanic / Latino,High school diploma / GED,"$100,000 to $167,999",Republican,0.00010592583136341154
Female,45-59,Hispanic / Latino,High school diploma / GED,"$168,000 or more",Democrat,5.858053951438805e-05
Female,45-59,Hispanic / Latino,High school diploma / GED,"$168,000 or more",Independent,5.781242063273724e-05
Female,45-59,Hispanic / Latino,High school diploma / GED,"$168,000 or more",Other,6.242168434460293e-07
Female,45-59,Hispanic / Latino,High school diploma / GED,"$168,000 or more",Republican,2.808531917273653e-05
Female,45-59,Hispanic / Latino,High school diploma / GED,"$30,000 to $55,999",Democrat,0.000495486602599907
Female,45-59,Hispanic / Latino,High school diploma / GED,"$30,000 to $55,999",Independent,0.0004585756908790119
Female,45-59,Hispanic / Latino,High school diploma / GED,"$30,000 to $55,999",Other,1.4042927202789177e-06
Female,45-59,Hispanic / Latino,High school diploma / GED,"$30,000 to $55,999",Republican,0.0001265981001044993
Female,45-59,Hispanic / Latino,High school diploma / GED,"$56,000 to $99,999",Democrat,0.0005069902190613331
Female,45-59,Hispanic / Latino,High school diploma / GED,"$56,000 to $99,999",Independent,0.0003548143491746167
Female,45-59,Hispanic / Latino,High school diploma / GED,"$56,000 to $99,999",Republican,0.00020625632505258276
Female,45-59,Hispanic / Latino,High school diploma / GED,"Less than $30,000",Democrat,0.00047811136681257313
Female,45-59,Hispanic / Latino,High school diploma / GED,"Less than $30,000",Independent,0.00046082623607932277
Female,45-59,Hispanic / Latino,High school diploma / GED,"Less than $30,000",Other,4.5457025915242396e-07
Female,45-59,Hispanic / Latino,High school diploma / GED,"Less than $30,000",Republican,0.0002926754125456836
Female,45-59,Hispanic / Latino,Less than high school,"$100,000 to $167,999",Democrat,0.0002105562991451993
Female,45-59,Hispanic / Latino,Less than high school,"$100,000 to $167,999",Independent,0.0001531144497595191
Female,45-59,Hispanic / Latino,Less than high school,"$100,000 to $167,999",Other,3.9662664432814e-06
Female,45-59,Hispanic / Latino,Less than high school,"$100,000 to $167,999",Republican,9.311686026674748e-05
Female,45-59,Hispanic / Latino,Less than high school,"$168,000 or more",Democrat,4.801080149654829e-05
Female,45-59,Hispanic / Latino,Less than high school,"$168,000 or more",Independent,3.491297806572933e-05
Female,45-59,Hispanic / Latino,Less than high school,"$168,000 or more",Other,9.043834435914355e-07
Female,45-59,Hispanic / Latino,Less than high school,"$168,000 or more",Republican,2.1232397759640027e-05
Female,45-59,Hispanic / Latino,Less than high school,"$30,000 to $55,999",Democrat,0.0006519531072268994
Female,45-59,Hispanic / Latino,Less than high school,"$30,000 to $55,999",Independent,0.00047409382520167384
Female,45-59,Hispanic / Latino,Less than high school,"$30,000 to $55,999",Other,1.2280894669429557e-05
Female,45-59,Hispanic / Latino,Less than high school,"$30,000 to $55,999",Republican,0.00028832111237030693
Female,45-59,Hispanic / Latino,Less than high school,"$56,000 to $99,999",Democrat,0.0009468599180207
Female,45-59,Hispanic / Latino,Less than high school,"$56,000 to $99,999",Independent,0.00027031878487960334
Female,45-59,Hispanic / Latino,Less than high school,"$56,000 to $99,999",Republican,1.8733666398063015e-05
Female,45-59,Hispanic / Latino,Less than high school,"Less than $30,000",Democrat,0.0007487823100466053
Female,45-59,Hispanic / Latino,Less than high school,"Less than $30,000",Independent,0.0008076254079439478
Female,45-59,Hispanic / Latino,Less than high school,"Less than $30,000",Other,3.718609549598519e-05
Female,45-59,Hispanic / Latino,Less than high school,"Less than $30,000",Republican,0.00027201789894370224
Female,45-59,Hispanic / Latino,Master's degree / Professional degree,"$100,000 to $167,999",Democrat,0.00011917343001286676
Female,45-59,Hispanic / Latino,Master's degree / Professional degree,"$100,000 to $167,999",Independent,9.782741065348978e-05
Female,45-59,Hispanic / Latino,Master's degree / Professional degree,"$100,000 to $167,999",Other,9.007253316635497e-07
Female,45-59,Hispanic / Latino,Master's degree / Professional degree,"$100,000 to $167,999",Republican,0.0001149187060116497
Female,45-59,Hispanic / Latino,Master's degree / Professional degree,"$168,000 or more",Democrat,0.00010651650516170716
Female,45-59,Hispanic / Latino,Master's degree / Professional degree,"$168,000 or more",Independent,8.743755961965541e-05
Female,45-59,Hispanic / Latino,Master's degree / Professional degree,"$168,000 or more",Other,8.050629610061759e-07
Female,45-59,Hispanic / Latino,Master's degree / Professional degree,"$168,000 or more",Republican,0.0001027136580758396
Female,45-59,Hispanic / Latino,Master's degree / Professional degree,"$30,000 to $55,999",Democrat,8.272624001762954e-05
Female,45-59,Hispanic / Latino,Master's degree / Professional degree,"$30,000 to $55,999",Independent,6.790854180457876e-05
Female,45-59,Hispanic / Latino,Master's degree / Professional degree,"$30,000 to $55,999",Other,6.252536321989962e-07
Female,45-59,Hispanic / Latino,Master's degree / Professional degree,"$30,000 to $55,999",Republican,7.977275182067621e-05
Female,45-59,Hispanic / Latino,Master's degree / Professional degree,"$56,000 to $99,999",Democrat,0.0001413690200146896
Female,45-59,Hispanic / Latino,Master's degree / Professional degree,"$56,000 to $99,999",Independent,0.00011604738718324449
Female,45-59,Hispanic / Latino,Master's degree / Professional degree,"$56,000 to $99,999",Other,1.0684819378441518e-06
Female,45-59,Hispanic / Latino,Master's degree / Professional degree,"$56,000 to $99,999",Republican,0.00013632187013891544
Female,45-59,Hispanic / Latino,Master's degree / Professional degree,"Less than $30,000",Democrat,6.864217427818551e-05
Female,45-59,Hispanic / Latino,Master's degree / Professional degree,"Less than $30,000",Independent,5.6347175461304145e-05
Female,45-59,Hispanic / Latino,Master's degree / Professional degree,"Less than $30,000",Other,5.18804780446031e-07
Female,45-59,Hispanic / Latino,Master's degree / Professional degree,"Less than $30,000",Republican,6.619151471115291e-05
Female,45-59,Hispanic / Latino,Some college or Associate's degree,"$100,000 to $167,999",Democrat,0.00040044683740578154
Female,45-59,Hispanic / Latino,Some college or Associate's degree,"$100,000 to $167,999",Independent,0.00026732930452935157
Female,45-59,Hispanic / Latino,Some college or Associate's degree,"$100,000 to $167,999",Other,8.150204670988748e-05
Female,45-59,Hispanic / Latino,Some college or Associate's degree,"$100,000 to $167,999",Republican,0.00021126198211994415
Female,45-59,Hispanic / Latino,Some college or Associate's degree,"$168,000 or more",Democrat,0.0001358728144145256
Female,45-59,Hispanic / Latino,Some college or Associate's degree,"$168,000 or more",Independent,9.070563577725081e-05
Female,45-59,Hispanic / Latino,Some college or Associate's degree,"$168,000 or more",Other,2.7653889187280844e-05
Female,45-59,Hispanic / Latino,Some college or Associate's degree,"$168,000 or more",Republican,7.168182492184566e-05
Female,45-59,Hispanic / Latino,Some college or Associate's degree,"$30,000 to $55,999",Democrat,0.0006303195023817042
Female,45-59,Hispanic / Latino,Some college or Associate's degree,"$30,000 to $55,999",Independent,0.00037883032942942415
Female,45-59,Hispanic / Latino,Some college or Associate's degree,"$30,000 to $55,999",Other,3.889281955284221e-05
Female,45-59,Hispanic / Latino,Some college or Associate's degree,"$30,000 to $55,999",Republican,0.000298355283273271
Female,45-59,Hispanic / Latino,Some college or Associate's degree,"$56,000 to $99,999",Democrat,0.0004872269177544392
Female,45-59,Hispanic / Latino,Some college or Associate's degree,"$56,000 to $99,999",Independent,0.0004588984357238528
Female,45-59,Hispanic / Latino,Some college or Associate's degree,"$56,000 to $99,999",Other,0.00033860917891727636
Female,45-59,Hispanic / Latino,Some college or Associate's degree,"$56,000 to $99,999",Republican,0.00028760830568875427
Female,45-59,Hispanic / Latino,Some college or Associate's degree,"Less than $30,000",Democrat,0.0007473760259608412
Female,45-59,Hispanic / Latino,Some college or Associate's degree,"Less than $30,000",Independent,0.00033285414539168393
Female,45-59,Hispanic / Latino,Some college or Associate's degree,"Less than $30,000",Other,3.178719589404741e-05
Female,45-59,Hispanic / Latino,Some college or Associate's degree,"Less than $30,000",Republican,0.00033060302195441876
Female,45-59,Other,Bachelor's degree,"$100,000 to $167,999",Democrat,4.388006474652254e-05
Female,45-59,Other,Bachelor's degree,"$100,000 to $167,999",Independent,6.212527309741998e-05
Female,45-59,Other,Bachelor's degree,"$100,000 to $167,999",Other,2.1122255901030606e-05
Female,45-59,Other,Bachelor's degree,"$100,000 to $167,999",Republican,2.9241400284498002e-05
Female,45-59,Other,Bachelor's degree,"$168,000 or more",Democrat,2.6782251737884128e-05
Female,45-59,Other,Bachelor's degree,"$168,000 or more",Independent,3.7918237199314076e-05
Female,45-59,Other,Bachelor's degree,"$168,000 or more",Other,1.289199498864099e-05
Female,45-59,Other,Bachelor's degree,"$168,000 or more",Republican,1.784752479540781e-05
Female,45-59,Other,Bachelor's degree,"$30,000 to $55,999",Democrat,3.5574493056918965e-05
Female,45-59,Other,Bachelor's degree,"$30,000 to $55,999",Independent,5.036626789933141e-05
Female,45-59,Other,Bachelor's degree,"$30,000 to $55,999",Other,1.7124257911611868e-05
Female,45-59,Other,Bachelor's degree,"$30,000 to $55,999",Republican,2.3706619336241993e-05
Female,45-59,Other,Bachelor's degree,"$56,000 to $99,999",Democrat,5.1760669396496796e-05
Female,45-59,Other,Bachelor's degree,"$56,000 to $99,999",Independent,7.328261114786682e-05
Female,45-59,Other,Bachelor's degree,"$56,000 to $99,999",Other,2.4915690323544748e-05
Female,45-59,Other,Bachelor's degree,"$56,000 to $99,999",Republican,3.449298585951783e-05
Female,45-59,Other,Bachelor's degree,"Less than $30,000",Democrat,3.6856872320834775e-05
Female,45-59,Other,Bachelor's degree,"Less than $30,000",Independent,5.21818568790982e-05
Female,45-59,Other,Bachelor's degree,"Less than $30,000",Other,1.7741548317427685e-05
Female,45-59,Other,Bachelor's degree,"Less than $30,000",Republican,2.456118884495437e-05
Female,45-59,Other,Doctorate degree / Ph.D.,"$100,000 to $167,999",Democrat,4.604837875084649e-06
Female,45-59,Other,Doctorate degree / Ph.D.,"$100,000 to $167,999",Independent,5.7071015606509555e-06
Female,45-59,Other,Doctorate degree / Ph.D.,"$100,000 to $167,999",Other,1.6383123585601933e-06
Female,45-59,Other,Doctorate degree / Ph.D.,"$100,000 to $167,999",Republican,2.128947474676009e-06
Female,45-59,Other,Doctorate degree / Ph.D.,"$168,000 or more",Democrat,3.710072014003717e-06
Female,45-59,Other,Doctorate degree / Ph.D.,"$168,000 or more",Independent,4.598154887452764e-06
Female,45-59,Other,Doctorate degree / Ph.D.,"$168,000 or more",Other,1.3199719504954022e-06
Female,45-59,Other,Doctorate degree / Ph.D.,"$168,000 or more",Republican,1.715271777062108e-06
Female,45-59,Other,Doctorate degree / Ph.D.,"$30,000 to $55,999",Democrat,2.0923955084227985e-06
Female,45-59,Other,Doctorate degree / Ph.D.,"$30,000 to $55,999",Independent,2.593253876804358e-06
Female,45-59,Other,Doctorate degree / Ph.D.,"$30,000 to $55,999",Other,7.444339004838237e-07
Female,45-59,Other,Doctorate degree / Ph.D.,"$30,000 to $55,999",Republican,9.673739346574178e-07
Female,45-59,Other,Doctorate degree / Ph.D.,"$56,000 to $99,999",Democrat,3.7132278414534637e-06
Female,45-59,Other,Doctorate degree / Ph.D.,"$56,000 to $99,999",Independent,4.602066127816083e-06
Female,45-59,Other,Doctorate degree / Ph.D.,"$56,000 to $99,999",Other,1.3210947329369678e-06
Female,45-59,Other,Doctorate degree / Ph.D.,"$56,000 to $99,999",Republican,1.7167308058187993e-06
Female,45-59,Other,Doctorate degree / Ph.D.,"Less than $30,000",Democrat,2.017519168432445e-06
Female,45-59,Other,Doctorate degree / Ph.D.,"Less than $30,000",Independent,2.500454328067384e-06
Female,45-59,Other,Doctorate degree / Ph.D.,"Less than $30,000",Other,7.177943451948772e-07
Female,45-59,Other,Doctorate degree / Ph.D.,"Less than $30,000",Republican,9.327564737913238e-07
Female,45-59,Other,High school diploma / GED,"$100,000 to $167,999",Democrat,1.518298031704876e-05
Female,45-59,Other,High school diploma / GED,"$100,000 to $167,999",Independent,2.2624545923613474e-05
Female,45-59,Other,High school diploma / GED,"$100,000 to $167,999",Other,6.255236874302935e-06
Female,45-59,Other,High school diploma / GED,"$100,000 to $167,999",Republican,1.625163120640258e-05
Female,45-59,Other,High school diploma / GED,"$168,000 or more",Democrat,5.592084926532961e-06
Female,45-59,Other,High school diploma / GED,"$168,000 or more",Independent,8.332908268808469e-06
Female,45-59,Other,High school diploma / GED,"$168,000 or more",Other,2.3038833684980946e-06
Female,45-59,Other,High school diploma / GED,"$168,000 or more",Republican,5.985682652756136e-06
Female,45-59,Other,High school diploma / GED,"$30,000 to $55,999",Democrat,3.499160506613682e-05
Female,45-59,Other,High school diploma / GED,"$30,000 to $55,999",Independent,5.214188250450436e-05
Female,45-59,Other,High school diploma / GED,"$30,000 to $55,999",Other,1.4416193245997032e-05
Female,45-59,Other,High school diploma / GED,"$30,000 to $55,999",Republican,3.745448185929552e-05
Female,45-59,Other,High school diploma / GED,"$56,000 to $99,999",Democrat,2.9540080922585878e-05
Female,45-59,Other,High school diploma / GED,"$56,000 to $99,999",Independent,4.401842744074712e-05
Female,45-59,Other,High school diploma / GED,"$56,000 to $99,999",Other,1.2170219522010748e-05
Female,45-59,Other,High school diploma / GED,"$56,000 to $99,999",Republican,3.161925333078942e-05
Female,45-59,Other,High school diploma / GED,"Less than $30,000",Democrat,5.135141177303774e-05
Female,45-59,Other,High school diploma / GED,"Less than $30,000",Independent,9.647534786640792e-05
Female,45-59,Other,High school diploma / GED,"Less than $30,000",Other,2.7467235725086823e-05
Female,45-59,Other,High school diploma / GED,"Less than $30,000",Republican,2.0149719755146142e-05
Female,45-59,Other,Less than high school,"$100,000 to $167,999",Democrat,4.29158427166602e-06
Female,45-59,Other,Less than high school,"$100,000 to $167,999",Independent,7.721531637480749e-06
Female,45-59,Other,Less than high school,"$100,000 to $167,999",Other,3.0032239604030166e-06
Female,45-59,Other,Less than high school,"$100,000 to $167,999",Republican,4.635206889668286e-06
Female,45-59,Other,Less than high school,"$168,000 or more",Democrat,1.4837371252017747e-06
Female,45-59,Other,Less than high school,"$168,000 or more",Independent,2.6695789779988747e-06
Female,45-59,Other,Less than high school,"$168,000 or more",Other,1.0383100047143223e-06
Female,45-59,Other,Less than high school,"$168,000 or more",Republican,1.6025383890509068e-06
Female,45-59,Other,Less than high school,"$30,000 to $55,999",Democrat,1.206094875340443e-05
Female,45-59,Other,Less than high school,"$30,000 to $55,999",Independent,2.170037717593106e-05
Female,45-59,Other,Less than high school,"$30,000 to $55,999",Other,8.440176864418306e-06
Female,45-59,Other,Less than high school,"$30,000 to $55,999",Republican,1.3026656176091715e-05
Female,45-59,Other,Less than high school,"$56,000 to $99,999",Democrat,7.819109175316571e-06
Female,45-59,Other,Less than high school,"$56,000 to $99,999",Independent,1.4068347503446478e-05
Female,45-59,Other,Less than high school,"$56,000 to $99,999",Other,5.471763930946105e-06
Female,45-59,Other,Less than high school,"$56,000 to $99,999",Republican,8.445176985054521e-06
Female,45-59,Other,Less than high school,"Less than $30,000",Democrat,3.109797918994699e-05
Female,45-59,Other,Less than high school,"Less than $30,000",Independent,5.5952304551548655e-05
Female,45-59,Other,Less than high school,"Less than $30,000",Other,2.1762172268169594e-05
Female,45-59,Other,Less than high school,"Less than $30,000",Republican,3.358796152453159e-05
Female,45-59,Other,Master's degree / Professional degree,"$100,000 to $167,999",Democrat,2.7665061222867356e-05
Female,45-59,Other,Master's degree / Professional degree,"$100,000 to $167,999",Independent,3.507828918779246e-05
Female,45-59,Other,Master's degree / Professional degree,"$100,000 to $167,999",Other,1.2610526996928146e-05
Female,45-59,Other,Master's degree / Professional degree,"$100,000 to $167,999",Republican,1.3458590604851013e-05
Female,45-59,Other,Master's degree / Professional degree,"$168,000 or more",Democrat,2.722301770510908e-05
Female,45-59,Other,Master's degree / Professional degree,"$168,000 or more",Independent,3.4517794120581205e-05
Female,45-59,Other,Master's degree / Professional degree,"$168,000 or more",Other,1.2409030905175414e-05
Female,45-59,Other,Master's degree / Professional degree,"$168,000 or more",Republican,1.3243543810372225e-05
Female,45-59,Other,Master's degree / Professional degree,"$30,000 to $55,999",Democrat,1.7362789492506967e-05
Female,45-59,Other,Master's degree / Professional degree,"$30,000 to $55,999",Independent,2.2015384170611903e-05
Female,45-59,Other,Master's degree / Professional degree,"$30,000 to $55,999",Other,7.914456572980822e-06
Female,45-59,Other,Master's degree / Professional degree,"$30,000 to $55,999",Republican,8.446707334401498e-06
Female,45-59,Other,Master's degree / Professional degree,"$56,000 to $99,999",Democrat,2.8191290206902056e-05
Female,45-59,Other,Master's degree / Professional degree,"$56,000 to $99,999",Independent,3.574552835752573e-05
Female,45-59,Other,Master's degree / Professional degree,"$56,000 to $99,999",Other,1.2850397234563845e-05
Female,45-59,Other,Master's degree / Professional degree,"$56,000 to $99,999",Republican,1.3714592223769358e-05
Female,45-59,Other,Master's degree / Professional degree,"Less than $30,000",Democrat,2.0632301587975207e-05
Female,45-59,Other,Master's degree / Professional degree,"Less than $30,000",Independent,2.6161006327884416e-05
Female,45-59,Other,Master's degree / Professional degree,"Less than $30,000",Other,9.404793797053378e-06
Female,45-59,Other,Master's degree / Professional degree,"Less than $30,000",Republican,1.0037270406575123e-05
Female,45-59,Other,Some college or Associate's degree,"$100,000 to $167,999",Democrat,3.6086782044730454e-05
Female,45-59,Other,Some college or Associate's degree,"$100,000 to $167,999",Independent,8.49232871767642e-05
Female,45-59,Other,Some college or Associate's degree,"$100,000 to $167,999",Other,1.090681094676008e-05
Female,45-59,Other,Some college or Associate's degree,"$100,000 to $167,999",Republican,4.625914100239083e-05
Female,45-59,Other,Some college or Associate's degree,"$168,000 or more",Democrat,1.42188791909338e-05
Female,45-59,Other,Some college or Associate's degree,"$168,000 or more",Independent,3.346139202344629e-05
Female,45-59,Other,Some college or Associate's degree,"$168,000 or more",Other,4.29749117053738e-06
Female,45-59,Other,Some college or Associate's degree,"$168,000 or more",Republican,1.822698229434992e-05
Female,45-59,Other,Some college or Associate's degree,"$30,000 to $55,999",Democrat,6.476476176282101e-05
Female,45-59,Other,Some college or Associate's degree,"$30,000 to $55,999",Independent,0.00015241138584485946
Female,45-59,Other,Some college or Associate's degree,"$30,000 to $55,999",Other,1.9574397398013283e-05
Female,45-59,Other,Some college or Associate's degree,"$30,000 to $55,999",Republican,8.302104196098756e-05
Female,45-59,Other,Some college or Associate's degree,"$56,000 to $99,999",Democrat,6.703773439348767e-05
Female,45-59,Other,Some college or Associate's degree,"$56,000 to $99,999",Independent,0.00015776038890142927
Female,45-59,Other,Some college or Associate's degree,"$56,000 to $99,999",Other,2.0261376989020114e-05
Female,45-59,Other,Some college or Associate's degree,"$56,000 to $99,999",Republican,8.593473377441262e-05
Female,45-59,Other,Some college or Associate's degree,"Less than $30,000",Democrat,8.77391434159518e-05
Female,45-59,Other,Some college or Associate's degree,"Less than $30,000",Independent,0.0002064771656203749
Female,45-59,Other,Some college or Associate's degree,"Less than $30,000",Other,2.651813754638162e-05
Female,45-59,Other,Some college or Associate's degree,"Less than $30,000",Republican,0.0001124715803608257
Female,45-59,White / Caucasian,Bachelor's degree,"$100,000 to $167,999",Democrat,0.0011654072559565403
Female,45-59,White / Caucasian,Bachelor's degree,"$100,000 to $167,999",Independent,0.0016097744262732765
Female,45-59,White / Caucasian,Bachelor's degree,"$100,000 to $167,999",Other,4.545830478241012e-05
Female,45-59,White / Caucasian,Bachelor's degree,"$100,000 to $167,999",Republican,0.0033754400763463905
Female,45-59,White / Caucasian,Bachelor's degree,"$168,000 or more",Democrat,0.0008974912825144704
Female,45-59,White / Caucasian,Bachelor's degree,"$168,000 or more",Independent,0.0012762435652603663
Female,45-59,White / Caucasian,Bachelor's degree,"$168,000 or more",Other,4.440711403129623e-05
Female,45-59,White / Caucasian,Bachelor's degree,"$168,000 or more",Republican,0.002755076820505612
Female,45-59,White / Caucasian,Bachelor's degree,"$30,000 to $55,999",Democrat,0.0007203909989448841
Female,45-59,White / Caucasian,Bachelor's degree,"$30,000 to $55,999",Independent,0.0010342576251819696
Female,45-59,White / Caucasian,Bachelor's degree,"$30,000 to $55,999",Other,7.557730594119161e-05
Female,45-59,White / Caucasian,Bachelor's degree,"$30,000 to $55,999",Republican,0.0012173464325987203
Female,45-59,White / Caucasian,Bachelor's degree,"$56,000 to $99,999",Democrat,0.0014560382765871978
Female,45-59,White / Caucasian,Bachelor's degree,"$56,000 to $99,999",Independent,0.0013823428044348958
Female,45-59,White / Caucasian,Bachelor's degree,"$56,000 to $99,999",Other,0.00015476412277209815
Female,45-59,White / Caucasian,Bachelor's degree,"$56,000 to $99,999",Republican,0.0027495206203006035
Female,45-59,White / Caucasian,Bachelor's degree,"Less than $30,000",Democrat,0.0011345205408963726
Female,45-59,White / Caucasian,Bachelor's degree,"Less than $30,000",Independent,0.0004903972791559892
Female,45-59,White / Caucasian,Bachelor's degree,"Less than $30,000",Other,0.00013124310235571962
Female,45-59,White / Caucasian,Bachelor's degree,"Less than $30,000",Republican,0.0008778426489416208
Female,45-59,White / Caucasian,Doctorate degree / Ph.D.,"$100,000 to $167,999",Democrat,0.00010333001648267535
Female,45-59,White / Caucasian,Doctorate degree / Ph.D.,"$100,000 to $167,999",Independent,6.722568095922642e-05
Female,45-59,White / Caucasian,Doctorate degree / Ph.D.,"$100,000 to $167,999",Other,7.2791857997049884e-06
Female,45-59,White / Caucasian,Doctorate degree / Ph.D.,"$100,000 to $167,999",Republican,0.00013258284405115168
Female,45-59,White / Caucasian,Doctorate degree / Ph.D.,"$168,000 or more",Democrat,0.00013307149384834155
Female,45-59,White / Caucasian,Doctorate degree / Ph.D.,"$168,000 or more",Independent,8.65752478779111e-05
Female,45-59,White / Caucasian,Doctorate degree / Ph.D.,"$168,000 or more",Other,9.374353758365898e-06
Female,45-59,White / Caucasian,Doctorate degree / Ph.D.,"$168,000 or more",Republican,0.0001707441624138958
Female,45-59,White / Caucasian,Doctorate degree / Ph.D.,"$30,000 to $55,999",Democrat,2.459768316472775e-05
Female,45-59,White / Caucasian,Doctorate degree / Ph.D.,"$30,000 to $55,999",Independent,1.600305561787431e-05
Female,45-59,White / Caucasian,Doctorate degree / Ph.D.,"$30,000 to $55,999",Other,1.7328082593342946e-06
Female,45-59,White / Caucasian,Doctorate degree / Ph.D.,"$30,000 to $55,999",Republican,3.156131105036188e-05
Female,45-59,White / Caucasian,Doctorate degree / Ph.D.,"$56,000 to $99,999",Democrat,7.282428194987125e-05
Female,45-59,White / Caucasian,Doctorate degree / Ph.D.,"$56,000 to $99,999",Independent,4.7378894449974454e-05
Female,45-59,White / Caucasian,Doctorate degree / Ph.D.,"$56,000 to $99,999",Other,5.130178984652477e-06
Female,45-59,White / Caucasian,Doctorate degree / Ph.D.,"$56,000 to $99,999",Republican,9.344090657834852e-05
Female,45-59,White / Caucasian,Doctorate degree / Ph.D.,"Less than $30,000",Democrat,3.624937513389067e-05
Female,45-59,White / Caucasian,Doctorate degree / Ph.D.,"Less than $30,000",Independent,2.3583553072701086e-05
Female,45-59,White / Caucasian,Doctorate degree / Ph.D.,"Less than $30,000",Other,2.5536232907408535e-06
Female,45-59,White / Caucasian,Doctorate degree / Ph.D.,"Less than $30,000",Republican,4.651160828116311e-05
Female,45-59,White / Caucasian,High school diploma / GED,"$100,000 to $167,999",Democrat,0.0002682908206067423
Female,45-59,White / Caucasian,High school diploma / GED,"$100,000 to $167,999",Independent,0.0005600151938177966
Female,45-59,White / Caucasian,High school diploma / GED,"$100,000 to $167,999",Other,5.116671626831693e-05
Female,45-59,White / Caucasian,High school diploma / GED,"$100,000 to $167,999",Republican,0.001401353744504994
Female,45-59,White / Caucasian,High school diploma / GED,"$168,000 or more",Democrat,0.00011672075762759259
Female,45-59,White / Caucasian,High school diploma / GED,"$168,000 or more",Independent,0.00018641960799325804
Female,45-59,White / Caucasian,High school diploma / GED,"$168,000 or more",Other,1.3074766151026343e-05
Female,45-59,White / Caucasian,High school diploma / GED,"$168,000 or more",Republican,0.00035057614493273694
Female,45-59,White / Caucasian,High school diploma / GED,"$30,000 to $55,999",Democrat,0.0009167316755698822
Female,45-59,White / Caucasian,High school diploma / GED,"$30,000 to $55,999",Independent,0.0007874347358774303
Female,45-59,White / Caucasian,High school diploma / GED,"$30,000 to $55,999",Other,8.599522854188082e-05
Female,45-59,White / Caucasian,High school diploma / GED,"$30,000 to $55,999",Republican,0.0018024354056035547
Female,45-59,White / Caucasian,High school diploma / GED,"$56,000 to $99,999",Democrat,0.0006162258684672548
Female,45-59,White / Caucasian,High school diploma / GED,"$56,000 to $99,999",Independent,0.0009243318362544454
Female,45-59,White / Caucasian,High school diploma / GED,"$56,000 to $99,999",Other,6.111062800138714e-05
Female,45-59,White / Caucasian,High school diploma / GED,"$56,000 to $99,999",Republican,0.002614817045107914
Female,45-59,White / Caucasian,High school diploma / GED,"Less than $30,000",Democrat,0.000628838411449695
Female,45-59,White / Caucasian,High school diploma / GED,"Less than $30,000",Independent,0.0015271950356871278
Female,45-59,White / Caucasian,High school diploma / GED,"Less than $30,000",Other,7.90850589800568e-05
Female,45-59,White / Caucasian,High school diploma / GED,"Less than $30,000",Republican,0.0017893222952176842
Female,45-59,White / Caucasian,Less than high school,"$100,000 to $167,999",Democrat,4.481363838628846e-05
Female,45-59,White / Caucasian,Less than high school,"$100,000 to $167,999",Independent,0.00012846433039166285
Female,45-59,White / Caucasian,Less than high school,"$100,000 to $167,999",Other,3.712085410890545e-06
Female,45-59,White / Caucasian,Less than high school,"$100,000 to $167,999",Republican,8.382801577913821e-05
Female,45-59,White / Caucasian,Less than high school,"$168,000 or more",Democrat,1.2758990868569651e-05
Female,45-59,White / Caucasian,Less than high school,"$168,000 or more",Independent,3.657536583563017e-05
Female,45-59,White / Caucasian,Less than high school,"$168,000 or more",Other,1.056876111076811e-06
Female,45-59,White / Caucasian,Less than high school,"$168,000 or more",Republican,2.3866861213919845e-05
Female,45-59,White / Caucasian,Less than high school,"$30,000 to $55,999",Democrat,0.00016807083333861286
Female,45-59,White / Caucasian,Less than high school,"$30,000 to $55,999",Independent,0.0002903991199950294
Female,45-59,White / Caucasian,Less than high school,"$30,000 to $55,999",Republican,0.00038476225363704586
Female,45-59,White / Caucasian,Less than high school,"$56,000 to $99,999",Democrat,0.00011391067604136014
Female,45-59,White / Caucasian,Less than high school,"$56,000 to $99,999",Independent,0.0003265402955228989
Female,45-59,White / Caucasian,Less than high school,"$56,000 to $99,999",Other,9.435657846678865e-06
Female,45-59,White / Caucasian,Less than high school,"$56,000 to $99,999",Republican,0.00021308035438446122
Female,45-59,White / Caucasian,Less than high school,"Less than $30,000",Democrat,0.00030909462231161586
Female,45-59,White / Caucasian,Less than high school,"Less than $30,000",Independent,0.0008573738900069057
Female,45-59,White / Caucasian,Less than high school,"Less than $30,000",Other,5.716231224363044e-07
Female,45-59,White / Caucasian,Less than high school,"Less than $30,000",Republican,0.0004419356528731664
Female,45-59,White / Caucasian,Master's degree / Professional degree,"$100,000 to $167,999",Democrat,0.0011281891345677007
Female,45-59,White / Caucasian,Master's degree / Professional degree,"$100,000 to $167,999",Independent,0.0009815047335272767
Female,45-59,White / Caucasian,Master's degree / Professional degree,"$100,000 to $167,999",Other,0.00010424189522705276
Female,45-59,White / Caucasian,Master's degree / Professional degree,"$100,000 to $167,999",Republican,0.0012336903167676318
Female,45-59,White / Caucasian,Master's degree / Professional degree,"$168,000 or more",Democrat,0.0009586629578096574
Female,45-59,White / Caucasian,Master's degree / Professional degree,"$168,000 or more",Independent,0.0013579015387669786
Female,45-59,White / Caucasian,Master's degree / Professional degree,"$168,000 or more",Other,2.4736566659002932e-05
Female,45-59,White / Caucasian,Master's degree / Professional degree,"$168,000 or more",Republican,0.0011344510939016801
Female,45-59,White / Caucasian,Master's degree / Professional degree,"$30,000 to $55,999",Democrat,0.0006177950482371774
Female,45-59,White / Caucasian,Master's degree / Professional degree,"$30,000 to $55,999",Independent,0.00025397770932566316
Female,45-59,White / Caucasian,Master's degree / Professional degree,"$30,000 to $55,999",Other,3.034156778780359e-05
Female,45-59,White / Caucasian,Master's degree / Professional degree,"$30,000 to $55,999",Republican,0.0002892453937182401
Female,45-59,White / Caucasian,Master's degree / Professional degree,"$56,000 to $99,999",Democrat,0.0009134601153127308
Female,45-59,White / Caucasian,Master's degree / Professional degree,"$56,000 to $99,999",Independent,0.0008696286921083953
Female,45-59,White / Caucasian,Master's degree / Professional degree,"$56,000 to $99,999",Other,5.438485031782584e-05
Female,45-59,White / Caucasian,Master's degree / Professional degree,"$56,000 to $99,999",Republican,0.0008848616878599883
Female,45-59,White / Caucasian,Master's degree / Professional degree,"Less than $30,000",Democrat,0.0003104480025080044
Female,45-59,White / Caucasian,Master's degree / Professional degree,"Less than $30,000",Independent,0.00030390067215793615
Female,45-59,White / Caucasian,Master's degree / Professional degree,"Less than $30,000",Other,1.6428716092127282e-05
Female,45-59,White / Caucasian,Master's degree / Professional degree,"Less than $30,000",Republican,0.0003087616453526785
Female,45-59,White / Caucasian,Some college or Associate's degree,"$100,000 to $167,999",Democrat,0.0010760132944286794
Female,45-59,White / Caucasian,Some college or Associate's degree,"$100,000 to $167,999",Independent,0.0014435918752228201
Female,45-59,White / Caucasian,Some college or Associate's degree,"$100,000 to $167,999",Other,0.0002066655265801344
Female,45-59,White / Caucasian,Some college or Associate's degree,"$100,000 to $167,999",Republican,0.0032274997915160064
Female,45-59,White / Caucasian,Some college or Associate's degree,"$168,000 or more",Democrat,0.0005320495260777356
Female,45-59,White / Caucasian,Some college or Associate's degree,"$168,000 or more",Independent,0.0004622602247666353
Female,45-59,White / Caucasian,Some college or Associate's degree,"$168,000 or more",Other,2.248063196512218e-05
Female,45-59,White / Caucasian,Some college or Associate's degree,"$168,000 or more",Republican,0.0012962289511659441
Female,45-59,White / Caucasian,Some college or Associate's degree,"$30,000 to $55,999",Democrat,0.0015843080970324656
Female,45-59,White / Caucasian,Some college or Associate's degree,"$30,000 to $55,999",Independent,0.0013226205304133307
Female,45-59,White / Caucasian,Some college or Associate's degree,"$30,000 to $55,999",Other,0.00013315712811411864
Female,45-59,White / Caucasian,Some college or Associate's degree,"$30,000 to $55,999",Republican,0.003103592749066896
Female,45-59,White / Caucasian,Some college or Associate's degree,"$56,000 to $99,999",Democrat,0.001505020457784465
Female,45-59,White / Caucasian,Some college or Associate's degree,"$56,000 to $99,999",Independent,0.0026801214746032557
Female,45-59,White / Caucasian,Some college or Associate's degree,"$56,000 to $99,999",Other,0.0005636928402706844
Female,45-59,White / Caucasian,Some college or Associate's degree,"$56,000 to $99,999",Republican,0.0036014401223428845
Female,45-59,White / Caucasian,Some college or Associate's degree,"Less than $30,000",Democrat,0.0015544407924057357
Female,45-59,White / Caucasian,Some college or Associate's degree,"Less than $30,000",Independent,0.0022013136012790048
Female,45-59,White / Caucasian,Some college or Associate's degree,"Less than $30,000",Other,0.0002651420199064538
Female,45-59,White / Caucasian,Some college or Associate's degree,"Less than $30,000",Republican,0.0020486220448636223
Female,60+,Asian / Asian American,Bachelor's degree,"$100,000 to $167,999",Democrat,0.00018730899066176518
Female,60+,Asian / Asian American,Bachelor's degree,"$100,000 to $167,999",Independent,8.781873215685503e-05
Female,60+,Asian / Asian American,Bachelor's degree,"$100,000 to $167,999",Other,3.0314406602805192e-05
Female,60+,Asian / Asian American,Bachelor's degree,"$100,000 to $167,999",Republican,0.0001466626102444955
Female,60+,Asian / Asian American,Bachelor's degree,"$168,000 or more",Democrat,0.00014750232857220323
Female,60+,Asian / Asian American,Bachelor's degree,"$168,000 or more",Independent,6.915560988092458e-05
Female,60+,Asian / Asian American,Bachelor's degree,"$168,000 or more",Other,2.387202849900943e-05
Female,60+,Asian / Asian American,Bachelor's degree,"$168,000 or more",Republican,0.00011549406384130646
Female,60+,Asian / Asian American,Bachelor's degree,"$30,000 to $55,999",Democrat,0.0001909437527839978
Female,60+,Asian / Asian American,Bachelor's degree,"$30,000 to $55,999",Independent,8.952286926281295e-05
Female,60+,Asian / Asian American,Bachelor's degree,"$30,000 to $55,999",Other,3.090266270566795e-05
Female,60+,Asian / Asian American,Bachelor's degree,"$30,000 to $55,999",Republican,0.00014950862259329465
Female,60+,Asian / Asian American,Bachelor's degree,"$56,000 to $99,999",Democrat,0.0002418241130165683
Female,60+,Asian / Asian American,Bachelor's degree,"$56,000 to $99,999",Independent,0.00015237067347891376
Female,60+,Asian / Asian American,Bachelor's degree,"$56,000 to $99,999",Republican,0.00017883842390125203
Female,60+,Asian / Asian American,Bachelor's degree,"Less than $30,000",Democrat,0.00024076254096604035
Female,60+,Asian / Asian American,Bachelor's degree,"Less than $30,000",Independent,0.00011288011869478573
Female,60+,Asian / Asian American,Bachelor's degree,"Less than $30,000",Other,3.896542037722343e-05
Female,60+,Asian / Asian American,Bachelor's degree,"Less than $30,000",Republican,0.00018851664611732236
Female,60+,Asian / Asian American,Doctorate degree / Ph.D.,"$100,000 to $167,999",Democrat,8.413128227002827e-06
Female,60+,Asian / Asian American,Doctorate degree / Ph.D.,"$100,000 to $167,999",Independent,7.630016975173486e-06
Female,60+,Asian / Asian American,Doctorate degree / Ph.D.,"$100,000 to $167,999",Republican,2.308956730292137e-06
Female,60+,Asian / Asian American,Doctorate degree / Ph.D.,"$168,000 or more",Democrat,1.3593566157459391e-05
Female,60+,Asian / Asian American,Doctorate degree / Ph.D.,"$168,000 or more",Independent,1.2328249104971611e-05
Female,60+,Asian / Asian American,Doctorate degree / Ph.D.,"$168,000 or more",Republican,3.7307117187632496e-06
Female,60+,Asian / Asian American,Doctorate degree / Ph.D.,"$30,000 to $55,999",Democrat,6.818982999364898e-06
Female,60+,Asian / Asian American,Doctorate degree / Ph.D.,"$30,000 to $55,999",Independent,6.184258058920483e-06
Female,60+,Asian / Asian American,Doctorate degree / Ph.D.,"$30,000 to $55,999",Republican,1.871448558170889e-06
Female,60+,Asian / Asian American,Doctorate degree / Ph.D.,"$56,000 to $99,999",Democrat,1.4362560591674016e-05
Female,60+,Asian / Asian American,Doctorate degree / Ph.D.,"$56,000 to $99,999",Independent,1.3025663958110222e-05
Female,60+,Asian / Asian American,Doctorate degree / Ph.D.,"$56,000 to $99,999",Republican,3.941759836244471e-06
Female,60+,Asian / Asian American,Doctorate degree / Ph.D.,"Less than $30,000",Democrat,1.1676313893445604e-05
Female,60+,Asian / Asian American,Doctorate degree / Ph.D.,"Less than $30,000",Independent,1.0589458618792777e-05
Female,60+,Asian / Asian American,Doctorate degree / Ph.D.,"Less than $30,000",Republican,3.2045278310086277e-06
Female,60+,Asian / Asian American,High school diploma / GED,"$100,000 to $167,999",Democrat,5.6227690108683566e-05
Female,60+,Asian / Asian American,High school diploma / GED,"$100,000 to $167,999",Independent,6.38549687009967e-05
Female,60+,Asian / Asian American,High school diploma / GED,"$100,000 to $167,999",Other,1.762631895909358e-05
Female,60+,Asian / Asian American,High school diploma / GED,"$100,000 to $167,999",Republican,2.423947007154619e-05
Female,60+,Asian / Asian American,High school diploma / GED,"$168,000 or more",Democrat,3.0583366187612454e-05
Female,60+,Asian / Asian American,High school diploma / GED,"$168,000 or more",Independent,3.473199569298174e-05
Female,60+,Asian / Asian American,High school diploma / GED,"$168,000 or more",Other,9.587307716600695e-06
Female,60+,Asian / Asian American,High school diploma / GED,"$168,000 or more",Republican,1.3184332985382258e-05
Female,60+,Asian / Asian American,High school diploma / GED,"$30,000 to $55,999",Democrat,7.354701671783522e-05
Female,60+,Asian / Asian American,High school diploma / GED,"$30,000 to $55,999",Independent,8.352365963267191e-05
Female,60+,Asian / Asian American,High school diploma / GED,"$30,000 to $55,999",Other,2.305560076632329e-05
Female,60+,Asian / Asian American,High school diploma / GED,"$30,000 to $55,999",Republican,3.17057433292668e-05
Female,60+,Asian / Asian American,High school diploma / GED,"$56,000 to $99,999",Democrat,2.602841972200609e-05
Female,60+,Asian / Asian American,High school diploma / GED,"$56,000 to $99,999",Independent,0.00011078098006798225
Female,60+,Asian / Asian American,High school diploma / GED,"$56,000 to $99,999",Other,6.86890657855812e-05
Female,60+,Asian / Asian American,High school diploma / GED,"$56,000 to $99,999",Republican,2.557219352857854e-05
Female,60+,Asian / Asian American,High school diploma / GED,"Less than $30,000",Democrat,0.00023935687236695404
Female,60+,Asian / Asian American,High school diploma / GED,"Less than $30,000",Independent,0.00017743476569420416
Female,60+,Asian / Asian American,Less than high school,"$100,000 to $167,999",Democrat,6.208889443440272e-05
Female,60+,Asian / Asian American,Less than high school,"$100,000 to $167,999",Independent,8.902098997287383e-05
Female,60+,Asian / Asian American,Less than high school,"$100,000 to $167,999",Republican,3.495788791326827e-05
Female,60+,Asian / Asian American,Less than high school,"$168,000 or more",Democrat,3.235917890819462e-05
Female,60+,Asian / Asian American,Less than high school,"$168,000 or more",Independent,4.639551351909232e-05
Female,60+,Asian / Asian American,Less than high school,"$168,000 or more",Republican,1.8219176867985457e-05
Female,60+,Asian / Asian American,Less than high school,"$30,000 to $55,999",Democrat,0.00010205964085343497
Female,60+,Asian / Asian American,Less than high school,"$30,000 to $55,999",Independent,0.00014632971560876433
Female,60+,Asian / Asian American,Less than high school,"$30,000 to $55,999",Republican,5.7462602900623095e-05
Female,60+,Asian / Asian American,Less than high school,"$56,000 to $99,999",Democrat,9.821363397712713e-05
Female,60+,Asian / Asian American,Less than high school,"$56,000 to $99,999",Independent,0.00014081543897861556
Female,60+,Asian / Asian American,Less than high school,"$56,000 to $99,999",Republican,5.529718703164395e-05
Female,60+,Asian / Asian American,Less than high school,"Less than $30,000",Democrat,0.0002143391101634753
Female,60+,Asian / Asian American,Less than high school,"Less than $30,000",Independent,0.0003073122810523912
Female,60+,Asian / Asian American,Less than high school,"Less than $30,000",Republican,0.00012067927214327606
Female,60+,Asian / Asian American,Master's degree / Professional degree,"$100,000 to $167,999",Democrat,7.515003150312405e-05
Female,60+,Asian / Asian American,Master's degree / Professional degree,"$100,000 to $167,999",Independent,5.862132089263675e-05
Female,60+,Asian / Asian American,Master's degree / Professional degree,"$100,000 to $167,999",Republican,3.8776026150162096e-05
Female,60+,Asian / Asian American,Master's degree / Professional degree,"$168,000 or more",Democrat,8.712809557619278e-05
Female,60+,Asian / Asian American,Master's degree / Professional degree,"$168,000 or more",Independent,6.796489565442163e-05
Female,60+,Asian / Asian American,Master's degree / Professional degree,"$168,000 or more",Republican,4.495648564479743e-05
Female,60+,Asian / Asian American,Master's degree / Professional degree,"$30,000 to $55,999",Democrat,5.746191526386622e-05
Female,60+,Asian / Asian American,Master's degree / Professional degree,"$30,000 to $55,999",Independent,4.4823578998081584e-05
Female,60+,Asian / Asian American,Master's degree / Professional degree,"$30,000 to $55,999",Republican,2.964928536081116e-05
Female,60+,Asian / Asian American,Master's degree / Professional degree,"$56,000 to $99,999",Democrat,8.310762923312455e-05
Female,60+,Asian / Asian American,Master's degree / Professional degree,"$56,000 to $99,999",Independent,6.482870205714745e-05
Female,60+,Asian / Asian American,Master's degree / Professional degree,"$56,000 to $99,999",Republican,4.288199938129959e-05
Female,60+,Asian / Asian American,Master's degree / Professional degree,"Less than $30,000",Democrat,7.915823772068217e-05
Female,60+,Asian / Asian American,Master's degree / Professional degree,"Less than $30,000",Independent,6.174795089110281e-05
Female,60+,Asian / Asian American,Master's degree / Professional degree,"Less than $30,000",Republican,4.084418641568126e-05
Female,60+,Asian / Asian American,Some college or Associate's degree,"$100,000 to $167,999",Democrat,9.296093066711017e-05
Female,60+,Asian / Asian American,Some college or Associate's degree,"$100,000 to $167,999",Independent,7.838926106981626e-05
Female,60+,Asian / Asian American,Some college or Associate's degree,"$100,000 to $167,999",Other,5.321864904193754e-06
Female,60+,Asian / Asian American,Some college or Associate's degree,"$100,000 to $167,999",Republican,6.116858400782515e-05
Female,60+,Asian / Asian American,Some college or Associate's degree,"$168,000 or more",Democrat,5.81758562564606e-05
Female,60+,Asian / Asian American,Some college or Associate's degree,"$168,000 or more",Independent,4.905676343084706e-05
Female,60+,Asian / Asian American,Some college or Associate's degree,"$168,000 or more",Other,3.3304749152239008e-06
Female,60+,Asian / Asian American,Some college or Associate's degree,"$168,000 or more",Republican,3.827989592093756e-05
Female,60+,Asian / Asian American,Some college or Associate's degree,"$30,000 to $55,999",Democrat,0.0001218521240372062
Female,60+,Asian / Asian American,Some college or Associate's degree,"$30,000 to $55,999",Independent,0.00010275174629295837
Female,60+,Asian / Asian American,Some college or Associate's degree,"$30,000 to $55,999",Other,6.9758396109141625e-06
Female,60+,Asian / Asian American,Some college or Associate's degree,"$30,000 to $55,999",Republican,8.017907988026261e-05
Female,60+,Asian / Asian American,Some college or Associate's degree,"$56,000 to $99,999",Democrat,0.00013810609243003222
Female,60+,Asian / Asian American,Some college or Associate's degree,"$56,000 to $99,999",Independent,0.00011645789749671964
Female,60+,Asian / Asian American,Some college or Associate's degree,"$56,000 to $99,999",Other,7.906353358172302e-06
Female,60+,Asian / Asian American,Some college or Associate's degree,"$56,000 to $99,999",Republican,9.087424207326402e-05
Female,60+,Asian / Asian American,Some college or Associate's degree,"Less than $30,000",Democrat,0.0001693254836269359
Female,60+,Asian / Asian American,Some college or Associate's degree,"Less than $30,000",Independent,0.0001427836344424736
Female,60+,Asian / Asian American,Some college or Associate's degree,"Less than $30,000",Other,9.693613674401899e-06
Female,60+,Asian / Asian American,Some college or Associate's degree,"Less than $30,000",Republican,0.00011141669941955879
Female,60+,Black / African American,Bachelor's degree,"$100,000 to $167,999",Democrat,0.0002264533952924627
Female,60+,Black / African American,Bachelor's degree,"$100,000 to $167,999",Independent,4.5018795138603995e-05
Female,60+,Black / African American,Bachelor's degree,"$100,000 to $167,999",Other,1.1579321137372954e-05
Female,60+,Black / African American,Bachelor's degree,"$100,000 to $167,999",Republican,9.629319007426332e-06
Female,60+,Black / African American,Bachelor's degree,"$168,000 or more",Democrat,8.425264835591084e-05
Female,60+,Black / African American,Bachelor's degree,"$168,000 or more",Independent,1.674937446321362e-05
Female,60+,Black / African American,Bachelor's degree,"$168,000 or more",Other,4.308120312028374e-06
Female,60+,Black / African American,Bachelor's degree,"$168,000 or more",Republican,3.5826163135765643e-06
Female,60+,Black / African American,Bachelor's degree,"$30,000 to $55,999",Democrat,0.0004236653471351298
Female,60+,Black / African American,Bachelor's degree,"$30,000 to $55,999",Independent,0.00012309833231563308
Female,60+,Black / African American,Bachelor's degree,"$30,000 to $55,999",Other,5.1412973807784585e-06
Female,60+,Black / African American,Bachelor's degree,"$30,000 to $55,999",Republican,5.672967092231083e-05
Female,60+,Black / African American,Bachelor's degree,"$56,000 to $99,999",Democrat,0.0004951599688565779
Female,60+,Black / African American,Bachelor's degree,"$56,000 to $99,999",Independent,6.333380746444626e-05
Female,60+,Black / African American,Bachelor's degree,"$56,000 to $99,999",Other,4.39298265195898e-05
Female,60+,Black / African American,Bachelor's degree,"Less than $30,000",Democrat,0.0006227046622488496
Female,60+,Black / African American,Bachelor's degree,"Less than $30,000",Independent,0.00012379330230588803
Female,60+,Black / African American,Bachelor's degree,"Less than $30,000",Other,3.184097658861104e-05
Female,60+,Black / African American,Bachelor's degree,"Less than $30,000",Republican,2.6478833900731646e-05
Female,60+,Black / African American,Doctorate degree / Ph.D.,"$100,000 to $167,999",Democrat,1.681024555780761e-05
Female,60+,Black / African American,Doctorate degree / Ph.D.,"$100,000 to $167,999",Independent,6.134362582704607e-06
Female,60+,Black / African American,Doctorate degree / Ph.D.,"$100,000 to $167,999",Other,1.1249596642233205e-06
Female,60+,Black / African American,Doctorate degree / Ph.D.,"$100,000 to $167,999",Republican,2.760718699451935e-06
Female,60+,Black / African American,Doctorate degree / Ph.D.,"$168,000 or more",Democrat,1.0558414537052714e-05
Female,60+,Black / African American,Doctorate degree / Ph.D.,"$168,000 or more",Independent,3.852956391746355e-06
Female,60+,Black / African American,Doctorate degree / Ph.D.,"$168,000 or more",Other,7.065804262934592e-07
Female,60+,Black / African American,Doctorate degree / Ph.D.,"$168,000 or more",Republican,1.733990877692342e-06
Female,60+,Black / African American,Doctorate degree / Ph.D.,"$30,000 to $55,999",Democrat,2.6000507053620447e-05
Female,60+,Black / African American,Doctorate degree / Ph.D.,"$30,000 to $55,999",Independent,9.488055189473263e-06
Female,60+,Black / African American,Doctorate degree / Ph.D.,"$30,000 to $55,999",Other,1.7399818214488716e-06
Female,60+,Black / African American,Doctorate degree / Ph.D.,"$30,000 to $55,999",Republican,4.270020076228049e-06
Female,60+,Black / African American,Doctorate degree / Ph.D.,"$56,000 to $99,999",Democrat,2.7240840220284807e-05
Female,60+,Black / African American,Doctorate degree / Ph.D.,"$56,000 to $99,999",Independent,9.940675190859233e-06
Female,60+,Black / African American,Doctorate degree / Ph.D.,"$56,000 to $99,999",Other,1.82298624740431e-06
Female,60+,Black / African American,Doctorate degree / Ph.D.,"$56,000 to $99,999",Republican,4.473717931502405e-06
Female,60+,Black / African American,Doctorate degree / Ph.D.,"Less than $30,000",Democrat,2.251180575389984e-05
Female,60+,Black / African American,Doctorate degree / Ph.D.,"Less than $30,000",Independent,8.2149649992292e-06
Female,60+,Black / African American,Doctorate degree / Ph.D.,"Less than $30,000",Other,1.5065141883192483e-06
Female,60+,Black / African American,Doctorate degree / Ph.D.,"Less than $30,000",Republican,3.69707645789598e-06
Female,60+,Black / African American,High school diploma / GED,"$100,000 to $167,999",Democrat,0.00014386963128504415
Female,60+,Black / African American,High school diploma / GED,"$100,000 to $167,999",Independent,2.796626437293865e-05
Female,60+,Black / African American,High school diploma / GED,"$100,000 to $167,999",Other,7.6142123074926764e-06
Female,60+,Black / African American,High school diploma / GED,"$100,000 to $167,999",Republican,1.1345713557698057e-05
Female,60+,Black / African American,High school diploma / GED,"$168,000 or more",Democrat,4.9995714456663575e-05
Female,60+,Black / African American,High school diploma / GED,"$168,000 or more",Independent,9.718474674052711e-06
Female,60+,Black / African American,High school diploma / GED,"$168,000 or more",Other,2.645992631923774e-06
Female,60+,Black / African American,High school diploma / GED,"$168,000 or more",Republican,3.9427157091542215e-06
Female,60+,Black / African American,High school diploma / GED,"$30,000 to $55,999",Democrat,0.0006781209299435674
Female,60+,Black / African American,High school diploma / GED,"$30,000 to $55,999",Independent,0.00017593830431759526
Female,60+,Black / African American,High school diploma / GED,"$30,000 to $55,999",Other,7.156522391975619e-05
Female,60+,Black / African American,High school diploma / GED,"$30,000 to $55,999",Republican,2.749264137698083e-05
Female,60+,Black / African American,High school diploma / GED,"$56,000 to $99,999",Democrat,0.00038902151727444477
Female,60+,Black / African American,High school diploma / GED,"$56,000 to $99,999",Independent,0.0001175536279685097
Female,60+,Black / African American,High school diploma / GED,"$56,000 to $99,999",Other,3.510348099594616e-05
Female,60+,Black / African American,High school diploma / GED,"$56,000 to $99,999",Republican,5.371937449540337e-05
Female,60+,Black / African American,High school diploma / GED,"Less than $30,000",Democrat,0.0017974677394411948
Female,60+,Black / African American,High school diploma / GED,"Less than $30,000",Independent,0.00020538674047420862
Female,60+,Black / African American,High school diploma / GED,"Less than $30,000",Other,1.3293551108826377e-06
Female,60+,Black / African American,High school diploma / GED,"Less than $30,000",Republican,0.00019568582679758796
Female,60+,Black / African American,Less than high school,"$100,000 to $167,999",Democrat,6.711441844290781e-05
Female,60+,Black / African American,Less than high school,"$100,000 to $167,999",Independent,1.7879551180004964e-05
Female,60+,Black / African American,Less than high school,"$100,000 to $167,999",Other,8.132044077259318e-06
Female,60+,Black / African American,Less than high school,"$168,000 or more",Democrat,1.9588714911425563e-05
Female,60+,Black / African American,Less than high school,"$168,000 or more",Independent,5.218512488598789e-06
Female,60+,Black / African American,Less than high school,"$168,000 or more",Other,2.373503291428917e-06
Female,60+,Black / African American,Less than high school,"$30,000 to $55,999",Democrat,0.0003277075071883585
Female,60+,Black / African American,Less than high school,"$30,000 to $55,999",Independent,8.730259879746101e-05
Female,60+,Black / African American,Less than high school,"$30,000 to $55,999",Other,3.9707293227482535e-05
Female,60+,Black / African American,Less than high school,"$56,000 to $99,999",Democrat,0.0001879346322450141
Female,60+,Black / African American,Less than high school,"$56,000 to $99,999",Independent,5.006654238654466e-05
Female,60+,Black / African American,Less than high school,"$56,000 to $99,999",Other,2.2771451329196014e-05
Female,60+,Black / African American,Less than high school,"Less than $30,000",Democrat,0.001448596127368265
Female,60+,Black / African American,Less than high school,"Less than $30,000",Independent,0.0002931032015362463
Female,60+,Black / African American,Less than high school,"Less than $30,000",Other,9.045506131446491e-07
Female,60+,Black / African American,Master's degree / Professional degree,"$100,000 to $167,999",Democrat,0.00018758731699869137
Female,60+,Black / African American,Master's degree / Professional degree,"$100,000 to $167,999",Independent,5.0489537597656425e-05
Female,60+,Black / African American,Master's degree / Professional degree,"$100,000 to $167,999",Other,1.4681112908371522e-06
Female,60+,Black / African American,Master's degree / Professional degree,"$100,000 to $167,999",Republican,8.006125600946262e-06
Female,60+,Black / African American,Master's degree / Professional degree,"$168,000 or more",Democrat,9.129485369805666e-05
Female,60+,Black / African American,Master's degree / Professional degree,"$168,000 or more",Independent,2.457221000870081e-05
Female,60+,Black / African American,Master's degree / Professional degree,"$168,000 or more",Other,7.144992937362493e-07
Female,60+,Black / African American,Master's degree / Professional degree,"$168,000 or more",Republican,3.89641515813009e-06
Female,60+,Black / African American,Master's degree / Professional degree,"$30,000 to $55,999",Democrat,0.0002718551159195465
Female,60+,Black / African American,Master's degree / Professional degree,"$30,000 to $55,999",Independent,7.317040040841852e-05
Female,60+,Black / African American,Master's degree / Professional degree,"$30,000 to $55,999",Other,2.127614870445177e-06
Female,60+,Black / African American,Master's degree / Professional degree,"$30,000 to $55,999",Republican,1.1602629847981032e-05
Female,60+,Black / African American,Master's degree / Professional degree,"$56,000 to $99,999",Democrat,0.00038112574633892546
Female,60+,Black / African American,Master's degree / Professional degree,"$56,000 to $99,999",Independent,7.178546453643538e-05
Female,60+,Black / African American,Master's degree / Professional degree,"Less than $30,000",Democrat,0.00030178987306526435
Female,60+,Black / African American,Master's degree / Professional degree,"Less than $30,000",Independent,8.122740591693047e-05
Female,60+,Black / African American,Master's degree / Professional degree,"Less than $30,000",Other,2.3618927291897667e-06
Female,60+,Black / African American,Master's degree / Professional degree,"Less than $30,000",Republican,1.2880229151478246e-05
Female,60+,Black / African American,Some college or Associate's degree,"$100,000 to $167,999",Democrat,0.00029820336537768474
Female,60+,Black / African American,Some college or Associate's degree,"$100,000 to $167,999",Independent,5.1599320348126313e-05
Female,60+,Black / African American,Some college or Associate's degree,"$100,000 to $167,999",Other,7.412703462214507e-06
Female,60+,Black / African American,Some college or Associate's degree,"$100,000 to $167,999",Republican,2.1385553742242123e-05
Female,60+,Black / African American,Some college or Associate's degree,"$168,000 or more",Democrat,8.280529965436475e-05
Female,60+,Black / African American,Some college or Associate's degree,"$168,000 or more",Independent,1.4328132004736581e-05
Female,60+,Black / African American,Some college or Associate's degree,"$168,000 or more",Other,2.05836419941206e-06
Female,60+,Black / African American,Some college or Associate's degree,"$168,000 or more",Republican,5.938354128425268e-06
Female,60+,Black / African American,Some college or Associate's degree,"$30,000 to $55,999",Democrat,0.0010425209528462213
Female,60+,Black / African American,Some college or Associate's degree,"$30,000 to $55,999",Independent,0.00021736486731039543
Female,60+,Black / African American,Some college or Associate's degree,"$30,000 to $55,999",Other,5.048874180634947e-05
Female,60+,Black / African American,Some college or Associate's degree,"$30,000 to $55,999",Republican,0.00010757102136855337
Female,60+,Black / African American,Some college or Associate's degree,"$56,000 to $99,999",Democrat,0.0008510880605721756
Female,60+,Black / African American,Some college or Associate's degree,"$56,000 to $99,999",Independent,0.00011979978080017699
Female,60+,Black / African American,Some college or Associate's degree,"$56,000 to $99,999",Republican,9.861980412656713e-05
Female,60+,Black / African American,Some college or Associate's degree,"Less than $30,000",Democrat,0.002165344421226294
Female,60+,Black / African American,Some college or Associate's degree,"Less than $30,000",Independent,0.00036663170136128336
Female,60+,Black / African American,Some college or Associate's degree,"Less than $30,000",Other,5.6594833196028157e-05
Female,60+,Black / African American,Some college or Associate's degree,"Less than $30,000",Republican,8.778429693352284e-05
Female,60+,Hispanic / Latino,Bachelor's degree,"$100,000 to $167,999",Democrat,8.729906932705964e-05
Female,60+,Hispanic / Latino,Bachelor's degree,"$100,000 to $167,999",Independent,6.223255784629667e-05
Female,60+,Hispanic / Latino,Bachelor's degree,"$100,000 to $167,999",Other,1.6053569320056922e-05
Female,60+,Hispanic / Latino,Bachelor's degree,"$100,000 to $167,999",Republican,6.386409418459556e-05
Female,60+,Hispanic / Latino,Bachelor's degree,"$168,000 or more",Democrat,4.025553775047686e-05
Female,60+,Hispanic / Latino,Bachelor's degree,"$168,000 or more",Independent,2.8696813161945186e-05
Female,60+,Hispanic / Latino,Bachelor's degree,"$168,000 or more",Other,7.402656990217584e-06
Female,60+,Hispanic / Latino,Bachelor's degree,"$168,000 or more",Republican,2.9449150766045006e-05
Female,60+,Hispanic / Latino,Bachelor's degree,"$30,000 to $55,999",Democrat,0.0001355266250869077
Female,60+,Hispanic / Latino,Bachelor's degree,"$30,000 to $55,999",Independent,9.661235337843466e-05
Female,60+,Hispanic / Latino,Bachelor's degree,"$30,000 to $55,999",Other,2.4922213802703758e-05
Female,60+,Hispanic / Latino,Bachelor's degree,"$30,000 to $55,999",Republican,9.914521673357416e-05
Female,60+,Hispanic / Latino,Bachelor's degree,"$56,000 to $99,999",Democrat,0.00014990042699673337
Female,60+,Hispanic / Latino,Bachelor's degree,"$56,000 to $99,999",Independent,0.00010685895125994454
Female,60+,Hispanic / Latino,Bachelor's degree,"$56,000 to $99,999",Other,2.7565435856854868e-05
Female,60+,Hispanic / Latino,Bachelor's degree,"$56,000 to $99,999",Republican,0.0001096604472627876
Female,60+,Hispanic / Latino,Bachelor's degree,"Less than $30,000",Democrat,0.0002055121380945329
Female,60+,Hispanic / Latino,Bachelor's degree,"Less than $30,000",Independent,0.00014650266171989802
Female,60+,Hispanic / Latino,Bachelor's degree,"Less than $30,000",Other,3.779196479922903e-05
Female,60+,Hispanic / Latino,Bachelor's degree,"Less than $30,000",Republican,0.00015034348755970772
Female,60+,Hispanic / Latino,Doctorate degree / Ph.D.,"$100,000 to $167,999",Democrat,7.103206013520861e-06
Female,60+,Hispanic / Latino,Doctorate degree / Ph.D.,"$100,000 to $167,999",Independent,1.2006031662442997e-05
Female,60+,Hispanic / Latino,Doctorate degree / Ph.D.,"$100,000 to $167,999",Other,1.2551159032346036e-06
Female,60+,Hispanic / Latino,Doctorate degree / Ph.D.,"$100,000 to $167,999",Republican,3.6576504079817153e-06
Female,60+,Hispanic / Latino,Doctorate degree / Ph.D.,"$168,000 or more",Democrat,5.763513793357572e-06
Female,60+,Hispanic / Latino,Doctorate degree / Ph.D.,"$168,000 or more",Independent,9.741647498082195e-06
Female,60+,Hispanic / Latino,Doctorate degree / Ph.D.,"$168,000 or more",Other,1.0183961730499572e-06
Female,60+,Hispanic / Latino,Doctorate degree / Ph.D.,"$168,000 or more",Republican,2.967803346482605e-06
Female,60+,Hispanic / Latino,Doctorate degree / Ph.D.,"$30,000 to $55,999",Democrat,5.9902562930278214e-06
Female,60+,Hispanic / Latino,Doctorate degree / Ph.D.,"$30,000 to $55,999",Independent,1.012489382728632e-05
Female,60+,Hispanic / Latino,Doctorate degree / Ph.D.,"$30,000 to $55,999",Other,1.0584609151866188e-06
Female,60+,Hispanic / Latino,Doctorate degree / Ph.D.,"$30,000 to $55,999",Republican,3.0845597512450516e-06
Female,60+,Hispanic / Latino,Doctorate degree / Ph.D.,"$56,000 to $99,999",Democrat,6.641592618866437e-06
Female,60+,Hispanic / Latino,Doctorate degree / Ph.D.,"$56,000 to $99,999",Independent,1.1225800169581963e-05
Female,60+,Hispanic / Latino,Doctorate degree / Ph.D.,"$56,000 to $99,999",Other,1.1735501550817224e-06
Female,60+,Hispanic / Latino,Doctorate degree / Ph.D.,"$56,000 to $99,999",Republican,3.4199520478224204e-06
Female,60+,Hispanic / Latino,Doctorate degree / Ph.D.,"Less than $30,000",Democrat,7.568403479702678e-06
Female,60+,Hispanic / Latino,Doctorate degree / Ph.D.,"Less than $30,000",Independent,1.279232105031038e-05
Female,60+,Hispanic / Latino,Doctorate degree / Ph.D.,"Less than $30,000",Other,1.33731494643254e-06
Female,60+,Hispanic / Latino,Doctorate degree / Ph.D.,"Less than $30,000",Republican,3.897194312344501e-06
Female,60+,Hispanic / Latino,High school diploma / GED,"$100,000 to $167,999",Democrat,0.00014306082387139843
Female,60+,Hispanic / Latino,High school diploma / GED,"$100,000 to $167,999",Independent,3.305283374536497e-05
Female,60+,Hispanic / Latino,High school diploma / GED,"$100,000 to $167,999",Other,4.208257903236184e-06
Female,60+,Hispanic / Latino,High school diploma / GED,"$100,000 to $167,999",Republican,9.8190673054592e-05
Female,60+,Hispanic / Latino,High school diploma / GED,"$168,000 or more",Democrat,4.6245071554177766e-05
Female,60+,Hispanic / Latino,High school diploma / GED,"$168,000 or more",Independent,1.068448104980007e-05
Female,60+,Hispanic / Latino,High school diploma / GED,"$168,000 or more",Other,1.360338788685662e-06
Female,60+,Hispanic / Latino,High school diploma / GED,"$168,000 or more",Republican,3.174058822312085e-05
Female,60+,Hispanic / Latino,High school diploma / GED,"$30,000 to $55,999",Democrat,0.0004514409936832763
Female,60+,Hispanic / Latino,High school diploma / GED,"$30,000 to $55,999",Independent,5.291425501669006e-05
Female,60+,Hispanic / Latino,High school diploma / GED,"$30,000 to $55,999",Other,2.6886033784930816e-05
Female,60+,Hispanic / Latino,High school diploma / GED,"$30,000 to $55,999",Republican,0.0001993286963061622
Female,60+,Hispanic / Latino,High school diploma / GED,"$56,000 to $99,999",Democrat,0.00024286175084964258
Female,60+,Hispanic / Latino,High school diploma / GED,"$56,000 to $99,999",Independent,9.031947985536242e-05
Female,60+,Hispanic / Latino,High school diploma / GED,"$56,000 to $99,999",Other,1.186574015262823e-05
Female,60+,Hispanic / Latino,High school diploma / GED,"$56,000 to $99,999",Republican,0.000253191393908826
Female,60+,Hispanic / Latino,High school diploma / GED,"Less than $30,000",Democrat,0.0007082284265701492
Female,60+,Hispanic / Latino,High school diploma / GED,"Less than $30,000",Independent,0.00021726734644436318
Female,60+,Hispanic / Latino,High school diploma / GED,"Less than $30,000",Other,3.938001442771149e-06
Female,60+,Hispanic / Latino,High school diploma / GED,"Less than $30,000",Republican,0.00041789343057493976
Female,60+,Hispanic / Latino,Less than high school,"$100,000 to $167,999",Democrat,0.00021391114638227485
Female,60+,Hispanic / Latino,Less than high school,"$100,000 to $167,999",Independent,8.877025958541305e-05
Female,60+,Hispanic / Latino,Less than high school,"$100,000 to $167,999",Republican,4.718591372565053e-05
Female,60+,Hispanic / Latino,Less than high school,"$168,000 or more",Democrat,5.678061668370222e-05
Female,60+,Hispanic / Latino,Less than high school,"$168,000 or more",Independent,2.356319512880584e-05
Female,60+,Hispanic / Latino,Less than high school,"$168,000 or more",Republican,1.2525038201321229e-05
Female,60+,Hispanic / Latino,Less than high school,"$30,000 to $55,999",Democrat,0.0007076334670177891
Female,60+,Hispanic / Latino,Less than high school,"$30,000 to $55,999",Independent,0.00029365840733814257
Female,60+,Hispanic / Latino,Less than high school,"$30,000 to $55,999",Republican,0.00015609439848643253
Female,60+,Hispanic / Latino,Less than high school,"$56,000 to $99,999",Democrat,0.0005717361338208213
Female,60+,Hispanic / Latino,Less than high school,"$56,000 to $99,999",Independent,0.0002372628349292991
Female,60+,Hispanic / Latino,Less than high school,"$56,000 to $99,999",Republican,0.00012611727972367947
Female,60+,Hispanic / Latino,Less than high school,"Less than $30,000",Democrat,0.001671311970127083
Female,60+,Hispanic / Latino,Less than high school,"Less than $30,000",Independent,0.0010584260793712534
Female,60+,Hispanic / Latino,Less than high school,"Less than $30,000",Republican,3.693513111689233e-05
Female,60+,Hispanic / Latino,Master's degree / Professional degree,"$100,000 to $167,999",Democrat,9.630020664650466e-05
Female,60+,Hispanic / Latino,Master's degree / Professional degree,"$100,000 to $167,999",Independent,3.0411798838010654e-05
Female,60+,Hispanic / Latino,Master's degree / Professional degree,"$100,000 to $167,999",Other,1.5846705770717117e-07
Female,60+,Hispanic / Latino,Master's degree / Professional degree,"$100,000 to $167,999",Republican,2.6984890027469596e-05
Female,60+,Hispanic / Latino,Master's degree / Professional degree,"$168,000 or more",Democrat,5.999412844553543e-05
Female,60+,Hispanic / Latino,Master's degree / Professional degree,"$168,000 or more",Independent,1.8946266361035097e-05
Female,60+,Hispanic / Latino,Master's degree / Professional degree,"$168,000 or more",Other,9.87234954683785e-08
Female,60+,Hispanic / Latino,Master's degree / Professional degree,"$168,000 or more",Republican,1.6811334209690645e-05
Female,60+,Hispanic / Latino,Master's degree / Professional degree,"$30,000 to $55,999",Democrat,0.00011119595376041305
Female,60+,Hispanic / Latino,Master's degree / Professional degree,"$30,000 to $55,999",Independent,3.511590571945221e-05
Female,60+,Hispanic / Latino,Master's degree / Professional degree,"$30,000 to $55,999",Other,1.8297879345199632e-07
Female,60+,Hispanic / Latino,Master's degree / Professional degree,"$30,000 to $55,999",Republican,3.115892154560871e-05
Female,60+,Hispanic / Latino,Master's degree / Professional degree,"$56,000 to $99,999",Democrat,0.0001336198792884615
Female,60+,Hispanic / Latino,Master's degree / Professional degree,"$56,000 to $99,999",Independent,4.2197426476939446e-05
Female,60+,Hispanic / Latino,Master's degree / Professional degree,"$56,000 to $99,999",Other,2.1987854293766893e-07
Female,60+,Hispanic / Latino,Master's degree / Professional degree,"$56,000 to $99,999",Republican,3.7442471554797744e-05
Female,60+,Hispanic / Latino,Master's degree / Professional degree,"Less than $30,000",Democrat,0.00015723382875481809
Female,60+,Hispanic / Latino,Master's degree / Professional degree,"Less than $30,000",Independent,4.965475918628588e-05
Female,60+,Hispanic / Latino,Master's degree / Professional degree,"Less than $30,000",Other,2.587365394372561e-07
Female,60+,Hispanic / Latino,Master's degree / Professional degree,"Less than $30,000",Republican,4.405948569894122e-05
Female,60+,Hispanic / Latino,Some college or Associate's degree,"$100,000 to $167,999",Democrat,0.0001504548336334579
Female,60+,Hispanic / Latino,Some college or Associate's degree,"$100,000 to $167,999",Independent,7.933159806857175e-05
Female,60+,Hispanic / Latino,Some college or Associate's degree,"$100,000 to $167,999",Other,1.3346222553241517e-05
Female,60+,Hispanic / Latino,Some college or Associate's degree,"$100,000 to $167,999",Republican,9.845726581871902e-05
Female,60+,Hispanic / Latino,Some college or Associate's degree,"$168,000 or more",Democrat,5.804677673020575e-05
Female,60+,Hispanic / Latino,Some college or Associate's degree,"$168,000 or more",Independent,3.060681700632823e-05
Female,60+,Hispanic / Latino,Some college or Associate's degree,"$168,000 or more",Other,5.1490881484539285e-06
Female,60+,Hispanic / Latino,Some college or Associate's degree,"$168,000 or more",Republican,3.798566512239177e-05
Female,60+,Hispanic / Latino,Some college or Associate's degree,"$30,000 to $55,999",Democrat,0.0004010026489667174
Female,60+,Hispanic / Latino,Some college or Associate's degree,"$30,000 to $55,999",Independent,0.00027778069765917407
Female,60+,Hispanic / Latino,Some college or Associate's degree,"$30,000 to $55,999",Other,6.136103004299006e-06
Female,60+,Hispanic / Latino,Some college or Associate's degree,"$30,000 to $55,999",Republican,0.00015899434476430375
Female,60+,Hispanic / Latino,Some college or Associate's degree,"$56,000 to $99,999",Democrat,0.00037633148449073213
Female,60+,Hispanic / Latino,Some college or Associate's degree,"$56,000 to $99,999",Independent,8.061116764792625e-05
Female,60+,Hispanic / Latino,Some college or Associate's degree,"$56,000 to $99,999",Other,8.342428792375829e-05
Female,60+,Hispanic / Latino,Some college or Associate's degree,"$56,000 to $99,999",Republican,0.00025530591006580895
Female,60+,Hispanic / Latino,Some college or Associate's degree,"Less than $30,000",Democrat,0.0006910049848980281
Female,60+,Hispanic / Latino,Some college or Associate's degree,"Less than $30,000",Independent,7.6861473528444e-05
Female,60+,Hispanic / Latino,Some college or Associate's degree,"Less than $30,000",Other,2.197510890824338e-05
Female,60+,Hispanic / Latino,Some college or Associate's degree,"Less than $30,000",Republican,0.0005853183426068039
Female,60+,Other,Bachelor's degree,"$100,000 to $167,999",Democrat,1.826457434124006e-05
Female,60+,Other,Bachelor's degree,"$100,000 to $167,999",Independent,2.138531146607723e-05
Female,60+,Other,Bachelor's degree,"$100,000 to $167,999",Other,7.598609994241701e-07
Female,60+,Other,Bachelor's degree,"$100,000 to $167,999",Republican,1.7635440860405202e-05
Female,60+,Other,Bachelor's degree,"$168,000 or more",Democrat,1.0471667056404132e-05
Female,60+,Other,Bachelor's degree,"$168,000 or more",Independent,1.2260885875923378e-05
Female,60+,Other,Bachelor's degree,"$168,000 or more",Other,4.3565271472820784e-07
Female,60+,Other,Bachelor's degree,"$168,000 or more",Republican,1.0110964626538918e-05
Female,60+,Other,Bachelor's degree,"$30,000 to $55,999",Democrat,3.213925085205763e-05
Female,60+,Other,Bachelor's degree,"$30,000 to $55,999",Independent,3.7630654671527185e-05
Female,60+,Other,Bachelor's degree,"$30,000 to $55,999",Other,1.3370891002943847e-06
Female,60+,Other,Bachelor's degree,"$30,000 to $55,999",Republican,3.1032196376973334e-05
Female,60+,Other,Bachelor's degree,"$56,000 to $99,999",Democrat,3.431259574441009e-05
Female,60+,Other,Bachelor's degree,"$56,000 to $99,999",Independent,4.0175343454184595e-05
Female,60+,Other,Bachelor's degree,"$56,000 to $99,999",Other,1.42750675751115e-06
Female,60+,Other,Bachelor's degree,"$56,000 to $99,999",Republican,3.3130679188686266e-05
Female,60+,Other,Bachelor's degree,"Less than $30,000",Democrat,5.188794921591228e-05
Female,60+,Other,Bachelor's degree,"Less than $30,000",Independent,6.0753671812257726e-05
Female,60+,Other,Bachelor's degree,"Less than $30,000",Other,2.1586941043706116e-06
Female,60+,Other,Bachelor's degree,"Less than $30,000",Republican,5.010063977777878e-05
Female,60+,Other,Doctorate degree / Ph.D.,"$100,000 to $167,999",Democrat,1.252253349170969e-06
Female,60+,Other,Doctorate degree / Ph.D.,"$100,000 to $167,999",Independent,1.552006224161077e-06
Female,60+,Other,Doctorate degree / Ph.D.,"$100,000 to $167,999",Other,4.45527550295672e-07
Female,60+,Other,Doctorate degree / Ph.D.,"$100,000 to $167,999",Republican,5.789523274634512e-07
Female,60+,Other,Doctorate degree / Ph.D.,"$168,000 or more",Democrat,2.3485753017557892e-06
Female,60+,Other,Doctorate degree / Ph.D.,"$168,000 or more",Independent,2.9107556299602377e-06
Female,60+,Other,Doctorate degree / Ph.D.,"$168,000 or more",Other,8.355777220072083e-07
Female,60+,Other,Doctorate degree / Ph.D.,"$168,000 or more",Republican,1.0858131368343821e-06
Female,60+,Other,Doctorate degree / Ph.D.,"$30,000 to $55,999",Democrat,2.473731867799281e-06
Female,60+,Other,Doctorate degree / Ph.D.,"$30,000 to $55,999",Independent,3.0658710222430547e-06
Female,60+,Other,Doctorate degree / Ph.D.,"$30,000 to $55,999",Other,8.801060104000406e-07
Female,60+,Other,Doctorate degree / Ph.D.,"$30,000 to $55,999",Republican,1.143676575775219e-06
Female,60+,Other,Doctorate degree / Ph.D.,"$56,000 to $99,999",Democrat,2.977257856497079e-06
Female,60+,Other,Doctorate degree / Ph.D.,"$56,000 to $99,999",Independent,3.6899264252517145e-06
Female,60+,Other,Doctorate degree / Ph.D.,"$56,000 to $99,999",Other,1.0592508299393545e-06
Female,60+,Other,Doctorate degree / Ph.D.,"$56,000 to $99,999",Republican,1.3764709566310702e-06
Female,60+,Other,Doctorate degree / Ph.D.,"Less than $30,000",Democrat,7.827097427403128e-06
Female,60+,Other,Doctorate degree / Ph.D.,"Less than $30,000",Independent,9.700675931501358e-06
Female,60+,Other,Doctorate degree / Ph.D.,"Less than $30,000",Other,2.784730058869554e-06
Female,60+,Other,Doctorate degree / Ph.D.,"Less than $30,000",Republican,3.618689681188101e-06
Female,60+,Other,High school diploma / GED,"$100,000 to $167,999",Democrat,8.163600129052714e-06
Female,60+,Other,High school diploma / GED,"$100,000 to $167,999",Independent,1.2048047108512568e-05
Female,60+,Other,High school diploma / GED,"$100,000 to $167,999",Other,2.3638258599584047e-06
Female,60+,Other,High school diploma / GED,"$100,000 to $167,999",Republican,1.731509541740554e-05
Female,60+,Other,High school diploma / GED,"$168,000 or more",Democrat,3.5728078001967868e-06
Female,60+,Other,High school diploma / GED,"$168,000 or more",Independent,5.272839924292919e-06
Female,60+,Other,High school diploma / GED,"$168,000 or more",Other,1.0345307630527294e-06
Female,60+,Other,High school diploma / GED,"$168,000 or more",Republican,7.5779689096110435e-06
Female,60+,Other,High school diploma / GED,"$30,000 to $55,999",Democrat,2.7962890821705543e-05
Female,60+,Other,High school diploma / GED,"$30,000 to $55,999",Independent,4.126834001963723e-05
Female,60+,Other,High school diploma / GED,"$30,000 to $55,999",Other,8.09684494568833e-06
Female,60+,Other,High school diploma / GED,"$30,000 to $55,999",Republican,5.9309632401177944e-05
Female,60+,Other,High school diploma / GED,"$56,000 to $99,999",Democrat,2.0738526890281737e-05
Female,60+,Other,High school diploma / GED,"$56,000 to $99,999",Independent,3.060644139661727e-05
Female,60+,Other,High school diploma / GED,"$56,000 to $99,999",Other,6.004981305518596e-06
Female,60+,Other,High school diploma / GED,"$56,000 to $99,999",Republican,4.398666841161496e-05
Female,60+,Other,High school diploma / GED,"Less than $30,000",Democrat,6.287132258525826e-05
Female,60+,Other,High school diploma / GED,"Less than $30,000",Independent,6.528358644234837e-05
Female,60+,Other,High school diploma / GED,"Less than $30,000",Other,1.0921531035769663e-05
Female,60+,Other,High school diploma / GED,"Less than $30,000",Republican,0.0001369302537912477
Female,60+,Other,Less than high school,"$100,000 to $167,999",Democrat,6.463549194065053e-07
Female,60+,Other,Less than high school,"$100,000 to $167,999",Independent,6.162637209738447e-06
Female,60+,Other,Less than high school,"$100,000 to $167,999",Other,2.234665290842002e-06
Female,60+,Other,Less than high school,"$100,000 to $167,999",Republican,6.47837383806986e-06
Female,60+,Other,Less than high school,"$168,000 or more",Democrat,3.737526944026498e-07
Female,60+,Other,Less than high school,"$168,000 or more",Independent,3.5635255377660084e-06
Female,60+,Other,Less than high school,"$168,000 or more",Other,1.2921881592657873e-06
Female,60+,Other,Less than high school,"$168,000 or more",Republican,3.746099247685055e-06
Female,60+,Other,Less than high school,"$30,000 to $55,999",Democrat,3.07340509868711e-06
Female,60+,Other,Less than high school,"$30,000 to $55,999",Independent,2.9303220340862167e-05
Female,60+,Other,Less than high school,"$30,000 to $55,999",Other,1.0625790092290564e-05
Female,60+,Other,Less than high school,"$30,000 to $55,999",Republican,3.080454188142855e-05
Female,60+,Other,Less than high school,"$56,000 to $99,999",Democrat,1.993855570600206e-06
Female,60+,Other,Less than high school,"$56,000 to $99,999",Independent,1.9010311767268092e-05
Female,60+,Other,Less than high school,"$56,000 to $99,999",Other,6.893426049365357e-06
Female,60+,Other,Less than high school,"$56,000 to $99,999",Republican,1.9984286307168163e-05
Female,60+,Other,Less than high school,"Less than $30,000",Democrat,8.705486497075625e-06
Female,60+,Other,Less than high school,"Less than $30,000",Independent,8.300200618108566e-05
Female,60+,Other,Less than high school,"Less than $30,000",Other,3.009778053947744e-05
Female,60+,Other,Less than high school,"Less than $30,000",Republican,8.725453195608107e-05
Female,60+,Other,Master's degree / Professional degree,"$100,000 to $167,999",Democrat,1.4846266008072265e-05
Female,60+,Other,Master's degree / Professional degree,"$100,000 to $167,999",Independent,1.1087591162687435e-05
Female,60+,Other,Master's degree / Professional degree,"$100,000 to $167,999",Other,7.281666918728218e-06
Female,60+,Other,Master's degree / Professional degree,"$100,000 to $167,999",Republican,5.193100769229726e-06
Female,60+,Other,Master's degree / Professional degree,"$168,000 or more",Democrat,1.1083013546017859e-05
Female,60+,Other,Master's degree / Professional degree,"$168,000 or more",Independent,8.277092905512946e-06
Female,60+,Other,Master's degree / Professional degree,"$168,000 or more",Other,5.435899710673039e-06
Female,60+,Other,Master's degree / Professional degree,"$168,000 or more",Republican,3.87674625659508e-06
Female,60+,Other,Master's degree / Professional degree,"$30,000 to $55,999",Democrat,1.9080029973468992e-05
Female,60+,Other,Master's degree / Professional degree,"$30,000 to $55,999",Independent,1.4249480078197489e-05
Female,60+,Other,Master's degree / Professional degree,"$30,000 to $55,999",Other,9.35820650058473e-06
Female,60+,Other,Master's degree / Professional degree,"$30,000 to $55,999",Republican,6.674036305039499e-06
Female,60+,Other,Master's degree / Professional degree,"$56,000 to $99,999",Democrat,2.7296396814300417e-05
Female,60+,Other,Master's degree / Professional degree,"$56,000 to $99,999",Independent,2.03856840451928e-05
Female,60+,Other,Master's degree / Professional degree,"$56,000 to $99,999",Other,1.3388098365952588e-05
Female,60+,Other,Master's degree / Professional degree,"$56,000 to $99,999",Republican,9.548053309597787e-06
Female,60+,Other,Master's degree / Professional degree,"Less than $30,000",Democrat,3.337199010440718e-05
Female,60+,Other,Master's degree / Professional degree,"Less than $30,000",Independent,2.492310068819543e-05
Female,60+,Other,Master's degree / Professional degree,"Less than $30,000",Other,1.636800231272029e-05
Female,60+,Other,Master's degree / Professional degree,"Less than $30,000",Republican,1.1673245473824495e-05
Female,60+,Other,Some college or Associate's degree,"$100,000 to $167,999",Democrat,2.1759951567942036e-05
Female,60+,Other,Some college or Associate's degree,"$100,000 to $167,999",Independent,3.033325993413977e-05
Female,60+,Other,Some college or Associate's degree,"$100,000 to $167,999",Other,6.506197989504864e-06
Female,60+,Other,Some college or Associate's degree,"$100,000 to $167,999",Republican,2.5644107602019838e-05
Female,60+,Other,Some college or Associate's degree,"$168,000 or more",Democrat,7.095271894754613e-06
Female,60+,Other,Some college or Associate's degree,"$168,000 or more",Independent,9.890772321573816e-06
Female,60+,Other,Some college or Associate's degree,"$168,000 or more",Other,2.1214773200439045e-06
Female,60+,Other,Some college or Associate's degree,"$168,000 or more",Republican,8.361779453716064e-06
Female,60+,Other,Some college or Associate's degree,"$30,000 to $55,999",Democrat,5.117221756153506e-05
Female,60+,Other,Some college or Associate's degree,"$30,000 to $55,999",Independent,6.03638975342816e-05
Female,60+,Other,Some college or Associate's degree,"$30,000 to $55,999",Other,4.0284383412322896e-05
Female,60+,Other,Some college or Associate's degree,"$30,000 to $55,999",Republican,9.183389051118137e-05
Female,60+,Other,Some college or Associate's degree,"$56,000 to $99,999",Democrat,6.550377292448631e-05
Female,60+,Other,Some college or Associate's degree,"$56,000 to $99,999",Independent,7.963177415849727e-05
Female,60+,Other,Some college or Associate's degree,"$56,000 to $99,999",Other,1.1796284865021654e-05
Female,60+,Other,Some college or Associate's degree,"$56,000 to $99,999",Republican,4.9813165010719816e-05
Female,60+,Other,Some college or Associate's degree,"Less than $30,000",Democrat,0.00016499785633398615
Female,60+,Other,Some college or Associate's degree,"Less than $30,000",Independent,0.00015697159928719693
Female,60+,Other,Some college or Associate's degree,"Less than $30,000",Other,1.3307757476700992e-05
Female,60+,Other,Some college or Associate's degree,"Less than $30,000",Republican,0.00010889677611333256
Female,60+,White / Caucasian,Bachelor's degree,"$100,000 to $167,999",Democrat,0.001217683310366154
Female,60+,White / Caucasian,Bachelor's degree,"$100,000 to $167,999",Independent,0.0008348367206188136
Female,60+,White / Caucasian,Bachelor's degree,"$100,000 to $167,999",Other,3.427949234955471e-05
Female,60+,White / Caucasian,Bachelor's degree,"$100,000 to $167,999",Republican,0.0015254743665747855
Female,60+,White / Caucasian,Bachelor's degree,"$168,000 or more",Democrat,0.0007941612109378746
Female,60+,White / Caucasian,Bachelor's degree,"$168,000 or more",Independent,0.00043182308299340773
Female,60+,White / Caucasian,Bachelor's degree,"$168,000 or more",Other,3.845940129687605e-05
Female,60+,White / Caucasian,Bachelor's degree,"$168,000 or more",Republican,0.0009747326996786185
Female,60+,White / Caucasian,Bachelor's degree,"$30,000 to $55,999",Democrat,0.0020775856210872045
Female,60+,White / Caucasian,Bachelor's degree,"$30,000 to $55,999",Independent,0.0013516591016983538
Female,60+,White / Caucasian,Bachelor's degree,"$30,000 to $55,999",Other,0.000226274040698942
Female,60+,White / Caucasian,Bachelor's degree,"$30,000 to $55,999",Republican,0.002073612440816877
Female,60+,White / Caucasian,Bachelor's degree,"$56,000 to $99,999",Democrat,0.0020381940075846787
Female,60+,White / Caucasian,Bachelor's degree,"$56,000 to $99,999",Independent,0.0014980076733469307
Female,60+,White / Caucasian,Bachelor's degree,"$56,000 to $99,999",Other,0.00020349342539683463
Female,60+,White / Caucasian,Bachelor's degree,"$56,000 to $99,999",Republican,0.0027502717264084077
Female,60+,White / Caucasian,Bachelor's degree,"Less than $30,000",Democrat,0.002048130858916199
Female,60+,White / Caucasian,Bachelor's degree,"Less than $30,000",Independent,0.000955695634568545
Female,60+,White / Caucasian,Bachelor's degree,"Less than $30,000",Other,0.00020363148316848
Female,60+,White / Caucasian,Bachelor's degree,"Less than $30,000",Republican,0.002942292598853578
Female,60+,White / Caucasian,Doctorate degree / Ph.D.,"$100,000 to $167,999",Democrat,0.000129978218408858
Female,60+,White / Caucasian,Doctorate degree / Ph.D.,"$100,000 to $167,999",Independent,6.01065329391485e-05
Female,60+,White / Caucasian,Doctorate degree / Ph.D.,"$100,000 to $167,999",Republican,0.00012882795647162627
Female,60+,White / Caucasian,Doctorate degree / Ph.D.,"$168,000 or more",Democrat,0.00014512834155393638
Female,60+,White / Caucasian,Doctorate degree / Ph.D.,"$168,000 or more",Independent,8.865458319927522e-05
Female,60+,White / Caucasian,Doctorate degree / Ph.D.,"$168,000 or more",Other,9.354727087076503e-07
Female,60+,White / Caucasian,Doctorate degree / Ph.D.,"$168,000 or more",Republican,7.110892676955525e-05
Female,60+,White / Caucasian,Doctorate degree / Ph.D.,"$30,000 to $55,999",Democrat,0.00012159370721418355
Female,60+,White / Caucasian,Doctorate degree / Ph.D.,"$30,000 to $55,999",Independent,7.427797573723302e-05
Female,60+,White / Caucasian,Doctorate degree / Ph.D.,"$30,000 to $55,999",Other,7.837724419057285e-07
Female,60+,White / Caucasian,Doctorate degree / Ph.D.,"$30,000 to $55,999",Republican,5.957759820964199e-05
Female,60+,White / Caucasian,Doctorate degree / Ph.D.,"$56,000 to $99,999",Democrat,0.00016507314651462542
Female,60+,White / Caucasian,Doctorate degree / Ph.D.,"$56,000 to $99,999",Independent,0.00010083827076745152
Female,60+,White / Caucasian,Doctorate degree / Ph.D.,"$56,000 to $99,999",Other,1.0640335433554266e-06
Female,60+,White / Caucasian,Doctorate degree / Ph.D.,"$56,000 to $99,999",Republican,8.088133690114622e-05
Female,60+,White / Caucasian,Doctorate degree / Ph.D.,"Less than $30,000",Democrat,0.000117130636750855
Female,60+,White / Caucasian,Doctorate degree / Ph.D.,"Less than $30,000",Independent,7.155161886249165e-05
Female,60+,White / Caucasian,Doctorate degree / Ph.D.,"Less than $30,000",Other,7.550042456266341e-07
Female,60+,White / Caucasian,Doctorate degree / Ph.D.,"Less than $30,000",Republican,5.739081548101662e-05
Female,60+,White / Caucasian,High school diploma / GED,"$100,000 to $167,999",Democrat,0.0004120806598699943
Female,60+,White / Caucasian,High school diploma / GED,"$100,000 to $167,999",Independent,0.00037445567578847015
Female,60+,White / Caucasian,High school diploma / GED,"$100,000 to $167,999",Republican,0.0011211774349797513
Female,60+,White / Caucasian,High school diploma / GED,"$168,000 or more",Democrat,0.00017255778035951588
Female,60+,White / Caucasian,High school diploma / GED,"$168,000 or more",Independent,0.0001342101205824785
Female,60+,White / Caucasian,High school diploma / GED,"$168,000 or more",Other,1.9035256352952913e-05
Female,60+,White / Caucasian,High school diploma / GED,"$168,000 or more",Republican,0.0003676036686613681
Female,60+,White / Caucasian,High school diploma / GED,"$30,000 to $55,999",Democrat,0.0020046156839231754
Female,60+,White / Caucasian,High school diploma / GED,"$30,000 to $55,999",Independent,0.0016701485182585292
Female,60+,White / Caucasian,High school diploma / GED,"$30,000 to $55,999",Other,0.00040407168273399265
Female,60+,White / Caucasian,High school diploma / GED,"$30,000 to $55,999",Republican,0.004076438404352972
Female,60+,White / Caucasian,High school diploma / GED,"$56,000 to $99,999",Democrat,0.0016210467265798955
Female,60+,White / Caucasian,High school diploma / GED,"$56,000 to $99,999",Independent,0.0008497109933577623
Female,60+,White / Caucasian,High school diploma / GED,"$56,000 to $99,999",Other,0.00011561109760834148
Female,60+,White / Caucasian,High school diploma / GED,"$56,000 to $99,999",Republican,0.003088631181615929
Female,60+,White / Caucasian,High school diploma / GED,"Less than $30,000",Democrat,0.0031092394729216937
Female,60+,White / Caucasian,High school diploma / GED,"Less than $30,000",Independent,0.002835100116023781
Female,60+,White / Caucasian,High school diploma / GED,"Less than $30,000",Other,0.00021924363548660647
Female,60+,White / Caucasian,High school diploma / GED,"Less than $30,000",Republican,0.006384020364380674
Female,60+,White / Caucasian,Less than high school,"$100,000 to $167,999",Democrat,4.92720347419201e-05
Female,60+,White / Caucasian,Less than high school,"$100,000 to $167,999",Independent,0.00010972572170872797
Female,60+,White / Caucasian,Less than high school,"$100,000 to $167,999",Other,8.743761093999846e-06
Female,60+,White / Caucasian,Less than high school,"$100,000 to $167,999",Republican,0.00016162383297242054
Female,60+,White / Caucasian,Less than high school,"$168,000 or more",Democrat,1.7241262438646247e-05
Female,60+,White / Caucasian,Less than high school,"$168,000 or more",Independent,3.839520681780389e-05
Female,60+,White / Caucasian,Less than high school,"$168,000 or more",Other,3.0596154697507698e-06
Female,60+,White / Caucasian,Less than high school,"$168,000 or more",Republican,5.6555385528794114e-05
Female,60+,White / Caucasian,Less than high school,"$30,000 to $55,999",Democrat,0.00025569732705521585
Female,60+,White / Caucasian,Less than high school,"$30,000 to $55,999",Independent,0.0004319357074977651
Female,60+,White / Caucasian,Less than high school,"$30,000 to $55,999",Other,0.00012747082579086171
Female,60+,White / Caucasian,Less than high school,"$30,000 to $55,999",Republican,0.0010124253059228794
Female,60+,White / Caucasian,Less than high school,"$56,000 to $99,999",Democrat,7.882520659245909e-05
Female,60+,White / Caucasian,Less than high school,"$56,000 to $99,999",Independent,9.760842052762907e-05
Female,60+,White / Caucasian,Less than high school,"$56,000 to $99,999",Republican,0.0008404782559112076
Female,60+,White / Caucasian,Less than high school,"Less than $30,000",Democrat,0.0007417506169644017
Female,60+,White / Caucasian,Less than high school,"Less than $30,000",Independent,0.0018344765670674534
Female,60+,White / Caucasian,Less than high school,"Less than $30,000",Other,8.590377346214815e-05
Female,60+,White / Caucasian,Less than high school,"Less than $30,000",Republican,0.0020186742195282843
Female,60+,White / Caucasian,Master's degree / Professional degree,"$100,000 to $167,999",Democrat,0.0011510840636749793
Female,60+,White / Caucasian,Master's degree / Professional degree,"$100,000 to $167,999",Independent,0.0006355880955125291
Female,60+,White / Caucasian,Master's degree / Professional degree,"$100,000 to $167,999",Other,0.0001234402070580685
Female,60+,White / Caucasian,Master's degree / Professional degree,"$100,000 to $167,999",Republican,0.0009619772876274999
Female,60+,White / Caucasian,Master's degree / Professional degree,"$168,000 or more",Democrat,0.0010096325853339218
Female,60+,White / Caucasian,Master's degree / Professional degree,"$168,000 or more",Independent,0.00022457432472258273
Female,60+,White / Caucasian,Master's degree / Professional degree,"$168,000 or more",Other,1.3021746463230974e-05
Female,60+,White / Caucasian,Master's degree / Professional degree,"$168,000 or more",Republican,0.0007290704247607872
Female,60+,White / Caucasian,Master's degree / Professional degree,"$30,000 to $55,999",Democrat,0.0012509302935707124
Female,60+,White / Caucasian,Master's degree / Professional degree,"$30,000 to $55,999",Independent,0.0008179177953928329
Female,60+,White / Caucasian,Master's degree / Professional degree,"$30,000 to $55,999",Other,0.00010686765324681582
Female,60+,White / Caucasian,Master's degree / Professional degree,"$30,000 to $55,999",Republican,0.0010257151122996615
Female,60+,White / Caucasian,Master's degree / Professional degree,"$56,000 to $99,999",Democrat,0.0018409213919615604
Female,60+,White / Caucasian,Master's degree / Professional degree,"$56,000 to $99,999",Independent,0.0010146063277137645
Female,60+,White / Caucasian,Master's degree / Professional degree,"$56,000 to $99,999",Other,9.356383968960021e-05
Female,60+,White / Caucasian,Master's degree / Professional degree,"$56,000 to $99,999",Republican,0.0015378907986550066
Female,60+,White / Caucasian,Master's degree / Professional degree,"Less than $30,000",Democrat,0.0010634322393711572
Female,60+,White / Caucasian,Master's degree / Professional degree,"Less than $30,000",Independent,0.0006497290393221188
Female,60+,White / Caucasian,Master's degree / Professional degree,"Less than $30,000",Other,0.00018582817884916957
Female,60+,White / Caucasian,Master's degree / Professional degree,"Less than $30,000",Republican,0.0011086745373015412
Female,60+,White / Caucasian,Some college or Associate's degree,"$100,000 to $167,999",Democrat,0.0010702834757384029
Female,60+,White / Caucasian,Some college or Associate's degree,"$100,000 to $167,999",Independent,0.0008025729282472034
Female,60+,White / Caucasian,Some college or Associate's degree,"$100,000 to $167,999",Other,0.00018473178799336627
Female,60+,White / Caucasian,Some college or Associate's degree,"$100,000 to $167,999",Republican,0.0017011355889425446
Female,60+,White / Caucasian,Some college or Associate's degree,"$168,000 or more",Democrat,0.00041497559949230155
Female,60+,White / Caucasian,Some college or Associate's degree,"$168,000 or more",Independent,0.0002901157448287803
Female,60+,White / Caucasian,Some college or Associate's degree,"$168,000 or more",Other,2.907778419475897e-05
Female,60+,White / Caucasian,Some college or Associate's degree,"$168,000 or more",Republican,0.0007594884193841339
Female,60+,White / Caucasian,Some college or Associate's degree,"$30,000 to $55,999",Democrat,0.003042089510829695
Female,60+,White / Caucasian,Some college or Associate's degree,"$30,000 to $55,999",Independent,0.002559295887296565
Female,60+,White / Caucasian,Some college or Associate's degree,"$30,000 to $55,999",Other,0.00047066142257082483
Female,60+,White / Caucasian,Some college or Associate's degree,"$30,000 to $55,999",Republican,0.0045877127148943216
Female,60+,White / Caucasian,Some college or Associate's degree,"$56,000 to $99,999",Democrat,0.002756241855182522
Female,60+,White / Caucasian,Some college or Associate's degree,"$56,000 to $99,999",Independent,0.001879145397344476
Female,60+,White / Caucasian,Some college or Associate's degree,"$56,000 to $99,999",Other,0.00015596903918738768
Female,60+,White / Caucasian,Some college or Associate's degree,"$56,000 to $99,999",Republican,0.004304669503349012
Female,60+,White / Caucasian,Some college or Associate's degree,"Less than $30,000",Democrat,0.004485099997561772
Female,60+,White / Caucasian,Some college or Associate's degree,"Less than $30,000",Independent,0.0030084725561803877
Female,60+,White / Caucasian,Some college or Associate's degree,"Less than $30,000",Other,0.0004195240083233547
Female,60+,White / Caucasian,Some college or Associate's degree,"Less than $30,000",Republican,0.005681140501545654
Male,18-29,Asian / Asian American,Bachelor's degree,"$100,000 to $167,999",Democrat,0.0001167643147185072
Male,18-29,Asian / Asian American,Bachelor's degree,"$100,000 to $167,999",Independent,0.00022716339232835823
Male,18-29,Asian / Asian American,Bachelor's degree,"$100,000 to $167,999",Other,1.2546311134555148e-06
Male,18-29,Asian / Asian American,Bachelor's degree,"$100,000 to $167,999",Republican,4.91167500193014e-05
Male,18-29,Asian / Asian American,Bachelor's degree,"$168,000 or more",Democrat,8.48816929011947e-05
Male,18-29,Asian / Asian American,Bachelor's degree,"$168,000 or more",Independent,0.00016513618353770104
Male,18-29,Asian / Asian American,Bachelor's degree,"$168,000 or more",Other,9.120527374596532e-07
Male,18-29,Asian / Asian American,Bachelor's degree,"$168,000 or more",Republican,3.5705368557969914e-05
Male,18-29,Asian / Asian American,Bachelor's degree,"$30,000 to $55,999",Democrat,9.827471301750866e-05
Male,18-29,Asian / Asian American,Bachelor's degree,"$30,000 to $55,999",Independent,0.00019119212272150393
Male,18-29,Asian / Asian American,Bachelor's degree,"$30,000 to $55,999",Other,1.0559605724995977e-06
Male,18-29,Asian / Asian American,Bachelor's degree,"$30,000 to $55,999",Republican,4.1339124236169385e-05
Male,18-29,Asian / Asian American,Bachelor's degree,"$56,000 to $99,999",Democrat,0.0001518212787084021
Male,18-29,Asian / Asian American,Bachelor's degree,"$56,000 to $99,999",Independent,0.00029536624080887374
Male,18-29,Asian / Asian American,Bachelor's degree,"$56,000 to $99,999",Other,1.631317756725303e-06
Male,18-29,Asian / Asian American,Bachelor's degree,"$56,000 to $99,999",Republican,6.386341419386869e-05
Male,18-29,Asian / Asian American,Bachelor's degree,"Less than $30,000",Democrat,0.0001817754304035548
Male,18-29,Asian / Asian American,Bachelor's degree,"Less than $30,000",Independent,0.00035364163710433643
Male,18-29,Asian / Asian American,Bachelor's degree,"Less than $30,000",Other,1.953174745176831e-06
Male,18-29,Asian / Asian American,Bachelor's degree,"Less than $30,000",Republican,7.646358732380071e-05
Male,18-29,Asian / Asian American,Doctorate degree / Ph.D.,"$100,000 to $167,999",Democrat,7.149648975963154e-06
Male,18-29,Asian / Asian American,Doctorate degree / Ph.D.,"$100,000 to $167,999",Independent,4.641141743136664e-06
Male,18-29,Asian / Asian American,Doctorate degree / Ph.D.,"$100,000 to $167,999",Republican,1.7341635111872734e-06
Male,18-29,Asian / Asian American,Doctorate degree / Ph.D.,"$168,000 or more",Democrat,3.869729345160242e-06
Male,18-29,Asian / Asian American,Doctorate degree / Ph.D.,"$168,000 or more",Independent,2.5120061780438153e-06
Male,18-29,Asian / Asian American,Doctorate degree / Ph.D.,"$168,000 or more",Republican,9.386115949340684e-07
Male,18-29,Asian / Asian American,Doctorate degree / Ph.D.,"$30,000 to $55,999",Democrat,1.0805019763916344e-05
Male,18-29,Asian / Asian American,Doctorate degree / Ph.D.,"$30,000 to $55,999",Independent,7.013998649489395e-06
Male,18-29,Asian / Asian American,Doctorate degree / Ph.D.,"$30,000 to $55,999",Republican,2.6207819538044996e-06
Male,18-29,Asian / Asian American,Doctorate degree / Ph.D.,"$56,000 to $99,999",Democrat,1.0338810081593478e-05
Male,18-29,Asian / Asian American,Doctorate degree / Ph.D.,"$56,000 to $99,999",Independent,6.711362083000943e-06
Male,18-29,Asian / Asian American,Doctorate degree / Ph.D.,"$56,000 to $99,999",Republican,2.5077017421235308e-06
Male,18-29,Asian / Asian American,Doctorate degree / Ph.D.,"Less than $30,000",Democrat,6.842167685251913e-06
Male,18-29,Asian / Asian American,Doctorate degree / Ph.D.,"Less than $30,000",Independent,4.441542537867808e-06
Male,18-29,Asian / Asian American,Doctorate degree / Ph.D.,"Less than $30,000",Republican,1.6595832294815732e-06
Male,18-29,Asian / Asian American,High school diploma / GED,"$100,000 to $167,999",Democrat,3.2967979548103734e-05
Male,18-29,Asian / Asian American,High school diploma / GED,"$100,000 to $167,999",Independent,5.248189910258467e-05
Male,18-29,Asian / Asian American,High school diploma / GED,"$100,000 to $167,999",Other,7.014892365329179e-09
Male,18-29,Asian / Asian American,High school diploma / GED,"$100,000 to $167,999",Republican,1.562644063682756e-05
Male,18-29,Asian / Asian American,High school diploma / GED,"$168,000 or more",Democrat,1.688443991740156e-05
Male,18-29,Asian / Asian American,High school diploma / GED,"$168,000 or more",Independent,2.6878428229299523e-05
Male,18-29,Asian / Asian American,High school diploma / GED,"$168,000 or more",Other,3.5926535472584624e-09
Male,18-29,Asian / Asian American,High school diploma / GED,"$168,000 or more",Republican,8.003029050366328e-06
Male,18-29,Asian / Asian American,High school diploma / GED,"$30,000 to $55,999",Democrat,4.057872810825269e-05
Male,18-29,Asian / Asian American,High school diploma / GED,"$30,000 to $55,999",Independent,6.45974895483405e-05
Male,18-29,Asian / Asian American,High school diploma / GED,"$30,000 to $55,999",Other,8.634299520418236e-09
Male,18-29,Asian / Asian American,High school diploma / GED,"$30,000 to $55,999",Republican,1.92338473450081e-05
Male,18-29,Asian / Asian American,High school diploma / GED,"$56,000 to $99,999",Democrat,4.7052135247325766e-05
Male,18-29,Asian / Asian American,High school diploma / GED,"$56,000 to $99,999",Independent,7.490254023629883e-05
Male,18-29,Asian / Asian American,High school diploma / GED,"$56,000 to $99,999",Other,1.0011704352015285e-08
Male,18-29,Asian / Asian American,High school diploma / GED,"$56,000 to $99,999",Republican,2.2302167386554562e-05
Male,18-29,Asian / Asian American,High school diploma / GED,"Less than $30,000",Democrat,5.608774523652871e-05
Male,18-29,Asian / Asian American,High school diploma / GED,"Less than $30,000",Independent,8.928637504460843e-05
Male,18-29,Asian / Asian American,High school diploma / GED,"Less than $30,000",Other,1.1934292038557277e-08
Male,18-29,Asian / Asian American,High school diploma / GED,"Less than $30,000",Republican,2.6584941916543265e-05
Male,18-29,Asian / Asian American,Less than high school,"$100,000 to $167,999",Democrat,1.3654823241969411e-05
Male,18-29,Asian / Asian American,Less than high school,"$100,000 to $167,999",Independent,1.7956740854647587e-05
Male,18-29,Asian / Asian American,Less than high school,"$168,000 or more",Democrat,8.659981418112039e-06
Male,18-29,Asian / Asian American,Less than high school,"$168,000 or more",Independent,1.1388286715652353e-05
Male,18-29,Asian / Asian American,Less than high school,"$30,000 to $55,999",Democrat,2.6339649039544287e-05
Male,18-29,Asian / Asian American,Less than high school,"$30,000 to $55,999",Independent,3.4637889017247196e-05
Male,18-29,Asian / Asian American,Less than high school,"$56,000 to $99,999",Democrat,2.206227547052891e-05
Male,18-29,Asian / Asian American,Less than high school,"$56,000 to $99,999",Independent,2.9012939696683875e-05
Male,18-29,Asian / Asian American,Less than high school,"Less than $30,000",Democrat,2.3093907186137504e-05
Male,18-29,Asian / Asian American,Less than high school,"Less than $30,000",Independent,3.0369584381594974e-05
Male,18-29,Asian / Asian American,Master's degree / Professional degree,"$100,000 to $167,999",Democrat,9.261191270016959e-05
Male,18-29,Asian / Asian American,Master's degree / Professional degree,"$100,000 to $167,999",Independent,5.6222255885719594e-05
Male,18-29,Asian / Asian American,Master's degree / Professional degree,"$100,000 to $167,999",Other,5.754184621824902e-06
Male,18-29,Asian / Asian American,Master's degree / Professional degree,"$100,000 to $167,999",Republican,1.4694609326945283e-05
Male,18-29,Asian / Asian American,Master's degree / Professional degree,"$168,000 or more",Democrat,8.091829402553345e-05
Male,18-29,Asian / Asian American,Master's degree / Professional degree,"$168,000 or more",Independent,4.9123367608961084e-05
Male,18-29,Asian / Asian American,Master's degree / Professional degree,"$168,000 or more",Other,5.0276340216994345e-06
Male,18-29,Asian / Asian American,Master's degree / Professional degree,"$168,000 or more",Republican,1.2839198364876546e-05
Male,18-29,Asian / Asian American,Master's degree / Professional degree,"$30,000 to $55,999",Democrat,7.991587113220994e-05
Male,18-29,Asian / Asian American,Master's degree / Professional degree,"$30,000 to $55,999",Independent,4.851482304087079e-05
Male,18-29,Asian / Asian American,Master's degree / Professional degree,"$30,000 to $55,999",Other,4.965351252354175e-06
Male,18-29,Asian / Asian American,Master's degree / Professional degree,"$30,000 to $55,999",Republican,1.2680145254231217e-05
Male,18-29,Asian / Asian American,Master's degree / Professional degree,"$56,000 to $99,999",Democrat,0.00011698314520346755
Male,18-29,Asian / Asian American,Master's degree / Professional degree,"$56,000 to $99,999",Independent,7.101739001157255e-05
Male,18-29,Asian / Asian American,Master's degree / Professional degree,"$56,000 to $99,999",Other,7.268423634892379e-06
Male,18-29,Asian / Asian American,Master's degree / Professional degree,"$56,000 to $99,999",Republican,1.8561560456780453e-05
Male,18-29,Asian / Asian American,Master's degree / Professional degree,"Less than $30,000",Democrat,0.00012419019138084118
Male,18-29,Asian / Asian American,Master's degree / Professional degree,"Less than $30,000",Independent,7.539259815219588e-05
Male,18-29,Asian / Asian American,Master's degree / Professional degree,"Less than $30,000",Other,7.716213482586013e-06
Male,18-29,Asian / Asian American,Master's degree / Professional degree,"Less than $30,000",Republican,1.9705092912703517e-05
Male,18-29,Asian / Asian American,Some college or Associate's degree,"$100,000 to $167,999",Democrat,8.028413970710338e-05
Male,18-29,Asian / Asian American,Some college or Associate's degree,"$100,000 to $167,999",Independent,0.00011929507889908413
Male,18-29,Asian / Asian American,Some college or Associate's degree,"$100,000 to $167,999",Other,7.489609481271872e-07
Male,18-29,Asian / Asian American,Some college or Associate's degree,"$100,000 to $167,999",Republican,8.127398746628427e-05
Male,18-29,Asian / Asian American,Some college or Associate's degree,"$168,000 or more",Democrat,4.033821245558325e-05
Male,18-29,Asian / Asian American,Some college or Associate's degree,"$168,000 or more",Independent,5.993898988134834e-05
Male,18-29,Asian / Asian American,Some college or Associate's degree,"$168,000 or more",Other,3.7631026447701324e-07
Male,18-29,Asian / Asian American,Some college or Associate's degree,"$168,000 or more",Republican,4.083555463741631e-05
Male,18-29,Asian / Asian American,Some college or Associate's degree,"$30,000 to $55,999",Democrat,0.00011444778612304712
Male,18-29,Asian / Asian American,Some college or Associate's degree,"$30,000 to $55,999",Independent,0.0001700592137523575
Male,18-29,Asian / Asian American,Some college or Associate's degree,"$30,000 to $55,999",Other,1.067669439050998e-06
Male,18-29,Asian / Asian American,Some college or Associate's degree,"$30,000 to $55,999",Republican,0.00011585884794734288
Male,18-29,Asian / Asian American,Some college or Associate's degree,"$56,000 to $99,999",Democrat,0.00019135354127893003
Male,18-29,Asian / Asian American,Some college or Associate's degree,"$56,000 to $99,999",Independent,0.00020444600560586175
Male,18-29,Asian / Asian American,Some college or Associate's degree,"$56,000 to $99,999",Other,4.542744666593808e-06
Male,18-29,Asian / Asian American,Some college or Associate's degree,"$56,000 to $99,999",Republican,2.6261254776439995e-05
Male,18-29,Asian / Asian American,Some college or Associate's degree,"Less than $30,000",Democrat,0.0002339831217450839
Male,18-29,Asian / Asian American,Some college or Associate's degree,"Less than $30,000",Independent,0.00023745991182354468
Male,18-29,Asian / Asian American,Some college or Associate's degree,"Less than $30,000",Other,1.7483145265674265e-06
Male,18-29,Asian / Asian American,Some college or Associate's degree,"Less than $30,000",Republican,0.00023662172663943646
Male,18-29,Black / African American,Bachelor's degree,"$100,000 to $167,999",Democrat,0.0001930155565017558
Male,18-29,Black / African American,Bachelor's degree,"$100,000 to $167,999",Independent,0.00010955826124224746
Male,18-29,Black / African American,Bachelor's degree,"$100,000 to $167,999",Other,1.3967520696078014e-05
Male,18-29,Black / African American,Bachelor's degree,"$100,000 to $167,999",Republican,4.0192392074537446e-05
Male,18-29,Black / African American,Bachelor's degree,"$168,000 or more",Democrat,7.33003106781658e-05
Male,18-29,Black / African American,Bachelor's degree,"$168,000 or more",Independent,4.1606255640556807e-05
Male,18-29,Black / African American,Bachelor's degree,"$168,000 or more",Other,5.3043579749848645e-06
Male,18-29,Black / African American,Bachelor's degree,"$168,000 or more",Republican,1.526361335509993e-05
Male,18-29,Black / African American,Bachelor's degree,"$30,000 to $55,999",Democrat,0.00027124805649979635
Male,18-29,Black / African American,Bachelor's degree,"$30,000 to $55,999",Independent,0.00015396409478106622
Male,18-29,Black / African American,Bachelor's degree,"$30,000 to $55,999",Other,1.9628795272247296e-05
Male,18-29,Black / African American,Bachelor's degree,"$30,000 to $55,999",Republican,5.6483054702364994e-05
Male,18-29,Black / African American,Bachelor's degree,"$56,000 to $99,999",Democrat,0.00028029404259333966
Male,18-29,Black / African American,Bachelor's degree,"$56,000 to $99,999",Independent,0.00015909871981125716
Male,18-29,Black / African American,Bachelor's degree,"$56,000 to $99,999",Other,2.0283405710224343e-05
Male,18-29,Black / African American,Bachelor's degree,"$56,000 to $99,999",Republican,5.8366736133862454e-05
Male,18-29,Black / African American,Bachelor's degree,"Less than $30,000",Democrat,0.00015549134975034095
Male,18-29,Black / African American,Bachelor's degree,"Less than $30,000",Independent,0.00016288262966784214
Male,18-29,Black / African American,Bachelor's degree,"Less than $30,000",Republican,3.932613547149118e-05
Male,18-29,Black / African American,Doctorate degree / Ph.D.,"$100,000 to $167,999",Democrat,1.318266805968818e-06
Male,18-29,Black / African American,Doctorate degree / Ph.D.,"$100,000 to $167,999",Independent,4.810593956374844e-07
Male,18-29,Black / African American,Doctorate degree / Ph.D.,"$100,000 to $167,999",Other,8.821982869314138e-08
Male,18-29,Black / African American,Doctorate degree / Ph.D.,"$100,000 to $167,999",Republican,2.1649676737854504e-07
Male,18-29,Black / African American,Doctorate degree / Ph.D.,"$168,000 or more",Democrat,1.0552472625843185e-06
Male,18-29,Black / African American,Doctorate degree / Ph.D.,"$168,000 or more",Independent,3.8507880808987715e-07
Male,18-29,Black / African American,Doctorate degree / Ph.D.,"$168,000 or more",Other,7.061827872217316e-08
Male,18-29,Black / African American,Doctorate degree / Ph.D.,"$168,000 or more",Republican,1.7330150474862752e-07
Male,18-29,Black / African American,Doctorate degree / Ph.D.,"$30,000 to $55,999",Democrat,8.501065684181864e-06
Male,18-29,Black / African American,Doctorate degree / Ph.D.,"$30,000 to $55,999",Independent,3.10219259241806e-06
Male,18-29,Black / African American,Doctorate degree / Ph.D.,"$30,000 to $55,999",Other,5.689004342459386e-07
Male,18-29,Black / African American,Doctorate degree / Ph.D.,"$30,000 to $55,999",Republican,1.3961158936604392e-06
Male,18-29,Black / African American,Doctorate degree / Ph.D.,"$56,000 to $99,999",Democrat,2.135888986866207e-06
Male,18-29,Black / African American,Doctorate degree / Ph.D.,"$56,000 to $99,999",Independent,7.79424514459723e-07
Male,18-29,Black / African American,Doctorate degree / Ph.D.,"$56,000 to $99,999",Other,1.429359820604944e-07
Male,18-29,Black / African American,Doctorate degree / Ph.D.,"$56,000 to $99,999",Republican,3.5077349975154136e-07
Male,18-29,Black / African American,Doctorate degree / Ph.D.,"Less than $30,000",Democrat,1.674568597606137e-06
Male,18-29,Black / African American,Doctorate degree / Ph.D.,"Less than $30,000",Independent,6.110803623898361e-07
Male,18-29,Black / African American,Doctorate degree / Ph.D.,"Less than $30,000",Other,1.1206392677630832e-07
Male,18-29,Black / African American,Doctorate degree / Ph.D.,"Less than $30,000",Republican,2.750116186600906e-07
Male,18-29,Black / African American,High school diploma / GED,"$100,000 to $167,999",Democrat,0.00013001011533130452
Male,18-29,Black / African American,High school diploma / GED,"$100,000 to $167,999",Independent,0.0001798044872795129
Male,18-29,Black / African American,High school diploma / GED,"$100,000 to $167,999",Other,1.0894391752313755e-05
Male,18-29,Black / African American,High school diploma / GED,"$100,000 to $167,999",Republican,3.446040338883628e-05
Male,18-29,Black / African American,High school diploma / GED,"$168,000 or more",Democrat,3.0859599709382615e-05
Male,18-29,Black / African American,High school diploma / GED,"$168,000 or more",Independent,4.267894455178981e-05
Male,18-29,Black / African American,High school diploma / GED,"$168,000 or more",Other,2.585926238868973e-06
Male,18-29,Black / African American,High school diploma / GED,"$168,000 or more",Republican,8.179627036660905e-06
Male,18-29,Black / African American,High school diploma / GED,"$30,000 to $55,999",Democrat,0.0006820598204279222
Male,18-29,Black / African American,High school diploma / GED,"$30,000 to $55,999",Independent,0.0003210211480473615
Male,18-29,Black / African American,High school diploma / GED,"$30,000 to $55,999",Republican,8.584871648799039e-05
Male,18-29,Black / African American,High school diploma / GED,"$56,000 to $99,999",Democrat,0.0003203846522062297
Male,18-29,Black / African American,High school diploma / GED,"$56,000 to $99,999",Independent,0.0004800794205316934
Male,18-29,Black / African American,High school diploma / GED,"$56,000 to $99,999",Republican,5.997641763415044e-05
Male,18-29,Black / African American,High school diploma / GED,"Less than $30,000",Democrat,0.0005348728938988943
Male,18-29,Black / African American,High school diploma / GED,"Less than $30,000",Independent,0.0005955559601156944
Male,18-29,Black / African American,High school diploma / GED,"Less than $30,000",Other,8.95975362346702e-05
Male,18-29,Black / African American,High school diploma / GED,"Less than $30,000",Republican,0.00014501063530970664
Male,18-29,Black / African American,Less than high school,"$100,000 to $167,999",Democrat,1.4033325186754136e-05
Male,18-29,Black / African American,Less than high school,"$100,000 to $167,999",Independent,6.616346164785641e-05
Male,18-29,Black / African American,Less than high school,"$100,000 to $167,999",Other,1.0053210124525764e-05
Male,18-29,Black / African American,Less than high school,"$100,000 to $167,999",Republican,3.1975188945257914e-07
Male,18-29,Black / African American,Less than high school,"$168,000 or more",Democrat,3.4995164567403255e-06
Male,18-29,Black / African American,Less than high school,"$168,000 or more",Independent,1.6499305744737446e-05
Male,18-29,Black / African American,Less than high school,"$168,000 or more",Other,2.506987745645174e-06
Male,18-29,Black / African American,Less than high school,"$168,000 or more",Republican,7.973712461742867e-08
Male,18-29,Black / African American,Less than high school,"$30,000 to $55,999",Democrat,5.953148047164273e-05
Male,18-29,Black / African American,Less than high school,"$30,000 to $55,999",Independent,0.00028067537612136526
Male,18-29,Black / African American,Less than high school,"$30,000 to $55,999",Other,4.264723251552857e-05
Male,18-29,Black / African American,Less than high school,"$30,000 to $55,999",Republican,1.3564357063915443e-06
Male,18-29,Black / African American,Less than high school,"$56,000 to $99,999",Democrat,4.2772663732125945e-05
Male,18-29,Black / African American,Less than high school,"$56,000 to $99,999",Independent,0.00020166193391487578
Male,18-29,Black / African American,Less than high school,"$56,000 to $99,999",Other,3.064153152316451e-05
Male,18-29,Black / African American,Less than high school,"$56,000 to $99,999",Republican,9.74582991789878e-07
Male,18-29,Black / African American,Less than high school,"Less than $30,000",Democrat,0.00011614394857514546
Male,18-29,Black / African American,Less than high school,"Less than $30,000",Independent,0.0005451232902114287
Male,18-29,Black / African American,Less than high school,"Less than $30,000",Republican,5.326936138320142e-06
Male,18-29,Black / African American,Master's degree / Professional degree,"$100,000 to $167,999",Democrat,1.3445375423486909e-05
Male,18-29,Black / African American,Master's degree / Professional degree,"$100,000 to $167,999",Independent,2.8114528419088795e-05
Male,18-29,Black / African American,Master's degree / Professional degree,"$100,000 to $167,999",Other,6.024289302827427e-06
Male,18-29,Black / African American,Master's degree / Professional degree,"$100,000 to $167,999",Republican,3.2101302883092756e-06
Male,18-29,Black / African American,Master's degree / Professional degree,"$168,000 or more",Democrat,5.702948460922021e-06
Male,18-29,Black / African American,Master's degree / Professional degree,"$168,000 or more",Independent,1.192497059599469e-05
Male,18-29,Black / African American,Master's degree / Professional degree,"$168,000 or more",Other,2.5552437418514827e-06
Male,18-29,Black / African American,Master's degree / Professional degree,"$168,000 or more",Republican,1.3615988405271887e-06
Male,18-29,Black / African American,Master's degree / Professional degree,"$30,000 to $55,999",Democrat,2.0972932714291583e-05
Male,18-29,Black / African American,Master's degree / Professional degree,"$30,000 to $55,999",Independent,4.385478978873094e-05
Male,18-29,Black / African American,Master's degree / Professional degree,"$30,000 to $55,999",Other,9.397061087555675e-06
Male,18-29,Black / African American,Master's degree / Professional degree,"$30,000 to $55,999",Republican,5.0073608523576414e-06
Male,18-29,Black / African American,Master's degree / Professional degree,"$56,000 to $99,999",Democrat,1.8825274526240225e-05
Male,18-29,Black / African American,Master's degree / Professional degree,"$56,000 to $99,999",Independent,3.936399683868928e-05
Male,18-29,Black / African American,Master's degree / Professional degree,"$56,000 to $99,999",Other,8.434788645106293e-06
Male,18-29,Black / African American,Master's degree / Professional degree,"$56,000 to $99,999",Republican,4.494599967573722e-06
Male,18-29,Black / African American,Master's degree / Professional degree,"Less than $30,000",Democrat,1.7294664928036813e-05
Male,18-29,Black / African American,Master's degree / Professional degree,"Less than $30,000",Independent,3.616346389023405e-05
Male,18-29,Black / African American,Master's degree / Professional degree,"Less than $30,000",Other,7.748988900671158e-06
Male,18-29,Black / African American,Master's degree / Professional degree,"Less than $30,000",Republican,4.12916158627076e-06
Male,18-29,Black / African American,Some college or Associate's degree,"$100,000 to $167,999",Democrat,0.00024253224427657946
Male,18-29,Black / African American,Some college or Associate's degree,"$100,000 to $167,999",Independent,0.0003207511620071204
Male,18-29,Black / African American,Some college or Associate's degree,"$100,000 to $167,999",Other,6.935043215803228e-05
Male,18-29,Black / African American,Some college or Associate's degree,"$100,000 to $167,999",Republican,7.597990347144054e-05
Male,18-29,Black / African American,Some college or Associate's degree,"$168,000 or more",Democrat,7.066777636695768e-05
Male,18-29,Black / African American,Some college or Associate's degree,"$168,000 or more",Independent,9.345879536047277e-05
Male,18-29,Black / African American,Some college or Associate's degree,"$168,000 or more",Other,2.0206966068836848e-05
Male,18-29,Black / African American,Some college or Associate's degree,"$168,000 or more",Republican,2.2138626733605352e-05
Male,18-29,Black / African American,Some college or Associate's degree,"$30,000 to $55,999",Democrat,0.00026527767325178723
Male,18-29,Black / African American,Some college or Associate's degree,"$30,000 to $55,999",Independent,0.0006794897335876451
Male,18-29,Black / African American,Some college or Associate's degree,"$30,000 to $55,999",Other,0.00020174329145144124
Male,18-29,Black / African American,Some college or Associate's degree,"$30,000 to $55,999",Republican,0.000495941207210659
Male,18-29,Black / African American,Some college or Associate's degree,"$56,000 to $99,999",Democrat,0.0008556010518462201
Male,18-29,Black / African American,Some college or Associate's degree,"$56,000 to $99,999",Independent,0.0003719290815618552
Male,18-29,Black / African American,Some college or Associate's degree,"$56,000 to $99,999",Other,0.00027155373322980284
Male,18-29,Black / African American,Some college or Associate's degree,"$56,000 to $99,999",Republican,8.326432216747257e-05
Male,18-29,Black / African American,Some college or Associate's degree,"Less than $30,000",Democrat,0.0005219021498667207
Male,18-29,Black / African American,Some college or Associate's degree,"Less than $30,000",Independent,0.001001088909460496
Male,18-29,Black / African American,Some college or Associate's degree,"Less than $30,000",Other,0.00014344422094461845
Male,18-29,Black / African American,Some college or Associate's degree,"Less than $30,000",Republican,0.00010586093375052207
Male,18-29,Hispanic / Latino,Bachelor's degree,"$100,000 to $167,999",Democrat,0.00020757376964798766
Male,18-29,Hispanic / Latino,Bachelor's degree,"$100,000 to $167,999",Independent,0.0001832308599387295
Male,18-29,Hispanic / Latino,Bachelor's degree,"$100,000 to $167,999",Other,9.00404382025574e-05
Male,18-29,Hispanic / Latino,Bachelor's degree,"$100,000 to $167,999",Republican,0.00012764616574211795
Male,18-29,Hispanic / Latino,Bachelor's degree,"$168,000 or more",Democrat,8.868791443716371e-05
Male,18-29,Hispanic / Latino,Bachelor's degree,"$168,000 or more",Independent,7.828716921243004e-05
Male,18-29,Hispanic / Latino,Bachelor's degree,"$168,000 or more",Other,3.847065403656399e-05
Male,18-29,Hispanic / Latino,Bachelor's degree,"$168,000 or more",Republican,5.4538067332722526e-05
Male,18-29,Hispanic / Latino,Bachelor's degree,"$30,000 to $55,999",Democrat,0.00011966578265196648
Male,18-29,Hispanic / Latino,Bachelor's degree,"$30,000 to $55,999",Independent,0.00024240979650148525
Male,18-29,Hispanic / Latino,Bachelor's degree,"$30,000 to $55,999",Other,7.559719714629507e-06
Male,18-29,Hispanic / Latino,Bachelor's degree,"$30,000 to $55,999",Republican,0.00025918098573370963
Male,18-29,Hispanic / Latino,Bachelor's degree,"$56,000 to $99,999",Democrat,0.00026515607373604706
Male,18-29,Hispanic / Latino,Bachelor's degree,"$56,000 to $99,999",Independent,6.631746765838211e-05
Male,18-29,Hispanic / Latino,Bachelor's degree,"$56,000 to $99,999",Other,0.000435747414569345
Male,18-29,Hispanic / Latino,Bachelor's degree,"$56,000 to $99,999",Republican,0.00010664719542749412
Male,18-29,Hispanic / Latino,Bachelor's degree,"Less than $30,000",Democrat,0.00017909736501143505
Male,18-29,Hispanic / Latino,Bachelor's degree,"Less than $30,000",Independent,0.00015809398393379291
Male,18-29,Hispanic / Latino,Bachelor's degree,"Less than $30,000",Other,7.768806845826504e-05
Male,18-29,Hispanic / Latino,Bachelor's degree,"Less than $30,000",Republican,0.00011013478233302334
Male,18-29,Hispanic / Latino,Doctorate degree / Ph.D.,"$100,000 to $167,999",Democrat,1.1547177584947127e-06
Male,18-29,Hispanic / Latino,Doctorate degree / Ph.D.,"$100,000 to $167,999",Independent,1.951735307026658e-06
Male,18-29,Hispanic / Latino,Doctorate degree / Ph.D.,"$100,000 to $167,999",Other,2.040352792352349e-07
Male,18-29,Hispanic / Latino,Doctorate degree / Ph.D.,"$100,000 to $167,999",Republican,5.945982521726724e-07
Male,18-29,Hispanic / Latino,Doctorate degree / Ph.D.,"$168,000 or more",Democrat,5.476974126688266e-07
Male,18-29,Hispanic / Latino,Doctorate degree / Ph.D.,"$168,000 or more",Independent,9.257330373669764e-07
Male,18-29,Hispanic / Latino,Doctorate degree / Ph.D.,"$168,000 or more",Other,9.677654449168275e-08
Male,18-29,Hispanic / Latino,Doctorate degree / Ph.D.,"$168,000 or more",Republican,2.8202556156831637e-07
Male,18-29,Hispanic / Latino,Doctorate degree / Ph.D.,"$30,000 to $55,999",Democrat,4.24959521332345e-06
Male,18-29,Hispanic / Latino,Doctorate degree / Ph.D.,"$30,000 to $55,999",Independent,7.182781209866389e-06
Male,18-29,Hispanic / Latino,Doctorate degree / Ph.D.,"$30,000 to $55,999",Other,7.508911503339795e-07
Male,18-29,Hispanic / Latino,Doctorate degree / Ph.D.,"$30,000 to $55,999",Republican,2.1882419904734225e-06
Male,18-29,Hispanic / Latino,Doctorate degree / Ph.D.,"$56,000 to $99,999",Democrat,3.686006121436695e-06
Male,18-29,Hispanic / Latino,Doctorate degree / Ph.D.,"$56,000 to $99,999",Independent,6.2301876248119786e-06
Male,18-29,Hispanic / Latino,Doctorate degree / Ph.D.,"$56,000 to $99,999",Other,6.513065922104847e-07
Male,18-29,Hispanic / Latino,Doctorate degree / Ph.D.,"$56,000 to $99,999",Republican,1.8980333342765208e-06
Male,18-29,Hispanic / Latino,High school diploma / GED,"$100,000 to $167,999",Democrat,0.00019121067562089772
Male,18-29,Hispanic / Latino,High school diploma / GED,"$100,000 to $167,999",Independent,0.0004751734440786134
Male,18-29,Hispanic / Latino,High school diploma / GED,"$100,000 to $167,999",Other,3.4068723779102644e-05
Male,18-29,Hispanic / Latino,High school diploma / GED,"$100,000 to $167,999",Republican,0.00017066878180644493
Male,18-29,Hispanic / Latino,High school diploma / GED,"$168,000 or more",Democrat,5.410744987070273e-05
Male,18-29,Hispanic / Latino,High school diploma / GED,"$168,000 or more",Independent,0.00013446123351578622
Male,18-29,Hispanic / Latino,High school diploma / GED,"$168,000 or more",Other,9.640527434207492e-06
Male,18-29,Hispanic / Latino,High school diploma / GED,"$168,000 or more",Republican,4.829464948073689e-05
Male,18-29,Hispanic / Latino,High school diploma / GED,"$30,000 to $55,999",Democrat,0.0004143159755901766
Male,18-29,Hispanic / Latino,High school diploma / GED,"$30,000 to $55,999",Independent,0.0007052142899176498
Male,18-29,Hispanic / Latino,High school diploma / GED,"$30,000 to $55,999",Republican,0.0006525498938235682
Male,18-29,Hispanic / Latino,High school diploma / GED,"$56,000 to $99,999",Democrat,0.00016422335403082271
Male,18-29,Hispanic / Latino,High school diploma / GED,"$56,000 to $99,999",Independent,0.0014393223174969858
Male,18-29,Hispanic / Latino,High school diploma / GED,"$56,000 to $99,999",Other,0.0001990851731697954
Male,18-29,Hispanic / Latino,High school diploma / GED,"$56,000 to $99,999",Republican,0.00010842915546786565
Male,18-29,Hispanic / Latino,High school diploma / GED,"Less than $30,000",Democrat,0.00015962817379617858
Male,18-29,Hispanic / Latino,High school diploma / GED,"Less than $30,000",Independent,0.0007161272187047368
Male,18-29,Hispanic / Latino,High school diploma / GED,"Less than $30,000",Other,0.0001086945309568221
Male,18-29,Hispanic / Latino,High school diploma / GED,"Less than $30,000",Republican,0.0004339909219724912
Male,18-29,Hispanic / Latino,Less than high school,"$100,000 to $167,999",Democrat,3.121205646510111e-05
Male,18-29,Hispanic / Latino,Less than high school,"$100,000 to $167,999",Independent,0.0002489760366743242
Male,18-29,Hispanic / Latino,Less than high school,"$100,000 to $167,999",Other,2.323724426987486e-05
Male,18-29,Hispanic / Latino,Less than high school,"$100,000 to $167,999",Republican,3.334381206825372e-05
Male,18-29,Hispanic / Latino,Less than high school,"$168,000 or more",Democrat,7.4483534625037395e-06
Male,18-29,Hispanic / Latino,Less than high school,"$168,000 or more",Independent,5.941490996971552e-05
Male,18-29,Hispanic / Latino,Less than high school,"$168,000 or more",Other,5.545267708011841e-06
Male,18-29,Hispanic / Latino,Less than high school,"$168,000 or more",Republican,7.957069357135913e-06
Male,18-29,Hispanic / Latino,Less than high school,"$30,000 to $55,999",Democrat,9.363454641125289e-05
Male,18-29,Hispanic / Latino,Less than high school,"$30,000 to $55,999",Independent,0.0007469151636111611
Male,18-29,Hispanic / Latino,Less than high school,"$30,000 to $55,999",Other,6.971052450485072e-05
Male,18-29,Hispanic / Latino,Less than high school,"$30,000 to $55,999",Republican,0.00010002970237234831
Male,18-29,Hispanic / Latino,Less than high school,"$56,000 to $99,999",Democrat,7.685842920339879e-05
Male,18-29,Hispanic / Latino,Less than high school,"$56,000 to $99,999",Independent,0.0006130934406540189
Male,18-29,Hispanic / Latino,Less than high school,"$56,000 to $99,999",Other,5.722077606758151e-05
Male,18-29,Hispanic / Latino,Less than high school,"$56,000 to $99,999",Republican,8.210779133008369e-05
Male,18-29,Hispanic / Latino,Less than high school,"Less than $30,000",Democrat,5.911251298299434e-06
Male,18-29,Hispanic / Latino,Less than high school,"Less than $30,000",Independent,0.0009191831123616009
Male,18-29,Hispanic / Latino,Less than high school,"Less than $30,000",Republican,0.00013291122823552818
Male,18-29,Hispanic / Latino,Master's degree / Professional degree,"$100,000 to $167,999",Democrat,5.2474405307147646e-05
Male,18-29,Hispanic / Latino,Master's degree / Professional degree,"$100,000 to $167,999",Independent,2.2260584319409332e-05
Male,18-29,Hispanic / Latino,Master's degree / Professional degree,"$100,000 to $167,999",Other,1.5519281328805633e-06
Male,18-29,Hispanic / Latino,Master's degree / Professional degree,"$100,000 to $167,999",Republican,2.307426140393658e-05
Male,18-29,Hispanic / Latino,Master's degree / Professional degree,"$168,000 or more",Democrat,2.35890794189299e-05
Male,18-29,Hispanic / Latino,Master's degree / Professional degree,"$168,000 or more",Independent,1.0006910766281823e-05
Male,18-29,Hispanic / Latino,Master's degree / Professional degree,"$168,000 or more",Other,6.976459430976082e-07
Male,18-29,Hispanic / Latino,Master's degree / Professional degree,"$168,000 or more",Republican,1.0372687057712455e-05
Male,18-29,Hispanic / Latino,Master's degree / Professional degree,"$30,000 to $55,999",Democrat,4.020856006732244e-05
Male,18-29,Hispanic / Latino,Master's degree / Professional degree,"$30,000 to $55,999",Independent,1.705719267329644e-05
Male,18-29,Hispanic / Latino,Master's degree / Professional degree,"$30,000 to $55,999",Other,1.1891663218638886e-06
Male,18-29,Hispanic / Latino,Master's degree / Professional degree,"$30,000 to $55,999",Republican,1.7680673468116615e-05
Male,18-29,Hispanic / Latino,Master's degree / Professional degree,"$56,000 to $99,999",Democrat,5.7763758078665064e-05
Male,18-29,Hispanic / Latino,Master's degree / Professional degree,"$56,000 to $99,999",Independent,2.4504422675961954e-05
Male,18-29,Hispanic / Latino,Master's degree / Professional degree,"$56,000 to $99,999",Other,1.7083604987701792e-06
Male,18-29,Hispanic / Latino,Master's degree / Professional degree,"$56,000 to $99,999",Republican,2.540011736730097e-05
Male,18-29,Hispanic / Latino,Master's degree / Professional degree,"Less than $30,000",Democrat,4.3776779098983965e-05
Male,18-29,Hispanic / Latino,Master's degree / Professional degree,"Less than $30,000",Independent,1.8570895213792e-05
Male,18-29,Hispanic / Latino,Master's degree / Professional degree,"Less than $30,000",Other,1.2946962362498093e-06
Male,18-29,Hispanic / Latino,Master's degree / Professional degree,"Less than $30,000",Republican,1.9249705421906972e-05
Male,18-29,Hispanic / Latino,Some college or Associate's degree,"$100,000 to $167,999",Democrat,0.0005149489403975692
Male,18-29,Hispanic / Latino,Some college or Associate's degree,"$100,000 to $167,999",Independent,0.0006338093964340599
Male,18-29,Hispanic / Latino,Some college or Associate's degree,"$100,000 to $167,999",Other,4.4253345149553474e-05
Male,18-29,Hispanic / Latino,Some college or Associate's degree,"$100,000 to $167,999",Republican,0.0003133457180557368
Male,18-29,Hispanic / Latino,Some college or Associate's degree,"$168,000 or more",Democrat,0.0001581316653210989
Male,18-29,Hispanic / Latino,Some college or Associate's degree,"$168,000 or more",Independent,0.00019463159838118918
Male,18-29,Hispanic / Latino,Some college or Associate's degree,"$168,000 or more",Other,1.3589415601332322e-05
Male,18-29,Hispanic / Latino,Some college or Associate's degree,"$168,000 or more",Republican,9.622289965124314e-05
Male,18-29,Hispanic / Latino,Some college or Associate's degree,"$30,000 to $55,999",Democrat,0.0007798563144986416
Male,18-29,Hispanic / Latino,Some college or Associate's degree,"$30,000 to $55,999",Independent,0.0014222162783605657
Male,18-29,Hispanic / Latino,Some college or Associate's degree,"$30,000 to $55,999",Other,3.656620368089979e-05
Male,18-29,Hispanic / Latino,Some college or Associate's degree,"$30,000 to $55,999",Republican,0.00017521818213545612
Male,18-29,Hispanic / Latino,Some college or Associate's degree,"$56,000 to $99,999",Democrat,0.0008822061052227823
Male,18-29,Hispanic / Latino,Some college or Associate's degree,"$56,000 to $99,999",Independent,0.0010693427214235763
Male,18-29,Hispanic / Latino,Some college or Associate's degree,"$56,000 to $99,999",Other,7.854636484355447e-07
Male,18-29,Hispanic / Latino,Some college or Associate's degree,"$56,000 to $99,999",Republican,0.0010578459878762504
Male,18-29,Hispanic / Latino,Some college or Associate's degree,"Less than $30,000",Democrat,0.000906266765992205
Male,18-29,Hispanic / Latino,Some college or Associate's degree,"Less than $30,000",Independent,0.0007350134695478928
Male,18-29,Hispanic / Latino,Some college or Associate's degree,"Less than $30,000",Other,0.00019610477489110943
Male,18-29,Hispanic / Latino,Some college or Associate's degree,"Less than $30,000",Republican,0.0002918347082853331
Male,18-29,Other,Bachelor's degree,"$100,000 to $167,999",Democrat,4.484498665077144e-05
Male,18-29,Other,Bachelor's degree,"$100,000 to $167,999",Independent,8.17332483402053e-05
Male,18-29,Other,Bachelor's degree,"$100,000 to $167,999",Other,3.7568056298620175e-05
Male,18-29,Other,Bachelor's degree,"$100,000 to $167,999",Republican,8.162579426579554e-06
Male,18-29,Other,Bachelor's degree,"$168,000 or more",Democrat,2.7041163034197732e-05
Male,18-29,Other,Bachelor's degree,"$168,000 or more",Independent,4.9284485485381285e-05
Male,18-29,Other,Bachelor's degree,"$168,000 or more",Other,2.26532330840025e-05
Male,18-29,Other,Bachelor's degree,"$168,000 or more",Republican,4.921969155049995e-06
Male,18-29,Other,Bachelor's degree,"$30,000 to $55,999",Democrat,4.221262117001649e-05
Male,18-29,Other,Bachelor's degree,"$30,000 to $55,999",Independent,7.693557088216041e-05
Male,18-29,Other,Bachelor's degree,"$30,000 to $55,999",Other,3.536284091189989e-05
Male,18-29,Other,Bachelor's degree,"$30,000 to $55,999",Republican,7.68344242774897e-06
Male,18-29,Other,Bachelor's degree,"$56,000 to $99,999",Democrat,6.243644895483661e-05
Male,18-29,Other,Bachelor's degree,"$56,000 to $99,999",Independent,0.00011379496726460545
Male,18-29,Other,Bachelor's degree,"$56,000 to $99,999",Other,5.230497776011427e-05
Male,18-29,Other,Bachelor's degree,"$56,000 to $99,999",Republican,1.1364536189435245e-05
Male,18-29,Other,Bachelor's degree,"Less than $30,000",Democrat,4.2238224091909096e-05
Male,18-29,Other,Bachelor's degree,"Less than $30,000",Independent,7.698223406860711e-05
Male,18-29,Other,Bachelor's degree,"Less than $30,000",Other,3.538428928512746e-05
Male,18-29,Other,Bachelor's degree,"Less than $30,000",Republican,7.688102611620318e-06
Male,18-29,Other,Doctorate degree / Ph.D.,"$100,000 to $167,999",Democrat,1.4331334822872575e-06
Male,18-29,Other,Doctorate degree / Ph.D.,"$100,000 to $167,999",Independent,1.7761837778561082e-06
Male,18-29,Other,Doctorate degree / Ph.D.,"$100,000 to $167,999",Other,5.098812073713794e-07
Male,18-29,Other,Doctorate degree / Ph.D.,"$100,000 to $167,999",Republican,6.62578355797814e-07
Male,18-29,Other,Doctorate degree / Ph.D.,"$168,000 or more",Democrat,4.14822018489542e-07
Male,18-29,Other,Doctorate degree / Ph.D.,"$168,000 or more",Independent,5.141182932679314e-07
Male,18-29,Other,Doctorate degree / Ph.D.,"$168,000 or more",Other,1.4758566054441345e-07
Male,18-29,Other,Doctorate degree / Ph.D.,"$168,000 or more",Republican,1.9178401339202004e-07
Male,18-29,Other,Doctorate degree / Ph.D.,"$30,000 to $55,999",Democrat,2.170669005938118e-06
Male,18-29,Other,Doctorate degree / Ph.D.,"$30,000 to $55,999",Independent,2.6902637633509218e-06
Male,18-29,Other,Doctorate degree / Ph.D.,"$30,000 to $55,999",Other,7.72282098793025e-07
Male,18-29,Other,Doctorate degree / Ph.D.,"$30,000 to $55,999",Republican,1.0035619980354873e-06
Male,18-29,Other,Doctorate degree / Ph.D.,"$56,000 to $99,999",Democrat,1.3978955777904354e-06
Male,18-29,Other,Doctorate degree / Ph.D.,"$56,000 to $99,999",Independent,1.7325109482792003e-06
Male,18-29,Other,Doctorate degree / Ph.D.,"$56,000 to $99,999",Other,4.973442416859499e-07
Male,18-29,Other,Doctorate degree / Ph.D.,"$56,000 to $99,999",Republican,6.462868706627381e-07
Male,18-29,Other,Doctorate degree / Ph.D.,"Less than $30,000",Democrat,1.189404578389237e-06
Male,18-29,Other,Doctorate degree / Ph.D.,"Less than $30,000",Independent,1.4741132933905597e-06
Male,18-29,Other,Doctorate degree / Ph.D.,"Less than $30,000",Other,4.23167171779602e-07
Male,18-29,Other,Doctorate degree / Ph.D.,"Less than $30,000",Republican,5.498955538110669e-07
Male,18-29,Other,High school diploma / GED,"$100,000 to $167,999",Democrat,2.3429536178718306e-05
Male,18-29,Other,High school diploma / GED,"$100,000 to $167,999",Independent,7.58199845853289e-05
Male,18-29,Other,High school diploma / GED,"$100,000 to $167,999",Other,4.898706153662196e-07
Male,18-29,Other,High school diploma / GED,"$100,000 to $167,999",Republican,3.582699956123879e-05
Male,18-29,Other,High school diploma / GED,"$168,000 or more",Democrat,9.110199232321857e-06
Male,18-29,Other,High school diploma / GED,"$168,000 or more",Independent,2.948138452656747e-05
Male,18-29,Other,High school diploma / GED,"$168,000 or more",Other,1.9047832914849056e-07
Male,18-29,Other,High school diploma / GED,"$168,000 or more",Republican,1.3930753959852756e-05
Male,18-29,Other,High school diploma / GED,"$30,000 to $55,999",Democrat,7.1149813294603e-05
Male,18-29,Other,High school diploma / GED,"$30,000 to $55,999",Independent,9.728092707815076e-05
Male,18-29,Other,High school diploma / GED,"$30,000 to $55,999",Republican,8.187673805876589e-05
Male,18-29,Other,High school diploma / GED,"$56,000 to $99,999",Democrat,4.074694566311587e-05
Male,18-29,Other,High school diploma / GED,"$56,000 to $99,999",Independent,0.00012179308645470492
Male,18-29,Other,High school diploma / GED,"$56,000 to $99,999",Republican,0.000126203391963467
Male,18-29,Other,High school diploma / GED,"Less than $30,000",Democrat,1.715886578830749e-05
Male,18-29,Other,High school diploma / GED,"Less than $30,000",Independent,0.0002589494502791757
Male,18-29,Other,High school diploma / GED,"Less than $30,000",Republican,2.7532264441138475e-07
Male,18-29,Other,Less than high school,"$100,000 to $167,999",Democrat,4.9583231496363916e-06
Male,18-29,Other,Less than high school,"$100,000 to $167,999",Independent,3.50977407936283e-05
Male,18-29,Other,Less than high school,"$100,000 to $167,999",Other,7.200508467522109e-06
Male,18-29,Other,Less than high school,"$100,000 to $167,999",Republican,4.502366184768871e-08
Male,18-29,Other,Less than high school,"$168,000 or more",Democrat,1.8879605954088089e-06
Male,18-29,Other,Less than high school,"$168,000 or more",Independent,1.3364024410369816e-05
Male,18-29,Other,Less than high school,"$168,000 or more",Other,2.741708404904209e-06
Male,18-29,Other,Less than high school,"$168,000 or more",Republican,1.7143477111950786e-08
Male,18-29,Other,Less than high school,"$30,000 to $55,999",Democrat,1.2393092867633313e-05
Male,18-29,Other,Less than high school,"$30,000 to $55,999",Independent,8.772513367376114e-05
Male,18-29,Other,Less than high school,"$30,000 to $55,999",Other,1.7997328419130067e-05
Male,18-29,Other,Less than high school,"$30,000 to $55,999",Republican,1.1253450121746155e-07
Male,18-29,Other,Less than high school,"$56,000 to $99,999",Democrat,1.0333107349890034e-05
Male,18-29,Other,Less than high school,"$56,000 to $99,999",Independent,7.314342216395705e-05
Male,18-29,Other,Less than high school,"$56,000 to $99,999",Other,1.5005804326035986e-05
Male,18-29,Other,Less than high school,"$56,000 to $99,999",Republican,9.382896538145818e-08
Male,18-29,Other,Less than high school,"Less than $30,000",Democrat,1.628768367763796e-05
Male,18-29,Other,Less than high school,"Less than $30,000",Independent,0.00011529319138633965
Male,18-29,Other,Less than high school,"Less than $30,000",Other,2.365307800596948e-05
Male,18-29,Other,Less than high school,"Less than $30,000",Republican,1.4789902554815648e-07
Male,18-29,Other,Master's degree / Professional degree,"$100,000 to $167,999",Democrat,1.3116584722540304e-05
Male,18-29,Other,Master's degree / Professional degree,"$100,000 to $167,999",Independent,1.6095519056360194e-05
Male,18-29,Other,Master's degree / Professional degree,"$100,000 to $167,999",Other,4.737613836288876e-06
Male,18-29,Other,Master's degree / Professional degree,"$100,000 to $167,999",Republican,7.6035571800694775e-06
Male,18-29,Other,Master's degree / Professional degree,"$168,000 or more",Democrat,5.546515923146081e-06
Male,18-29,Other,Master's degree / Professional degree,"$168,000 or more",Independent,6.806196477653914e-06
Male,18-29,Other,Master's degree / Professional degree,"$168,000 or more",Other,2.003360717484417e-06
Male,18-29,Other,Master's degree / Professional degree,"$168,000 or more",Republican,3.2152615840108246e-06
Male,18-29,Other,Master's degree / Professional degree,"$30,000 to $55,999",Democrat,7.879631612117194e-06
Male,18-29,Other,Master's degree / Professional degree,"$30,000 to $55,999",Independent,9.669190833798669e-06
Male,18-29,Other,Master's degree / Professional degree,"$30,000 to $55,999",Other,2.846064927730346e-06
Male,18-29,Other,Master's degree / Professional degree,"$30,000 to $55,999",Republican,4.567746161671018e-06
Male,18-29,Other,Master's degree / Professional degree,"$56,000 to $99,999",Democrat,1.47279728864296e-05
Male,18-29,Other,Master's degree / Professional degree,"$56,000 to $99,999",Independent,1.807287287579636e-05
Male,18-29,Other,Master's degree / Professional degree,"$56,000 to $99,999",Other,5.3196353778991015e-06
Male,18-29,Other,Master's degree / Professional degree,"$56,000 to $99,999",Republican,8.537663298590132e-06
Male,18-29,Other,Master's degree / Professional degree,"Less than $30,000",Democrat,1.32897081522364e-05
Male,18-29,Other,Master's degree / Professional degree,"Less than $30,000",Independent,1.630796090160573e-05
Male,18-29,Other,Master's degree / Professional degree,"Less than $30,000",Other,4.800144744544632e-06
Male,18-29,Other,Master's degree / Professional degree,"Less than $30,000",Republican,7.7039151562309e-06
Male,18-29,Other,Some college or Associate's degree,"$100,000 to $167,999",Democrat,6.383859094896743e-05
Male,18-29,Other,Some college or Associate's degree,"$100,000 to $167,999",Independent,0.00016135299218790315
Male,18-29,Other,Some college or Associate's degree,"$100,000 to $167,999",Other,2.5756989263794446e-05
Male,18-29,Other,Some college or Associate's degree,"$100,000 to $167,999",Republican,2.4164897439173256e-05
Male,18-29,Other,Some college or Associate's degree,"$168,000 or more",Democrat,2.525240657302643e-05
Male,18-29,Other,Some college or Associate's degree,"$168,000 or more",Independent,6.382583481143075e-05
Male,18-29,Other,Some college or Associate's degree,"$168,000 or more",Other,1.0188601523275549e-05
Male,18-29,Other,Some college or Associate's degree,"$168,000 or more",Republican,9.558823367785477e-06
Male,18-29,Other,Some college or Associate's degree,"$30,000 to $55,999",Democrat,0.00011548987499106444
Male,18-29,Other,Some college or Associate's degree,"$30,000 to $55,999",Independent,0.00028862600947075366
Male,18-29,Other,Some college or Associate's degree,"$30,000 to $55,999",Other,6.245730296407682e-06
Male,18-29,Other,Some college or Associate's degree,"$30,000 to $55,999",Republican,1.3383868817681538e-05
Male,18-29,Other,Some college or Associate's degree,"$56,000 to $99,999",Democrat,0.00010980880244167652
Male,18-29,Other,Some college or Associate's degree,"$56,000 to $99,999",Independent,0.0002775433883980713
Male,18-29,Other,Some college or Associate's degree,"$56,000 to $99,999",Other,4.4304614239079435e-05
Male,18-29,Other,Some college or Associate's degree,"$56,000 to $99,999",Republican,4.156605604034672e-05
Male,18-29,Other,Some college or Associate's degree,"Less than $30,000",Democrat,0.00012023133751231148
Male,18-29,Other,Some college or Associate's degree,"Less than $30,000",Independent,0.00030388650147170846
Male,18-29,Other,Some college or Associate's degree,"Less than $30,000",Other,4.850979984742832e-05
Male,18-29,Other,Some college or Associate's degree,"Less than $30,000",Republican,4.5511310584567754e-05
Male,18-29,White / Caucasian,Bachelor's degree,"$100,000 to $167,999",Democrat,0.0014299931599064018
Male,18-29,White / Caucasian,Bachelor's degree,"$100,000 to $167,999",Independent,0.0012636365014971663
Male,18-29,White / Caucasian,Bachelor's degree,"$100,000 to $167,999",Other,9.83007453676153e-05
Male,18-29,White / Caucasian,Bachelor's degree,"$100,000 to $167,999",Republican,0.0005002699494645535
Male,18-29,White / Caucasian,Bachelor's degree,"$168,000 or more",Democrat,0.0008717965384220966
Male,18-29,White / Caucasian,Bachelor's degree,"$168,000 or more",Independent,0.0006076000514789047
Male,18-29,White / Caucasian,Bachelor's degree,"$168,000 or more",Other,4.5521449397289374e-05
Male,18-29,White / Caucasian,Bachelor's degree,"$168,000 or more",Republican,0.00026580601522898826
Male,18-29,White / Caucasian,Bachelor's degree,"$30,000 to $55,999",Democrat,0.0008092115586793315
Male,18-29,White / Caucasian,Bachelor's degree,"$30,000 to $55,999",Independent,0.0009117989113899775
Male,18-29,White / Caucasian,Bachelor's degree,"$30,000 to $55,999",Other,0.0002812171061317911
Male,18-29,White / Caucasian,Bachelor's degree,"$30,000 to $55,999",Republican,0.0007342054861171487
Male,18-29,White / Caucasian,Bachelor's degree,"$56,000 to $99,999",Democrat,0.0015854611050324819
Male,18-29,White / Caucasian,Bachelor's degree,"$56,000 to $99,999",Independent,0.0012546396736442208
Male,18-29,White / Caucasian,Bachelor's degree,"$56,000 to $99,999",Other,0.0003006477998515381
Male,18-29,White / Caucasian,Bachelor's degree,"$56,000 to $99,999",Republican,0.0012423654578621812
Male,18-29,White / Caucasian,Bachelor's degree,"Less than $30,000",Democrat,0.0007527706725301786
Male,18-29,White / Caucasian,Bachelor's degree,"Less than $30,000",Independent,0.0006559617545266675
Male,18-29,White / Caucasian,Bachelor's degree,"Less than $30,000",Other,0.000443923735804139
Male,18-29,White / Caucasian,Bachelor's degree,"Less than $30,000",Republican,0.0003615560415114982
Male,18-29,White / Caucasian,Doctorate degree / Ph.D.,"$100,000 to $167,999",Democrat,1.665373809390681e-05
Male,18-29,White / Caucasian,Doctorate degree / Ph.D.,"$100,000 to $167,999",Independent,2.8721478117308347e-05
Male,18-29,White / Caucasian,Doctorate degree / Ph.D.,"$100,000 to $167,999",Other,2.6761575044424886e-06
Male,18-29,White / Caucasian,Doctorate degree / Ph.D.,"$100,000 to $167,999",Republican,4.389493630687592e-06
Male,18-29,White / Caucasian,Doctorate degree / Ph.D.,"$168,000 or more",Democrat,9.21170595019907e-06
Male,18-29,White / Caucasian,Doctorate degree / Ph.D.,"$168,000 or more",Independent,1.5886752234234006e-05
Male,18-29,White / Caucasian,Doctorate degree / Ph.D.,"$168,000 or more",Other,1.4802668246813831e-06
Male,18-29,White / Caucasian,Doctorate degree / Ph.D.,"$168,000 or more",Republican,2.4279668845614846e-06
Male,18-29,White / Caucasian,Doctorate degree / Ph.D.,"$30,000 to $55,999",Democrat,9.938696927707356e-06
Male,18-29,White / Caucasian,Doctorate degree / Ph.D.,"$30,000 to $55,999",Independent,1.7140540142645057e-05
Male,18-29,White / Caucasian,Doctorate degree / Ph.D.,"$30,000 to $55,999",Other,1.5970899876944132e-06
Male,18-29,White / Caucasian,Doctorate degree / Ph.D.,"$30,000 to $55,999",Republican,2.619582859746511e-06
Male,18-29,White / Caucasian,Doctorate degree / Ph.D.,"$56,000 to $99,999",Democrat,1.863149801606076e-05
Male,18-29,White / Caucasian,Doctorate degree / Ph.D.,"$56,000 to $99,999",Independent,3.213237529877765e-05
Male,18-29,White / Caucasian,Doctorate degree / Ph.D.,"$56,000 to $99,999",Other,2.9939718610639916e-06
Male,18-29,White / Caucasian,Doctorate degree / Ph.D.,"$56,000 to $99,999",Republican,4.910779874795176e-06
Male,18-29,White / Caucasian,Doctorate degree / Ph.D.,"Less than $30,000",Democrat,1.3221945521698022e-05
Male,18-29,White / Caucasian,Doctorate degree / Ph.D.,"Less than $30,000",Independent,2.280291768901031e-05
Male,18-29,White / Caucasian,Doctorate degree / Ph.D.,"Less than $30,000",Other,2.1246886754012356e-06
Male,18-29,White / Caucasian,Doctorate degree / Ph.D.,"Less than $30,000",Republican,3.484962074312092e-06
Male,18-29,White / Caucasian,High school diploma / GED,"$100,000 to $167,999",Democrat,0.0004549474423378497
Male,18-29,White / Caucasian,High school diploma / GED,"$100,000 to $167,999",Independent,0.0006230230949421067
Male,18-29,White / Caucasian,High school diploma / GED,"$100,000 to $167,999",Other,0.00026798825580997014
Male,18-29,White / Caucasian,High school diploma / GED,"$100,000 to $167,999",Republican,0.0006125734644070262
Male,18-29,White / Caucasian,High school diploma / GED,"$168,000 or more",Democrat,0.00014748625080093487
Male,18-29,White / Caucasian,High school diploma / GED,"$168,000 or more",Independent,0.000304316141291493
Male,18-29,White / Caucasian,High school diploma / GED,"$168,000 or more",Other,4.9254073654545394e-05
Male,18-29,White / Caucasian,High school diploma / GED,"$168,000 or more",Republican,0.00021728436589366513
Male,18-29,White / Caucasian,High school diploma / GED,"$30,000 to $55,999",Democrat,0.0003246640759493644
Male,18-29,White / Caucasian,High school diploma / GED,"$30,000 to $55,999",Independent,0.0016515006866393578
Male,18-29,White / Caucasian,High school diploma / GED,"$30,000 to $55,999",Other,7.634194850674016e-05
Male,18-29,White / Caucasian,High school diploma / GED,"$30,000 to $55,999",Republican,0.001025441483481797
Male,18-29,White / Caucasian,High school diploma / GED,"$56,000 to $99,999",Democrat,0.0008999804033362077
Male,18-29,White / Caucasian,High school diploma / GED,"$56,000 to $99,999",Independent,0.001293048809496986
Male,18-29,White / Caucasian,High school diploma / GED,"$56,000 to $99,999",Other,0.00010672614862922017
Male,18-29,White / Caucasian,High school diploma / GED,"$56,000 to $99,999",Republican,0.0010921376386947802
Male,18-29,White / Caucasian,High school diploma / GED,"Less than $30,000",Democrat,0.00038554237802751056
Male,18-29,White / Caucasian,High school diploma / GED,"Less than $30,000",Independent,0.0011551836119955156
Male,18-29,White / Caucasian,High school diploma / GED,"Less than $30,000",Other,0.00028791320953799226
Male,18-29,White / Caucasian,High school diploma / GED,"Less than $30,000",Republican,0.0007316879338639041
Male,18-29,White / Caucasian,Less than high school,"$100,000 to $167,999",Democrat,0.00011033179629651794
Male,18-29,White / Caucasian,Less than high school,"$100,000 to $167,999",Independent,0.00013336277775422676
Male,18-29,White / Caucasian,Less than high school,"$100,000 to $167,999",Other,4.0553562008875394e-06
Male,18-29,White / Caucasian,Less than high school,"$100,000 to $167,999",Republican,0.0002804125951439409
Male,18-29,White / Caucasian,Less than high school,"$168,000 or more",Democrat,4.787361039103032e-05
Male,18-29,White / Caucasian,Less than high school,"$168,000 or more",Independent,5.786688767137299e-05
Male,18-29,White / Caucasian,Less than high school,"$168,000 or more",Other,1.7596427256234753e-06
Male,18-29,White / Caucasian,Less than high school,"$168,000 or more",Republican,0.00012167266172827108
Male,18-29,White / Caucasian,Less than high school,"$30,000 to $55,999",Democrat,0.0001848620472039076
Male,18-29,White / Caucasian,Less than high school,"$30,000 to $55,999",Independent,0.0002234506909521254
Male,18-29,White / Caucasian,Less than high school,"$30,000 to $55,999",Other,6.794790573538331e-06
Male,18-29,White / Caucasian,Less than high school,"$30,000 to $55,999",Republican,0.0004698341560646322
Male,18-29,White / Caucasian,Less than high school,"$56,000 to $99,999",Democrat,0.00019307483581824017
Male,18-29,White / Caucasian,Less than high school,"$56,000 to $99,999",Independent,0.00023337784105282797
Male,18-29,White / Caucasian,Less than high school,"$56,000 to $99,999",Other,7.096659883670856e-06
Male,18-29,White / Caucasian,Less than high school,"$56,000 to $99,999",Republican,0.000490707281002473
Male,18-29,White / Caucasian,Less than high school,"Less than $30,000",Democrat,1.0110616321115124e-06
Male,18-29,White / Caucasian,Less than high school,"Less than $30,000",Independent,0.0004332550300159619
Male,18-29,White / Caucasian,Less than high school,"Less than $30,000",Other,1.367837646104747e-06
Male,18-29,White / Caucasian,Less than high school,"Less than $30,000",Republican,0.0006129415950450431
Male,18-29,White / Caucasian,Master's degree / Professional degree,"$100,000 to $167,999",Democrat,0.00034453010796672086
Male,18-29,White / Caucasian,Master's degree / Professional degree,"$100,000 to $167,999",Independent,6.45124092633425e-05
Male,18-29,White / Caucasian,Master's degree / Professional degree,"$100,000 to $167,999",Other,1.3258325409700783e-05
Male,18-29,White / Caucasian,Master's degree / Professional degree,"$100,000 to $167,999",Republican,0.0001525801919939151
Male,18-29,White / Caucasian,Master's degree / Professional degree,"$168,000 or more",Democrat,0.00019009080323242365
Male,18-29,White / Caucasian,Master's degree / Professional degree,"$168,000 or more",Independent,6.166476494398627e-05
Male,18-29,White / Caucasian,Master's degree / Professional degree,"$168,000 or more",Other,7.480499572291342e-06
Male,18-29,White / Caucasian,Master's degree / Professional degree,"$168,000 or more",Republican,6.553290258215276e-05
Male,18-29,White / Caucasian,Master's degree / Professional degree,"$30,000 to $55,999",Democrat,0.0002873067066812529
Male,18-29,White / Caucasian,Master's degree / Professional degree,"$30,000 to $55,999",Independent,9.320125031334669e-05
Male,18-29,White / Caucasian,Master's degree / Professional degree,"$30,000 to $55,999",Other,1.1306163475030011e-05
Male,18-29,White / Caucasian,Master's degree / Professional degree,"$30,000 to $55,999",Republican,9.904762408268989e-05
Male,18-29,White / Caucasian,Master's degree / Professional degree,"$56,000 to $99,999",Democrat,0.0004237289619117159
Male,18-29,White / Caucasian,Master's degree / Professional degree,"$56,000 to $99,999",Independent,0.00018638028012417374
Male,18-29,White / Caucasian,Master's degree / Professional degree,"$56,000 to $99,999",Other,1.0421087812515488e-05
Male,18-29,White / Caucasian,Master's degree / Professional degree,"$56,000 to $99,999",Republican,0.00011824818591929286
Male,18-29,White / Caucasian,Master's degree / Professional degree,"Less than $30,000",Democrat,0.00020239979877021953
Male,18-29,White / Caucasian,Master's degree / Professional degree,"Less than $30,000",Independent,6.56577583115123e-05
Male,18-29,White / Caucasian,Master's degree / Professional degree,"Less than $30,000",Other,7.964886161700596e-06
Male,18-29,White / Caucasian,Master's degree / Professional degree,"Less than $30,000",Republican,6.97763703972487e-05
Male,18-29,White / Caucasian,Some college or Associate's degree,"$100,000 to $167,999",Democrat,0.0009839429162727719
Male,18-29,White / Caucasian,Some college or Associate's degree,"$100,000 to $167,999",Independent,0.001531682740910065
Male,18-29,White / Caucasian,Some college or Associate's degree,"$100,000 to $167,999",Other,4.362412994078926e-05
Male,18-29,White / Caucasian,Some college or Associate's degree,"$100,000 to $167,999",Republican,0.001030209676511588
Male,18-29,White / Caucasian,Some college or Associate's degree,"$168,000 or more",Democrat,0.0004955407221159131
Male,18-29,White / Caucasian,Some college or Associate's degree,"$168,000 or more",Independent,0.0004200636875944018
Male,18-29,White / Caucasian,Some college or Associate's degree,"$168,000 or more",Other,2.1037870665449797e-06
Male,18-29,White / Caucasian,Some college or Associate's degree,"$168,000 or more",Republican,0.0006277669548665239
Male,18-29,White / Caucasian,Some college or Associate's degree,"$30,000 to $55,999",Democrat,0.0010334384426303493
Male,18-29,White / Caucasian,Some college or Associate's degree,"$30,000 to $55,999",Independent,0.0022824643091544036
Male,18-29,White / Caucasian,Some college or Associate's degree,"$30,000 to $55,999",Other,0.00022632255058039396
Male,18-29,White / Caucasian,Some college or Associate's degree,"$30,000 to $55,999",Republican,0.0016420285947895098
Male,18-29,White / Caucasian,Some college or Associate's degree,"$56,000 to $99,999",Democrat,0.0026843965090123027
Male,18-29,White / Caucasian,Some college or Associate's degree,"$56,000 to $99,999",Independent,0.0018263840686013472
Male,18-29,White / Caucasian,Some college or Associate's degree,"$56,000 to $99,999",Other,0.000431477627012151
Male,18-29,White / Caucasian,Some college or Associate's degree,"$56,000 to $99,999",Republican,0.0007525934104892417
Male,18-29,White / Caucasian,Some college or Associate's degree,"Less than $30,000",Democrat,0.001918353365605312
Male,18-29,White / Caucasian,Some college or Associate's degree,"Less than $30,000",Independent,0.0020852252064997487
Male,18-29,White / Caucasian,Some college or Associate's degree,"Less than $30,000",Other,3.055335814178573e-05
Male,18-29,White / Caucasian,Some college or Associate's degree,"Less than $30,000",Republican,0.0014459058759087099
Male,30-44,Asian / Asian American,Bachelor's degree,"$100,000 to $167,999",Democrat,0.00046490797022751267
Male,30-44,Asian / Asian American,Bachelor's degree,"$100,000 to $167,999",Independent,0.00020067329316712402
Male,30-44,Asian / Asian American,Bachelor's degree,"$100,000 to $167,999",Other,4.468646766042326e-05
Male,30-44,Asian / Asian American,Bachelor's degree,"$100,000 to $167,999",Republican,0.00020078761271674186
Male,30-44,Asian / Asian American,Bachelor's degree,"$168,000 or more",Democrat,0.00033044220095052637
Male,30-44,Asian / Asian American,Bachelor's degree,"$168,000 or more",Independent,0.00014263236793657033
Male,30-44,Asian / Asian American,Bachelor's degree,"$168,000 or more",Other,3.176175861039464e-05
Male,30-44,Asian / Asian American,Bachelor's degree,"$168,000 or more",Republican,0.00014271362273538335
Male,30-44,Asian / Asian American,Bachelor's degree,"$30,000 to $55,999",Democrat,0.00017703190786847383
Male,30-44,Asian / Asian American,Bachelor's degree,"$30,000 to $55,999",Independent,7.641421146262636e-05
Male,30-44,Asian / Asian American,Bachelor's degree,"$30,000 to $55,999",Other,1.7016121754067187e-05
Male,30-44,Asian / Asian American,Bachelor's degree,"$30,000 to $55,999",Republican,7.645774310603007e-05
Male,30-44,Asian / Asian American,Bachelor's degree,"$56,000 to $99,999",Democrat,0.00044196448833239973
Male,30-44,Asian / Asian American,Bachelor's degree,"$56,000 to $99,999",Independent,0.0001907699480677499
Male,30-44,Asian / Asian American,Bachelor's degree,"$56,000 to $99,999",Other,4.2481164186658933e-05
Male,30-44,Asian / Asian American,Bachelor's degree,"$56,000 to $99,999",Republican,0.00019087862588032536
Male,30-44,Asian / Asian American,Bachelor's degree,"Less than $30,000",Democrat,0.00020358105068695928
Male,30-44,Asian / Asian American,Bachelor's degree,"Less than $30,000",Independent,8.787390727627844e-05
Male,30-44,Asian / Asian American,Bachelor's degree,"Less than $30,000",Other,1.9567997583147132e-05
Male,30-44,Asian / Asian American,Bachelor's degree,"Less than $30,000",Republican,8.792396727850612e-05
Male,30-44,Asian / Asian American,Doctorate degree / Ph.D.,"$100,000 to $167,999",Democrat,7.011379582468641e-05
Male,30-44,Asian / Asian American,Doctorate degree / Ph.D.,"$100,000 to $167,999",Independent,6.33155279313467e-05
Male,30-44,Asian / Asian American,Doctorate degree / Ph.D.,"$100,000 to $167,999",Republican,2.3561956280255926e-05
Male,30-44,Asian / Asian American,Doctorate degree / Ph.D.,"$168,000 or more",Democrat,6.762764006603747e-05
Male,30-44,Asian / Asian American,Doctorate degree / Ph.D.,"$168,000 or more",Independent,6.10704310495289e-05
Male,30-44,Asian / Asian American,Doctorate degree / Ph.D.,"$168,000 or more",Republican,2.2726476007048857e-05
Male,30-44,Asian / Asian American,Doctorate degree / Ph.D.,"$30,000 to $55,999",Democrat,4.587852382104704e-05
Male,30-44,Asian / Asian American,Doctorate degree / Ph.D.,"$30,000 to $55,999",Independent,4.143011973996844e-05
Male,30-44,Asian / Asian American,Doctorate degree / Ph.D.,"$30,000 to $55,999",Republican,1.5417618740498787e-05
Male,30-44,Asian / Asian American,Doctorate degree / Ph.D.,"$56,000 to $99,999",Democrat,5.28346706081759e-05
Male,30-44,Asian / Asian American,Doctorate degree / Ph.D.,"$56,000 to $99,999",Independent,4.771179513658046e-05
Male,30-44,Asian / Asian American,Doctorate degree / Ph.D.,"$56,000 to $99,999",Republican,1.7755253218129863e-05
Male,30-44,Asian / Asian American,Doctorate degree / Ph.D.,"Less than $30,000",Democrat,2.9573627189535397e-05
Male,30-44,Asian / Asian American,Doctorate degree / Ph.D.,"Less than $30,000",Independent,2.6706153850694606e-05
Male,30-44,Asian / Asian American,Doctorate degree / Ph.D.,"Less than $30,000",Republican,9.938308184465461e-06
Male,30-44,Asian / Asian American,High school diploma / GED,"$100,000 to $167,999",Democrat,2.757974351306493e-05
Male,30-44,Asian / Asian American,High school diploma / GED,"$100,000 to $167,999",Independent,2.6331742867636694e-05
Male,30-44,Asian / Asian American,High school diploma / GED,"$100,000 to $167,999",Republican,4.149190603496223e-05
Male,30-44,Asian / Asian American,High school diploma / GED,"$168,000 or more",Democrat,1.079056872505845e-05
Male,30-44,Asian / Asian American,High school diploma / GED,"$168,000 or more",Independent,1.0302288740618735e-05
Male,30-44,Asian / Asian American,High school diploma / GED,"$168,000 or more",Republican,1.6233699323267296e-05
Male,30-44,Asian / Asian American,High school diploma / GED,"$30,000 to $55,999",Democrat,4.9102094705639346e-05
Male,30-44,Asian / Asian American,High school diploma / GED,"$30,000 to $55,999",Independent,4.6880194206256964e-05
Male,30-44,Asian / Asian American,High school diploma / GED,"$30,000 to $55,999",Republican,7.387086463226475e-05
Male,30-44,Asian / Asian American,High school diploma / GED,"$56,000 to $99,999",Democrat,4.766567462374542e-05
Male,30-44,Asian / Asian American,High school diploma / GED,"$56,000 to $99,999",Independent,4.550877303156677e-05
Male,30-44,Asian / Asian American,High school diploma / GED,"$56,000 to $99,999",Republican,7.17098653091042e-05
Male,30-44,Asian / Asian American,High school diploma / GED,"Less than $30,000",Democrat,3.3958538170788054e-05
Male,30-44,Asian / Asian American,High school diploma / GED,"Less than $30,000",Independent,3.24218930770849e-05
Male,30-44,Asian / Asian American,High school diploma / GED,"Less than $30,000",Republican,5.108838210186942e-05
Male,30-44,Asian / Asian American,Less than high school,"$100,000 to $167,999",Democrat,1.0914358793795532e-05
Male,30-44,Asian / Asian American,Less than high school,"$100,000 to $167,999",Independent,1.564864431221803e-05
Male,30-44,Asian / Asian American,Less than high school,"$100,000 to $167,999",Republican,6.1451075081035756e-06
Male,30-44,Asian / Asian American,Less than high school,"$168,000 or more",Democrat,6.690278508570209e-06
Male,30-44,Asian / Asian American,Less than high school,"$168,000 or more",Independent,9.592298613987897e-06
Male,30-44,Asian / Asian American,Less than high school,"$168,000 or more",Republican,3.766825103613952e-06
Male,30-44,Asian / Asian American,Less than high school,"$30,000 to $55,999",Democrat,3.357555885404748e-05
Male,30-44,Asian / Asian American,Less than high school,"$30,000 to $55,999",Independent,4.8139518593580725e-05
Male,30-44,Asian / Asian American,Less than high school,"$30,000 to $55,999",Republican,1.8904034831626546e-05
Male,30-44,Asian / Asian American,Less than high school,"$56,000 to $99,999",Democrat,2.8058540238759694e-05
Male,30-44,Asian / Asian American,Less than high school,"$56,000 to $99,999",Independent,4.0229400958122096e-05
Male,30-44,Asian / Asian American,Less than high school,"$56,000 to $99,999",Republican,1.5797789823956046e-05
Male,30-44,Asian / Asian American,Less than high school,"Less than $30,000",Democrat,3.8488297376297864e-05
Male,30-44,Asian / Asian American,Less than high school,"Less than $30,000",Independent,5.518323954742454e-05
Male,30-44,Asian / Asian American,Less than high school,"Less than $30,000",Republican,2.1670052235744875e-05
Male,30-44,Asian / Asian American,Master's degree / Professional degree,"$100,000 to $167,999",Democrat,0.00032411517564620465
Male,30-44,Asian / Asian American,Master's degree / Professional degree,"$100,000 to $167,999",Independent,0.0002539257208709007
Male,30-44,Asian / Asian American,Master's degree / Professional degree,"$100,000 to $167,999",Other,3.286537132629362e-05
Male,30-44,Asian / Asian American,Master's degree / Professional degree,"$100,000 to $167,999",Republican,6.59177552665306e-05
Male,30-44,Asian / Asian American,Master's degree / Professional degree,"$168,000 or more",Democrat,0.00037248141040491825
Male,30-44,Asian / Asian American,Master's degree / Professional degree,"$168,000 or more",Independent,0.0002918179022611465
Male,30-44,Asian / Asian American,Master's degree / Professional degree,"$168,000 or more",Other,3.776972133653482e-05
Male,30-44,Asian / Asian American,Master's degree / Professional degree,"$168,000 or more",Republican,7.575436232953514e-05
Male,30-44,Asian / Asian American,Master's degree / Professional degree,"$30,000 to $55,999",Democrat,0.00010669595158761206
Male,30-44,Asian / Asian American,Master's degree / Professional degree,"$30,000 to $55,999",Independent,8.359018169042749e-05
Male,30-44,Asian / Asian American,Master's degree / Professional degree,"$30,000 to $55,999",Other,1.0818999946385792e-05
Male,30-44,Asian / Asian American,Master's degree / Professional degree,"$30,000 to $55,999",Republican,2.1699562850333805e-05
Male,30-44,Asian / Asian American,Master's degree / Professional degree,"$56,000 to $99,999",Democrat,0.0002676006470692308
Male,30-44,Asian / Asian American,Master's degree / Professional degree,"$56,000 to $99,999",Independent,0.00020964981685012791
Male,30-44,Asian / Asian American,Master's degree / Professional degree,"$56,000 to $99,999",Other,2.713478199702338e-05
Male,30-44,Asian / Asian American,Master's degree / Professional degree,"$56,000 to $99,999",Republican,5.4423968046253174e-05
Male,30-44,Asian / Asian American,Master's degree / Professional degree,"Less than $30,000",Democrat,0.00011852622424341654
Male,30-44,Asian / Asian American,Master's degree / Professional degree,"Less than $30,000",Independent,9.285852435977406e-05
Male,30-44,Asian / Asian American,Master's degree / Professional degree,"Less than $30,000",Other,1.2018592970529563e-05
Male,30-44,Asian / Asian American,Master's degree / Professional degree,"Less than $30,000",Republican,2.4105574898695568e-05
Male,30-44,Asian / Asian American,Some college or Associate's degree,"$100,000 to $167,999",Democrat,9.151602529917956e-05
Male,30-44,Asian / Asian American,Some college or Associate's degree,"$100,000 to $167,999",Independent,0.00012960467494002012
Male,30-44,Asian / Asian American,Some college or Associate's degree,"$100,000 to $167,999",Other,1.4988673085989718e-07
Male,30-44,Asian / Asian American,Some college or Associate's degree,"$100,000 to $167,999",Republican,7.781751937593895e-05
Male,30-44,Asian / Asian American,Some college or Associate's degree,"$168,000 or more",Democrat,3.7394755415755273e-05
Male,30-44,Asian / Asian American,Some college or Associate's degree,"$168,000 or more",Independent,5.295832182698573e-05
Male,30-44,Asian / Asian American,Some college or Associate's degree,"$168,000 or more",Other,6.12458596431553e-08
Male,30-44,Asian / Asian American,Some college or Associate's degree,"$168,000 or more",Republican,3.1797350186603044e-05
Male,30-44,Asian / Asian American,Some college or Associate's degree,"$30,000 to $55,999",Democrat,9.161876336795179e-05
Male,30-44,Asian / Asian American,Some college or Associate's degree,"$30,000 to $55,999",Independent,0.00012975017223367612
Male,30-44,Asian / Asian American,Some college or Associate's degree,"$30,000 to $55,999",Other,1.500549972723945e-07
Male,30-44,Asian / Asian American,Some college or Associate's degree,"$30,000 to $55,999",Republican,7.790487917583389e-05
Male,30-44,Asian / Asian American,Some college or Associate's degree,"$56,000 to $99,999",Democrat,0.00012729668362284477
Male,30-44,Asian / Asian American,Some college or Associate's degree,"$56,000 to $99,999",Independent,0.00018027711811069287
Male,30-44,Asian / Asian American,Some college or Associate's degree,"$56,000 to $99,999",Other,2.0848899080963326e-07
Male,30-44,Asian / Asian American,Some college or Associate's degree,"$56,000 to $99,999",Republican,0.00010824237735336054
Male,30-44,Asian / Asian American,Some college or Associate's degree,"Less than $30,000",Democrat,6.816586790441577e-05
Male,30-44,Asian / Asian American,Some college or Associate's degree,"Less than $30,000",Independent,9.65362637076345e-05
Male,30-44,Asian / Asian American,Some college or Associate's degree,"Less than $30,000",Other,1.1164338773476063e-07
Male,30-44,Asian / Asian American,Some college or Associate's degree,"Less than $30,000",Republican,5.79625123478469e-05
Male,30-44,Black / African American,Bachelor's degree,"$100,000 to $167,999",Democrat,0.0004107928384849363
Male,30-44,Black / African American,Bachelor's degree,"$100,000 to $167,999",Independent,0.0002128442336264368
Male,30-44,Black / African American,Bachelor's degree,"$100,000 to $167,999",Republican,2.4736546802963173e-05
Male,30-44,Black / African American,Bachelor's degree,"$168,000 or more",Democrat,0.00010040133279383896
Male,30-44,Black / African American,Bachelor's degree,"$168,000 or more",Independent,8.925622116997609e-05
Male,30-44,Black / African American,Bachelor's degree,"$168,000 or more",Other,5.9379622346836544e-06
Male,30-44,Black / African American,Bachelor's degree,"$168,000 or more",Republican,2.5150962502976773e-05
Male,30-44,Black / African American,Bachelor's degree,"$30,000 to $55,999",Democrat,0.00028410571599222335
Male,30-44,Black / African American,Bachelor's degree,"$30,000 to $55,999",Independent,0.0002525683864608261
Male,30-44,Black / African American,Bachelor's degree,"$30,000 to $55,999",Other,1.6802655555216925e-05
Male,30-44,Black / African American,Bachelor's degree,"$30,000 to $55,999",Republican,7.116969477361616e-05
Male,30-44,Black / African American,Bachelor's degree,"$56,000 to $99,999",Democrat,0.000339961796778369
Male,30-44,Black / African American,Bachelor's degree,"$56,000 to $99,999",Independent,0.0003982314705208198
Male,30-44,Black / African American,Bachelor's degree,"$56,000 to $99,999",Republican,0.0002069035461932632
Male,30-44,Black / African American,Bachelor's degree,"Less than $30,000",Democrat,0.0001949455752149983
Male,30-44,Black / African American,Bachelor's degree,"Less than $30,000",Independent,0.00017330552188213417
Male,30-44,Black / African American,Bachelor's degree,"Less than $30,000",Other,1.152952287817016e-05
Male,30-44,Black / African American,Bachelor's degree,"Less than $30,000",Republican,4.883469886222999e-05
Male,30-44,Black / African American,Doctorate degree / Ph.D.,"$100,000 to $167,999",Democrat,1.3066556665618774e-05
Male,30-44,Black / African American,Doctorate degree / Ph.D.,"$100,000 to $167,999",Independent,4.7682228090435455e-06
Male,30-44,Black / African American,Doctorate degree / Ph.D.,"$100,000 to $167,999",Other,8.744279878935065e-07
Male,30-44,Black / African American,Doctorate degree / Ph.D.,"$100,000 to $167,999",Republican,2.1458988924446574e-06
Male,30-44,Black / African American,Doctorate degree / Ph.D.,"$168,000 or more",Democrat,1.0054879918084422e-05
Male,30-44,Black / African American,Doctorate degree / Ph.D.,"$168,000 or more",Independent,3.6692075038985518e-06
Male,30-44,Black / African American,Doctorate degree / Ph.D.,"$168,000 or more",Other,6.728833494761432e-07
Male,30-44,Black / African American,Doctorate degree / Ph.D.,"$168,000 or more",Republican,1.6512962237905402e-06
Male,30-44,Black / African American,Doctorate degree / Ph.D.,"$30,000 to $55,999",Democrat,1.597316239304029e-05
Male,30-44,Black / African American,Doctorate degree / Ph.D.,"$30,000 to $55,999",Independent,5.828895798956431e-06
Male,30-44,Black / African American,Doctorate degree / Ph.D.,"$30,000 to $55,999",Other,1.0689411609405836e-06
Male,30-44,Black / African American,Doctorate degree / Ph.D.,"$30,000 to $55,999",Republican,2.6232459220304158e-06
Male,30-44,Black / African American,Doctorate degree / Ph.D.,"$56,000 to $99,999",Democrat,1.6252992274607905e-05
Male,30-44,Black / African American,Doctorate degree / Ph.D.,"$56,000 to $99,999",Independent,5.931010782887387e-06
Male,30-44,Black / African American,Doctorate degree / Ph.D.,"$56,000 to $99,999",Other,1.0876676767743599e-06
Male,30-44,Black / African American,Doctorate degree / Ph.D.,"$56,000 to $99,999",Republican,2.6692019185714857e-06
Male,30-44,Black / African American,Doctorate degree / Ph.D.,"Less than $30,000",Democrat,4.793295295512142e-06
Male,30-44,Black / African American,Doctorate degree / Ph.D.,"Less than $30,000",Independent,1.749160130203269e-06
Male,30-44,Black / African American,Doctorate degree / Ph.D.,"Less than $30,000",Other,3.2077246269957586e-07
Male,30-44,Black / African American,Doctorate degree / Ph.D.,"Less than $30,000",Republican,7.871949228111813e-07
Male,30-44,Black / African American,High school diploma / GED,"$100,000 to $167,999",Democrat,0.00010138741207177075
Male,30-44,Black / African American,High school diploma / GED,"$100,000 to $167,999",Independent,0.00012227031790756383
Male,30-44,Black / African American,High school diploma / GED,"$100,000 to $167,999",Other,5.697406153136803e-07
Male,30-44,Black / African American,High school diploma / GED,"$100,000 to $167,999",Republican,7.047812422542076e-05
Male,30-44,Black / African American,High school diploma / GED,"$168,000 or more",Democrat,3.0022125209311755e-05
Male,30-44,Black / African American,High school diploma / GED,"$168,000 or more",Independent,3.620582396367622e-05
Male,30-44,Black / African American,High school diploma / GED,"$168,000 or more",Other,1.6870757168226514e-07
Male,30-44,Black / African American,High school diploma / GED,"$168,000 or more",Republican,2.086948494666371e-05
Male,30-44,Black / African American,High school diploma / GED,"$30,000 to $55,999",Democrat,0.00039368930931957735
Male,30-44,Black / African American,High school diploma / GED,"$30,000 to $55,999",Independent,0.000445469709315989
Male,30-44,Black / African American,High school diploma / GED,"$30,000 to $55,999",Other,1.1902147803378987e-06
Male,30-44,Black / African American,High school diploma / GED,"$30,000 to $55,999",Republican,0.00027268895491007445
Male,30-44,Black / African American,High school diploma / GED,"$56,000 to $99,999",Democrat,0.00032977089542412467
Male,30-44,Black / African American,High school diploma / GED,"$56,000 to $99,999",Independent,0.0002792109739888765
Male,30-44,Black / African American,High school diploma / GED,"$56,000 to $99,999",Republican,0.0002830860707721482
Male,30-44,Black / African American,High school diploma / GED,"Less than $30,000",Democrat,0.0004961914190462854
Male,30-44,Black / African American,High school diploma / GED,"Less than $30,000",Independent,0.000486457246324378
Male,30-44,Black / African American,High school diploma / GED,"Less than $30,000",Other,6.130125938372435e-06
Male,30-44,Black / African American,High school diploma / GED,"Less than $30,000",Republican,0.0001929904951630365
Male,30-44,Black / African American,Less than high school,"$100,000 to $167,999",Democrat,1.7347900693395455e-05
Male,30-44,Black / African American,Less than high school,"$100,000 to $167,999",Independent,3.8120329535169424e-05
Male,30-44,Black / African American,Less than high school,"$100,000 to $167,999",Other,7.964057344695756e-06
Male,30-44,Black / African American,Less than high school,"$100,000 to $167,999",Republican,1.393336815661063e-06
Male,30-44,Black / African American,Less than high school,"$168,000 or more",Democrat,4.679981937512899e-06
Male,30-44,Black / African American,Less than high school,"$168,000 or more",Independent,1.0283806486427038e-05
Male,30-44,Black / African American,Less than high school,"$168,000 or more",Other,2.148481547204318e-06
Male,30-44,Black / African American,Less than high school,"$168,000 or more",Republican,3.7588358645885425e-07
Male,30-44,Black / African American,Less than high school,"$30,000 to $55,999",Democrat,8.377191341287185e-05
Male,30-44,Black / African American,Less than high school,"$30,000 to $55,999",Independent,0.0001840806563013199
Male,30-44,Black / African American,Less than high school,"$30,000 to $55,999",Other,3.845792837337356e-05
Male,30-44,Black / African American,Less than high school,"$30,000 to $55,999",Republican,6.7283352112433335e-06
Male,30-44,Black / African American,Less than high school,"$56,000 to $99,999",Democrat,5.694340397087406e-05
Male,30-44,Black / African American,Less than high school,"$56,000 to $99,999",Independent,0.00012512760838263295
Male,30-44,Black / African American,Less than high school,"$56,000 to $99,999",Other,2.614152240327675e-05
Male,30-44,Black / African American,Less than high school,"$56,000 to $99,999",Republican,4.573541350273318e-06
Male,30-44,Black / African American,Less than high school,"Less than $30,000",Democrat,0.00019111963520578365
Male,30-44,Black / African American,Less than high school,"Less than $30,000",Independent,0.0002700582626540506
Male,30-44,Black / African American,Less than high school,"Less than $30,000",Other,8.822673104331165e-05
Male,30-44,Black / African American,Less than high school,"Less than $30,000",Republican,6.4922564455266435e-06
Male,30-44,Black / African American,Master's degree / Professional degree,"$100,000 to $167,999",Democrat,0.00019092535302151577
Male,30-44,Black / African American,Master's degree / Professional degree,"$100,000 to $167,999",Independent,8.485376132067494e-05
Male,30-44,Black / African American,Master's degree / Professional degree,"$100,000 to $167,999",Other,3.0712533178984795e-05
Male,30-44,Black / African American,Master's degree / Professional degree,"$100,000 to $167,999",Republican,3.5274770249538604e-05
Male,30-44,Black / African American,Master's degree / Professional degree,"$168,000 or more",Democrat,0.00010587573303969699
Male,30-44,Black / African American,Master's degree / Professional degree,"$168,000 or more",Independent,4.705479936962349e-05
Male,30-44,Black / African American,Master's degree / Professional degree,"$168,000 or more",Other,1.7031326182566166e-05
Male,30-44,Black / African American,Master's degree / Professional degree,"$168,000 or more",Republican,1.9561268835553324e-05
Male,30-44,Black / African American,Master's degree / Professional degree,"$30,000 to $55,999",Democrat,0.0001299826993302436
Male,30-44,Black / African American,Master's degree / Professional degree,"$30,000 to $55,999",Independent,5.7768760252299245e-05
Male,30-44,Black / African American,Master's degree / Professional degree,"$30,000 to $55,999",Other,2.090920824655606e-05
Male,30-44,Black / African American,Master's degree / Professional degree,"$30,000 to $55,999",Republican,2.4015196424816834e-05
Male,30-44,Black / African American,Master's degree / Professional degree,"$56,000 to $99,999",Democrat,0.00021083265934508793
Male,30-44,Black / African American,Master's degree / Professional degree,"$56,000 to $99,999",Independent,9.370124958027565e-05
Male,30-44,Black / African American,Master's degree / Professional degree,"$56,000 to $99,999",Other,3.391485176209104e-05
Male,30-44,Black / African American,Master's degree / Professional degree,"$56,000 to $99,999",Republican,3.8952781816562196e-05
Male,30-44,Black / African American,Master's degree / Professional degree,"Less than $30,000",Democrat,7.391032320557538e-05
Male,30-44,Black / African American,Master's degree / Professional degree,"Less than $30,000",Independent,3.284827722022383e-05
Male,30-44,Black / African American,Master's degree / Professional degree,"Less than $30,000",Other,1.1889323328709088e-05
Male,30-44,Black / African American,Master's degree / Professional degree,"Less than $30,000",Republican,1.365543982968049e-05
Male,30-44,Black / African American,Some college or Associate's degree,"$100,000 to $167,999",Democrat,0.00042259247438811777
Male,30-44,Black / African American,Some college or Associate's degree,"$100,000 to $167,999",Independent,9.745894626790164e-05
Male,30-44,Black / African American,Some college or Associate's degree,"$100,000 to $167,999",Other,5.886153858825986e-05
Male,30-44,Black / African American,Some college or Associate's degree,"$100,000 to $167,999",Republican,0.000235940528985765
Male,30-44,Black / African American,Some college or Associate's degree,"$168,000 or more",Democrat,8.101592021467583e-05
Male,30-44,Black / African American,Some college or Associate's degree,"$168,000 or more",Independent,7.892671770911491e-05
Male,30-44,Black / African American,Some college or Associate's degree,"$168,000 or more",Other,5.089229224405291e-06
Male,30-44,Black / African American,Some college or Associate's degree,"$168,000 or more",Republican,2.30953907796567e-05
Male,30-44,Black / African American,Some college or Associate's degree,"$30,000 to $55,999",Democrat,0.0006335919565456562
Male,30-44,Black / African American,Some college or Associate's degree,"$30,000 to $55,999",Independent,0.0008437070271623528
Male,30-44,Black / African American,Some college or Associate's degree,"$30,000 to $55,999",Other,2.5738453663453168e-05
Male,30-44,Black / African American,Some college or Associate's degree,"$30,000 to $55,999",Republican,1.854185781725144e-05
Male,30-44,Black / African American,Some college or Associate's degree,"$56,000 to $99,999",Democrat,0.0008436881262900834
Male,30-44,Black / African American,Some college or Associate's degree,"$56,000 to $99,999",Independent,0.0004369746426042628
Male,30-44,Black / African American,Some college or Associate's degree,"$56,000 to $99,999",Other,5.759624214599302e-05
Male,30-44,Black / African American,Some college or Associate's degree,"$56,000 to $99,999",Republican,0.00033360343869117076
Male,30-44,Black / African American,Some college or Associate's degree,"Less than $30,000",Democrat,0.00046344650433103864
Male,30-44,Black / African American,Some college or Associate's degree,"Less than $30,000",Independent,0.000544991797672079
Male,30-44,Black / African American,Some college or Associate's degree,"Less than $30,000",Other,2.7768134095425447e-05
Male,30-44,Black / African American,Some college or Associate's degree,"Less than $30,000",Republican,0.0001513058365758735
Male,30-44,Hispanic / Latino,Bachelor's degree,"$100,000 to $167,999",Democrat,0.0005055568024319807
Male,30-44,Hispanic / Latino,Bachelor's degree,"$100,000 to $167,999",Independent,0.0002389967011131767
Male,30-44,Hispanic / Latino,Bachelor's degree,"$100,000 to $167,999",Other,2.0229113869340554e-05
Male,30-44,Hispanic / Latino,Bachelor's degree,"$100,000 to $167,999",Republican,0.00035696062486040736
Male,30-44,Hispanic / Latino,Bachelor's degree,"$168,000 or more",Democrat,0.00014745586146523365
Male,30-44,Hispanic / Latino,Bachelor's degree,"$168,000 or more",Independent,0.00011493879140208634
Male,30-44,Hispanic / Latino,Bachelor's degree,"$168,000 or more",Other,6.821098409274383e-05
Male,30-44,Hispanic / Latino,Bachelor's degree,"$168,000 or more",Republican,0.00012750718456917053
Male,30-44,Hispanic / Latino,Bachelor's degree,"$30,000 to $55,999",Democrat,0.0003489706102182018
Male,30-44,Hispanic / Latino,Bachelor's degree,"$30,000 to $55,999",Independent,0.0002018320988011755
Male,30-44,Hispanic / Latino,Bachelor's degree,"$30,000 to $55,999",Other,2.979020918885031e-05
Male,30-44,Hispanic / Latino,Bachelor's degree,"$30,000 to $55,999",Republican,0.00022145729829624067
Male,30-44,Hispanic / Latino,Bachelor's degree,"$56,000 to $99,999",Democrat,0.0005602290213974232
Male,30-44,Hispanic / Latino,Bachelor's degree,"$56,000 to $99,999",Independent,0.0004066528508506921
Male,30-44,Hispanic / Latino,Bachelor's degree,"$56,000 to $99,999",Other,1.9104225290970187e-05
Male,30-44,Hispanic / Latino,Bachelor's degree,"$56,000 to $99,999",Republican,0.00034189806691822854
Male,30-44,Hispanic / Latino,Bachelor's degree,"Less than $30,000",Democrat,0.00023848665940423257
Male,30-44,Hispanic / Latino,Bachelor's degree,"Less than $30,000",Independent,0.0001379321398255868
Male,30-44,Hispanic / Latino,Bachelor's degree,"Less than $30,000",Other,2.0358641284891855e-05
Male,30-44,Hispanic / Latino,Bachelor's degree,"Less than $30,000",Republican,0.0001513440092801326
Male,30-44,Hispanic / Latino,Doctorate degree / Ph.D.,"$100,000 to $167,999",Democrat,1.3888385620037633e-05
Male,30-44,Hispanic / Latino,Doctorate degree / Ph.D.,"$100,000 to $167,999",Independent,3.9335288741658914e-05
Male,30-44,Hispanic / Latino,Doctorate degree / Ph.D.,"$100,000 to $167,999",Republican,3.131916016111667e-06
Male,30-44,Hispanic / Latino,Doctorate degree / Ph.D.,"$168,000 or more",Democrat,8.697236595182326e-06
Male,30-44,Hispanic / Latino,Doctorate degree / Ph.D.,"$168,000 or more",Independent,2.463269109063608e-05
Male,30-44,Hispanic / Latino,Doctorate degree / Ph.D.,"$168,000 or more",Republican,1.9612801180480317e-06
Male,30-44,Hispanic / Latino,Doctorate degree / Ph.D.,"$30,000 to $55,999",Democrat,6.138077854540481e-06
Male,30-44,Hispanic / Latino,Doctorate degree / Ph.D.,"$30,000 to $55,999",Independent,1.738453059503095e-05
Male,30-44,Hispanic / Latino,Doctorate degree / Ph.D.,"$30,000 to $55,999",Republican,1.384174148580672e-06
Male,30-44,Hispanic / Latino,Doctorate degree / Ph.D.,"$56,000 to $99,999",Democrat,9.812550915036448e-06
Male,30-44,Hispanic / Latino,Doctorate degree / Ph.D.,"$56,000 to $99,999",Independent,2.779153273065172e-05
Male,30-44,Hispanic / Latino,Doctorate degree / Ph.D.,"$56,000 to $99,999",Republican,2.212790327867535e-06
Male,30-44,Hispanic / Latino,Doctorate degree / Ph.D.,"Less than $30,000",Democrat,3.9016853688160795e-06
Male,30-44,Hispanic / Latino,Doctorate degree / Ph.D.,"Less than $30,000",Independent,1.1050522700065293e-05
Male,30-44,Hispanic / Latino,Doctorate degree / Ph.D.,"Less than $30,000",Republican,8.798539463646109e-07
Male,30-44,Hispanic / Latino,High school diploma / GED,"$100,000 to $167,999",Democrat,0.00018175128201058276
Male,30-44,Hispanic / Latino,High school diploma / GED,"$100,000 to $167,999",Independent,0.0004124775858940192
Male,30-44,Hispanic / Latino,High school diploma / GED,"$100,000 to $167,999",Other,2.6192984969120554e-05
Male,30-44,Hispanic / Latino,High school diploma / GED,"$100,000 to $167,999",Republican,0.00021029324837760764
Male,30-44,Hispanic / Latino,High school diploma / GED,"$168,000 or more",Democrat,3.8672149517252e-05
Male,30-44,Hispanic / Latino,High school diploma / GED,"$168,000 or more",Independent,8.776496483408484e-05
Male,30-44,Hispanic / Latino,High school diploma / GED,"$168,000 or more",Other,5.573215329342118e-06
Male,30-44,Hispanic / Latino,High school diploma / GED,"$168,000 or more",Republican,4.4745169628316086e-05
Male,30-44,Hispanic / Latino,High school diploma / GED,"$30,000 to $55,999",Democrat,0.00039456604144711256
Male,30-44,Hispanic / Latino,High school diploma / GED,"$30,000 to $55,999",Independent,0.0011456467354494348
Male,30-44,Hispanic / Latino,High school diploma / GED,"$30,000 to $55,999",Other,7.137307058426818e-05
Male,30-44,Hispanic / Latino,High school diploma / GED,"$30,000 to $55,999",Republican,0.0003867704766521666
Male,30-44,Hispanic / Latino,High school diploma / GED,"$56,000 to $99,999",Democrat,0.0006212860649469167
Male,30-44,Hispanic / Latino,High school diploma / GED,"$56,000 to $99,999",Independent,0.000719151748241756
Male,30-44,Hispanic / Latino,High school diploma / GED,"$56,000 to $99,999",Republican,0.0005738730372266013
Male,30-44,Hispanic / Latino,High school diploma / GED,"Less than $30,000",Democrat,0.00020181886853612503
Male,30-44,Hispanic / Latino,High school diploma / GED,"Less than $30,000",Independent,0.0008329105073590019
Male,30-44,Hispanic / Latino,High school diploma / GED,"Less than $30,000",Other,8.489974109337939e-05
Male,30-44,Hispanic / Latino,High school diploma / GED,"Less than $30,000",Republican,0.00036520615154845816
Male,30-44,Hispanic / Latino,Less than high school,"$100,000 to $167,999",Democrat,0.00019836583890608833
Male,30-44,Hispanic / Latino,Less than high school,"$100,000 to $167,999",Independent,0.0002821853938298232
Male,30-44,Hispanic / Latino,Less than high school,"$100,000 to $167,999",Other,4.530279260973111e-06
Male,30-44,Hispanic / Latino,Less than high school,"$100,000 to $167,999",Republican,4.3164655094800084e-05
Male,30-44,Hispanic / Latino,Less than high school,"$168,000 or more",Democrat,4.693328032035443e-05
Male,30-44,Hispanic / Latino,Less than high school,"$168,000 or more",Independent,6.676495440928569e-05
Male,30-44,Hispanic / Latino,Less than high school,"$168,000 or more",Other,1.0718623108558505e-06
Male,30-44,Hispanic / Latino,Less than high school,"$168,000 or more",Republican,1.021274060426685e-05
Male,30-44,Hispanic / Latino,Less than high school,"$30,000 to $55,999",Democrat,0.00014406732365814098
Male,30-44,Hispanic / Latino,Less than high school,"$30,000 to $55,999",Independent,0.0020878852901671757
Male,30-44,Hispanic / Latino,Less than high school,"$56,000 to $99,999",Democrat,0.0005762049543630397
Male,30-44,Hispanic / Latino,Less than high school,"$56,000 to $99,999",Independent,0.0008196805602733194
Male,30-44,Hispanic / Latino,Less than high school,"$56,000 to $99,999",Other,1.3159369421751374e-05
Male,30-44,Hispanic / Latino,Less than high school,"$56,000 to $99,999",Republican,0.0001253829200438618
Male,30-44,Hispanic / Latino,Less than high school,"Less than $30,000",Democrat,0.0011062783660367305
Male,30-44,Hispanic / Latino,Less than high school,"Less than $30,000",Independent,0.0006925160220333396
Male,30-44,Hispanic / Latino,Less than high school,"Less than $30,000",Other,3.387058630112996e-05
Male,30-44,Hispanic / Latino,Less than high school,"Less than $30,000",Republican,0.00032272009987147966
Male,30-44,Hispanic / Latino,Master's degree / Professional degree,"$100,000 to $167,999",Democrat,0.00017853650441259332
Male,30-44,Hispanic / Latino,Master's degree / Professional degree,"$100,000 to $167,999",Independent,9.847372545562693e-05
Male,30-44,Hispanic / Latino,Master's degree / Professional degree,"$100,000 to $167,999",Other,2.1744756178386865e-05
Male,30-44,Hispanic / Latino,Master's degree / Professional degree,"$100,000 to $167,999",Republican,0.00016309246079816104
Male,30-44,Hispanic / Latino,Master's degree / Professional degree,"$168,000 or more",Democrat,0.00012234854594392992
Male,30-44,Hispanic / Latino,Master's degree / Professional degree,"$168,000 or more",Independent,6.748265382935244e-05
Male,30-44,Hispanic / Latino,Master's degree / Professional degree,"$168,000 or more",Other,1.4901374422469414e-05
Male,30-44,Hispanic / Latino,Master's degree / Professional degree,"$168,000 or more",Republican,0.0001117649608897846
Male,30-44,Hispanic / Latino,Master's degree / Professional degree,"$30,000 to $55,999",Democrat,8.131143996099233e-05
Male,30-44,Hispanic / Latino,Master's degree / Professional degree,"$30,000 to $55,999",Independent,4.484819752388771e-05
Male,30-44,Hispanic / Latino,Master's degree / Professional degree,"$30,000 to $55,999",Other,9.903282481543897e-06
Male,30-44,Hispanic / Latino,Master's degree / Professional degree,"$30,000 to $55,999",Republican,7.427771075675181e-05
Male,30-44,Hispanic / Latino,Master's degree / Professional degree,"$56,000 to $99,999",Democrat,0.00016310869139351216
Male,30-44,Hispanic / Latino,Master's degree / Professional degree,"$56,000 to $99,999",Independent,8.996434957969471e-05
Male,30-44,Hispanic / Latino,Master's degree / Professional degree,"$56,000 to $99,999",Other,1.9865734106293465e-05
Male,30-44,Hispanic / Latino,Master's degree / Professional degree,"$56,000 to $99,999",Republican,0.0001489992085621863
Male,30-44,Hispanic / Latino,Master's degree / Professional degree,"Less than $30,000",Democrat,6.286574862451703e-05
Male,30-44,Hispanic / Latino,Master's degree / Professional degree,"Less than $30,000",Independent,3.467427846748225e-05
Male,30-44,Hispanic / Latino,Master's degree / Professional degree,"Less than $30,000",Other,7.656699565780558e-06
Male,30-44,Hispanic / Latino,Master's degree / Professional degree,"Less than $30,000",Republican,5.7427637428124e-05
Male,30-44,Hispanic / Latino,Some college or Associate's degree,"$100,000 to $167,999",Democrat,0.0002725391169870474
Male,30-44,Hispanic / Latino,Some college or Associate's degree,"$100,000 to $167,999",Independent,0.0006788416350676552
Male,30-44,Hispanic / Latino,Some college or Associate's degree,"$100,000 to $167,999",Other,9.953614190499824e-05
Male,30-44,Hispanic / Latino,Some college or Associate's degree,"$100,000 to $167,999",Republican,0.0003585578727897132
Male,30-44,Hispanic / Latino,Some college or Associate's degree,"$168,000 or more",Democrat,0.00011085496079316198
Male,30-44,Hispanic / Latino,Some college or Associate's degree,"$168,000 or more",Independent,0.00012234343974115329
Male,30-44,Hispanic / Latino,Some college or Associate's degree,"$168,000 or more",Other,2.1588311674616292e-05
Male,30-44,Hispanic / Latino,Some college or Associate's degree,"$168,000 or more",Republican,8.76584994266333e-05
Male,30-44,Hispanic / Latino,Some college or Associate's degree,"$30,000 to $55,999",Democrat,0.0006992936972313103
Male,30-44,Hispanic / Latino,Some college or Associate's degree,"$30,000 to $55,999",Independent,0.00078450527366401
Male,30-44,Hispanic / Latino,Some college or Associate's degree,"$30,000 to $55,999",Other,9.624678985124027e-05
Male,30-44,Hispanic / Latino,Some college or Associate's degree,"$30,000 to $55,999",Republican,0.0002919567630904219
Male,30-44,Hispanic / Latino,Some college or Associate's degree,"$56,000 to $99,999",Democrat,0.0008489283397287362
Male,30-44,Hispanic / Latino,Some college or Associate's degree,"$56,000 to $99,999",Independent,0.0005950459540435605
Male,30-44,Hispanic / Latino,Some college or Associate's degree,"$56,000 to $99,999",Other,0.00029349761073967583
Male,30-44,Hispanic / Latino,Some college or Associate's degree,"$56,000 to $99,999",Republican,0.0008183741677434935
Male,30-44,Hispanic / Latino,Some college or Associate's degree,"Less than $30,000",Democrat,0.0005811451282435159
Male,30-44,Hispanic / Latino,Some college or Associate's degree,"Less than $30,000",Independent,0.0003541535120094806
Male,30-44,Hispanic / Latino,Some college or Associate's degree,"Less than $30,000",Other,8.585811741107405e-06
Male,30-44,Hispanic / Latino,Some college or Associate's degree,"Less than $30,000",Republican,0.0004037943895708603
Male,30-44,Other,Bachelor's degree,"$100,000 to $167,999",Democrat,6.229613781210603e-05
Male,30-44,Other,Bachelor's degree,"$100,000 to $167,999",Independent,0.00013472287066223744
Male,30-44,Other,Bachelor's degree,"$100,000 to $167,999",Other,1.8416555456457798e-05
Male,30-44,Other,Bachelor's degree,"$100,000 to $167,999",Republican,2.2288085799971034e-05
Male,30-44,Other,Bachelor's degree,"$168,000 or more",Democrat,3.5570956627784786e-05
Male,30-44,Other,Bachelor's degree,"$168,000 or more",Independent,7.692646057049513e-05
Male,30-44,Other,Bachelor's degree,"$168,000 or more",Other,1.0515812350208789e-05
Male,30-44,Other,Bachelor's degree,"$168,000 or more",Republican,1.2726447596130896e-05
Male,30-44,Other,Bachelor's degree,"$30,000 to $55,999",Democrat,4.646826596935944e-05
Male,30-44,Other,Bachelor's degree,"$30,000 to $55,999",Independent,0.00010049319919270961
Male,30-44,Other,Bachelor's degree,"$30,000 to $55,999",Other,1.3737374855746411e-05
Male,30-44,Other,Bachelor's degree,"$30,000 to $55,999",Republican,1.662524733113858e-05
Male,30-44,Other,Bachelor's degree,"$56,000 to $99,999",Democrat,7.492505720537644e-05
Male,30-44,Other,Bachelor's degree,"$56,000 to $99,999",Independent,0.00016203442373403587
Male,30-44,Other,Bachelor's degree,"$56,000 to $99,999",Other,2.2150032402698e-05
Male,30-44,Other,Bachelor's degree,"$56,000 to $99,999",Republican,2.6806414686540173e-05
Male,30-44,Other,Bachelor's degree,"Less than $30,000",Democrat,3.2418146786721016e-05
Male,30-44,Other,Bachelor's degree,"Less than $30,000",Independent,7.010813109842758e-05
Male,30-44,Other,Bachelor's degree,"Less than $30,000",Other,9.58374979672039e-06
Male,30-44,Other,Bachelor's degree,"Less than $30,000",Republican,1.1598446748621427e-05
Male,30-44,Other,Doctorate degree / Ph.D.,"$100,000 to $167,999",Democrat,6.838342507839393e-06
Male,30-44,Other,Doctorate degree / Ph.D.,"$100,000 to $167,999",Independent,8.475241964525972e-06
Male,30-44,Other,Doctorate degree / Ph.D.,"$100,000 to $167,999",Other,2.4329501595004194e-06
Male,30-44,Other,Doctorate degree / Ph.D.,"$100,000 to $167,999",Republican,3.1615601695351014e-06
Male,30-44,Other,Doctorate degree / Ph.D.,"$168,000 or more",Democrat,7.003251326634111e-06
Male,30-44,Other,Doctorate degree / Ph.D.,"$168,000 or more",Independent,8.67962513775357e-06
Male,30-44,Other,Doctorate degree / Ph.D.,"$168,000 or more",Other,2.4916215314783067e-06
Male,30-44,Other,Doctorate degree / Ph.D.,"$168,000 or more",Republican,3.237802205161246e-06
Male,30-44,Other,Doctorate degree / Ph.D.,"$30,000 to $55,999",Democrat,2.869358896767911e-06
Male,30-44,Other,Doctorate degree / Ph.D.,"$30,000 to $55,999",Independent,3.556199606161122e-06
Male,30-44,Other,Doctorate degree / Ph.D.,"$30,000 to $55,999",Other,1.0208624644864597e-06
Male,30-44,Other,Doctorate degree / Ph.D.,"$30,000 to $55,999",Republican,1.3265861997586357e-06
Male,30-44,Other,Doctorate degree / Ph.D.,"$56,000 to $99,999",Democrat,4.984694358426874e-06
Male,30-44,Other,Doctorate degree / Ph.D.,"$56,000 to $99,999",Independent,6.177884590958184e-06
Male,30-44,Other,Doctorate degree / Ph.D.,"$56,000 to $99,999",Other,1.7734579571720319e-06
Male,30-44,Other,Doctorate degree / Ph.D.,"$56,000 to $99,999",Republican,2.3045659270272504e-06
Male,30-44,Other,Doctorate degree / Ph.D.,"Less than $30,000",Democrat,4.3973052423599574e-07
Male,30-44,Other,Doctorate degree / Ph.D.,"Less than $30,000",Independent,5.44989167742846e-07
Male,30-44,Other,Doctorate degree / Ph.D.,"Less than $30,000",Other,1.5644762570033808e-07
Male,30-44,Other,Doctorate degree / Ph.D.,"Less than $30,000",Republican,2.032999237987224e-07
Male,30-44,Other,High school diploma / GED,"$100,000 to $167,999",Democrat,1.864811472873578e-05
Male,30-44,Other,High school diploma / GED,"$100,000 to $167,999",Independent,3.917220638964274e-05
Male,30-44,Other,High school diploma / GED,"$100,000 to $167,999",Other,1.0339672423049144e-05
Male,30-44,Other,High school diploma / GED,"$100,000 to $167,999",Republican,2.3075268937566812e-05
Male,30-44,Other,High school diploma / GED,"$168,000 or more",Democrat,6.032808899485831e-06
Male,30-44,Other,High school diploma / GED,"$168,000 or more",Independent,1.2672510801093362e-05
Male,30-44,Other,High school diploma / GED,"$168,000 or more",Other,3.344963752041858e-06
Male,30-44,Other,High school diploma / GED,"$168,000 or more",Republican,7.465027421247493e-06
Male,30-44,Other,High school diploma / GED,"$30,000 to $55,999",Democrat,3.823638078829012e-05
Male,30-44,Other,High school diploma / GED,"$30,000 to $55,999",Independent,8.031929348460266e-05
Male,30-44,Other,High school diploma / GED,"$30,000 to $55,999",Other,2.1200623105598603e-05
Male,30-44,Other,High school diploma / GED,"$30,000 to $55,999",Republican,4.731388575861805e-05
Male,30-44,Other,High school diploma / GED,"$56,000 to $99,999",Democrat,3.5073994700284306e-05
Male,30-44,Other,High school diploma / GED,"$56,000 to $99,999",Independent,7.367638923797611e-05
Male,30-44,Other,High school diploma / GED,"$56,000 to $99,999",Other,1.9447199947234925e-05
Male,30-44,Other,High school diploma / GED,"$56,000 to $99,999",Republican,4.340073365039408e-05
Male,30-44,Other,High school diploma / GED,"Less than $30,000",Democrat,4.083198269884452e-05
Male,30-44,Other,High school diploma / GED,"Less than $30,000",Independent,8.577161159957603e-05
Male,30-44,Other,High school diploma / GED,"Less than $30,000",Other,2.263978593176984e-05
Male,30-44,Other,High school diploma / GED,"Less than $30,000",Republican,5.052569633637103e-05
Male,30-44,Other,Less than high school,"$100,000 to $167,999",Democrat,1.4224477798649042e-06
Male,30-44,Other,Less than high school,"$100,000 to $167,999",Independent,1.266318400245158e-05
Male,30-44,Other,Less than high school,"$100,000 to $167,999",Other,6.263615204636815e-06
Male,30-44,Other,Less than high school,"$100,000 to $167,999",Republican,3.277698731759056e-06
Male,30-44,Other,Less than high school,"$168,000 or more",Democrat,3.229033379382938e-07
Male,30-44,Other,Less than high school,"$168,000 or more",Independent,2.874611244925117e-06
Male,30-44,Other,Less than high school,"$168,000 or more",Other,1.4218745220512519e-06
Male,30-44,Other,Less than high school,"$168,000 or more",Republican,7.440553363172536e-07
Male,30-44,Other,Less than high school,"$30,000 to $55,999",Democrat,4.235656519686453e-06
Male,30-44,Other,Less than high school,"$30,000 to $55,999",Independent,3.770746359846497e-05
Male,30-44,Other,Less than high school,"$30,000 to $55,999",Other,1.8651315678419353e-05
Male,30-44,Other,Less than high school,"$30,000 to $55,999",Republican,9.760081318459222e-06
Male,30-44,Other,Less than high school,"$56,000 to $99,999",Democrat,3.387493779413176e-06
Male,30-44,Other,Less than high school,"$56,000 to $99,999",Independent,3.0156788630893147e-05
Male,30-44,Other,Less than high school,"$56,000 to $99,999",Other,1.491651070970081e-05
Male,30-44,Other,Less than high school,"$56,000 to $99,999",Republican,7.805688350597156e-06
Male,30-44,Other,Less than high school,"Less than $30,000",Democrat,7.242480158886414e-06
Male,30-44,Other,Less than high school,"Less than $30,000",Independent,6.447537841761317e-05
Male,30-44,Other,Less than high school,"Less than $30,000",Other,3.189158117761613e-05
Male,30-44,Other,Less than high school,"Less than $30,000",Republican,1.6688604226881843e-05
Male,30-44,Other,Master's degree / Professional degree,"$100,000 to $167,999",Democrat,4.420193598727909e-05
Male,30-44,Other,Master's degree / Professional degree,"$100,000 to $167,999",Independent,7.087130938799978e-05
Male,30-44,Other,Master's degree / Professional degree,"$100,000 to $167,999",Other,1.092514483197799e-05
Male,30-44,Other,Master's degree / Professional degree,"$100,000 to $167,999",Republican,1.2977772239560604e-05
Male,30-44,Other,Master's degree / Professional degree,"$168,000 or more",Democrat,3.1688626741320414e-05
Male,30-44,Other,Master's degree / Professional degree,"$168,000 or more",Independent,5.0808056699400795e-05
Male,30-44,Other,Master's degree / Professional degree,"$168,000 or more",Other,7.832300304109984e-06
Male,30-44,Other,Master's degree / Professional degree,"$168,000 or more",Republican,9.303840912118842e-06
Male,30-44,Other,Master's degree / Professional degree,"$30,000 to $55,999",Democrat,1.8904284859119576e-05
Male,30-44,Other,Master's degree / Professional degree,"$30,000 to $55,999",Independent,3.031024300372537e-05
Male,30-44,Other,Master's degree / Professional degree,"$30,000 to $55,999",Other,4.672466158276145e-06
Male,30-44,Other,Master's degree / Professional degree,"$30,000 to $55,999",Republican,5.550333888634033e-06
Male,30-44,Other,Master's degree / Professional degree,"$56,000 to $99,999",Democrat,4.1701387554690806e-05
Male,30-44,Other,Master's degree / Professional degree,"$56,000 to $99,999",Independent,6.68620474032613e-05
Male,30-44,Other,Master's degree / Professional degree,"$56,000 to $99,999",Other,1.0307098287743717e-05
Male,30-44,Other,Master's degree / Professional degree,"$56,000 to $99,999",Republican,1.2243606477195347e-05
Male,30-44,Other,Master's degree / Professional degree,"Less than $30,000",Democrat,1.9174963905306887e-05
Male,30-44,Other,Master's degree / Professional degree,"Less than $30,000",Independent,3.074423708110495e-05
Male,30-44,Other,Master's degree / Professional degree,"Less than $30,000",Other,4.739368381369475e-06
Male,30-44,Other,Master's degree / Professional degree,"Less than $30,000",Republican,5.6298057699663705e-06
Male,30-44,Other,Some college or Associate's degree,"$100,000 to $167,999",Democrat,2.6247097446130983e-05
Male,30-44,Other,Some college or Associate's degree,"$100,000 to $167,999",Independent,0.00011283820709842049
Male,30-44,Other,Some college or Associate's degree,"$100,000 to $167,999",Other,2.8395384165368454e-05
Male,30-44,Other,Some college or Associate's degree,"$100,000 to $167,999",Republican,5.756233581833255e-05
Male,30-44,Other,Some college or Associate's degree,"$168,000 or more",Democrat,9.088640714206012e-06
Male,30-44,Other,Some college or Associate's degree,"$168,000 or more",Independent,3.9072736528582774e-05
Male,30-44,Other,Some college or Associate's degree,"$168,000 or more",Other,9.832532726735118e-06
Male,30-44,Other,Some college or Associate's degree,"$168,000 or more",Republican,1.993223784066128e-05
Male,30-44,Other,Some college or Associate's degree,"$30,000 to $55,999",Democrat,4.2855348947460874e-05
Male,30-44,Other,Some college or Associate's degree,"$30,000 to $55,999",Independent,0.00018423830481573866
Male,30-44,Other,Some college or Associate's degree,"$30,000 to $55,999",Other,4.636299687619179e-05
Male,30-44,Other,Some college or Associate's degree,"$30,000 to $55,999",Republican,9.398578234368551e-05
Male,30-44,Other,Some college or Associate's degree,"$56,000 to $99,999",Democrat,5.339131723127965e-05
Male,30-44,Other,Some college or Associate's degree,"$56,000 to $99,999",Independent,0.00022953320927639065
Male,30-44,Other,Some college or Associate's degree,"$56,000 to $99,999",Other,5.776131882730228e-05
Male,30-44,Other,Some college or Associate's degree,"$56,000 to $99,999",Republican,0.00011709214470505491
Male,30-44,Other,Some college or Associate's degree,"Less than $30,000",Democrat,7.316154413122899e-06
Male,30-44,Other,Some college or Associate's degree,"Less than $30,000",Independent,0.000141609735769649
Male,30-44,Other,Some college or Associate's degree,"Less than $30,000",Other,6.329726583333665e-05
Male,30-44,Other,Some college or Associate's degree,"Less than $30,000",Republican,9.782234397946422e-05
Male,30-44,White / Caucasian,Bachelor's degree,"$100,000 to $167,999",Democrat,0.0024395724131104184
Male,30-44,White / Caucasian,Bachelor's degree,"$100,000 to $167,999",Independent,0.002181891832851358
Male,30-44,White / Caucasian,Bachelor's degree,"$100,000 to $167,999",Other,0.0004471803301991938
Male,30-44,White / Caucasian,Bachelor's degree,"$100,000 to $167,999",Republican,0.0017897052558567283
Male,30-44,White / Caucasian,Bachelor's degree,"$168,000 or more",Democrat,0.0015811510572037368
Male,30-44,White / Caucasian,Bachelor's degree,"$168,000 or more",Independent,0.0015489088745201534
Male,30-44,White / Caucasian,Bachelor's degree,"$168,000 or more",Other,7.262900777849305e-06
Male,30-44,White / Caucasian,Bachelor's degree,"$168,000 or more",Republican,0.0005099124150292725
Male,30-44,White / Caucasian,Bachelor's degree,"$30,000 to $55,999",Democrat,0.0008455441135705662
Male,30-44,White / Caucasian,Bachelor's degree,"$30,000 to $55,999",Independent,0.0009842517367058838
Male,30-44,White / Caucasian,Bachelor's degree,"$30,000 to $55,999",Other,0.000302526525384606
Male,30-44,White / Caucasian,Bachelor's degree,"$30,000 to $55,999",Republican,0.0008450068527497032
Male,30-44,White / Caucasian,Bachelor's degree,"$56,000 to $99,999",Democrat,0.0020452244928224274
Male,30-44,White / Caucasian,Bachelor's degree,"$56,000 to $99,999",Independent,0.002110660262564721
Male,30-44,White / Caucasian,Bachelor's degree,"$56,000 to $99,999",Other,0.00047147524957597236
Male,30-44,White / Caucasian,Bachelor's degree,"$56,000 to $99,999",Republican,0.001930274739429093
Male,30-44,White / Caucasian,Bachelor's degree,"Less than $30,000",Democrat,0.0007199487297684466
Male,30-44,White / Caucasian,Bachelor's degree,"Less than $30,000",Independent,0.00029130745361790743
Male,30-44,White / Caucasian,Bachelor's degree,"Less than $30,000",Other,0.0003152553456595633
Male,30-44,White / Caucasian,Bachelor's degree,"Less than $30,000",Republican,0.0003455897295994971
Male,30-44,White / Caucasian,Doctorate degree / Ph.D.,"$100,000 to $167,999",Democrat,0.0002337387361816321
Male,30-44,White / Caucasian,Doctorate degree / Ph.D.,"$100,000 to $167,999",Independent,0.00010581402872009764
Male,30-44,White / Caucasian,Doctorate degree / Ph.D.,"$100,000 to $167,999",Other,2.190373581057338e-05
Male,30-44,White / Caucasian,Doctorate degree / Ph.D.,"$100,000 to $167,999",Republican,9.041114399875624e-05
Male,30-44,White / Caucasian,Doctorate degree / Ph.D.,"$168,000 or more",Democrat,0.00019419309531404624
Male,30-44,White / Caucasian,Doctorate degree / Ph.D.,"$168,000 or more",Independent,8.791163202336108e-05
Male,30-44,White / Caucasian,Doctorate degree / Ph.D.,"$168,000 or more",Other,1.8197900465633734e-05
Male,30-44,White / Caucasian,Doctorate degree / Ph.D.,"$168,000 or more",Republican,7.511472078106549e-05
Male,30-44,White / Caucasian,Doctorate degree / Ph.D.,"$30,000 to $55,999",Democrat,6.529416752233657e-05
Male,30-44,White / Caucasian,Doctorate degree / Ph.D.,"$30,000 to $55,999",Independent,2.955881010708705e-05
Male,30-44,White / Caucasian,Doctorate degree / Ph.D.,"$30,000 to $55,999",Other,6.118738463055703e-06
Male,30-44,White / Caucasian,Doctorate degree / Ph.D.,"$30,000 to $55,999",Republican,2.525606358012294e-05
Male,30-44,White / Caucasian,Doctorate degree / Ph.D.,"$56,000 to $99,999",Democrat,0.00016944125347934552
Male,30-44,White / Caucasian,Doctorate degree / Ph.D.,"$56,000 to $99,999",Independent,7.670641997525158e-05
Male,30-44,White / Caucasian,Doctorate degree / Ph.D.,"$56,000 to $99,999",Other,1.5878397018198807e-05
Male,30-44,White / Caucasian,Doctorate degree / Ph.D.,"$56,000 to $99,999",Republican,6.554060237472405e-05
Male,30-44,White / Caucasian,Doctorate degree / Ph.D.,"Less than $30,000",Democrat,4.5807415709655485e-05
Male,30-44,White / Caucasian,Doctorate degree / Ph.D.,"Less than $30,000",Independent,2.073711563892604e-05
Male,30-44,White / Caucasian,Doctorate degree / Ph.D.,"Less than $30,000",Other,4.292628377564781e-06
Male,30-44,White / Caucasian,Doctorate degree / Ph.D.,"Less than $30,000",Republican,1.7718504538838174e-05
Male,30-44,White / Caucasian,High school diploma / GED,"$100,000 to $167,999",Democrat,0.0005336358612508857
Male,30-44,White / Caucasian,High school diploma / GED,"$100,000 to $167,999",Independent,0.0006894097813630439
Male,30-44,White / Caucasian,High school diploma / GED,"$100,000 to $167,999",Other,0.00013751105569494455
Male,30-44,White / Caucasian,High school diploma / GED,"$100,000 to $167,999",Republican,0.0005524550081801073
Male,30-44,White / Caucasian,High school diploma / GED,"$168,000 or more",Democrat,0.00014905573122812082
Male,30-44,White / Caucasian,High school diploma / GED,"$168,000 or more",Independent,0.00017601077246012813
Male,30-44,White / Caucasian,High school diploma / GED,"$168,000 or more",Republican,0.00012191885158988903
Male,30-44,White / Caucasian,High school diploma / GED,"$30,000 to $55,999",Democrat,0.0009070689505022793
Male,30-44,White / Caucasian,High school diploma / GED,"$30,000 to $55,999",Independent,0.001010245067624818
Male,30-44,White / Caucasian,High school diploma / GED,"$30,000 to $55,999",Other,8.494187467351972e-06
Male,30-44,White / Caucasian,High school diploma / GED,"$30,000 to $55,999",Republican,0.0013567161136619323
Male,30-44,White / Caucasian,High school diploma / GED,"$56,000 to $99,999",Democrat,0.0008303794015121107
Male,30-44,White / Caucasian,High school diploma / GED,"$56,000 to $99,999",Independent,0.0017824630656037073
Male,30-44,White / Caucasian,High school diploma / GED,"$56,000 to $99,999",Other,0.00011952608269325697
Male,30-44,White / Caucasian,High school diploma / GED,"$56,000 to $99,999",Republican,0.0013536849140690027
Male,30-44,White / Caucasian,High school diploma / GED,"Less than $30,000",Democrat,0.0006775248972004668
Male,30-44,White / Caucasian,High school diploma / GED,"Less than $30,000",Independent,0.0010958604862536896
Male,30-44,White / Caucasian,High school diploma / GED,"Less than $30,000",Other,9.141762883705077e-05
Male,30-44,White / Caucasian,High school diploma / GED,"Less than $30,000",Republican,0.0005845409400794872
Male,30-44,White / Caucasian,Less than high school,"$100,000 to $167,999",Democrat,3.410296768055439e-05
Male,30-44,White / Caucasian,Less than high school,"$100,000 to $167,999",Independent,0.00013410175867441216
Male,30-44,White / Caucasian,Less than high school,"$100,000 to $167,999",Other,9.527909986590669e-06
Male,30-44,White / Caucasian,Less than high school,"$100,000 to $167,999",Republican,9.285785579967217e-05
Male,30-44,White / Caucasian,Less than high school,"$168,000 or more",Democrat,9.013191232215472e-06
Male,30-44,White / Caucasian,Less than high school,"$168,000 or more",Independent,3.544221742901521e-05
Male,30-44,White / Caucasian,Less than high school,"$168,000 or more",Other,2.5181642711242584e-06
Male,30-44,White / Caucasian,Less than high school,"$168,000 or more",Republican,2.45417237460294e-05
Male,30-44,White / Caucasian,Less than high school,"$30,000 to $55,999",Democrat,9.707016941087845e-05
Male,30-44,White / Caucasian,Less than high school,"$30,000 to $55,999",Independent,0.0005048251793358538
Male,30-44,White / Caucasian,Less than high school,"$30,000 to $55,999",Republican,0.0002974885915880722
Male,30-44,White / Caucasian,Less than high school,"$56,000 to $99,999",Democrat,9.77967388696372e-05
Male,30-44,White / Caucasian,Less than high school,"$56,000 to $99,999",Independent,0.0003845622702952813
Male,30-44,White / Caucasian,Less than high school,"$56,000 to $99,999",Other,2.7323092044664827e-05
Male,30-44,White / Caucasian,Less than high school,"$56,000 to $99,999",Republican,0.00026628754308714007
Male,30-44,White / Caucasian,Less than high school,"Less than $30,000",Democrat,0.00018147352975727806
Male,30-44,White / Caucasian,Less than high school,"Less than $30,000",Independent,0.0005624004162311068
Male,30-44,White / Caucasian,Less than high school,"Less than $30,000",Other,4.598158434163881e-05
Male,30-44,White / Caucasian,Less than high school,"Less than $30,000",Republican,0.00035445130469116725
Male,30-44,White / Caucasian,Master's degree / Professional degree,"$100,000 to $167,999",Democrat,0.001405364112226876
Male,30-44,White / Caucasian,Master's degree / Professional degree,"$100,000 to $167,999",Independent,0.0011374874141166441
Male,30-44,White / Caucasian,Master's degree / Professional degree,"$100,000 to $167,999",Other,0.00010790245101065298
Male,30-44,White / Caucasian,Master's degree / Professional degree,"$100,000 to $167,999",Republican,0.0005239264232089243
Male,30-44,White / Caucasian,Master's degree / Professional degree,"$168,000 or more",Democrat,0.0013694907577669502
Male,30-44,White / Caucasian,Master's degree / Professional degree,"$168,000 or more",Independent,0.0007259956071999305
Male,30-44,White / Caucasian,Master's degree / Professional degree,"$168,000 or more",Other,0.00012218277244373382
Male,30-44,White / Caucasian,Master's degree / Professional degree,"$168,000 or more",Republican,0.0003903516937137334
Male,30-44,White / Caucasian,Master's degree / Professional degree,"$30,000 to $55,999",Democrat,0.0004271624209061815
Male,30-44,White / Caucasian,Master's degree / Professional degree,"$30,000 to $55,999",Independent,0.00032365029849417695
Male,30-44,White / Caucasian,Master's degree / Professional degree,"$30,000 to $55,999",Other,4.996812937535008e-05
Male,30-44,White / Caucasian,Master's degree / Professional degree,"$30,000 to $55,999",Republican,0.00017800013822978446
Male,30-44,White / Caucasian,Master's degree / Professional degree,"$56,000 to $99,999",Democrat,0.0010120240071236292
Male,30-44,White / Caucasian,Master's degree / Professional degree,"$56,000 to $99,999",Independent,0.0007259843838096135
Male,30-44,White / Caucasian,Master's degree / Professional degree,"$56,000 to $99,999",Other,0.00014674738078191362
Male,30-44,White / Caucasian,Master's degree / Professional degree,"$56,000 to $99,999",Republican,0.0005997810476661738
Male,30-44,White / Caucasian,Master's degree / Professional degree,"Less than $30,000",Democrat,0.00023402687507344112
Male,30-44,White / Caucasian,Master's degree / Professional degree,"Less than $30,000",Independent,0.00017731631872601976
Male,30-44,White / Caucasian,Master's degree / Professional degree,"Less than $30,000",Other,2.7375734846176826e-05
Male,30-44,White / Caucasian,Master's degree / Professional degree,"Less than $30,000",Republican,9.751985210727656e-05
Male,30-44,White / Caucasian,Some college or Associate's degree,"$100,000 to $167,999",Democrat,0.0011996211262587846
Male,30-44,White / Caucasian,Some college or Associate's degree,"$100,000 to $167,999",Independent,0.001914310432447822
Male,30-44,White / Caucasian,Some college or Associate's degree,"$100,000 to $167,999",Other,0.00037960664222097296
Male,30-44,White / Caucasian,Some college or Associate's degree,"$100,000 to $167,999",Republican,0.0015492070988246864
Male,30-44,White / Caucasian,Some college or Associate's degree,"$168,000 or more",Democrat,0.00040530378726549073
Male,30-44,White / Caucasian,Some college or Associate's degree,"$168,000 or more",Independent,0.0004179424966868046
Male,30-44,White / Caucasian,Some college or Associate's degree,"$168,000 or more",Other,0.00016532596835754795
Male,30-44,White / Caucasian,Some college or Associate's degree,"$168,000 or more",Republican,0.00033198536129088634
Male,30-44,White / Caucasian,Some college or Associate's degree,"$30,000 to $55,999",Democrat,0.001351295988028691
Male,30-44,White / Caucasian,Some college or Associate's degree,"$30,000 to $55,999",Independent,0.0022060434788504796
Male,30-44,White / Caucasian,Some college or Associate's degree,"$30,000 to $55,999",Other,0.0002611734292945068
Male,30-44,White / Caucasian,Some college or Associate's degree,"$30,000 to $55,999",Republican,0.0014378635738480738
Male,30-44,White / Caucasian,Some college or Associate's degree,"$56,000 to $99,999",Democrat,0.0014196134330316326
Male,30-44,White / Caucasian,Some college or Associate's degree,"$56,000 to $99,999",Independent,0.003830880719591546
Male,30-44,White / Caucasian,Some college or Associate's degree,"$56,000 to $99,999",Other,0.0004837078362896142
Male,30-44,White / Caucasian,Some college or Associate's degree,"$56,000 to $99,999",Republican,0.002293550679031768
Male,30-44,White / Caucasian,Some college or Associate's degree,"Less than $30,000",Democrat,0.0010062978920500807
Male,30-44,White / Caucasian,Some college or Associate's degree,"Less than $30,000",Independent,0.0011401116897309408
Male,30-44,White / Caucasian,Some college or Associate's degree,"Less than $30,000",Other,0.00013278691618769065
Male,30-44,White / Caucasian,Some college or Associate's degree,"Less than $30,000",Republican,0.0007796499813480359
Male,45-59,Asian / Asian American,Bachelor's degree,"$100,000 to $167,999",Democrat,0.00015628049284161465
Male,45-59,Asian / Asian American,Bachelor's degree,"$100,000 to $167,999",Independent,0.0002918565163855421
Male,45-59,Asian / Asian American,Bachelor's degree,"$100,000 to $167,999",Other,2.8254761032599153e-05
Male,45-59,Asian / Asian American,Bachelor's degree,"$100,000 to $167,999",Republican,0.0001263816871133624
Male,45-59,Asian / Asian American,Bachelor's degree,"$168,000 or more",Democrat,0.00012428928428608765
Male,45-59,Asian / Asian American,Bachelor's degree,"$168,000 or more",Independent,0.0002321123825259046
Male,45-59,Asian / Asian American,Bachelor's degree,"$168,000 or more",Other,2.2470904477983948e-05
Male,45-59,Asian / Asian American,Bachelor's degree,"$168,000 or more",Republican,0.000100510877285929
Male,45-59,Asian / Asian American,Bachelor's degree,"$30,000 to $55,999",Democrat,7.955995735913607e-05
Male,45-59,Asian / Asian American,Bachelor's degree,"$30,000 to $55,999",Independent,0.00014857959286161546
Male,45-59,Asian / Asian American,Bachelor's degree,"$30,000 to $55,999",Other,1.4384057421833123e-05
Male,45-59,Asian / Asian American,Bachelor's degree,"$30,000 to $55,999",Republican,6.433894246740785e-05
Male,45-59,Asian / Asian American,Bachelor's degree,"$56,000 to $99,999",Democrat,0.0001419315735995717
Male,45-59,Asian / Asian American,Bachelor's degree,"$56,000 to $99,999",Independent,0.00022920985673506383
Male,45-59,Asian / Asian American,Bachelor's degree,"$56,000 to $99,999",Other,7.330275984279558e-06
Male,45-59,Asian / Asian American,Bachelor's degree,"$56,000 to $99,999",Republican,0.0001490106578680262
Male,45-59,Asian / Asian American,Bachelor's degree,"Less than $30,000",Democrat,6.866796251100026e-05
Male,45-59,Asian / Asian American,Bachelor's degree,"Less than $30,000",Independent,0.00012823860458428834
Male,45-59,Asian / Asian American,Bachelor's degree,"Less than $30,000",Other,1.2414837169154033e-05
Male,45-59,Asian / Asian American,Bachelor's degree,"Less than $30,000",Republican,5.553074983947344e-05
Male,45-59,Asian / Asian American,Doctorate degree / Ph.D.,"$100,000 to $167,999",Democrat,5.847861456018705e-05
Male,45-59,Asian / Asian American,Doctorate degree / Ph.D.,"$100,000 to $167,999",Independent,3.796096004552741e-05
Male,45-59,Asian / Asian American,Doctorate degree / Ph.D.,"$100,000 to $167,999",Republican,1.4184120073027733e-05
Male,45-59,Asian / Asian American,Doctorate degree / Ph.D.,"$168,000 or more",Democrat,9.04999911516446e-05
Male,45-59,Asian / Asian American,Doctorate degree / Ph.D.,"$168,000 or more",Independent,5.874739978137371e-05
Male,45-59,Asian / Asian American,Doctorate degree / Ph.D.,"$168,000 or more",Republican,2.1950977306100686e-05
Male,45-59,Asian / Asian American,Doctorate degree / Ph.D.,"$30,000 to $55,999",Democrat,1.415829225458061e-05
Male,45-59,Asian / Asian American,Doctorate degree / Ph.D.,"$30,000 to $55,999",Independent,9.190750680932617e-06
Male,45-59,Asian / Asian American,Doctorate degree / Ph.D.,"$30,000 to $55,999",Republican,3.434125771931551e-06
Male,45-59,Asian / Asian American,Doctorate degree / Ph.D.,"$56,000 to $99,999",Democrat,4.030789425332912e-05
Male,45-59,Asian / Asian American,Doctorate degree / Ph.D.,"$56,000 to $99,999",Independent,2.6165571376441262e-05
Male,45-59,Asian / Asian American,Doctorate degree / Ph.D.,"$56,000 to $99,999",Republican,9.776770812374323e-06
Male,45-59,Asian / Asian American,Doctorate degree / Ph.D.,"Less than $30,000",Democrat,1.1177915565089067e-05
Male,45-59,Asian / Asian American,Doctorate degree / Ph.D.,"Less than $30,000",Independent,7.256061200319721e-06
Male,45-59,Asian / Asian American,Doctorate degree / Ph.D.,"Less than $30,000",Republican,2.7112286728032526e-06
Male,45-59,Asian / Asian American,High school diploma / GED,"$100,000 to $167,999",Democrat,3.847861170023774e-05
Male,45-59,Asian / Asian American,High school diploma / GED,"$100,000 to $167,999",Independent,5.2533230783264596e-05
Male,45-59,Asian / Asian American,High school diploma / GED,"$100,000 to $167,999",Republican,2.3166288750841764e-05
Male,45-59,Asian / Asian American,High school diploma / GED,"$168,000 or more",Democrat,1.4573915399290676e-05
Male,45-59,Asian / Asian American,High school diploma / GED,"$168,000 or more",Independent,1.9897153957921498e-05
Male,45-59,Asian / Asian American,High school diploma / GED,"$168,000 or more",Republican,8.774316885456153e-06
Male,45-59,Asian / Asian American,High school diploma / GED,"$30,000 to $55,999",Democrat,6.454460112536399e-05
Male,45-59,Asian / Asian American,High school diploma / GED,"$30,000 to $55,999",Independent,8.812003024297135e-05
Male,45-59,Asian / Asian American,High school diploma / GED,"$30,000 to $55,999",Republican,3.885948065451766e-05
Male,45-59,Asian / Asian American,High school diploma / GED,"$56,000 to $99,999",Democrat,6.375070707098731e-05
Male,45-59,Asian / Asian American,High school diploma / GED,"$56,000 to $99,999",Independent,8.703616006852386e-05
Male,45-59,Asian / Asian American,High school diploma / GED,"$56,000 to $99,999",Republican,3.838151177548057e-05
Male,45-59,Asian / Asian American,High school diploma / GED,"Less than $30,000",Democrat,5.289429878194642e-05
Male,45-59,Asian / Asian American,High school diploma / GED,"Less than $30,000",Independent,7.221436227164543e-05
Male,45-59,Asian / Asian American,High school diploma / GED,"Less than $30,000",Republican,3.1845343288419546e-05
Male,45-59,Asian / Asian American,Less than high school,"$100,000 to $167,999",Democrat,2.1679298149224246e-05
Male,45-59,Asian / Asian American,Less than high school,"$100,000 to $167,999",Independent,3.108305600770518e-05
Male,45-59,Asian / Asian American,Less than high school,"$100,000 to $167,999",Republican,1.2206087443537772e-05
Male,45-59,Asian / Asian American,Less than high school,"$168,000 or more",Democrat,1.038742654004084e-05
Male,45-59,Asian / Asian American,Less than high school,"$168,000 or more",Independent,1.4893146387747176e-05
Male,45-59,Asian / Asian American,Less than high school,"$168,000 or more",Republican,5.848429030697226e-06
Male,45-59,Asian / Asian American,Less than high school,"$30,000 to $55,999",Democrat,6.096951492989807e-05
Male,45-59,Asian / Asian American,Less than high school,"$30,000 to $55,999",Independent,8.741606090215847e-05
Male,45-59,Asian / Asian American,Less than high school,"$30,000 to $55,999",Republican,3.432764407324908e-05
Male,45-59,Asian / Asian American,Less than high school,"$56,000 to $99,999",Democrat,4.4437379758562265e-05
Male,45-59,Asian / Asian American,Less than high school,"$56,000 to $99,999",Independent,6.371283582907331e-05
Male,45-59,Asian / Asian American,Less than high school,"$56,000 to $99,999",Republican,2.501956195081507e-05
Male,45-59,Asian / Asian American,Less than high school,"Less than $30,000",Democrat,6.250357729069651e-05
Male,45-59,Asian / Asian American,Less than high school,"Less than $30,000",Independent,8.961554844791728e-05
Male,45-59,Asian / Asian American,Less than high school,"Less than $30,000",Republican,3.5191366652774333e-05
Male,45-59,Asian / Asian American,Master's degree / Professional degree,"$100,000 to $167,999",Democrat,8.780631705563724e-05
Male,45-59,Asian / Asian American,Master's degree / Professional degree,"$100,000 to $167,999",Independent,0.0002557109738826158
Male,45-59,Asian / Asian American,Master's degree / Professional degree,"$100,000 to $167,999",Other,4.658503379298201e-06
Male,45-59,Asian / Asian American,Master's degree / Professional degree,"$100,000 to $167,999",Republican,5.139943412358944e-05
Male,45-59,Asian / Asian American,Master's degree / Professional degree,"$168,000 or more",Democrat,0.0001579669437424676
Male,45-59,Asian / Asian American,Master's degree / Professional degree,"$168,000 or more",Independent,0.00033242302546318114
Male,45-59,Asian / Asian American,Master's degree / Professional degree,"$168,000 or more",Republican,0.0001049630547459345
Male,45-59,Asian / Asian American,Master's degree / Professional degree,"$30,000 to $55,999",Democrat,3.276881714117295e-05
Male,45-59,Asian / Asian American,Master's degree / Professional degree,"$30,000 to $55,999",Independent,9.54298782266568e-05
Male,45-59,Asian / Asian American,Master's degree / Professional degree,"$30,000 to $55,999",Other,1.7385269136277745e-06
Male,45-59,Asian / Asian American,Master's degree / Professional degree,"$30,000 to $55,999",Republican,1.9181975903720358e-05
Male,45-59,Asian / Asian American,Master's degree / Professional degree,"$56,000 to $99,999",Democrat,5.038217025775006e-05
Male,45-59,Asian / Asian American,Master's degree / Professional degree,"$56,000 to $99,999",Independent,0.00014672376948421257
Male,45-59,Asian / Asian American,Master's degree / Professional degree,"$56,000 to $99,999",Other,2.672991172757966e-06
Male,45-59,Asian / Asian American,Master's degree / Professional degree,"$56,000 to $99,999",Republican,2.9492354627808992e-05
Male,45-59,Asian / Asian American,Master's degree / Professional degree,"Less than $30,000",Democrat,2.3031216231382663e-05
Male,45-59,Asian / Asian American,Master's degree / Professional degree,"Less than $30,000",Independent,6.707187967462823e-05
Male,45-59,Asian / Asian American,Master's degree / Professional degree,"Less than $30,000",Other,1.2219052369006673e-06
Male,45-59,Asian / Asian American,Master's degree / Professional degree,"Less than $30,000",Republican,1.3481848700259253e-05
Male,45-59,Asian / Asian American,Some college or Associate's degree,"$100,000 to $167,999",Democrat,0.00014445076716993165
Male,45-59,Asian / Asian American,Some college or Associate's degree,"$100,000 to $167,999",Independent,9.522912263157194e-05
Male,45-59,Asian / Asian American,Some college or Associate's degree,"$100,000 to $167,999",Republican,3.595617741325577e-05
Male,45-59,Asian / Asian American,Some college or Associate's degree,"$168,000 or more",Democrat,7.173957282502022e-05
Male,45-59,Asian / Asian American,Some college or Associate's degree,"$168,000 or more",Independent,4.729429072573658e-05
Male,45-59,Asian / Asian American,Some college or Associate's degree,"$168,000 or more",Republican,1.7857162399235368e-05
Male,45-59,Asian / Asian American,Some college or Associate's degree,"$30,000 to $55,999",Democrat,0.0001379712610771337
Male,45-59,Asian / Asian American,Some college or Associate's degree,"$30,000 to $55,999",Independent,9.095751028646612e-05
Male,45-59,Asian / Asian American,Some college or Associate's degree,"$30,000 to $55,999",Republican,3.434332152340896e-05
Male,45-59,Asian / Asian American,Some college or Associate's degree,"$56,000 to $99,999",Democrat,0.00020568733671082927
Male,45-59,Asian / Asian American,Some college or Associate's degree,"$56,000 to $99,999",Independent,0.0001355993117596555
Male,45-59,Asian / Asian American,Some college or Associate's degree,"$56,000 to $99,999",Republican,5.1198969138975376e-05
Male,45-59,Asian / Asian American,Some college or Associate's degree,"Less than $30,000",Democrat,0.00011063034790025433
Male,45-59,Asian / Asian American,Some college or Associate's degree,"Less than $30,000",Independent,7.293302191031734e-05
Male,45-59,Asian / Asian American,Some college or Associate's degree,"Less than $30,000",Republican,2.7537717482055448e-05
Male,45-59,Black / African American,Bachelor's degree,"$100,000 to $167,999",Democrat,0.00018454656218514778
Male,45-59,Black / African American,Bachelor's degree,"$100,000 to $167,999",Independent,0.00016493309897308093
Male,45-59,Black / African American,Bachelor's degree,"$100,000 to $167,999",Other,0.00012313890493684831
Male,45-59,Black / African American,Bachelor's degree,"$100,000 to $167,999",Republican,6.300027198458335e-05
Male,45-59,Black / African American,Bachelor's degree,"$168,000 or more",Democrat,8.848293440619979e-05
Male,45-59,Black / African American,Bachelor's degree,"$168,000 or more",Independent,7.907903785931859e-05
Male,45-59,Black / African American,Bachelor's degree,"$168,000 or more",Other,5.9040339301727174e-05
Male,45-59,Black / African American,Bachelor's degree,"$168,000 or more",Republican,3.020619223452142e-05
Male,45-59,Black / African American,Bachelor's degree,"$30,000 to $55,999",Democrat,0.00014175430361266532
Male,45-59,Black / African American,Bachelor's degree,"$30,000 to $55,999",Independent,0.00012668876792270884
Male,45-59,Black / African American,Bachelor's degree,"$30,000 to $55,999",Other,9.45857214042102e-05
Male,45-59,Black / African American,Bachelor's degree,"$30,000 to $55,999",Republican,4.83919048766862e-05
Male,45-59,Black / African American,Bachelor's degree,"$56,000 to $99,999",Democrat,0.00023216173268149462
Male,45-59,Black / African American,Bachelor's degree,"$56,000 to $99,999",Independent,0.0002074877666683546
Male,45-59,Black / African American,Bachelor's degree,"$56,000 to $99,999",Other,0.0001549101819732587
Male,45-59,Black / African American,Bachelor's degree,"$56,000 to $99,999",Republican,7.925507866503834e-05
Male,45-59,Black / African American,Bachelor's degree,"Less than $30,000",Democrat,0.0001294074900145732
Male,45-59,Black / African American,Bachelor's degree,"Less than $30,000",Independent,0.00011565416394491525
Male,45-59,Black / African American,Bachelor's degree,"Less than $30,000",Other,8.63472958929121e-05
Male,45-59,Black / African American,Bachelor's degree,"Less than $30,000",Republican,4.4176965266798565e-05
Male,45-59,Black / African American,Doctorate degree / Ph.D.,"$100,000 to $167,999",Democrat,2.491371694271145e-05
Male,45-59,Black / African American,Doctorate degree / Ph.D.,"$100,000 to $167,999",Independent,9.091465825642289e-06
Male,45-59,Black / African American,Doctorate degree / Ph.D.,"$100,000 to $167,999",Other,1.667252661482404e-06
Male,45-59,Black / African American,Doctorate degree / Ph.D.,"$100,000 to $167,999",Republican,4.091538341904286e-06
Male,45-59,Black / African American,Doctorate degree / Ph.D.,"$168,000 or more",Democrat,2.259145257896947e-05
Male,45-59,Black / African American,Doctorate degree / Ph.D.,"$168,000 or more",Independent,8.24402956594585e-06
Male,45-59,Black / African American,Doctorate degree / Ph.D.,"$168,000 or more",Other,1.5118442392860025e-06
Male,45-59,Black / African American,Doctorate degree / Ph.D.,"$168,000 or more",Republican,3.7101567236520946e-06
Male,45-59,Black / African American,Doctorate degree / Ph.D.,"$30,000 to $55,999",Democrat,1.0032517459281551e-05
Male,45-59,Black / African American,Doctorate degree / Ph.D.,"$30,000 to $55,999",Independent,3.6610470383023856e-06
Male,45-59,Black / African American,Doctorate degree / Ph.D.,"$30,000 to $55,999",Other,6.713868297459832e-07
Male,45-59,Black / African American,Doctorate degree / Ph.D.,"$30,000 to $55,999",Republican,1.6476236743342881e-06
Male,45-59,Black / African American,Doctorate degree / Ph.D.,"$56,000 to $99,999",Democrat,1.6249916036034485e-05
Male,45-59,Black / African American,Doctorate degree / Ph.D.,"$56,000 to $99,999",Independent,5.929888207804504e-06
Male,45-59,Black / African American,Doctorate degree / Ph.D.,"$56,000 to $99,999",Other,1.087461811589301e-06
Male,45-59,Black / African American,Doctorate degree / Ph.D.,"$56,000 to $99,999",Republican,2.668696713021426e-06
Male,45-59,Black / African American,Doctorate degree / Ph.D.,"Less than $30,000",Democrat,8.040778137347987e-06
Male,45-59,Black / African American,Doctorate degree / Ph.D.,"Less than $30,000",Independent,2.9342253432263182e-06
Male,45-59,Black / African American,Doctorate degree / Ph.D.,"Less than $30,000",Other,5.380974978847909e-07
Male,45-59,Black / African American,Doctorate degree / Ph.D.,"Less than $30,000",Republican,1.3205236345646792e-06
Male,45-59,Black / African American,High school diploma / GED,"$100,000 to $167,999",Democrat,0.000266463428497727
Male,45-59,Black / African American,High school diploma / GED,"$100,000 to $167,999",Independent,0.00010852618537313139
Male,45-59,Black / African American,High school diploma / GED,"$100,000 to $167,999",Other,7.770925307356e-06
Male,45-59,Black / African American,High school diploma / GED,"$100,000 to $167,999",Republican,2.4095527360487048e-05
Male,45-59,Black / African American,High school diploma / GED,"$168,000 or more",Democrat,5.867820329843573e-05
Male,45-59,Black / African American,High school diploma / GED,"$168,000 or more",Independent,2.389867008929013e-05
Male,45-59,Black / African American,High school diploma / GED,"$168,000 or more",Other,1.7112439690983113e-06
Male,45-59,Black / African American,High school diploma / GED,"$168,000 or more",Republican,5.306102458460781e-06
Male,45-59,Black / African American,High school diploma / GED,"$30,000 to $55,999",Democrat,0.0007048045430566043
Male,45-59,Black / African American,High school diploma / GED,"$30,000 to $55,999",Independent,0.0002778672139841364
Male,45-59,Black / African American,High school diploma / GED,"$30,000 to $55,999",Republican,2.8385873097514453e-05
Male,45-59,Black / African American,High school diploma / GED,"$56,000 to $99,999",Democrat,0.0005806181235727576
Male,45-59,Black / African American,High school diploma / GED,"$56,000 to $99,999",Independent,0.0003055082362369072
Male,45-59,Black / African American,High school diploma / GED,"$56,000 to $99,999",Republican,8.076116161887782e-05
Male,45-59,Black / African American,High school diploma / GED,"Less than $30,000",Democrat,0.0010311747562557567
Male,45-59,Black / African American,High school diploma / GED,"Less than $30,000",Independent,0.00026642442927045395
Male,45-59,Black / African American,High school diploma / GED,"Less than $30,000",Other,3.873206527769285e-06
Male,45-59,Black / African American,High school diploma / GED,"Less than $30,000",Republican,8.190397992979344e-05
Male,45-59,Black / African American,Less than high school,"$100,000 to $167,999",Democrat,2.4866967858020937e-05
Male,45-59,Black / African American,Less than high school,"$100,000 to $167,999",Independent,4.256026360713339e-05
Male,45-59,Black / African American,Less than high school,"$100,000 to $167,999",Other,6.310636278431887e-08
Male,45-59,Black / African American,Less than high school,"$168,000 or more",Democrat,6.8700810769966055e-06
Male,45-59,Black / African American,Less than high school,"$168,000 or more",Independent,1.1758267566386975e-05
Male,45-59,Black / African American,Less than high school,"$168,000 or more",Other,1.7434607680276156e-08
Male,45-59,Black / African American,Less than high school,"$30,000 to $55,999",Democrat,0.0001196815397870116
Male,45-59,Black / African American,Less than high school,"$30,000 to $55,999",Independent,0.00020483711208079035
Male,45-59,Black / African American,Less than high school,"$30,000 to $55,999",Other,3.037228628559515e-07
Male,45-59,Black / African American,Less than high school,"$56,000 to $99,999",Democrat,8.192155222999419e-05
Male,45-59,Black / African American,Less than high school,"$56,000 to $99,999",Independent,0.00014021021291864042
Male,45-59,Black / African American,Less than high school,"$56,000 to $99,999",Other,2.07897127804145e-07
Male,45-59,Black / African American,Less than high school,"Less than $30,000",Democrat,0.00020738276195814487
Male,45-59,Black / African American,Less than high school,"Less than $30,000",Independent,0.0005418809503047257
Male,45-59,Black / African American,Less than high school,"Less than $30,000",Other,8.143993902115192e-07
Male,45-59,Black / African American,Master's degree / Professional degree,"$100,000 to $167,999",Democrat,0.00012498230471855553
Male,45-59,Black / African American,Master's degree / Professional degree,"$100,000 to $167,999",Independent,0.0001402909546809431
Male,45-59,Black / African American,Master's degree / Professional degree,"$100,000 to $167,999",Other,1.2495887855236759e-05
Male,45-59,Black / African American,Master's degree / Professional degree,"$100,000 to $167,999",Republican,2.886565669634602e-05
Male,45-59,Black / African American,Master's degree / Professional degree,"$168,000 or more",Democrat,9.113585681032648e-05
Male,45-59,Black / African American,Master's degree / Professional degree,"$168,000 or more",Independent,0.00010229877250525883
Male,45-59,Black / African American,Master's degree / Professional degree,"$168,000 or more",Other,9.111877468232346e-06
Male,45-59,Black / African American,Master's degree / Professional degree,"$168,000 or more",Republican,2.1048550523517973e-05
Male,45-59,Black / African American,Master's degree / Professional degree,"$30,000 to $55,999",Democrat,6.48404043635184e-05
Male,45-59,Black / African American,Master's degree / Professional degree,"$30,000 to $55,999",Independent,7.278248109234834e-05
Male,45-59,Black / African American,Master's degree / Professional degree,"$30,000 to $55,999",Other,6.482825094634677e-06
Male,45-59,Black / African American,Master's degree / Professional degree,"$30,000 to $55,999",Republican,1.4975406771577167e-05
Male,45-59,Black / African American,Master's degree / Professional degree,"$56,000 to $99,999",Democrat,0.00010481677334829447
Male,45-59,Black / African American,Master's degree / Professional degree,"$56,000 to $99,999",Independent,0.00011765541716262734
Male,45-59,Black / African American,Master's degree / Professional degree,"$56,000 to $99,999",Other,1.0479712692588866e-05
Male,45-59,Black / African American,Master's degree / Professional degree,"$56,000 to $99,999",Republican,2.4208266940699054e-05
Male,45-59,Black / African American,Master's degree / Professional degree,"Less than $30,000",Democrat,4.553657422212054e-05
Male,45-59,Black / African American,Master's degree / Professional degree,"Less than $30,000",Independent,5.111419160421734e-05
Male,45-59,Black / African American,Master's degree / Professional degree,"Less than $30,000",Other,4.552803903501747e-06
Male,45-59,Black / African American,Master's degree / Professional degree,"Less than $30,000",Republican,1.0517033763966618e-05
Male,45-59,Black / African American,Some college or Associate's degree,"$100,000 to $167,999",Democrat,0.0004196847968850061
Male,45-59,Black / African American,Some college or Associate's degree,"$100,000 to $167,999",Independent,0.00024199932778266558
Male,45-59,Black / African American,Some college or Associate's degree,"$100,000 to $167,999",Other,1.8784531529374055e-05
Male,45-59,Black / African American,Some college or Associate's degree,"$100,000 to $167,999",Republican,6.3685400447802e-05
Male,45-59,Black / African American,Some college or Associate's degree,"$168,000 or more",Democrat,0.00012648420856139155
Male,45-59,Black / African American,Some college or Associate's degree,"$168,000 or more",Independent,7.293352933955845e-05
Male,45-59,Black / African American,Some college or Associate's degree,"$168,000 or more",Other,5.661264409204679e-06
Male,45-59,Black / African American,Some college or Associate's degree,"$168,000 or more",Republican,1.919344596788586e-05
Male,45-59,Black / African American,Some college or Associate's degree,"$30,000 to $55,999",Democrat,0.000596294445112593
Male,45-59,Black / African American,Some college or Associate's degree,"$30,000 to $55,999",Independent,0.0003561671350778925
Male,45-59,Black / African American,Some college or Associate's degree,"$30,000 to $55,999",Other,6.066631190462389e-05
Male,45-59,Black / African American,Some college or Associate's degree,"$30,000 to $55,999",Republican,0.0001232186990885222
Male,45-59,Black / African American,Some college or Associate's degree,"$56,000 to $99,999",Democrat,0.0008559979654167266
Male,45-59,Black / African American,Some college or Associate's degree,"$56,000 to $99,999",Independent,0.000418856142329536
Male,45-59,Black / African American,Some college or Associate's degree,"$56,000 to $99,999",Other,1.3370625132425567e-05
Male,45-59,Black / African American,Some college or Associate's degree,"$56,000 to $99,999",Republican,3.273124069783915e-05
Male,45-59,Black / African American,Some college or Associate's degree,"Less than $30,000",Democrat,0.0007128039709370829
Male,45-59,Black / African American,Some college or Associate's degree,"Less than $30,000",Independent,0.0004135038984773551
Male,45-59,Black / African American,Some college or Associate's degree,"Less than $30,000",Other,3.22265696067279e-05
Male,45-59,Black / African American,Some college or Associate's degree,"Less than $30,000",Republican,0.0001292068979646762
Male,45-59,Hispanic / Latino,Bachelor's degree,"$100,000 to $167,999",Democrat,0.00020300025879781372
Male,45-59,Hispanic / Latino,Bachelor's degree,"$100,000 to $167,999",Independent,0.00023740540624687037
Male,45-59,Hispanic / Latino,Bachelor's degree,"$100,000 to $167,999",Other,1.805545458322542e-05
Male,45-59,Hispanic / Latino,Bachelor's degree,"$100,000 to $167,999",Republican,0.00016106877728433382
Male,45-59,Hispanic / Latino,Bachelor's degree,"$168,000 or more",Democrat,0.00012134162445742415
Male,45-59,Hispanic / Latino,Bachelor's degree,"$168,000 or more",Independent,0.0001419069996243782
Male,45-59,Hispanic / Latino,Bachelor's degree,"$168,000 or more",Other,1.0792489637305897e-05
Male,45-59,Hispanic / Latino,Bachelor's degree,"$168,000 or more",Republican,9.62774491066937e-05
Male,45-59,Hispanic / Latino,Bachelor's degree,"$30,000 to $55,999",Democrat,0.00016845811136923506
Male,45-59,Hispanic / Latino,Bachelor's degree,"$30,000 to $55,999",Independent,0.00019700894275719293
Male,45-59,Hispanic / Latino,Bachelor's degree,"$30,000 to $55,999",Other,1.4983171928034562e-05
Male,45-59,Hispanic / Latino,Bachelor's degree,"$30,000 to $55,999",Republican,0.00013366161295831364
Male,45-59,Hispanic / Latino,Bachelor's degree,"$56,000 to $99,999",Democrat,0.00025520498024191366
Male,45-59,Hispanic / Latino,Bachelor's degree,"$56,000 to $99,999",Independent,0.00029845795453344796
Male,45-59,Hispanic / Latino,Bachelor's degree,"$56,000 to $99,999",Other,2.2698699782250906e-05
Male,45-59,Hispanic / Latino,Bachelor's degree,"$56,000 to $99,999",Republican,0.0002024901562582655
Male,45-59,Hispanic / Latino,Bachelor's degree,"Less than $30,000",Democrat,0.00012960536429832475
Male,45-59,Hispanic / Latino,Bachelor's degree,"Less than $30,000",Independent,0.0001515713051068722
Male,45-59,Hispanic / Latino,Bachelor's degree,"Less than $30,000",Other,1.1527491554390038e-05
Male,45-59,Hispanic / Latino,Bachelor's degree,"Less than $30,000",Republican,0.00010283424110219246
Male,45-59,Hispanic / Latino,Doctorate degree / Ph.D.,"$100,000 to $167,999",Democrat,1.2953604194122733e-05
Male,45-59,Hispanic / Latino,Doctorate degree / Ph.D.,"$100,000 to $167,999",Independent,2.1894533510834236e-05
Male,45-59,Hispanic / Latino,Doctorate degree / Ph.D.,"$100,000 to $167,999",Other,2.2888642955452084e-06
Male,45-59,Hispanic / Latino,Doctorate degree / Ph.D.,"$100,000 to $167,999",Republican,6.670193089610512e-06
Male,45-59,Hispanic / Latino,Doctorate degree / Ph.D.,"$168,000 or more",Democrat,1.4115133588825665e-05
Male,45-59,Hispanic / Latino,Doctorate degree / Ph.D.,"$168,000 or more",Independent,2.3857782030322066e-05
Male,45-59,Hispanic / Latino,Doctorate degree / Ph.D.,"$168,000 or more",Other,2.4941031711446382e-06
Male,45-59,Hispanic / Latino,Doctorate degree / Ph.D.,"$168,000 or more",Republican,7.268298854293539e-06
Male,45-59,Hispanic / Latino,Doctorate degree / Ph.D.,"$30,000 to $55,999",Democrat,4.638473938066203e-06
Male,45-59,Hispanic / Latino,Doctorate degree / Ph.D.,"$30,000 to $55,999",Independent,7.840074588831435e-06
Male,45-59,Hispanic / Latino,Doctorate degree / Ph.D.,"$30,000 to $55,999",Other,8.19604893244596e-07
Male,45-59,Hispanic / Latino,Doctorate degree / Ph.D.,"$30,000 to $55,999",Republican,2.388487122531151e-06
Male,45-59,Hispanic / Latino,Doctorate degree / Ph.D.,"$56,000 to $99,999",Democrat,1.0487410553432088e-05
Male,45-59,Hispanic / Latino,Doctorate degree / Ph.D.,"$56,000 to $99,999",Independent,1.7726106059978033e-05
Male,45-59,Hispanic / Latino,Doctorate degree / Ph.D.,"$56,000 to $99,999",Other,1.8530950312165511e-06
Male,45-59,Hispanic / Latino,Doctorate degree / Ph.D.,"$56,000 to $99,999",Republican,5.400277201085854e-06
Male,45-59,Hispanic / Latino,Doctorate degree / Ph.D.,"Less than $30,000",Democrat,6.667333553118274e-06
Male,45-59,Hispanic / Latino,Doctorate degree / Ph.D.,"Less than $30,000",Independent,1.1269308195543776e-05
Male,45-59,Hispanic / Latino,Doctorate degree / Ph.D.,"Less than $30,000",Other,1.1780985035151046e-06
Male,45-59,Hispanic / Latino,Doctorate degree / Ph.D.,"Less than $30,000",Republican,3.433206814541679e-06
Male,45-59,Hispanic / Latino,High school diploma / GED,"$100,000 to $167,999",Democrat,0.00020764082118535134
Male,45-59,Hispanic / Latino,High school diploma / GED,"$100,000 to $167,999",Independent,0.00018859581058826047
Male,45-59,Hispanic / Latino,High school diploma / GED,"$100,000 to $167,999",Other,5.928084055853691e-05
Male,45-59,Hispanic / Latino,High school diploma / GED,"$100,000 to $167,999",Republican,0.00018991519029764857
Male,45-59,Hispanic / Latino,High school diploma / GED,"$168,000 or more",Democrat,5.370229889977765e-05
Male,45-59,Hispanic / Latino,High school diploma / GED,"$168,000 or more",Independent,4.8776673746708945e-05
Male,45-59,Hispanic / Latino,High school diploma / GED,"$168,000 or more",Other,1.5331847565093348e-05
Male,45-59,Hispanic / Latino,High school diploma / GED,"$168,000 or more",Republican,4.911790589514384e-05
Male,45-59,Hispanic / Latino,High school diploma / GED,"$30,000 to $55,999",Democrat,0.0004942750309607589
Male,45-59,Hispanic / Latino,High school diploma / GED,"$30,000 to $55,999",Independent,0.00026971870568588306
Male,45-59,Hispanic / Latino,High school diploma / GED,"$30,000 to $55,999",Other,1.07091623787595e-05
Male,45-59,Hispanic / Latino,High school diploma / GED,"$30,000 to $55,999",Republican,0.00048096810460418346
Male,45-59,Hispanic / Latino,High school diploma / GED,"$56,000 to $99,999",Democrat,0.00030271159931762997
Male,45-59,Hispanic / Latino,High school diploma / GED,"$56,000 to $99,999",Independent,0.00022640171818449214
Male,45-59,Hispanic / Latino,High school diploma / GED,"$56,000 to $99,999",Other,0.00012625921171721712
Male,45-59,Hispanic / Latino,High school diploma / GED,"$56,000 to $99,999",Republican,0.0006819615793311531
Male,45-59,Hispanic / Latino,High school diploma / GED,"Less than $30,000",Democrat,0.00039130209046200096
Male,45-59,Hispanic / Latino,High school diploma / GED,"Less than $30,000",Independent,0.00039387985686732506
Male,45-59,Hispanic / Latino,High school diploma / GED,"Less than $30,000",Other,0.0001927589739920796
Male,45-59,Hispanic / Latino,High school diploma / GED,"Less than $30,000",Republican,0.00013476210111226873
Male,45-59,Hispanic / Latino,Less than high school,"$100,000 to $167,999",Democrat,0.0002203174479363909
Male,45-59,Hispanic / Latino,Less than high school,"$100,000 to $167,999",Independent,0.00023601476856295164
Male,45-59,Hispanic / Latino,Less than high school,"$100,000 to $167,999",Republican,0.00015035059634585843
Male,45-59,Hispanic / Latino,Less than high school,"$168,000 or more",Democrat,5.086944372551204e-05
Male,45-59,Hispanic / Latino,Less than high school,"$168,000 or more",Independent,5.449382289172625e-05
Male,45-59,Hispanic / Latino,Less than high school,"$168,000 or more",Republican,3.471468679194662e-05
Male,45-59,Hispanic / Latino,Less than high school,"$30,000 to $55,999",Democrat,0.0004360315178429115
Male,45-59,Hispanic / Latino,Less than high school,"$30,000 to $55,999",Independent,0.0004907421402924255
Male,45-59,Hispanic / Latino,Less than high school,"$30,000 to $55,999",Republican,0.0007588473789567214
Male,45-59,Hispanic / Latino,Less than high school,"$56,000 to $99,999",Democrat,0.0005728598106086878
Male,45-59,Hispanic / Latino,Less than high school,"$56,000 to $99,999",Independent,0.0006136752984668784
Male,45-59,Hispanic / Latino,Less than high school,"$56,000 to $99,999",Republican,0.00039093505736531017
Male,45-59,Hispanic / Latino,Less than high school,"Less than $30,000",Democrat,0.0005067877991988918
Male,45-59,Hispanic / Latino,Less than high school,"Less than $30,000",Independent,0.0007942612983382702
Male,45-59,Hispanic / Latino,Less than high school,"Less than $30,000",Republican,0.00033895466754755384
Male,45-59,Hispanic / Latino,Master's degree / Professional degree,"$100,000 to $167,999",Democrat,0.00010215217192323595
Male,45-59,Hispanic / Latino,Master's degree / Professional degree,"$100,000 to $167,999",Independent,0.00016160071344465158
Male,45-59,Hispanic / Latino,Master's degree / Professional degree,"$100,000 to $167,999",Other,1.1100210245910871e-05
Male,45-59,Hispanic / Latino,Master's degree / Professional degree,"$100,000 to $167,999",Republican,5.9527742322815224e-05
Male,45-59,Hispanic / Latino,Master's degree / Professional degree,"$168,000 or more",Democrat,9.2610414651862e-05
Male,45-59,Hispanic / Latino,Master's degree / Professional degree,"$168,000 or more",Independent,0.0001465060291756921
Male,45-59,Hispanic / Latino,Master's degree / Professional degree,"$168,000 or more",Other,1.0063369718356634e-05
Male,45-59,Hispanic / Latino,Master's degree / Professional degree,"$168,000 or more",Republican,5.3967417393218756e-05
Male,45-59,Hispanic / Latino,Master's degree / Professional degree,"$30,000 to $55,999",Democrat,6.48346323807962e-05
Male,45-59,Hispanic / Latino,Master's degree / Professional degree,"$30,000 to $55,999",Independent,0.00010256583537481464
Male,45-59,Hispanic / Latino,Master's degree / Professional degree,"$30,000 to $55,999",Other,7.045156623630026e-06
Male,45-59,Hispanic / Latino,Master's degree / Professional degree,"$30,000 to $55,999",Republican,3.778147069509932e-05
Male,45-59,Hispanic / Latino,Master's degree / Professional degree,"$56,000 to $99,999",Democrat,8.349071461415964e-05
Male,45-59,Hispanic / Latino,Master's degree / Professional degree,"$56,000 to $99,999",Independent,0.000132079022830674
Male,45-59,Hispanic / Latino,Master's degree / Professional degree,"$56,000 to $99,999",Other,9.072391397560787e-06
Male,45-59,Hispanic / Latino,Master's degree / Professional degree,"$56,000 to $99,999",Republican,4.8653040384047916e-05
Male,45-59,Hispanic / Latino,Master's degree / Professional degree,"Less than $30,000",Democrat,4.4859418735360634e-05
Male,45-59,Hispanic / Latino,Master's degree / Professional degree,"Less than $30,000",Independent,7.096583396968084e-05
Male,45-59,Hispanic / Latino,Master's degree / Professional degree,"Less than $30,000",Other,4.874580443047748e-06
Male,45-59,Hispanic / Latino,Master's degree / Professional degree,"Less than $30,000",Republican,2.6141195717664497e-05
Male,45-59,Hispanic / Latino,Some college or Associate's degree,"$100,000 to $167,999",Democrat,0.00014673722340259124
Male,45-59,Hispanic / Latino,Some college or Associate's degree,"$100,000 to $167,999",Independent,0.0004881717299102283
Male,45-59,Hispanic / Latino,Some college or Associate's degree,"$100,000 to $167,999",Other,1.3825017791052728e-05
Male,45-59,Hispanic / Latino,Some college or Associate's degree,"$100,000 to $167,999",Republican,0.00033508619832265
Male,45-59,Hispanic / Latino,Some college or Associate's degree,"$168,000 or more",Democrat,0.00012034152520789153
Male,45-59,Hispanic / Latino,Some college or Associate's degree,"$168,000 or more",Independent,0.00011339333300237366
Male,45-59,Hispanic / Latino,Some college or Associate's degree,"$168,000 or more",Other,6.411943737677418e-06
Male,45-59,Hispanic / Latino,Some college or Associate's degree,"$168,000 or more",Republican,8.683098548450117e-05
Male,45-59,Hispanic / Latino,Some college or Associate's degree,"$30,000 to $55,999",Democrat,0.0003860527101052802
Male,45-59,Hispanic / Latino,Some college or Associate's degree,"$30,000 to $55,999",Independent,0.00042103520448308877
Male,45-59,Hispanic / Latino,Some college or Associate's degree,"$30,000 to $55,999",Other,1.1234403713492193e-05
Male,45-59,Hispanic / Latino,Some college or Associate's degree,"$30,000 to $55,999",Republican,0.00036691647673759814
Male,45-59,Hispanic / Latino,Some college or Associate's degree,"$56,000 to $99,999",Democrat,0.0006195588216292187
Male,45-59,Hispanic / Latino,Some college or Associate's degree,"$56,000 to $99,999",Independent,0.0004366554577340528
Male,45-59,Hispanic / Latino,Some college or Associate's degree,"$56,000 to $99,999",Other,4.342132839029176e-06
Male,45-59,Hispanic / Latino,Some college or Associate's degree,"$56,000 to $99,999",Republican,0.00046991075728793834
Male,45-59,Hispanic / Latino,Some college or Associate's degree,"Less than $30,000",Democrat,0.0005714520895572341
Male,45-59,Hispanic / Latino,Some college or Associate's degree,"Less than $30,000",Independent,0.00025681722087280405
Male,45-59,Hispanic / Latino,Some college or Associate's degree,"Less than $30,000",Other,2.5154724810043487e-05
Male,45-59,Hispanic / Latino,Some college or Associate's degree,"Less than $30,000",Republican,0.00011443445717346075
Male,45-59,Other,Bachelor's degree,"$100,000 to $167,999",Democrat,2.508088975098638e-05
Male,45-59,Other,Bachelor's degree,"$100,000 to $167,999",Independent,6.357978890431587e-05
Male,45-59,Other,Bachelor's degree,"$100,000 to $167,999",Other,1.8328714410162238e-05
Male,45-59,Other,Bachelor's degree,"$100,000 to $167,999",Republican,3.449636083747217e-05
Male,45-59,Other,Bachelor's degree,"$168,000 or more",Democrat,1.852258372517279e-05
Male,45-59,Other,Bachelor's degree,"$168,000 or more",Independent,4.6954552844868203e-05
Male,45-59,Other,Bachelor's degree,"$168,000 or more",Other,1.3536008913864767e-05
Male,45-59,Other,Bachelor's degree,"$168,000 or more",Republican,2.5476039254178407e-05
Male,45-59,Other,Bachelor's degree,"$30,000 to $55,999",Democrat,1.5176382949462012e-05
Male,45-59,Other,Bachelor's degree,"$30,000 to $55,999",Independent,3.847196944916626e-05
Male,45-59,Other,Bachelor's degree,"$30,000 to $55,999",Other,1.1090658729481693e-05
Male,45-59,Other,Bachelor's degree,"$30,000 to $55,999",Republican,2.0873660688680816e-05
Male,45-59,Other,Bachelor's degree,"$56,000 to $99,999",Democrat,2.527927217063784e-05
Male,45-59,Other,Bachelor's degree,"$56,000 to $99,999",Independent,6.4082686229291e-05
Male,45-59,Other,Bachelor's degree,"$56,000 to $99,999",Other,1.847368911998669e-05
Male,45-59,Other,Bachelor's degree,"$56,000 to $99,999",Republican,3.476921684856478e-05
Male,45-59,Other,Bachelor's degree,"Less than $30,000",Democrat,1.6382712636290314e-05
Male,45-59,Other,Bachelor's degree,"Less than $30,000",Independent,4.153000238177125e-05
Male,45-59,Other,Bachelor's degree,"Less than $30,000",Other,1.1972225234254792e-05
Male,45-59,Other,Bachelor's degree,"Less than $30,000",Republican,2.2532851593746157e-05
Male,45-59,Other,Doctorate degree / Ph.D.,"$100,000 to $167,999",Democrat,3.8250459425340016e-06
Male,45-59,Other,Doctorate degree / Ph.D.,"$100,000 to $167,999",Independent,4.740650216224194e-06
Male,45-59,Other,Doctorate degree / Ph.D.,"$100,000 to $167,999",Other,1.3608774531717408e-06
Male,45-59,Other,Doctorate degree / Ph.D.,"$100,000 to $167,999",Republican,1.7684274931672324e-06
Male,45-59,Other,Doctorate degree / Ph.D.,"$168,000 or more",Democrat,3.1683593158693624e-06
Male,45-59,Other,Doctorate degree / Ph.D.,"$168,000 or more",Independent,3.926771992155892e-06
Male,45-59,Other,Doctorate degree / Ph.D.,"$168,000 or more",Other,1.1272410374388421e-06
Male,45-59,Other,Doctorate degree / Ph.D.,"$168,000 or more",Republican,1.464822594706939e-06
Male,45-59,Other,Doctorate degree / Ph.D.,"$30,000 to $55,999",Democrat,3.5431657462294636e-06
Male,45-59,Other,Doctorate degree / Ph.D.,"$30,000 to $55,999",Independent,4.391296134302989e-06
Male,45-59,Other,Doctorate degree / Ph.D.,"$30,000 to $55,999",Other,1.260589924757812e-06
Male,45-59,Other,Doctorate degree / Ph.D.,"$30,000 to $55,999",Republican,1.638106263981138e-06
Male,45-59,Other,Doctorate degree / Ph.D.,"$56,000 to $99,999",Democrat,3.201866678347008e-06
Male,45-59,Other,Doctorate degree / Ph.D.,"$56,000 to $99,999",Independent,3.968300038501273e-06
Male,45-59,Other,Doctorate degree / Ph.D.,"$56,000 to $99,999",Other,1.1391623097048881e-06
Male,45-59,Other,Doctorate degree / Ph.D.,"$56,000 to $99,999",Republican,1.480314001063679e-06
Male,45-59,Other,Doctorate degree / Ph.D.,"Less than $30,000",Democrat,3.0059405367086265e-06
Male,45-59,Other,Doctorate degree / Ph.D.,"Less than $30,000",Independent,3.725474901319608e-06
Male,45-59,Other,Doctorate degree / Ph.D.,"Less than $30,000",Other,1.0694555734595262e-06
Male,45-59,Other,Doctorate degree / Ph.D.,"Less than $30,000",Republican,1.389731775200539e-06
Male,45-59,Other,High school diploma / GED,"$100,000 to $167,999",Democrat,4.302142372714611e-06
Male,45-59,Other,High school diploma / GED,"$100,000 to $167,999",Independent,3.4163720900498345e-05
Male,45-59,Other,High school diploma / GED,"$100,000 to $167,999",Other,9.85247872712196e-06
Male,45-59,Other,High school diploma / GED,"$100,000 to $167,999",Republican,3.0738185588088316e-05
Male,45-59,Other,High school diploma / GED,"$168,000 or more",Democrat,1.4145289311424498e-06
Male,45-59,Other,High school diploma / GED,"$168,000 or more",Independent,1.1232908495944998e-05
Male,45-59,Other,High school diploma / GED,"$168,000 or more",Other,3.2394595519128995e-06
Male,45-59,Other,High school diploma / GED,"$168,000 or more",Republican,1.0106604811811764e-05
Male,45-59,Other,High school diploma / GED,"$30,000 to $55,999",Democrat,8.143160684189883e-06
Male,45-59,Other,High school diploma / GED,"$30,000 to $55,999",Independent,6.466561186514917e-05
Male,45-59,Other,High school diploma / GED,"$30,000 to $55,999",Other,1.864892196998405e-05
Male,45-59,Other,High school diploma / GED,"$30,000 to $55,999",Republican,5.818170639162552e-05
Male,45-59,Other,High school diploma / GED,"$56,000 to $99,999",Democrat,7.741053243787281e-06
Male,45-59,Other,High school diploma / GED,"$56,000 to $99,999",Independent,6.147243851666686e-05
Male,45-59,Other,High school diploma / GED,"$56,000 to $99,999",Other,1.7728042403628728e-05
Male,45-59,Other,High school diploma / GED,"$56,000 to $99,999",Republican,5.530870683497731e-05
Male,45-59,Other,High school diploma / GED,"Less than $30,000",Democrat,2.5986562433375618e-05
Male,45-59,Other,High school diploma / GED,"Less than $30,000",Independent,0.00010643211824112236
Male,45-59,Other,High school diploma / GED,"Less than $30,000",Other,7.894652890444826e-08
Male,45-59,Other,High school diploma / GED,"Less than $30,000",Republican,8.779954100240834e-05
Male,45-59,Other,Less than high school,"$100,000 to $167,999",Democrat,3.675989917029748e-06
Male,45-59,Other,Less than high school,"$100,000 to $167,999",Independent,8.009839511792134e-06
Male,45-59,Other,Less than high school,"$100,000 to $167,999",Other,4.5073231752445595e-06
Male,45-59,Other,Less than high school,"$100,000 to $167,999",Republican,8.802588216680183e-06
Male,45-59,Other,Less than high school,"$168,000 or more",Democrat,1.2130477191457397e-06
Male,45-59,Other,Less than high school,"$168,000 or more",Independent,2.643183950393906e-06
Male,45-59,Other,Less than high school,"$168,000 or more",Other,1.4873811464643635e-06
Male,45-59,Other,Less than high school,"$168,000 or more",Republican,2.904784779021106e-06
Male,45-59,Other,Less than high school,"$30,000 to $55,999",Democrat,1.0470214757073418e-05
Male,45-59,Other,Less than high school,"$30,000 to $55,999",Independent,2.2814192027468747e-05
Male,45-59,Other,Less than high school,"$30,000 to $55,999",Other,1.2838077004976373e-05
Male,45-59,Other,Less than high school,"$30,000 to $55,999",Republican,2.507215501863947e-05
Male,45-59,Other,Less than high school,"$56,000 to $99,999",Democrat,7.182005375109606e-06
Male,45-59,Other,Less than high school,"$56,000 to $99,999",Independent,1.5649311267409223e-05
Male,45-59,Other,Less than high school,"$56,000 to $99,999",Other,8.806231791331795e-06
Male,45-59,Other,Less than high school,"$56,000 to $99,999",Republican,1.7198152691930213e-05
Male,45-59,Other,Less than high school,"Less than $30,000",Democrat,2.1925472258545893e-05
Male,45-59,Other,Less than high school,"Less than $30,000",Independent,4.7774754005067076e-05
Male,45-59,Other,Less than high school,"Less than $30,000",Other,2.6883966351838573e-05
Male,45-59,Other,Less than high school,"Less than $30,000",Republican,5.250311021096915e-05
Male,45-59,Other,Master's degree / Professional degree,"$100,000 to $167,999",Democrat,2.3357239713894578e-05
Male,45-59,Other,Master's degree / Professional degree,"$100,000 to $167,999",Independent,2.7241726293286305e-05
Male,45-59,Other,Master's degree / Professional degree,"$100,000 to $167,999",Other,5.606040727754575e-06
Male,45-59,Other,Master's degree / Professional degree,"$100,000 to $167,999",Republican,1.2824908267230201e-05
Male,45-59,Other,Master's degree / Professional degree,"$168,000 or more",Democrat,3.0079785885343894e-05
Male,45-59,Other,Master's degree / Professional degree,"$168,000 or more",Independent,3.508228301316538e-05
Male,45-59,Other,Master's degree / Professional degree,"$168,000 or more",Other,7.219539073149252e-06
Male,45-59,Other,Master's degree / Professional degree,"$168,000 or more",Republican,1.6516099479339485e-05
Male,45-59,Other,Master's degree / Professional degree,"$30,000 to $55,999",Democrat,1.2039975885662608e-05
Male,45-59,Other,Master's degree / Professional degree,"$30,000 to $55,999",Independent,1.4042315430785953e-05
Male,45-59,Other,Master's degree / Professional degree,"$30,000 to $55,999",Other,2.889750501471107e-06
Male,45-59,Other,Master's degree / Professional degree,"$30,000 to $55,999",Republican,6.610866188157994e-06
Male,45-59,Other,Master's degree / Professional degree,"$56,000 to $99,999",Democrat,1.6929448667550795e-05
Male,45-59,Other,Master's degree / Professional degree,"$56,000 to $99,999",Independent,1.9744944717218096e-05
Male,45-59,Other,Master's degree / Professional degree,"$56,000 to $99,999",Other,4.0632874385521936e-06
Male,45-59,Other,Master's degree / Professional degree,"$56,000 to $99,999",Republican,9.295560127636295e-06
Male,45-59,Other,Master's degree / Professional degree,"Less than $30,000",Democrat,1.166334235330894e-05
Male,45-59,Other,Master's degree / Professional degree,"Less than $30,000",Independent,1.3603044877975358e-05
Male,45-59,Other,Master's degree / Professional degree,"Less than $30,000",Other,2.79935356468937e-06
Male,45-59,Other,Master's degree / Professional degree,"Less than $30,000",Republican,6.4040656174584866e-06
Male,45-59,Other,Some college or Associate's degree,"$100,000 to $167,999",Democrat,1.4727614986384906e-05
Male,45-59,Other,Some college or Associate's degree,"$100,000 to $167,999",Independent,6.630173696924189e-05
Male,45-59,Other,Some college or Associate's degree,"$100,000 to $167,999",Other,2.7361789815825512e-05
Male,45-59,Other,Some college or Associate's degree,"$100,000 to $167,999",Republican,5.248285564441194e-05
Male,45-59,Other,Some college or Associate's degree,"$168,000 or more",Democrat,6.2159745972596464e-06
Male,45-59,Other,Some college or Associate's degree,"$168,000 or more",Independent,2.7983479547502832e-05
Male,45-59,Other,Some college or Associate's degree,"$168,000 or more",Other,1.1548386523409357e-05
Male,45-59,Other,Some college or Associate's degree,"$168,000 or more",Republican,2.2151047388113926e-05
Male,45-59,Other,Some college or Associate's degree,"$30,000 to $55,999",Democrat,1.7875879064982516e-05
Male,45-59,Other,Some college or Associate's degree,"$30,000 to $55,999",Independent,8.04747973759579e-05
Male,45-59,Other,Some college or Associate's degree,"$30,000 to $55,999",Other,3.3210811540180484e-05
Male,45-59,Other,Some college or Associate's degree,"$30,000 to $55,999",Republican,6.370190837768028e-05
Male,45-59,Other,Some college or Associate's degree,"$56,000 to $99,999",Democrat,2.606142466108126e-05
Male,45-59,Other,Some college or Associate's degree,"$56,000 to $99,999",Independent,0.00011732502000630196
Male,45-59,Other,Some college or Associate's degree,"$56,000 to $99,999",Other,4.841837762167855e-05
Male,45-59,Other,Some college or Associate's degree,"$56,000 to $99,999",Republican,9.287165570526526e-05
Male,45-59,Other,Some college or Associate's degree,"Less than $30,000",Democrat,2.5012148889647112e-05
Male,45-59,Other,Some college or Associate's degree,"Less than $30,000",Independent,0.00011260132195538609
Male,45-59,Other,Some college or Associate's degree,"Less than $30,000",Other,4.6468974195301566e-05
Male,45-59,Other,Some college or Associate's degree,"Less than $30,000",Republican,8.913249027391275e-05
Male,45-59,White / Caucasian,Bachelor's degree,"$100,000 to $167,999",Democrat,0.001442212703580382
Male,45-59,White / Caucasian,Bachelor's degree,"$100,000 to $167,999",Independent,0.0022876758960848277
Male,45-59,White / Caucasian,Bachelor's degree,"$100,000 to $167,999",Other,0.0003512739893613324
Male,45-59,White / Caucasian,Bachelor's degree,"$100,000 to $167,999",Republican,0.0022784976346031808
Male,45-59,White / Caucasian,Bachelor's degree,"$168,000 or more",Democrat,0.0018884172478446143
Male,45-59,White / Caucasian,Bachelor's degree,"$168,000 or more",Independent,0.0016256566269590603
Male,45-59,White / Caucasian,Bachelor's degree,"$168,000 or more",Other,0.00023604592765512702
Male,45-59,White / Caucasian,Bachelor's degree,"$168,000 or more",Republican,0.0015965887831655777
Male,45-59,White / Caucasian,Bachelor's degree,"$30,000 to $55,999",Democrat,0.0005613352779298857
Male,45-59,White / Caucasian,Bachelor's degree,"$30,000 to $55,999",Independent,0.0007971641606386967
Male,45-59,White / Caucasian,Bachelor's degree,"$30,000 to $55,999",Other,9.686418760521234e-05
Male,45-59,White / Caucasian,Bachelor's degree,"$30,000 to $55,999",Republican,0.00093820706017574
Male,45-59,White / Caucasian,Bachelor's degree,"$56,000 to $99,999",Democrat,0.0012203129954617845
Male,45-59,White / Caucasian,Bachelor's degree,"$56,000 to $99,999",Independent,0.0018598638232543304
Male,45-59,White / Caucasian,Bachelor's degree,"$56,000 to $99,999",Other,0.00018352222425840317
Male,45-59,White / Caucasian,Bachelor's degree,"$56,000 to $99,999",Republican,0.001567411572435178
Male,45-59,White / Caucasian,Bachelor's degree,"Less than $30,000",Democrat,0.00047526135101026305
Male,45-59,White / Caucasian,Bachelor's degree,"Less than $30,000",Independent,0.0007892117361414634
Male,45-59,White / Caucasian,Bachelor's degree,"Less than $30,000",Other,0.0001931791443204421
Male,45-59,White / Caucasian,Bachelor's degree,"Less than $30,000",Republican,0.0006926427272643069
Male,45-59,White / Caucasian,Doctorate degree / Ph.D.,"$100,000 to $167,999",Democrat,0.0001264750846288904
Male,45-59,White / Caucasian,Doctorate degree / Ph.D.,"$100,000 to $167,999",Independent,0.00014898902770359707
Male,45-59,White / Caucasian,Doctorate degree / Ph.D.,"$100,000 to $167,999",Other,1.4760928941295638e-05
Male,45-59,White / Caucasian,Doctorate degree / Ph.D.,"$100,000 to $167,999",Republican,0.00011882314631962323
Male,45-59,White / Caucasian,Doctorate degree / Ph.D.,"$168,000 or more",Democrat,0.00018061415589315272
Male,45-59,White / Caucasian,Doctorate degree / Ph.D.,"$168,000 or more",Independent,0.0002127654435257828
Male,45-59,White / Caucasian,Doctorate degree / Ph.D.,"$168,000 or more",Other,2.1079509286384206e-05
Male,45-59,White / Caucasian,Doctorate degree / Ph.D.,"$168,000 or more",Republican,0.00016968672000544389
Male,45-59,White / Caucasian,Doctorate degree / Ph.D.,"$30,000 to $55,999",Democrat,2.9629512893614336e-05
Male,45-59,White / Caucasian,Doctorate degree / Ph.D.,"$30,000 to $55,999",Independent,3.490388901738208e-05
Male,45-59,White / Caucasian,Doctorate degree / Ph.D.,"$30,000 to $55,999",Other,3.4580655602735167e-06
Male,45-59,White / Caucasian,Doctorate degree / Ph.D.,"$30,000 to $55,999",Republican,2.783688151913582e-05
Male,45-59,White / Caucasian,Doctorate degree / Ph.D.,"$56,000 to $99,999",Democrat,7.685525048517414e-05
Male,45-59,White / Caucasian,Doctorate degree / Ph.D.,"$56,000 to $99,999",Independent,9.05363224488159e-05
Male,45-59,White / Caucasian,Doctorate degree / Ph.D.,"$56,000 to $99,999",Other,8.969789540018164e-06
Male,45-59,White / Caucasian,Doctorate degree / Ph.D.,"$56,000 to $99,999",Republican,7.220538891614314e-05
Male,45-59,White / Caucasian,Doctorate degree / Ph.D.,"Less than $30,000",Democrat,2.8959117097600522e-05
Male,45-59,White / Caucasian,Doctorate degree / Ph.D.,"Less than $30,000",Independent,3.4114155465372576e-05
Male,45-59,White / Caucasian,Doctorate degree / Ph.D.,"Less than $30,000",Other,3.3798235512917535e-06
Male,45-59,White / Caucasian,Doctorate degree / Ph.D.,"Less than $30,000",Republican,2.720704570605421e-05
Male,45-59,White / Caucasian,High school diploma / GED,"$100,000 to $167,999",Democrat,0.0003643688717918624
Male,45-59,White / Caucasian,High school diploma / GED,"$100,000 to $167,999",Independent,0.0008871340463622112
Male,45-59,White / Caucasian,High school diploma / GED,"$100,000 to $167,999",Other,9.915981661055156e-05
Male,45-59,White / Caucasian,High school diploma / GED,"$100,000 to $167,999",Republican,0.0016093118321791158
Male,45-59,White / Caucasian,High school diploma / GED,"$168,000 or more",Democrat,0.0001780736365053639
Male,45-59,White / Caucasian,High school diploma / GED,"$168,000 or more",Independent,0.00016030650454089968
Male,45-59,White / Caucasian,High school diploma / GED,"$168,000 or more",Other,1.2052850326988336e-05
Male,45-59,White / Caucasian,High school diploma / GED,"$168,000 or more",Republican,0.00045855933980969664
Male,45-59,White / Caucasian,High school diploma / GED,"$30,000 to $55,999",Democrat,0.0005929558386011837
Male,45-59,White / Caucasian,High school diploma / GED,"$30,000 to $55,999",Independent,0.0011701984336951
Male,45-59,White / Caucasian,High school diploma / GED,"$30,000 to $55,999",Other,0.0002598116418227738
Male,45-59,White / Caucasian,High school diploma / GED,"$30,000 to $55,999",Republican,0.0021027341581745154
Male,45-59,White / Caucasian,High school diploma / GED,"$56,000 to $99,999",Democrat,0.0005312295413771618
Male,45-59,White / Caucasian,High school diploma / GED,"$56,000 to $99,999",Independent,0.001980663193760607
Male,45-59,White / Caucasian,High school diploma / GED,"$56,000 to $99,999",Other,0.0001813889738007692
Male,45-59,White / Caucasian,High school diploma / GED,"$56,000 to $99,999",Republican,0.002598004004566761
Male,45-59,White / Caucasian,High school diploma / GED,"Less than $30,000",Democrat,0.0009284855085051896
Male,45-59,White / Caucasian,High school diploma / GED,"Less than $30,000",Independent,0.0010907273454806295
Male,45-59,White / Caucasian,High school diploma / GED,"Less than $30,000",Other,0.0002894658046908654
Male,45-59,White / Caucasian,High school diploma / GED,"Less than $30,000",Republican,0.001721758470082704
Male,45-59,White / Caucasian,Less than high school,"$100,000 to $167,999",Democrat,4.5200841008066676e-05
Male,45-59,White / Caucasian,Less than high school,"$100,000 to $167,999",Independent,0.00023260324684493786
Male,45-59,White / Caucasian,Less than high school,"$100,000 to $167,999",Other,2.0953752681289404e-05
Male,45-59,White / Caucasian,Less than high school,"$100,000 to $167,999",Republican,0.00011831239302146707
Male,45-59,White / Caucasian,Less than high school,"$168,000 or more",Democrat,1.1370425931529917e-05
Male,45-59,White / Caucasian,Less than high school,"$168,000 or more",Independent,5.851214116152702e-05
Male,45-59,White / Caucasian,Less than high school,"$168,000 or more",Other,5.270988051033788e-06
Male,45-59,White / Caucasian,Less than high school,"$168,000 or more",Republican,2.9761886540840446e-05
Male,45-59,White / Caucasian,Less than high school,"$30,000 to $55,999",Democrat,0.00018822490412541648
Male,45-59,White / Caucasian,Less than high school,"$30,000 to $55,999",Independent,0.0005216607775368079
Male,45-59,White / Caucasian,Less than high school,"$30,000 to $55,999",Other,0.00011904281540371116
Male,45-59,White / Caucasian,Less than high school,"$30,000 to $55,999",Republican,0.00044734291184533745
Male,45-59,White / Caucasian,Less than high school,"$56,000 to $99,999",Democrat,5.2287334385344774e-05
Male,45-59,White / Caucasian,Less than high school,"$56,000 to $99,999",Independent,0.000820313312921108
Male,45-59,White / Caucasian,Less than high school,"$56,000 to $99,999",Republican,0.00015017188167591405
Male,45-59,White / Caucasian,Less than high school,"Less than $30,000",Democrat,0.0002323844360165889
Male,45-59,White / Caucasian,Less than high school,"Less than $30,000",Independent,0.0012225459906370308
Male,45-59,White / Caucasian,Less than high school,"Less than $30,000",Other,4.724118247247326e-05
Male,45-59,White / Caucasian,Less than high school,"Less than $30,000",Republican,0.0005326130307979512
Male,45-59,White / Caucasian,Master's degree / Professional degree,"$100,000 to $167,999",Democrat,0.0008310429785287765
Male,45-59,White / Caucasian,Master's degree / Professional degree,"$100,000 to $167,999",Independent,0.0012389799992578172
Male,45-59,White / Caucasian,Master's degree / Professional degree,"$100,000 to $167,999",Other,0.00011669254421272358
Male,45-59,White / Caucasian,Master's degree / Professional degree,"$100,000 to $167,999",Republican,0.0008416481085911556
Male,45-59,White / Caucasian,Master's degree / Professional degree,"$168,000 or more",Democrat,0.0014738531352502043
Male,45-59,White / Caucasian,Master's degree / Professional degree,"$168,000 or more",Independent,0.00126522516620493
Male,45-59,White / Caucasian,Master's degree / Professional degree,"$168,000 or more",Other,0.00012665077740305346
Male,45-59,White / Caucasian,Master's degree / Professional degree,"$168,000 or more",Republican,0.0011293197466989543
Male,45-59,White / Caucasian,Master's degree / Professional degree,"$30,000 to $55,999",Democrat,0.00023491469169017456
Male,45-59,White / Caucasian,Master's degree / Professional degree,"$30,000 to $55,999",Independent,0.0002581904514298944
Male,45-59,White / Caucasian,Master's degree / Professional degree,"$30,000 to $55,999",Other,0.00010586947059540802
Male,45-59,White / Caucasian,Master's degree / Professional degree,"$30,000 to $55,999",Republican,0.00022677348583607175
Male,45-59,White / Caucasian,Master's degree / Professional degree,"$56,000 to $99,999",Democrat,0.0005902562048902973
Male,45-59,White / Caucasian,Master's degree / Professional degree,"$56,000 to $99,999",Independent,0.0005987143362018354
Male,45-59,White / Caucasian,Master's degree / Professional degree,"$56,000 to $99,999",Other,0.000272707970734002
Male,45-59,White / Caucasian,Master's degree / Professional degree,"$56,000 to $99,999",Republican,0.0004688306286627772
Male,45-59,White / Caucasian,Master's degree / Professional degree,"Less than $30,000",Democrat,0.0002133978498256284
Male,45-59,White / Caucasian,Master's degree / Professional degree,"Less than $30,000",Independent,0.000257536547786113
Male,45-59,White / Caucasian,Master's degree / Professional degree,"Less than $30,000",Other,4.1274162444681355e-05
Male,45-59,White / Caucasian,Master's degree / Professional degree,"Less than $30,000",Republican,0.00019328496374778712
Male,45-59,White / Caucasian,Some college or Associate's degree,"$100,000 to $167,999",Democrat,0.001346691955918713
Male,45-59,White / Caucasian,Some college or Associate's degree,"$100,000 to $167,999",Independent,0.0019512901460579416
Male,45-59,White / Caucasian,Some college or Associate's degree,"$100,000 to $167,999",Other,0.0003124194643872421
Male,45-59,White / Caucasian,Some college or Associate's degree,"$100,000 to $167,999",Republican,0.0025889311521090537
Male,45-59,White / Caucasian,Some college or Associate's degree,"$168,000 or more",Democrat,0.0005052349791153232
Male,45-59,White / Caucasian,Some college or Associate's degree,"$168,000 or more",Independent,0.0008989350021219986
Male,45-59,White / Caucasian,Some college or Associate's degree,"$168,000 or more",Other,0.00013982372596824778
Male,45-59,White / Caucasian,Some college or Associate's degree,"$168,000 or more",Republican,0.000717679570543048
Male,45-59,White / Caucasian,Some college or Associate's degree,"$30,000 to $55,999",Democrat,0.0009155564135591522
Male,45-59,White / Caucasian,Some college or Associate's degree,"$30,000 to $55,999",Independent,0.0015136091637294883
Male,45-59,White / Caucasian,Some college or Associate's degree,"$30,000 to $55,999",Other,0.00015777511947729056
Male,45-59,White / Caucasian,Some college or Associate's degree,"$30,000 to $55,999",Republican,0.002127978292924136
Male,45-59,White / Caucasian,Some college or Associate's degree,"$56,000 to $99,999",Democrat,0.001601282673546663
Male,45-59,White / Caucasian,Some college or Associate's degree,"$56,000 to $99,999",Independent,0.0023800321555267788
Male,45-59,White / Caucasian,Some college or Associate's degree,"$56,000 to $99,999",Other,0.0005505412860357968
Male,45-59,White / Caucasian,Some college or Associate's degree,"$56,000 to $99,999",Republican,0.003165196369447976
Male,45-59,White / Caucasian,Some college or Associate's degree,"Less than $30,000",Democrat,0.0011490897786372936
Male,45-59,White / Caucasian,Some college or Associate's degree,"Less than $30,000",Independent,0.0014074560331792188
Male,45-59,White / Caucasian,Some college or Associate's degree,"Less than $30,000",Other,0.0006053380464334582
Male,45-59,White / Caucasian,Some college or Associate's degree,"Less than $30,000",Republican,0.001174911614016278
Male,60+,Asian / Asian American,Bachelor's degree,"$100,000 to $167,999",Democrat,0.00014085822801149876
Male,60+,Asian / Asian American,Bachelor's degree,"$100,000 to $167,999",Independent,0.00011264648730063561
Male,60+,Asian / Asian American,Bachelor's degree,"$100,000 to $167,999",Other,9.638103558463062e-06
Male,60+,Asian / Asian American,Bachelor's degree,"$100,000 to $167,999",Republican,6.806028209573575e-05
Male,60+,Asian / Asian American,Bachelor's degree,"$168,000 or more",Democrat,0.00010658131371472691
Male,60+,Asian / Asian American,Bachelor's degree,"$168,000 or more",Independent,8.52347127416011e-05
Male,60+,Asian / Asian American,Bachelor's degree,"$168,000 or more",Other,7.292735067600881e-06
Male,60+,Asian / Asian American,Bachelor's degree,"$168,000 or more",Republican,5.149826446039245e-05
Male,60+,Asian / Asian American,Bachelor's degree,"$30,000 to $55,999",Democrat,0.0001478413616507598
Male,60+,Asian / Asian American,Bachelor's degree,"$30,000 to $55,999",Independent,0.00011823100647227716
Male,60+,Asian / Asian American,Bachelor's degree,"$30,000 to $55,999",Other,1.0115918494288406e-05
Male,60+,Asian / Asian American,Bachelor's degree,"$30,000 to $55,999",Republican,7.143441261057884e-05
Male,60+,Asian / Asian American,Bachelor's degree,"$56,000 to $99,999",Democrat,0.00017527779106193131
Male,60+,Asian / Asian American,Bachelor's degree,"$56,000 to $99,999",Independent,0.0001401723402578195
Male,60+,Asian / Asian American,Bachelor's degree,"$56,000 to $99,999",Other,1.1993232668067066e-05
Male,60+,Asian / Asian American,Bachelor's degree,"$56,000 to $99,999",Republican,8.469122516448682e-05
Male,60+,Asian / Asian American,Bachelor's degree,"Less than $30,000",Democrat,0.000191364553283028
Male,60+,Asian / Asian American,Bachelor's degree,"Less than $30,000",Independent,0.00015303717095907726
Male,60+,Asian / Asian American,Bachelor's degree,"Less than $30,000",Other,1.3093955589234603e-05
Male,60+,Asian / Asian American,Bachelor's degree,"Less than $30,000",Republican,9.2464073014635e-05
Male,60+,Asian / Asian American,Doctorate degree / Ph.D.,"$100,000 to $167,999",Democrat,3.331176928721115e-05
Male,60+,Asian / Asian American,Doctorate degree / Ph.D.,"$100,000 to $167,999",Independent,3.021104139583894e-05
Male,60+,Asian / Asian American,Doctorate degree / Ph.D.,"$100,000 to $167,999",Republican,9.142310900097413e-06
Male,60+,Asian / Asian American,Doctorate degree / Ph.D.,"$168,000 or more",Democrat,4.1944357801873135e-05
Male,60+,Asian / Asian American,Doctorate degree / Ph.D.,"$168,000 or more",Independent,3.8040090844431995e-05
Male,60+,Asian / Asian American,Doctorate degree / Ph.D.,"$168,000 or more",Republican,1.1511497819987309e-05
Male,60+,Asian / Asian American,Doctorate degree / Ph.D.,"$30,000 to $55,999",Democrat,1.7174787305444846e-05
Male,60+,Asian / Asian American,Doctorate degree / Ph.D.,"$30,000 to $55,999",Independent,1.557612283442191e-05
Male,60+,Asian / Asian American,Doctorate degree / Ph.D.,"$30,000 to $55,999",Republican,4.7135666627501566e-06
Male,60+,Asian / Asian American,Doctorate degree / Ph.D.,"$56,000 to $99,999",Democrat,2.526264800254771e-05
Male,60+,Asian / Asian American,Doctorate degree / Ph.D.,"$56,000 to $99,999",Independent,2.2911148849319322e-05
Male,60+,Asian / Asian American,Doctorate degree / Ph.D.,"$56,000 to $99,999",Republican,6.933254736718066e-06
Male,60+,Asian / Asian American,Doctorate degree / Ph.D.,"Less than $30,000",Democrat,2.0469197404850313e-05
Male,60+,Asian / Asian American,Doctorate degree / Ph.D.,"Less than $30,000",Independent,1.8563882476663994e-05
Male,60+,Asian / Asian American,Doctorate degree / Ph.D.,"Less than $30,000",Republican,5.617707211440513e-06
Male,60+,Asian / Asian American,High school diploma / GED,"$100,000 to $167,999",Democrat,3.757061353835292e-05
Male,60+,Asian / Asian American,High school diploma / GED,"$100,000 to $167,999",Independent,5.042148515475008e-05
Male,60+,Asian / Asian American,High school diploma / GED,"$100,000 to $167,999",Republican,2.3813656182548138e-05
Male,60+,Asian / Asian American,High school diploma / GED,"$168,000 or more",Democrat,1.688664466610239e-05
Male,60+,Asian / Asian American,High school diploma / GED,"$168,000 or more",Independent,2.266265102315248e-05
Male,60+,Asian / Asian American,High school diploma / GED,"$168,000 or more",Republican,1.0703385233379705e-05
Male,60+,Asian / Asian American,High school diploma / GED,"$30,000 to $55,999",Democrat,4.7249825198680236e-05
Male,60+,Asian / Asian American,High school diploma / GED,"$30,000 to $55,999",Independent,6.341143078187356e-05
Male,60+,Asian / Asian American,High school diploma / GED,"$30,000 to $55,999",Republican,2.99487015514998e-05
Male,60+,Asian / Asian American,High school diploma / GED,"$56,000 to $99,999",Democrat,5.142985200215799e-05
Male,60+,Asian / Asian American,High school diploma / GED,"$56,000 to $99,999",Independent,6.902121831443177e-05
Male,60+,Asian / Asian American,High school diploma / GED,"$56,000 to $99,999",Republican,3.2598158447651946e-05
Male,60+,Asian / Asian American,High school diploma / GED,"Less than $30,000",Democrat,7.689796680306636e-05
Male,60+,Asian / Asian American,High school diploma / GED,"Less than $30,000",Independent,0.00010320059553015365
Male,60+,Asian / Asian American,High school diploma / GED,"Less than $30,000",Republican,4.874079952715897e-05
Male,60+,Asian / Asian American,Less than high school,"$100,000 to $167,999",Democrat,2.9147927436522908e-05
Male,60+,Asian / Asian American,Less than high school,"$100,000 to $167,999",Independent,4.179132805784064e-05
Male,60+,Asian / Asian American,Less than high school,"$100,000 to $167,999",Republican,1.641114710629243e-05
Male,60+,Asian / Asian American,Less than high school,"$168,000 or more",Democrat,1.5779904419969766e-05
Male,60+,Asian / Asian American,Less than high school,"$168,000 or more",Independent,2.2624701662664557e-05
Male,60+,Asian / Asian American,Less than high school,"$168,000 or more",Republican,8.884553912909369e-06
Male,60+,Asian / Asian American,Less than high school,"$30,000 to $55,999",Democrat,5.003816305025675e-05
Male,60+,Asian / Asian American,Less than high school,"$30,000 to $55,999",Independent,7.174305246913489e-05
Male,60+,Asian / Asian American,Less than high school,"$30,000 to $55,999",Republican,2.8172968954130514e-05
Male,60+,Asian / Asian American,Less than high school,"$56,000 to $99,999",Democrat,5.1743412749335973e-05
Male,60+,Asian / Asian American,Less than high school,"$56,000 to $99,999",Independent,7.418798272189313e-05
Male,60+,Asian / Asian American,Less than high school,"$56,000 to $99,999",Republican,2.913307507918849e-05
Male,60+,Asian / Asian American,Less than high school,"Less than $30,000",Democrat,0.00011073872088846681
Male,60+,Asian / Asian American,Less than high school,"Less than $30,000",Independent,0.00015877349164650033
Male,60+,Asian / Asian American,Less than high school,"Less than $30,000",Republican,6.2349182212733e-05
Male,60+,Asian / Asian American,Master's degree / Professional degree,"$100,000 to $167,999",Democrat,8.319495034665238e-05
Male,60+,Asian / Asian American,Master's degree / Professional degree,"$100,000 to $167,999",Independent,9.116974279946998e-05
Male,60+,Asian / Asian American,Master's degree / Professional degree,"$100,000 to $167,999",Other,1.8989173932075328e-06
Male,60+,Asian / Asian American,Master's degree / Professional degree,"$100,000 to $167,999",Republican,4.247206805516361e-05
Male,60+,Asian / Asian American,Master's degree / Professional degree,"$168,000 or more",Democrat,9.54492446663057e-05
Male,60+,Asian / Asian American,Master's degree / Professional degree,"$168,000 or more",Independent,0.00010459869319437507
Male,60+,Asian / Asian American,Master's degree / Professional degree,"$168,000 or more",Other,2.1786205786546532e-06
Male,60+,Asian / Asian American,Master's degree / Professional degree,"$168,000 or more",Republican,4.872803936284123e-05
Male,60+,Asian / Asian American,Master's degree / Professional degree,"$30,000 to $55,999",Democrat,7.139029895330611e-05
Male,60+,Asian / Asian American,Master's degree / Professional degree,"$30,000 to $55,999",Independent,7.823353661286339e-05
Male,60+,Asian / Asian American,Master's degree / Professional degree,"$30,000 to $55,999",Other,1.6294772678372443e-06
Male,60+,Asian / Asian American,Master's degree / Professional degree,"$30,000 to $55,999",Republican,3.6445645114148415e-05
Male,60+,Asian / Asian American,Master's degree / Professional degree,"$56,000 to $99,999",Democrat,9.145685799114588e-05
Male,60+,Asian / Asian American,Master's degree / Professional degree,"$56,000 to $99,999",Independent,0.00010022360955271521
Male,60+,Asian / Asian American,Master's degree / Professional degree,"$56,000 to $99,999",Other,2.087494705434201e-06
Male,60+,Asian / Asian American,Master's degree / Professional degree,"$56,000 to $99,999",Republican,4.6689875774025056e-05
Male,60+,Asian / Asian American,Master's degree / Professional degree,"Less than $30,000",Democrat,6.96457106495524e-05
Male,60+,Asian / Asian American,Master's degree / Professional degree,"Less than $30,000",Independent,7.632171785125042e-05
Male,60+,Asian / Asian American,Master's degree / Professional degree,"Less than $30,000",Other,1.5896571939002982e-06
Male,60+,Asian / Asian American,Master's degree / Professional degree,"Less than $30,000",Republican,3.5555010852615404e-05
Male,60+,Asian / Asian American,Some college or Associate's degree,"$100,000 to $167,999",Democrat,5.945810768115219e-05
Male,60+,Asian / Asian American,Some college or Associate's degree,"$100,000 to $167,999",Independent,6.952227332986887e-05
Male,60+,Asian / Asian American,Some college or Associate's degree,"$100,000 to $167,999",Other,7.266558311019217e-06
Male,60+,Asian / Asian American,Some college or Associate's degree,"$100,000 to $167,999",Republican,6.071636877277721e-05
Male,60+,Asian / Asian American,Some college or Associate's degree,"$168,000 or more",Democrat,3.210264439073754e-05
Male,60+,Asian / Asian American,Some college or Associate's degree,"$168,000 or more",Independent,3.7536492582523186e-05
Male,60+,Asian / Asian American,Some college or Associate's degree,"$168,000 or more",Other,3.9233629609298015e-06
Male,60+,Asian / Asian American,Some college or Associate's degree,"$168,000 or more",Republican,3.2782005203761574e-05
Male,60+,Asian / Asian American,Some college or Associate's degree,"$30,000 to $55,999",Democrat,6.991057942958447e-05
Male,60+,Asian / Asian American,Some college or Associate's degree,"$30,000 to $55,999",Independent,8.174398078420128e-05
Male,60+,Asian / Asian American,Some college or Associate's degree,"$30,000 to $55,999",Other,8.543987048939525e-06
Male,60+,Asian / Asian American,Some college or Associate's degree,"$30,000 to $55,999",Republican,7.139003724315855e-05
Male,60+,Asian / Asian American,Some college or Associate's degree,"$56,000 to $99,999",Democrat,8.643266205890344e-05
Male,60+,Asian / Asian American,Some college or Associate's degree,"$56,000 to $99,999",Independent,0.00010106267068758539
Male,60+,Asian / Asian American,Some college or Associate's degree,"$56,000 to $99,999",Other,1.0563201610715448e-05
Male,60+,Asian / Asian American,Some college or Associate's degree,"$56,000 to $99,999",Republican,8.826176257951691e-05
Male,60+,Asian / Asian American,Some college or Associate's degree,"Less than $30,000",Democrat,9.487878041636552e-05
Male,60+,Asian / Asian American,Some college or Associate's degree,"Less than $30,000",Independent,0.0001109384197136519
Male,60+,Asian / Asian American,Some college or Associate's degree,"Less than $30,000",Other,1.1595427726544626e-05
Male,60+,Asian / Asian American,Some college or Associate's degree,"Less than $30,000",Republican,9.688661891770063e-05
Male,60+,Black / African American,Bachelor's degree,"$100,000 to $167,999",Democrat,0.00018302383166636638
Male,60+,Black / African American,Bachelor's degree,"$100,000 to $167,999",Independent,6.588643600873981e-05
Male,60+,Black / African American,Bachelor's degree,"$100,000 to $167,999",Other,5.228650745652802e-06
Male,60+,Black / African American,Bachelor's degree,"$100,000 to $167,999",Republican,1.3687726030009272e-05
Male,60+,Black / African American,Bachelor's degree,"$168,000 or more",Democrat,8.141476848251858e-05
Male,60+,Black / African American,Bachelor's degree,"$168,000 or more",Independent,2.930836320577136e-05
Male,60+,Black / African American,Bachelor's degree,"$168,000 or more",Other,2.3258686372016253e-06
Male,60+,Black / African American,Bachelor's degree,"$168,000 or more",Republican,6.088731918894334e-06
Male,60+,Black / African American,Bachelor's degree,"$30,000 to $55,999",Democrat,0.00025918701845743596
Male,60+,Black / African American,Bachelor's degree,"$30,000 to $55,999",Independent,9.330429130683559e-05
Male,60+,Black / African American,Bachelor's degree,"$30,000 to $55,999",Other,7.404491453284532e-06
Male,60+,Black / African American,Bachelor's degree,"$30,000 to $55,999",Republican,1.9383710126052824e-05
Male,60+,Black / African American,Bachelor's degree,"$56,000 to $99,999",Democrat,0.00028726229769714725
Male,60+,Black / African American,Bachelor's degree,"$56,000 to $99,999",Independent,0.00010341106304368085
Male,60+,Black / African American,Bachelor's degree,"$56,000 to $99,999",Other,8.206550007051036e-06
Male,60+,Black / African American,Bachelor's degree,"$56,000 to $99,999",Republican,2.1483364181759027e-05
Male,60+,Black / African American,Bachelor's degree,"Less than $30,000",Democrat,0.0003275310878815976
Male,60+,Black / African American,Bachelor's degree,"Less than $30,000",Independent,0.000117907355922488
Male,60+,Black / African American,Bachelor's degree,"Less than $30,000",Other,9.356954508516592e-06
Male,60+,Black / African American,Bachelor's degree,"Less than $30,000",Republican,2.4494929192644838e-05
Male,60+,Black / African American,Doctorate degree / Ph.D.,"$100,000 to $167,999",Democrat,2.271055197727218e-05
Male,60+,Black / African American,Doctorate degree / Ph.D.,"$100,000 to $167,999",Independent,8.28749109005377e-06
Male,60+,Black / African American,Doctorate degree / Ph.D.,"$100,000 to $167,999",Other,1.5198144987722826e-06
Male,60+,Black / African American,Doctorate degree / Ph.D.,"$100,000 to $167,999",Republican,3.7297162199638575e-06
Male,60+,Black / African American,Doctorate degree / Ph.D.,"$168,000 or more",Democrat,1.7133265092498988e-05
Male,60+,Black / African American,Doctorate degree / Ph.D.,"$168,000 or more",Independent,6.252238252056327e-06
Male,60+,Black / African American,Doctorate degree / Ph.D.,"$168,000 or more",Other,1.1465764779714802e-06
Male,60+,Black / African American,Doctorate degree / Ph.D.,"$168,000 or more",Republican,2.813767660970315e-06
Male,60+,Black / African American,Doctorate degree / Ph.D.,"$30,000 to $55,999",Democrat,1.670605665182142e-05
Male,60+,Black / African American,Doctorate degree / Ph.D.,"$30,000 to $55,999",Independent,6.096342166868517e-06
Male,60+,Black / African American,Doctorate degree / Ph.D.,"$30,000 to $55,999",Other,1.1179872308765872e-06
Male,60+,Black / African American,Doctorate degree / Ph.D.,"$30,000 to $55,999",Republican,2.7436079285210513e-06
Male,60+,Black / African American,Doctorate degree / Ph.D.,"$56,000 to $99,999",Democrat,2.350890296029941e-05
Male,60+,Black / African American,Doctorate degree / Ph.D.,"$56,000 to $99,999",Independent,8.578823800293274e-06
Male,60+,Black / African American,Doctorate degree / Ph.D.,"$56,000 to $99,999",Other,1.5732410029069314e-06
Male,60+,Black / African American,Doctorate degree / Ph.D.,"$56,000 to $99,999",Republican,3.860828075527768e-06
Male,60+,Black / African American,Doctorate degree / Ph.D.,"Less than $30,000",Democrat,2.6220031737065063e-05
Male,60+,Black / African American,Doctorate degree / Ph.D.,"Less than $30,000",Independent,9.568163716113876e-06
Male,60+,Black / African American,Doctorate degree / Ph.D.,"Less than $30,000",Other,1.7546726487379423e-06
Male,60+,Black / African American,Doctorate degree / Ph.D.,"Less than $30,000",Republican,4.3060722502723135e-06
Male,60+,Black / African American,High school diploma / GED,"$100,000 to $167,999",Democrat,0.00014539810620762625
Male,60+,Black / African American,High school diploma / GED,"$100,000 to $167,999",Independent,4.3510038221634396e-05
Male,60+,Black / African American,High school diploma / GED,"$100,000 to $167,999",Other,2.1441518909479704e-06
Male,60+,Black / African American,High school diploma / GED,"$100,000 to $167,999",Republican,9.453381349008418e-06
Male,60+,Black / African American,High school diploma / GED,"$168,000 or more",Democrat,4.296765726617051e-05
Male,60+,Black / African American,High school diploma / GED,"$168,000 or more",Independent,1.2857969465403572e-05
Male,60+,Black / African American,High school diploma / GED,"$168,000 or more",Other,6.336339996430534e-07
Male,60+,Black / African American,High school diploma / GED,"$168,000 or more",Republican,2.793637829302736e-06
Male,60+,Black / African American,High school diploma / GED,"$30,000 to $55,999",Democrat,0.0005576906330024571
Male,60+,Black / African American,High school diploma / GED,"$30,000 to $55,999",Independent,0.00014898742703822648
Male,60+,Black / African American,High school diploma / GED,"$30,000 to $55,999",Other,2.291910824107509e-05
Male,60+,Black / African American,High school diploma / GED,"$30,000 to $55,999",Republican,3.332577904580005e-05
Male,60+,Black / African American,High school diploma / GED,"$56,000 to $99,999",Democrat,0.00040201470399313345
Male,60+,Black / African American,High school diploma / GED,"$56,000 to $99,999",Independent,0.00012810749868535947
Male,60+,Black / African American,High school diploma / GED,"$56,000 to $99,999",Other,3.846121577731818e-06
Male,60+,Black / African American,High school diploma / GED,"$56,000 to $99,999",Republican,4.065858571491222e-05
Male,60+,Black / African American,High school diploma / GED,"Less than $30,000",Democrat,0.0011162700134471455
Male,60+,Black / African American,High school diploma / GED,"Less than $30,000",Independent,0.0002049703345783469
Male,60+,Black / African American,High school diploma / GED,"Less than $30,000",Other,8.547441633099553e-06
Male,60+,Black / African American,High school diploma / GED,"Less than $30,000",Republican,4.479944237008872e-05
Male,60+,Black / African American,Less than high school,"$100,000 to $167,999",Democrat,4.638774074896516e-05
Male,60+,Black / African American,Less than high school,"$100,000 to $167,999",Independent,1.5680841461609967e-05
Male,60+,Black / African American,Less than high school,"$100,000 to $167,999",Republican,1.68098341162557e-05
Male,60+,Black / African American,Less than high school,"$168,000 or more",Democrat,1.632643567430674e-05
Male,60+,Black / African American,Less than high school,"$168,000 or more",Independent,5.518963530201416e-06
Male,60+,Black / African American,Less than high school,"$168,000 or more",Republican,5.9163190740419535e-06
Male,60+,Black / African American,Less than high school,"$30,000 to $55,999",Democrat,0.0002699736739230732
Male,60+,Black / African American,Less than high school,"$30,000 to $55,999",Independent,9.126149088626468e-05
Male,60+,Black / African American,Less than high school,"$30,000 to $55,999",Republican,9.78321556758336e-05
Male,60+,Black / African American,Less than high school,"$56,000 to $99,999",Democrat,0.00014923425777618675
Male,60+,Black / African American,Less than high school,"$56,000 to $99,999",Independent,5.044692194632534e-05
Male,60+,Black / African American,Less than high school,"$56,000 to $99,999",Republican,5.4079010470804327e-05
Male,60+,Black / African American,Less than high school,"Less than $30,000",Democrat,0.0005780798952995866
Male,60+,Black / African American,Less than high school,"Less than $30,000",Independent,0.000244557361731311
Male,60+,Black / African American,Less than high school,"Less than $30,000",Republican,0.00038207234668546735
Male,60+,Black / African American,Master's degree / Professional degree,"$100,000 to $167,999",Democrat,0.00011891955920380642
Male,60+,Black / African American,Master's degree / Professional degree,"$100,000 to $167,999",Independent,7.408910076267287e-05
Male,60+,Black / African American,Master's degree / Professional degree,"$100,000 to $167,999",Other,3.867221486676133e-06
Male,60+,Black / African American,Master's degree / Professional degree,"$100,000 to $167,999",Republican,9.871925744050474e-06
Male,60+,Black / African American,Master's degree / Professional degree,"$168,000 or more",Democrat,7.144946874376224e-05
Male,60+,Black / African American,Master's degree / Professional degree,"$168,000 or more",Independent,4.451435007527846e-05
Male,60+,Black / African American,Master's degree / Professional degree,"$168,000 or more",Other,2.3235111413751995e-06
Male,60+,Black / African American,Master's degree / Professional degree,"$168,000 or more",Republican,5.93126862067699e-06
Male,60+,Black / African American,Master's degree / Professional degree,"$30,000 to $55,999",Democrat,0.00010911087899488502
Male,60+,Black / African American,Master's degree / Professional degree,"$30,000 to $55,999",Independent,6.797811026444751e-05
Male,60+,Black / African American,Master's degree / Professional degree,"$30,000 to $55,999",Other,3.5482467182373484e-06
Male,60+,Black / African American,Master's degree / Professional degree,"$30,000 to $55,999",Republican,9.05767312389352e-06
Male,60+,Black / African American,Master's degree / Professional degree,"$56,000 to $99,999",Democrat,0.00014409413390376223
Male,60+,Black / African American,Master's degree / Professional degree,"$56,000 to $99,999",Independent,8.97733297834508e-05
Male,60+,Black / African American,Master's degree / Professional degree,"$56,000 to $99,999",Other,4.685889642271568e-06
Male,60+,Black / African American,Master's degree / Professional degree,"$56,000 to $99,999",Republican,1.1961754648058574e-05
Male,60+,Black / African American,Master's degree / Professional degree,"Less than $30,000",Democrat,0.0001246337790539921
Male,60+,Black / African American,Master's degree / Professional degree,"Less than $30,000",Independent,7.764916618080066e-05
Male,60+,Black / African American,Master's degree / Professional degree,"Less than $30,000",Other,4.053045870252572e-06
Male,60+,Black / African American,Master's degree / Professional degree,"Less than $30,000",Republican,1.034628298539825e-05
Male,60+,Black / African American,Some college or Associate's degree,"$100,000 to $167,999",Democrat,0.000296395433084167
Male,60+,Black / African American,Some college or Associate's degree,"$100,000 to $167,999",Independent,4.3406848614276497e-05
Male,60+,Black / African American,Some college or Associate's degree,"$100,000 to $167,999",Other,1.4575323263706773e-05
Male,60+,Black / African American,Some college or Associate's degree,"$100,000 to $167,999",Republican,1.7284271831075006e-05
Male,60+,Black / African American,Some college or Associate's degree,"$168,000 or more",Democrat,6.882244519503794e-05
Male,60+,Black / African American,Some college or Associate's degree,"$168,000 or more",Independent,2.6925502359315683e-05
Male,60+,Black / African American,Some college or Associate's degree,"$168,000 or more",Other,1.8149934760267373e-06
Male,60+,Black / African American,Some college or Associate's degree,"$168,000 or more",Republican,6.718112486983007e-06
Male,60+,Black / African American,Some college or Associate's degree,"$30,000 to $55,999",Democrat,0.0007002285184928402
Male,60+,Black / African American,Some college or Associate's degree,"$30,000 to $55,999",Independent,0.000214187855066035
Male,60+,Black / African American,Some college or Associate's degree,"$30,000 to $55,999",Other,2.9661551018425315e-05
Male,60+,Black / African American,Some college or Associate's degree,"$30,000 to $55,999",Republican,1.7563280959325466e-06
Male,60+,Black / African American,Some college or Associate's degree,"$56,000 to $99,999",Democrat,0.0005863239791908967
Male,60+,Black / African American,Some college or Associate's degree,"$56,000 to $99,999",Independent,0.000185680018570431
Male,60+,Black / African American,Some college or Associate's degree,"$56,000 to $99,999",Other,2.2524371988233804e-07
Male,60+,Black / African American,Some college or Associate's degree,"$56,000 to $99,999",Republican,0.00013855105888298537
Male,60+,Black / African American,Some college or Associate's degree,"Less than $30,000",Democrat,0.0008957336732792757
Male,60+,Black / African American,Some college or Associate's degree,"Less than $30,000",Independent,0.0004605113119329855
Male,60+,Black / African American,Some college or Associate's degree,"Less than $30,000",Other,2.2096825158288123e-05
Male,60+,Black / African American,Some college or Associate's degree,"Less than $30,000",Republican,1.0911094435110842e-05
Male,60+,Hispanic / Latino,Bachelor's degree,"$100,000 to $167,999",Democrat,7.87048126209711e-05
Male,60+,Hispanic / Latino,Bachelor's degree,"$100,000 to $167,999",Independent,8.180093999006416e-05
Male,60+,Hispanic / Latino,Bachelor's degree,"$100,000 to $167,999",Other,4.570438889709197e-06
Male,60+,Hispanic / Latino,Bachelor's degree,"$100,000 to $167,999",Republican,8.07375247883047e-05
Male,60+,Hispanic / Latino,Bachelor's degree,"$168,000 or more",Democrat,4.1888794551340564e-05
Male,60+,Hispanic / Latino,Bachelor's degree,"$168,000 or more",Independent,4.353663588339868e-05
Male,60+,Hispanic / Latino,Bachelor's degree,"$168,000 or more",Other,2.432509134892131e-06
Male,60+,Hispanic / Latino,Bachelor's degree,"$168,000 or more",Republican,4.2970658029874036e-05
Male,60+,Hispanic / Latino,Bachelor's degree,"$30,000 to $55,999",Democrat,0.00010807243244248427
Male,60+,Hispanic / Latino,Bachelor's degree,"$30,000 to $55,999",Independent,0.00011232383721414724
Male,60+,Hispanic / Latino,Bachelor's degree,"$30,000 to $55,999",Other,6.275835386576961e-06
Male,60+,Hispanic / Latino,Bachelor's degree,"$30,000 to $55,999",Republican,0.00011086362323582391
Male,60+,Hispanic / Latino,Bachelor's degree,"$56,000 to $99,999",Democrat,0.00014219530712846742
Male,60+,Hispanic / Latino,Bachelor's degree,"$56,000 to $99,999",Independent,0.00018362993048058168
Male,60+,Hispanic / Latino,Bachelor's degree,"$56,000 to $99,999",Other,3.8734576578297854e-07
Male,60+,Hispanic / Latino,Bachelor's degree,"$56,000 to $99,999",Republican,7.32847080721412e-05
Male,60+,Hispanic / Latino,Bachelor's degree,"Less than $30,000",Democrat,0.00012063085789351055
Male,60+,Hispanic / Latino,Bachelor's degree,"Less than $30,000",Independent,0.00012537629198125738
Male,60+,Hispanic / Latino,Bachelor's degree,"Less than $30,000",Other,7.005111197845339e-06
Male,60+,Hispanic / Latino,Bachelor's degree,"Less than $30,000",Republican,0.00012374639561516063
Male,60+,Hispanic / Latino,Doctorate degree / Ph.D.,"$100,000 to $167,999",Democrat,6.395785459624875e-06
Male,60+,Hispanic / Latino,Doctorate degree / Ph.D.,"$100,000 to $167,999",Independent,1.0810330235147868e-05
Male,60+,Hispanic / Latino,Doctorate degree / Ph.D.,"$100,000 to $167,999",Other,1.1301167428864752e-06
Male,60+,Hispanic / Latino,Doctorate degree / Ph.D.,"$100,000 to $167,999",Republican,3.293378687205627e-06
Male,60+,Hispanic / Latino,Doctorate degree / Ph.D.,"$168,000 or more",Democrat,6.769118629123887e-06
Male,60+,Hispanic / Latino,Doctorate degree / Ph.D.,"$168,000 or more",Independent,1.1441348094564218e-05
Male,60+,Hispanic / Latino,Doctorate degree / Ph.D.,"$168,000 or more",Other,1.1960836312677586e-06
Male,60+,Hispanic / Latino,Doctorate degree / Ph.D.,"$168,000 or more",Republican,3.4856189540839796e-06
Male,60+,Hispanic / Latino,Doctorate degree / Ph.D.,"$30,000 to $55,999",Democrat,5.090367958805824e-06
Male,60+,Hispanic / Latino,Doctorate degree / Ph.D.,"$30,000 to $55,999",Independent,8.603878132011981e-06
Male,60+,Hispanic / Latino,Doctorate degree / Ph.D.,"$30,000 to $55,999",Other,8.994532562129942e-07
Male,60+,Hispanic / Latino,Doctorate degree / Ph.D.,"$30,000 to $55,999",Republican,2.621180690221088e-06
Male,60+,Hispanic / Latino,Doctorate degree / Ph.D.,"$56,000 to $99,999",Democrat,9.837510593157694e-06
Male,60+,Hispanic / Latino,Doctorate degree / Ph.D.,"$56,000 to $99,999",Independent,1.6627627501757646e-05
Male,60+,Hispanic / Latino,Doctorate degree / Ph.D.,"$56,000 to $99,999",Other,1.7382595929511743e-06
Male,60+,Hispanic / Latino,Doctorate degree / Ph.D.,"$56,000 to $99,999",Republican,5.065624531527892e-06
Male,60+,Hispanic / Latino,Doctorate degree / Ph.D.,"Less than $30,000",Democrat,6.154383573990925e-06
Male,60+,Hispanic / Latino,Doctorate degree / Ph.D.,"Less than $30,000",Independent,1.0402306213772473e-05
Male,60+,Hispanic / Latino,Doctorate degree / Ph.D.,"Less than $30,000",Other,1.0874617297623645e-06
Male,60+,Hispanic / Latino,Doctorate degree / Ph.D.,"Less than $30,000",Republican,3.169073731978951e-06
Male,60+,Hispanic / Latino,High school diploma / GED,"$100,000 to $167,999",Democrat,0.000157223835904005
Male,60+,Hispanic / Latino,High school diploma / GED,"$100,000 to $167,999",Independent,1.7378389792960315e-05
Male,60+,Hispanic / Latino,High school diploma / GED,"$100,000 to $167,999",Republican,4.677620484617848e-05
Male,60+,Hispanic / Latino,High school diploma / GED,"$168,000 or more",Democrat,2.9412759653964755e-05
Male,60+,Hispanic / Latino,High school diploma / GED,"$168,000 or more",Independent,1.3869974779148679e-05
Male,60+,Hispanic / Latino,High school diploma / GED,"$168,000 or more",Other,2.21321003678303e-06
Male,60+,Hispanic / Latino,High school diploma / GED,"$168,000 or more",Republican,2.0373307490979063e-05
Male,60+,Hispanic / Latino,High school diploma / GED,"$30,000 to $55,999",Democrat,0.0001418603377479169
Male,60+,Hispanic / Latino,High school diploma / GED,"$30,000 to $55,999",Independent,0.00021593625621595613
Male,60+,Hispanic / Latino,High school diploma / GED,"$30,000 to $55,999",Other,1.5640199435365943e-05
Male,60+,Hispanic / Latino,High school diploma / GED,"$30,000 to $55,999",Republican,0.00021728539896041365
Male,60+,Hispanic / Latino,High school diploma / GED,"$56,000 to $99,999",Democrat,0.0002655319894427634
Male,60+,Hispanic / Latino,High school diploma / GED,"$56,000 to $99,999",Independent,9.4097273727702e-05
Male,60+,Hispanic / Latino,High school diploma / GED,"$56,000 to $99,999",Other,2.8940008807085335e-05
Male,60+,Hispanic / Latino,High school diploma / GED,"$56,000 to $99,999",Republican,0.00010827327834172533
Male,60+,Hispanic / Latino,High school diploma / GED,"Less than $30,000",Democrat,0.0005134523179377515
Male,60+,Hispanic / Latino,High school diploma / GED,"Less than $30,000",Independent,7.273113119925599e-05
Male,60+,Hispanic / Latino,High school diploma / GED,"Less than $30,000",Republican,0.00028155799318114734
Male,60+,Hispanic / Latino,Less than high school,"$100,000 to $167,999",Democrat,6.698622206401823e-05
Male,60+,Hispanic / Latino,Less than high school,"$100,000 to $167,999",Independent,0.00011123712250806835
Male,60+,Hispanic / Latino,Less than high school,"$100,000 to $167,999",Other,1.9498707297451884e-06
Male,60+,Hispanic / Latino,Less than high school,"$100,000 to $167,999",Republican,0.0001252196468102279
Male,60+,Hispanic / Latino,Less than high school,"$168,000 or more",Democrat,1.831823096963353e-05
Male,60+,Hispanic / Latino,Less than high school,"$168,000 or more",Independent,3.0419200243190805e-05
Male,60+,Hispanic / Latino,Less than high school,"$168,000 or more",Other,5.332168509856349e-07
Male,60+,Hispanic / Latino,Less than high school,"$168,000 or more",Republican,3.4242898636879646e-05
Male,60+,Hispanic / Latino,Less than high school,"$30,000 to $55,999",Democrat,0.0002215720010945904
Male,60+,Hispanic / Latino,Less than high school,"$30,000 to $55,999",Independent,0.00036794181057952233
Male,60+,Hispanic / Latino,Less than high school,"$30,000 to $55,999",Other,6.449636151334467e-06
Male,60+,Hispanic / Latino,Less than high school,"$30,000 to $55,999",Republican,0.00041419215571799467
Male,60+,Hispanic / Latino,Less than high school,"$56,000 to $99,999",Democrat,0.00016913194635366914
Male,60+,Hispanic / Latino,Less than high school,"$56,000 to $99,999",Independent,0.00028086001056442614
Male,60+,Hispanic / Latino,Less than high school,"$56,000 to $99,999",Other,4.923183029260545e-06
Male,60+,Hispanic / Latino,Less than high school,"$56,000 to $99,999",Republican,0.0003161641593474637
Male,60+,Hispanic / Latino,Less than high school,"Less than $30,000",Democrat,0.0006179030403929157
Male,60+,Hispanic / Latino,Less than high school,"Less than $30,000",Independent,0.0003906352234361389
Male,60+,Hispanic / Latino,Less than high school,"Less than $30,000",Other,3.674892127908475e-05
Male,60+,Hispanic / Latino,Less than high school,"Less than $30,000",Republican,0.0009666588055614222
Male,60+,Hispanic / Latino,Master's degree / Professional degree,"$100,000 to $167,999",Democrat,4.866019313661519e-05
Male,60+,Hispanic / Latino,Master's degree / Professional degree,"$100,000 to $167,999",Independent,5.55800090658679e-05
Male,60+,Hispanic / Latino,Master's degree / Professional degree,"$100,000 to $167,999",Other,5.867323836088624e-06
Male,60+,Hispanic / Latino,Master's degree / Professional degree,"$100,000 to $167,999",Republican,3.965295692038868e-05
Male,60+,Hispanic / Latino,Master's degree / Professional degree,"$168,000 or more",Democrat,4.018954980558032e-05
Male,60+,Hispanic / Latino,Master's degree / Professional degree,"$168,000 or more",Independent,4.590478168214451e-05
Male,60+,Hispanic / Latino,Master's degree / Professional degree,"$168,000 or more",Other,4.8459549446078324e-06
Male,60+,Hispanic / Latino,Master's degree / Professional degree,"$168,000 or more",Republican,3.275027048528783e-05
Male,60+,Hispanic / Latino,Master's degree / Professional degree,"$30,000 to $55,999",Democrat,5.479167450407337e-05
Male,60+,Hispanic / Latino,Master's degree / Professional degree,"$30,000 to $55,999",Independent,6.258342948045116e-05
Male,60+,Hispanic / Latino,Master's degree / Professional degree,"$30,000 to $55,999",Other,6.6066424548376025e-06
Male,60+,Hispanic / Latino,Master's degree / Professional degree,"$30,000 to $55,999",Republican,4.464947154250258e-05
Male,60+,Hispanic / Latino,Master's degree / Professional degree,"$56,000 to $99,999",Democrat,6.344611514387535e-05
Male,60+,Hispanic / Latino,Master's degree / Professional degree,"$56,000 to $99,999",Independent,7.246859142113112e-05
Male,60+,Hispanic / Latino,Master's degree / Professional degree,"$56,000 to $99,999",Other,7.650173164043015e-06
Male,60+,Hispanic / Latino,Master's degree / Professional degree,"$56,000 to $99,999",Republican,5.170193351889996e-05
Male,60+,Hispanic / Latino,Master's degree / Professional degree,"Less than $30,000",Democrat,5.913672425946454e-05
Male,60+,Hispanic / Latino,Master's degree / Professional degree,"Less than $30,000",Independent,6.754637535529113e-05
Male,60+,Hispanic / Latino,Master's degree / Professional degree,"Less than $30,000",Other,7.1305576379776e-06
Male,60+,Hispanic / Latino,Master's degree / Professional degree,"Less than $30,000",Republican,4.819023165177203e-05
Male,60+,Hispanic / Latino,Some college or Associate's degree,"$100,000 to $167,999",Democrat,0.0001474696344703525
Male,60+,Hispanic / Latino,Some college or Associate's degree,"$100,000 to $167,999",Independent,9.819882576387123e-05
Male,60+,Hispanic / Latino,Some college or Associate's degree,"$100,000 to $167,999",Other,1.38796374773091e-05
Male,60+,Hispanic / Latino,Some college or Associate's degree,"$100,000 to $167,999",Republican,0.00012010369516209213
Male,60+,Hispanic / Latino,Some college or Associate's degree,"$168,000 or more",Democrat,4.177650872412677e-05
Male,60+,Hispanic / Latino,Some college or Associate's degree,"$168,000 or more",Independent,2.608976497098474e-05
Male,60+,Hispanic / Latino,Some college or Associate's degree,"$168,000 or more",Other,6.17169404661323e-06
Male,60+,Hispanic / Latino,Some college or Associate's degree,"$168,000 or more",Republican,3.1544647486917504e-05
Male,60+,Hispanic / Latino,Some college or Associate's degree,"$30,000 to $55,999",Democrat,0.00023796040511753016
Male,60+,Hispanic / Latino,Some college or Associate's degree,"$30,000 to $55,999",Independent,9.42055290950926e-05
Male,60+,Hispanic / Latino,Some college or Associate's degree,"$30,000 to $55,999",Other,5.860274843296912e-05
Male,60+,Hispanic / Latino,Some college or Associate's degree,"$30,000 to $55,999",Republican,0.0003441349988747743
Male,60+,Hispanic / Latino,Some college or Associate's degree,"$56,000 to $99,999",Democrat,0.00029079350556931327
Male,60+,Hispanic / Latino,Some college or Associate's degree,"$56,000 to $99,999",Independent,0.0002301016340744602
Male,60+,Hispanic / Latino,Some college or Associate's degree,"$56,000 to $99,999",Other,2.3608984282159062e-05
Male,60+,Hispanic / Latino,Some college or Associate's degree,"$56,000 to $99,999",Republican,0.00019871130162104497
Male,60+,Hispanic / Latino,Some college or Associate's degree,"Less than $30,000",Democrat,0.0005820499812402921
Male,60+,Hispanic / Latino,Some college or Associate's degree,"Less than $30,000",Independent,0.00011604063270919231
Male,60+,Hispanic / Latino,Some college or Associate's degree,"Less than $30,000",Other,2.611027568891766e-05
Male,60+,Hispanic / Latino,Some college or Associate's degree,"Less than $30,000",Republican,0.00012748226301705917
Male,60+,Other,Bachelor's degree,"$100,000 to $167,999",Democrat,9.761012168853478e-06
Male,60+,Other,Bachelor's degree,"$100,000 to $167,999",Independent,2.788155063911143e-05
Male,60+,Other,Bachelor's degree,"$100,000 to $167,999",Other,7.483748930312973e-06
Male,60+,Other,Bachelor's degree,"$100,000 to $167,999",Republican,1.487659156178033e-05
Male,60+,Other,Bachelor's degree,"$168,000 or more",Democrat,5.915588781989704e-06
Male,60+,Other,Bachelor's degree,"$168,000 or more",Independent,1.6897406266073593e-05
Male,60+,Other,Bachelor's degree,"$168,000 or more",Other,4.535470344013194e-06
Male,60+,Other,Bachelor's degree,"$168,000 or more",Republican,9.015847602149557e-06
Male,60+,Other,Bachelor's degree,"$30,000 to $55,999",Democrat,1.703174741921145e-05
Male,60+,Other,Bachelor's degree,"$30,000 to $55,999",Independent,4.864982441642397e-05
Male,60+,Other,Bachelor's degree,"$30,000 to $55,999",Other,1.3058207419984808e-05
Male,60+,Other,Bachelor's degree,"$30,000 to $55,999",Republican,2.5957794699560968e-05
Male,60+,Other,Bachelor's degree,"$56,000 to $99,999",Democrat,1.7110829324358743e-05
Male,60+,Other,Bachelor's degree,"$56,000 to $99,999",Independent,4.8875715554029246e-05
Male,60+,Other,Bachelor's degree,"$56,000 to $99,999",Other,1.3118839361920247e-05
Male,60+,Other,Bachelor's degree,"$56,000 to $99,999",Republican,2.607832207750622e-05
Male,60+,Other,Bachelor's degree,"Less than $30,000",Democrat,1.6798589036133215e-05
Male,60+,Other,Bachelor's degree,"Less than $30,000",Independent,4.7983826141626935e-05
Male,60+,Other,Bachelor's degree,"Less than $30,000",Other,1.2879445343903893e-05
Male,60+,Other,Bachelor's degree,"Less than $30,000",Republican,2.5602441999015415e-05
Male,60+,Other,Doctorate degree / Ph.D.,"$100,000 to $167,999",Democrat,3.863222436611596e-06
Male,60+,Other,Doctorate degree / Ph.D.,"$100,000 to $167,999",Independent,4.787965047894878e-06
Male,60+,Other,Doctorate degree / Ph.D.,"$100,000 to $167,999",Other,1.3744599122616097e-06
Male,60+,Other,Doctorate degree / Ph.D.,"$100,000 to $167,999",Republican,1.7860775718156523e-06
Male,60+,Other,Doctorate degree / Ph.D.,"$168,000 or more",Democrat,3.2947953645011694e-06
Male,60+,Other,Doctorate degree / Ph.D.,"$168,000 or more",Independent,4.083473137786533e-06
Male,60+,Other,Doctorate degree / Ph.D.,"$168,000 or more",Other,1.1722245410192365e-06
Male,60+,Other,Doctorate degree / Ph.D.,"$168,000 or more",Republican,1.5232775748266805e-06
Male,60+,Other,Doctorate degree / Ph.D.,"$30,000 to $55,999",Democrat,2.9173761677087415e-06
Male,60+,Other,Doctorate degree / Ph.D.,"$30,000 to $55,999",Independent,3.6157108092389464e-06
Male,60+,Other,Doctorate degree / Ph.D.,"$30,000 to $55,999",Other,1.0379460818777123e-06
Male,60+,Other,Doctorate degree / Ph.D.,"$30,000 to $55,999",Republican,1.3487859493444848e-06
Male,60+,Other,Doctorate degree / Ph.D.,"$56,000 to $99,999",Democrat,4.593071452616211e-06
Male,60+,Other,Doctorate degree / Ph.D.,"$56,000 to $99,999",Independent,5.692518600326502e-06
Male,60+,Other,Doctorate degree / Ph.D.,"$56,000 to $99,999",Other,1.6341260927525764e-06
Male,60+,Other,Doctorate degree / Ph.D.,"$56,000 to $99,999",Republican,2.1235075230252267e-06
Male,60+,Other,Doctorate degree / Ph.D.,"Less than $30,000",Democrat,3.213956143052655e-06
Male,60+,Other,Doctorate degree / Ph.D.,"Less than $30,000",Independent,3.983283367938853e-06
Male,60+,Other,Doctorate degree / Ph.D.,"Less than $30,000",Other,1.1434635076998921e-06
Male,60+,Other,Doctorate degree / Ph.D.,"Less than $30,000",Republican,1.485903304325479e-06
Male,60+,Other,High school diploma / GED,"$100,000 to $167,999",Democrat,5.033353523647781e-06
Male,60+,Other,High school diploma / GED,"$100,000 to $167,999",Independent,1.2898185202043464e-05
Male,60+,Other,High school diploma / GED,"$100,000 to $167,999",Other,8.334925644915723e-06
Male,60+,Other,High school diploma / GED,"$100,000 to $167,999",Republican,1.107520724712234e-05
Male,60+,Other,High school diploma / GED,"$168,000 or more",Democrat,1.8255425530928247e-06
Male,60+,Other,High school diploma / GED,"$168,000 or more",Independent,4.678031422465645e-06
Male,60+,Other,High school diploma / GED,"$168,000 or more",Other,3.0229868357490434e-06
Male,60+,Other,High school diploma / GED,"$168,000 or more",Republican,4.01685715476851e-06
Male,60+,Other,High school diploma / GED,"$30,000 to $55,999",Democrat,1.5258194593333467e-05
Male,60+,Other,High school diploma / GED,"$30,000 to $55,999",Independent,3.909978084968801e-05
Male,60+,Other,High school diploma / GED,"$30,000 to $55,999",Other,2.5266637205908455e-05
Male,60+,Other,High school diploma / GED,"$30,000 to $55,999",Republican,3.3573574068292494e-05
Male,60+,Other,High school diploma / GED,"$56,000 to $99,999",Democrat,1.1474132751606868e-05
Male,60+,Other,High school diploma / GED,"$56,000 to $99,999",Independent,2.9402959392330188e-05
Male,60+,Other,High school diploma / GED,"$56,000 to $99,999",Other,1.9000462191899805e-05
Male,60+,Other,High school diploma / GED,"$56,000 to $99,999",Republican,2.5247262606927642e-05
Male,60+,Other,High school diploma / GED,"Less than $30,000",Democrat,6.481379489124825e-05
Male,60+,Other,High school diploma / GED,"Less than $30,000",Independent,4.1752278872053904e-05
Male,60+,Other,High school diploma / GED,"Less than $30,000",Other,3.5519742615208466e-05
Male,60+,Other,High school diploma / GED,"Less than $30,000",Republican,3.729323976820406e-05
Male,60+,Other,Less than high school,"$100,000 to $167,999",Democrat,5.212328570527453e-07
Male,60+,Other,Less than high school,"$100,000 to $167,999",Independent,4.969667443331287e-06
Male,60+,Other,Less than high school,"$100,000 to $167,999",Other,1.8020764430348927e-06
Male,60+,Other,Less than high school,"$100,000 to $167,999",Republican,5.2242834444170305e-06
Male,60+,Other,Less than high school,"$168,000 or more",Democrat,1.8431577285973867e-07
Male,60+,Other,Less than high school,"$168,000 or more",Independent,1.7573491066024547e-06
Male,60+,Other,Less than high school,"$168,000 or more",Other,6.372413171119276e-07
Male,60+,Other,Less than high school,"$168,000 or more",Republican,1.8473851516974125e-06
Male,60+,Other,Less than high school,"$30,000 to $55,999",Democrat,2.2654414841395047e-06
Male,60+,Other,Less than high school,"$30,000 to $55,999",Independent,2.1599733470679742e-05
Male,60+,Other,Less than high school,"$30,000 to $55,999",Other,7.832389452050013e-06
Male,60+,Other,Less than high school,"$30,000 to $55,999",Republican,2.270637447302732e-05
Male,60+,Other,Less than high school,"$56,000 to $99,999",Democrat,1.5399422260118584e-06
Male,60+,Other,Less than high school,"$56,000 to $99,999",Independent,1.4682498698365465e-05
Male,60+,Other,Less than high school,"$56,000 to $99,999",Other,5.324095692704697e-06
Male,60+,Other,Less than high school,"$56,000 to $99,999",Republican,1.5434742011857402e-05
Male,60+,Other,Less than high school,"Less than $30,000",Democrat,7.055911960605539e-06
Male,60+,Other,Less than high school,"Less than $30,000",Independent,6.727422394648619e-05
Male,60+,Other,Less than high school,"Less than $30,000",Other,2.4394649255675556e-05
Male,60+,Other,Less than high school,"Less than $30,000",Republican,7.072095233882277e-05
Male,60+,Other,Master's degree / Professional degree,"$100,000 to $167,999",Democrat,5.566287105964215e-06
Male,60+,Other,Master's degree / Professional degree,"$100,000 to $167,999",Independent,1.9678943807716798e-05
Male,60+,Other,Master's degree / Professional degree,"$100,000 to $167,999",Other,7.65060804194136e-06
Male,60+,Other,Master's degree / Professional degree,"$100,000 to $167,999",Republican,1.0089083336289132e-05
Male,60+,Other,Master's degree / Professional degree,"$168,000 or more",Democrat,5.23293052508701e-06
Male,60+,Other,Master's degree / Professional degree,"$168,000 or more",Independent,1.850040139728559e-05
Male,60+,Other,Master's degree / Professional degree,"$168,000 or more",Other,7.1924246083630776e-06
Male,60+,Other,Master's degree / Professional degree,"$168,000 or more",Republican,9.484863277002784e-06
Male,60+,Other,Master's degree / Professional degree,"$30,000 to $55,999",Democrat,5.717069011265753e-06
Male,60+,Other,Master's degree / Professional degree,"$30,000 to $55,999",Independent,2.0212015240282678e-05
Male,60+,Other,Master's degree / Professional degree,"$30,000 to $55,999",Other,7.857850901556556e-06
Male,60+,Other,Master's degree / Professional degree,"$30,000 to $55,999",Republican,1.0362380631098384e-05
Male,60+,Other,Master's degree / Professional degree,"$56,000 to $99,999",Democrat,7.665354949348075e-06
Male,60+,Other,Master's degree / Professional degree,"$56,000 to $99,999",Independent,2.7099947674778494e-05
Male,60+,Other,Master's degree / Professional degree,"$56,000 to $99,999",Other,1.0535681164735499e-05
Male,60+,Other,Master's degree / Professional degree,"$56,000 to $99,999",Republican,1.3893714681613144e-05
Male,60+,Other,Master's degree / Professional degree,"Less than $30,000",Democrat,8.121337467246783e-06
Male,60+,Other,Master's degree / Professional degree,"Less than $30,000",Independent,2.871201945192686e-05
Male,60+,Other,Master's degree / Professional degree,"Less than $30,000",Other,1.116240836223894e-05
Male,60+,Other,Master's degree / Professional degree,"Less than $30,000",Republican,1.4720198392459051e-05
Male,60+,Other,Some college or Associate's degree,"$100,000 to $167,999",Democrat,1.0828025973847127e-05
Male,60+,Other,Some college or Associate's degree,"$100,000 to $167,999",Independent,3.400620805250424e-05
Male,60+,Other,Some college or Associate's degree,"$100,000 to $167,999",Other,1.406765731184571e-05
Male,60+,Other,Some college or Associate's degree,"$100,000 to $167,999",Republican,1.8827712493976356e-05
Male,60+,Other,Some college or Associate's degree,"$168,000 or more",Democrat,4.783170134251989e-06
Male,60+,Other,Some college or Associate's degree,"$168,000 or more",Independent,1.502189587730611e-05
Male,60+,Other,Some college or Associate's degree,"$168,000 or more",Other,6.214244265338153e-06
Male,60+,Other,Some college or Associate's degree,"$168,000 or more",Republican,8.31695013615436e-06
Male,60+,Other,Some college or Associate's degree,"$30,000 to $55,999",Democrat,2.72389567158823e-05
Male,60+,Other,Some college or Associate's degree,"$30,000 to $55,999",Independent,8.554593713117448e-05
Male,60+,Other,Some college or Associate's degree,"$30,000 to $55,999",Other,3.53885657031802e-05
Male,60+,Other,Some college or Associate's degree,"$30,000 to $55,999",Republican,4.736294934286049e-05
Male,60+,Other,Some college or Associate's degree,"$56,000 to $99,999",Democrat,3.43851016629105e-05
Male,60+,Other,Some college or Associate's degree,"$56,000 to $99,999",Independent,7.470615792872133e-05
Male,60+,Other,Some college or Associate's degree,"$56,000 to $99,999",Other,2.809197857263935e-05
Male,60+,Other,Some college or Associate's degree,"$56,000 to $99,999",Republican,3.8791707587251773e-05
Male,60+,Other,Some college or Associate's degree,"Less than $30,000",Democrat,3.9585826484142803e-05
Male,60+,Other,Some college or Associate's degree,"Less than $30,000",Independent,0.00012432218528118377
Male,60+,Other,Some college or Associate's degree,"Less than $30,000",Other,5.142948887730199e-05
Male,60+,Other,Some college or Associate's degree,"Less than $30,000",Republican,6.883161914092378e-05
Male,60+,White / Caucasian,Bachelor's degree,"$100,000 to $167,999",Democrat,0.0010757848456367804
Male,60+,White / Caucasian,Bachelor's degree,"$100,000 to $167,999",Independent,0.0013070635838123969
Male,60+,White / Caucasian,Bachelor's degree,"$100,000 to $167,999",Other,0.0002096903125823822
Male,60+,White / Caucasian,Bachelor's degree,"$100,000 to $167,999",Republican,0.0018672500799921349
Male,60+,White / Caucasian,Bachelor's degree,"$168,000 or more",Democrat,0.0006280270852876174
Male,60+,White / Caucasian,Bachelor's degree,"$168,000 or more",Independent,0.0009515399628324264
Male,60+,White / Caucasian,Bachelor's degree,"$168,000 or more",Other,9.15174004719207e-05
Male,60+,White / Caucasian,Bachelor's degree,"$168,000 or more",Republican,0.0011359113235374218
Male,60+,White / Caucasian,Bachelor's degree,"$30,000 to $55,999",Democrat,0.0012262488572465516
Male,60+,White / Caucasian,Bachelor's degree,"$30,000 to $55,999",Independent,0.0016114979002780654
Male,60+,White / Caucasian,Bachelor's degree,"$30,000 to $55,999",Other,0.00023088664986661367
Male,60+,White / Caucasian,Bachelor's degree,"$30,000 to $55,999",Republican,0.002388021951900854
Male,60+,White / Caucasian,Bachelor's degree,"$56,000 to $99,999",Democrat,0.0017848655933706227
Male,60+,White / Caucasian,Bachelor's degree,"$56,000 to $99,999",Independent,0.0021180039323096377
Male,60+,White / Caucasian,Bachelor's degree,"$56,000 to $99,999",Other,0.00038390919296342897
Male,60+,White / Caucasian,Bachelor's degree,"$56,000 to $99,999",Republican,0.002825790572107477
Male,60+,White / Caucasian,Bachelor's degree,"Less than $30,000",Democrat,0.0011575418789650249
Male,60+,White / Caucasian,Bachelor's degree,"Less than $30,000",Independent,0.0015040332754712536
Male,60+,White / Caucasian,Bachelor's degree,"Less than $30,000",Other,0.0005302369473499388
Male,60+,White / Caucasian,Bachelor's degree,"Less than $30,000",Republican,0.001618749197213336
Male,60+,White / Caucasian,Doctorate degree / Ph.D.,"$100,000 to $167,999",Democrat,0.00015800871513877235
Male,60+,White / Caucasian,Doctorate degree / Ph.D.,"$100,000 to $167,999",Independent,0.00019288863325740455
Male,60+,White / Caucasian,Doctorate degree / Ph.D.,"$100,000 to $167,999",Other,3.8684644407308525e-05
Male,60+,White / Caucasian,Doctorate degree / Ph.D.,"$100,000 to $167,999",Republican,0.0002658957307956602
Male,60+,White / Caucasian,Doctorate degree / Ph.D.,"$168,000 or more",Democrat,0.00022060824295198214
Male,60+,White / Caucasian,Doctorate degree / Ph.D.,"$168,000 or more",Independent,0.00020444215001541946
Male,60+,White / Caucasian,Doctorate degree / Ph.D.,"$168,000 or more",Other,2.3693167554943924e-05
Male,60+,White / Caucasian,Doctorate degree / Ph.D.,"$168,000 or more",Republican,0.00021248906018984587
Male,60+,White / Caucasian,Doctorate degree / Ph.D.,"$30,000 to $55,999",Democrat,0.0001417968066457229
Male,60+,White / Caucasian,Doctorate degree / Ph.D.,"$30,000 to $55,999",Independent,0.00013140598750102973
Male,60+,White / Caucasian,Doctorate degree / Ph.D.,"$30,000 to $55,999",Other,1.5228875646973671e-05
Male,60+,White / Caucasian,Doctorate degree / Ph.D.,"$30,000 to $55,999",Republican,0.00013657817032987807
Male,60+,White / Caucasian,Doctorate degree / Ph.D.,"$56,000 to $99,999",Democrat,0.000273672069886856
Male,60+,White / Caucasian,Doctorate degree / Ph.D.,"$56,000 to $99,999",Independent,0.0003069552131462514
Male,60+,White / Caucasian,Doctorate degree / Ph.D.,"$56,000 to $99,999",Other,1.1096898191406027e-05
Male,60+,White / Caucasian,Doctorate degree / Ph.D.,"$56,000 to $99,999",Republican,9.365215387644796e-05
Male,60+,White / Caucasian,Doctorate degree / Ph.D.,"Less than $30,000",Democrat,0.00012434543834101682
Male,60+,White / Caucasian,Doctorate degree / Ph.D.,"Less than $30,000",Independent,0.00011523344920788154
Male,60+,White / Caucasian,Doctorate degree / Ph.D.,"Less than $30,000",Other,1.3354611169030142e-05
Male,60+,White / Caucasian,Doctorate degree / Ph.D.,"Less than $30,000",Republican,0.00011976907561757843
Male,60+,White / Caucasian,High school diploma / GED,"$100,000 to $167,999",Democrat,0.00028221297627133304
Male,60+,White / Caucasian,High school diploma / GED,"$100,000 to $167,999",Independent,0.00045456549053600644
Male,60+,White / Caucasian,High school diploma / GED,"$100,000 to $167,999",Other,9.840082595956796e-05
Male,60+,White / Caucasian,High school diploma / GED,"$100,000 to $167,999",Republican,0.0008136098385164046
Male,60+,White / Caucasian,High school diploma / GED,"$168,000 or more",Democrat,7.310252495674438e-05
Male,60+,White / Caucasian,High school diploma / GED,"$168,000 or more",Independent,0.00011012565730286866
Male,60+,White / Caucasian,High school diploma / GED,"$168,000 or more",Other,6.913649365516714e-06
Male,60+,White / Caucasian,High school diploma / GED,"$168,000 or more",Republican,0.00030886363884729813
Male,60+,White / Caucasian,High school diploma / GED,"$30,000 to $55,999",Democrat,0.0010344683997599849
Male,60+,White / Caucasian,High school diploma / GED,"$30,000 to $55,999",Independent,0.0016039518771802132
Male,60+,White / Caucasian,High school diploma / GED,"$30,000 to $55,999",Other,0.0003871528930471174
Male,60+,White / Caucasian,High school diploma / GED,"$30,000 to $55,999",Republican,0.0033531470685882973
Male,60+,White / Caucasian,High school diploma / GED,"$56,000 to $99,999",Democrat,0.0008315371591597194
Male,60+,White / Caucasian,High school diploma / GED,"$56,000 to $99,999",Independent,0.0012619747797442157
Male,60+,White / Caucasian,High school diploma / GED,"$56,000 to $99,999",Other,0.00015102783906687441
Male,60+,White / Caucasian,High school diploma / GED,"$56,000 to $99,999",Republican,0.002644674638075896
Male,60+,White / Caucasian,High school diploma / GED,"Less than $30,000",Democrat,0.00152863930808915
Male,60+,White / Caucasian,High school diploma / GED,"Less than $30,000",Independent,0.001839897775365317
Male,60+,White / Caucasian,High school diploma / GED,"Less than $30,000",Other,0.00040557910278665564
Male,60+,White / Caucasian,High school diploma / GED,"Less than $30,000",Republican,0.0029539814836591917
Male,60+,White / Caucasian,Less than high school,"$100,000 to $167,999",Democrat,2.162270756623291e-05
Male,60+,White / Caucasian,Less than high school,"$100,000 to $167,999",Independent,0.00010880016179278403
Male,60+,White / Caucasian,Less than high school,"$100,000 to $167,999",Other,0.00011552429879431835
Male,60+,White / Caucasian,Less than high school,"$100,000 to $167,999",Republican,7.449062312294276e-05
Male,60+,White / Caucasian,Less than high school,"$168,000 or more",Democrat,1.848304147205138e-05
Male,60+,White / Caucasian,Less than high school,"$168,000 or more",Independent,2.247550121128434e-05
Male,60+,White / Caucasian,Less than high school,"$168,000 or more",Other,6.063836230016974e-06
Male,60+,White / Caucasian,Less than high school,"$168,000 or more",Republican,4.690160001619913e-05
Male,60+,White / Caucasian,Less than high school,"$30,000 to $55,999",Democrat,0.00030620884328346615
Male,60+,White / Caucasian,Less than high school,"$30,000 to $55,999",Independent,0.0006077059050244911
Male,60+,White / Caucasian,Less than high school,"$30,000 to $55,999",Other,9.894144211428152e-05
Male,60+,White / Caucasian,Less than high school,"$30,000 to $55,999",Republican,0.0008639727343153933
Male,60+,White / Caucasian,Less than high school,"$56,000 to $99,999",Democrat,0.00015273311349556402
Male,60+,White / Caucasian,Less than high school,"$56,000 to $99,999",Independent,0.0003475919212385949
Male,60+,White / Caucasian,Less than high school,"$56,000 to $99,999",Republican,0.0005219947187409077
Male,60+,White / Caucasian,Less than high school,"Less than $30,000",Democrat,0.0009277921586014703
Male,60+,White / Caucasian,Less than high school,"Less than $30,000",Independent,0.0004646000455495957
Male,60+,White / Caucasian,Less than high school,"Less than $30,000",Other,0.0001786465051752988
Male,60+,White / Caucasian,Less than high school,"Less than $30,000",Republican,0.0019328255357806377
Male,60+,White / Caucasian,Master's degree / Professional degree,"$100,000 to $167,999",Democrat,0.0013304781363814478
Male,60+,White / Caucasian,Master's degree / Professional degree,"$100,000 to $167,999",Independent,0.0008184792966105115
Male,60+,White / Caucasian,Master's degree / Professional degree,"$100,000 to $167,999",Other,0.00013701169992985733
Male,60+,White / Caucasian,Master's degree / Professional degree,"$100,000 to $167,999",Republican,0.0010379549016149882
Male,60+,White / Caucasian,Master's degree / Professional degree,"$168,000 or more",Democrat,0.001117568388251824
Male,60+,White / Caucasian,Master's degree / Professional degree,"$168,000 or more",Independent,0.000841186419598094
Male,60+,White / Caucasian,Master's degree / Professional degree,"$168,000 or more",Other,8.643478261026878e-05
Male,60+,White / Caucasian,Master's degree / Professional degree,"$168,000 or more",Republican,0.0009077519638664914
Male,60+,White / Caucasian,Master's degree / Professional degree,"$30,000 to $55,999",Democrat,0.0011727549900293368
Male,60+,White / Caucasian,Master's degree / Professional degree,"$30,000 to $55,999",Independent,0.000811754861211825
Male,60+,White / Caucasian,Master's degree / Professional degree,"$30,000 to $55,999",Other,6.522414934298761e-05
Male,60+,White / Caucasian,Master's degree / Professional degree,"$30,000 to $55,999",Republican,0.000732444043518592
Male,60+,White / Caucasian,Master's degree / Professional degree,"$56,000 to $99,999",Democrat,0.001529096299820152
Male,60+,White / Caucasian,Master's degree / Professional degree,"$56,000 to $99,999",Independent,0.0013568996467524896
Male,60+,White / Caucasian,Master's degree / Professional degree,"$56,000 to $99,999",Other,0.00012575910636690568
Male,60+,White / Caucasian,Master's degree / Professional degree,"$56,000 to $99,999",Republican,0.0013331902023480467
Male,60+,White / Caucasian,Master's degree / Professional degree,"Less than $30,000",Democrat,0.0008600293986956437
Male,60+,White / Caucasian,Master's degree / Professional degree,"Less than $30,000",Independent,0.0006771536170564217
Male,60+,White / Caucasian,Master's degree / Professional degree,"Less than $30,000",Other,8.483329051063343e-05
Male,60+,White / Caucasian,Master's degree / Professional degree,"Less than $30,000",Republican,0.0007482845489313114
Male,60+,White / Caucasian,Some college or Associate's degree,"$100,000 to $167,999",Democrat,0.0006246179391269565
Male,60+,White / Caucasian,Some college or Associate's degree,"$100,000 to $167,999",Independent,0.0010883776295634038
Male,60+,White / Caucasian,Some college or Associate's degree,"$100,000 to $167,999",Other,0.00025135489801816067
Male,60+,White / Caucasian,Some college or Associate's degree,"$100,000 to $167,999",Republican,0.0018119087776272515
Male,60+,White / Caucasian,Some college or Associate's degree,"$168,000 or more",Democrat,0.00029710316767616294
Male,60+,White / Caucasian,Some college or Associate's degree,"$168,000 or more",Independent,0.00034238340043762526
Male,60+,White / Caucasian,Some college or Associate's degree,"$168,000 or more",Other,6.17948380582104e-05
Male,60+,White / Caucasian,Some college or Associate's degree,"$168,000 or more",Republican,0.000621171223909515
Male,60+,White / Caucasian,Some college or Associate's degree,"$30,000 to $55,999",Democrat,0.0018764464922924882
Male,60+,White / Caucasian,Some college or Associate's degree,"$30,000 to $55,999",Independent,0.0026650489102882837
Male,60+,White / Caucasian,Some college or Associate's degree,"$30,000 to $55,999",Other,0.00044310861300650195
Male,60+,White / Caucasian,Some college or Associate's degree,"$30,000 to $55,999",Republican,0.00359223126068344
Male,60+,White / Caucasian,Some college or Associate's degree,"$56,000 to $99,999",Democrat,0.001669384759512522
Male,60+,White / Caucasian,Some college or Associate's degree,"$56,000 to $99,999",Independent,0.0026638444953885447
Male,60+,White / Caucasian,Some college or Associate's degree,"$56,000 to $99,999",Other,0.00031739396892355675
Male,60+,White / Caucasian,Some college or Associate's degree,"$56,000 to $99,999",Republican,0.003934157658658593
Male,60+,White / Caucasian,Some college or Associate's degree,"Less than $30,000",Democrat,0.002085924697983736
Male,60+,White / Caucasian,Some college or Associate's degree,"Less than $30,000",Independent,0.0022453465216119278
Male,60+,White / Caucasian,Some college or Associate's degree,"Less than $30,000",Other,0.00041067861332667524
Male,60+,White / Caucasian,Some college or Associate's degree,"Less than $30,000",Republican,0.003213416415839689
Other,18-29,Asian / Asian American,Bachelor's degree,"$100,000 to $167,999",Democrat,8.667571545685403e-06
Other,18-29,Asian / Asian American,Bachelor's degree,"$100,000 to $167,999",Independent,1.3951448181207659e-05
Other,18-29,Asian / Asian American,Bachelor's degree,"$100,000 to $167,999",Other,6.173934138950018e-07
Other,18-29,Asian / Asian American,Bachelor's degree,"$100,000 to $167,999",Republican,4.039903559014773e-06
Other,18-29,Asian / Asian American,Bachelor's degree,"$168,000 or more",Democrat,5.714936672883947e-06
Other,18-29,Asian / Asian American,Bachelor's degree,"$168,000 or more",Independent,9.334323397869855e-06
Other,18-29,Asian / Asian American,Bachelor's degree,"$168,000 or more",Other,3.8267882943424073e-07
Other,18-29,Asian / Asian American,Bachelor's degree,"$168,000 or more",Republican,2.6453669283078147e-06
Other,18-29,Asian / Asian American,Bachelor's degree,"$30,000 to $55,999",Democrat,6.852339961121195e-06
Other,18-29,Asian / Asian American,Bachelor's degree,"$30,000 to $55,999",Independent,1.1131989286545055e-05
Other,18-29,Asian / Asian American,Bachelor's degree,"$30,000 to $55,999",Other,4.6965983089259623e-07
Other,18-29,Asian / Asian American,Bachelor's degree,"$30,000 to $55,999",Republican,3.179984467305952e-06
Other,18-29,Asian / Asian American,Bachelor's degree,"$56,000 to $99,999",Democrat,1.0358521050383703e-05
Other,18-29,Asian / Asian American,Bachelor's degree,"$56,000 to $99,999",Independent,1.6883948041879227e-05
Other,18-29,Asian / Asian American,Bachelor's degree,"$56,000 to $99,999",Other,6.998922651677492e-07
Other,18-29,Asian / Asian American,Bachelor's degree,"$56,000 to $99,999",Republican,4.7995330158476525e-06
Other,18-29,Asian / Asian American,Bachelor's degree,"Less than $30,000",Democrat,1.2701210931265443e-05
Other,18-29,Asian / Asian American,Bachelor's degree,"Less than $30,000",Independent,2.0627225572704956e-05
Other,18-29,Asian / Asian American,Bachelor's degree,"Less than $30,000",Other,8.717239879859302e-07
Other,18-29,Asian / Asian American,Bachelor's degree,"Less than $30,000",Republican,5.895174498164527e-06
Other,18-29,Asian / Asian American,Doctorate degree / Ph.D.,"$100,000 to $167,999",Democrat,4.4584894171194814e-07
Other,18-29,Asian / Asian American,Doctorate degree / Ph.D.,"$100,000 to $167,999",Independent,2.8941954233968106e-07
Other,18-29,Asian / Asian American,Doctorate degree / Ph.D.,"$100,000 to $167,999",Republican,1.0814166804799887e-07
Other,18-29,Asian / Asian American,Doctorate degree / Ph.D.,"$168,000 or more",Democrat,3.4283162719002743e-07
Other,18-29,Asian / Asian American,Doctorate degree / Ph.D.,"$168,000 or more",Independent,2.2254661468953523e-07
Other,18-29,Asian / Asian American,Doctorate degree / Ph.D.,"$168,000 or more",Republican,8.315458568003521e-08
Other,18-29,Asian / Asian American,Doctorate degree / Ph.D.,"$30,000 to $55,999",Democrat,6.71447180762637e-07
Other,18-29,Asian / Asian American,Doctorate degree / Ph.D.,"$30,000 to $55,999",Independent,4.358649703538904e-07
Other,18-29,Asian / Asian American,Doctorate degree / Ph.D.,"$30,000 to $55,999",Republican,1.6286103058804648e-07
Other,18-29,Asian / Asian American,Doctorate degree / Ph.D.,"$56,000 to $99,999",Democrat,5.891245460964286e-07
Other,18-29,Asian / Asian American,Doctorate degree / Ph.D.,"$56,000 to $99,999",Independent,3.8242584104294946e-07
Other,18-29,Asian / Asian American,Doctorate degree / Ph.D.,"$56,000 to $99,999",Republican,1.4289348957129226e-07
Other,18-29,Asian / Asian American,Doctorate degree / Ph.D.,"Less than $30,000",Democrat,5.832755577718626e-07
Other,18-29,Asian / Asian American,Doctorate degree / Ph.D.,"Less than $30,000",Independent,3.7862901354001555e-07
Other,18-29,Asian / Asian American,Doctorate degree / Ph.D.,"Less than $30,000",Republican,1.4147480423947751e-07
Other,18-29,Asian / Asian American,High school diploma / GED,"$100,000 to $167,999",Democrat,2.09565548230919e-06
Other,18-29,Asian / Asian American,High school diploma / GED,"$100,000 to $167,999",Independent,2.637561239292528e-06
Other,18-29,Asian / Asian American,High school diploma / GED,"$100,000 to $167,999",Other,1.7282198499665187e-07
Other,18-29,Asian / Asian American,High school diploma / GED,"$100,000 to $167,999",Republican,5.831686950604412e-07
Other,18-29,Asian / Asian American,High school diploma / GED,"$168,000 or more",Democrat,1.0208308730778933e-06
Other,18-29,Asian / Asian American,High school diploma / GED,"$168,000 or more",Independent,1.300692801626465e-06
Other,18-29,Asian / Asian American,High school diploma / GED,"$168,000 or more",Other,8.02634297564361e-08
Other,18-29,Asian / Asian American,High school diploma / GED,"$168,000 or more",Republican,2.9340184874249235e-07
Other,18-29,Asian / Asian American,High school diploma / GED,"$30,000 to $55,999",Democrat,2.7607849151184194e-06
Other,18-29,Asian / Asian American,High school diploma / GED,"$30,000 to $55,999",Independent,3.4197469827754756e-06
Other,18-29,Asian / Asian American,High school diploma / GED,"$30,000 to $55,999",Other,2.412298401147137e-07
Other,18-29,Asian / Asian American,High school diploma / GED,"$30,000 to $55,999",Republican,7.360009809498419e-07
Other,18-29,Asian / Asian American,High school diploma / GED,"$56,000 to $99,999",Democrat,2.9740466657747565e-06
Other,18-29,Asian / Asian American,High school diploma / GED,"$56,000 to $99,999",Independent,3.74820754552901e-06
Other,18-29,Asian / Asian American,High school diploma / GED,"$56,000 to $99,999",Other,2.4399758986443164e-07
Other,18-29,Asian / Asian American,High school diploma / GED,"$56,000 to $99,999",Republican,8.306070309697568e-07
Other,18-29,Asian / Asian American,High school diploma / GED,"Less than $30,000",Democrat,4.112440182116441e-06
Other,18-29,Asian / Asian American,High school diploma / GED,"Less than $30,000",Independent,5.0101025434470455e-06
Other,18-29,Asian / Asian American,High school diploma / GED,"Less than $30,000",Other,3.800432728371492e-07
Other,18-29,Asian / Asian American,High school diploma / GED,"Less than $30,000",Republican,1.0470646960457878e-06
Other,18-29,Asian / Asian American,Less than high school,"$100,000 to $167,999",Democrat,6.714793491326406e-07
Other,18-29,Asian / Asian American,Less than high school,"$100,000 to $167,999",Independent,1.0035555793185809e-06
Other,18-29,Asian / Asian American,Less than high school,"$168,000 or more",Democrat,4.3256991480474845e-07
Other,18-29,Asian / Asian American,Less than high school,"$168,000 or more",Independent,6.484235387474534e-07
Other,18-29,Asian / Asian American,Less than high school,"$30,000 to $55,999",Democrat,1.3611372238914014e-06
Other,18-29,Asian / Asian American,Less than high school,"$30,000 to $55,999",Independent,2.05320645352202e-06
Other,18-29,Asian / Asian American,Less than high school,"$56,000 to $99,999",Democrat,1.2370220402076483e-06
Other,18-29,Asian / Asian American,Less than high school,"$56,000 to $99,999",Independent,1.892483243409799e-06
Other,18-29,Asian / Asian American,Less than high school,"Less than $30,000",Democrat,1.3007272923854684e-06
Other,18-29,Asian / Asian American,Less than high school,"Less than $30,000",Independent,1.991421099897795e-06
Other,18-29,Asian / Asian American,Master's degree / Professional degree,"$100,000 to $167,999",Democrat,6.186821588977561e-06
Other,18-29,Asian / Asian American,Master's degree / Professional degree,"$100,000 to $167,999",Independent,3.755856631758708e-06
Other,18-29,Asian / Asian American,Master's degree / Professional degree,"$100,000 to $167,999",Other,3.844010193432035e-07
Other,18-29,Asian / Asian American,Master's degree / Professional degree,"$100,000 to $167,999",Republican,9.81654773936763e-07
Other,18-29,Asian / Asian American,Master's degree / Professional degree,"$168,000 or more",Democrat,4.658222487115355e-06
Other,18-29,Asian / Asian American,Master's degree / Professional degree,"$168,000 or more",Independent,2.8278843294285295e-06
Other,18-29,Asian / Asian American,Master's degree / Professional degree,"$168,000 or more",Other,2.894257490089505e-07
Other,18-29,Asian / Asian American,Master's degree / Professional degree,"$168,000 or more",Republican,7.391139823206174e-07
Other,18-29,Asian / Asian American,Master's degree / Professional degree,"$30,000 to $55,999",Democrat,5.407578031333979e-06
Other,18-29,Asian / Asian American,Master's degree / Professional degree,"$30,000 to $55,999",Independent,3.2827983672461014e-06
Other,18-29,Asian / Asian American,Master's degree / Professional degree,"$30,000 to $55,999",Other,3.359848797201571e-07
Other,18-29,Asian / Asian American,Master's degree / Professional degree,"$30,000 to $55,999",Republican,8.580132324087005e-07
Other,18-29,Asian / Asian American,Master's degree / Professional degree,"$56,000 to $99,999",Democrat,7.695616610981384e-06
Other,18-29,Asian / Asian American,Master's degree / Professional degree,"$56,000 to $99,999",Independent,4.671806398187016e-06
Other,18-29,Asian / Asian American,Master's degree / Professional degree,"$56,000 to $99,999",Other,4.781458180410549e-07
Other,18-29,Asian / Asian American,Master's degree / Professional degree,"$56,000 to $99,999",Republican,1.2210532784743494e-06
Other,18-29,Asian / Asian American,Master's degree / Professional degree,"Less than $30,000",Democrat,7.822518339248595e-06
Other,18-29,Asian / Asian American,Master's degree / Professional degree,"Less than $30,000",Independent,4.748845099051317e-06
Other,18-29,Asian / Asian American,Master's degree / Professional degree,"Less than $30,000",Other,4.860305053559825e-07
Other,18-29,Asian / Asian American,Master's degree / Professional degree,"Less than $30,000",Republican,1.2411886073476214e-06
Other,18-29,Asian / Asian American,Some college or Associate's degree,"$100,000 to $167,999",Democrat,6.101291503823168e-06
Other,18-29,Asian / Asian American,Some college or Associate's degree,"$100,000 to $167,999",Independent,7.342346094377208e-06
Other,18-29,Asian / Asian American,Some college or Associate's degree,"$100,000 to $167,999",Other,7.399448724031206e-08
Other,18-29,Asian / Asian American,Some college or Associate's degree,"$100,000 to $167,999",Republican,3.131536298953368e-06
Other,18-29,Asian / Asian American,Some college or Associate's degree,"$168,000 or more",Democrat,3.0710977680942147e-06
Other,18-29,Asian / Asian American,Some college or Associate's degree,"$168,000 or more",Independent,3.6947482611599495e-06
Other,18-29,Asian / Asian American,Some college or Associate's degree,"$168,000 or more",Other,3.725555194952041e-08
Other,18-29,Asian / Asian American,Some college or Associate's degree,"$168,000 or more",Republican,1.5744334832168952e-06
Other,18-29,Asian / Asian American,Some college or Associate's degree,"$30,000 to $55,999",Democrat,8.33098846675289e-06
Other,18-29,Asian / Asian American,Some college or Associate's degree,"$30,000 to $55,999",Independent,1.0094127400462526e-05
Other,18-29,Asian / Asian American,Some college or Associate's degree,"$30,000 to $55,999",Other,1.0035644302965726e-07
Other,18-29,Asian / Asian American,Some college or Associate's degree,"$30,000 to $55,999",Republican,4.3970382254777466e-06
Other,18-29,Asian / Asian American,Some college or Associate's degree,"$56,000 to $99,999",Democrat,1.0749136256274696e-05
Other,18-29,Asian / Asian American,Some college or Associate's degree,"$56,000 to $99,999",Independent,1.1226891035034907e-05
Other,18-29,Asian / Asian American,Some college or Associate's degree,"$56,000 to $99,999",Other,2.0679814617186052e-07
Other,18-29,Asian / Asian American,Some college or Associate's degree,"$56,000 to $99,999",Republican,1.70185429819587e-06
Other,18-29,Asian / Asian American,Some college or Associate's degree,"Less than $30,000",Democrat,1.559731544621053e-05
Other,18-29,Asian / Asian American,Some college or Associate's degree,"Less than $30,000",Independent,1.5842533929491377e-05
Other,18-29,Asian / Asian American,Some college or Associate's degree,"Less than $30,000",Other,1.7196265884649875e-07
Other,18-29,Asian / Asian American,Some college or Associate's degree,"Less than $30,000",Republican,8.719543094396915e-06
Other,18-29,Black / African American,Bachelor's degree,"$100,000 to $167,999",Democrat,1.2064930804875495e-05
Other,18-29,Black / African American,Bachelor's degree,"$100,000 to $167,999",Independent,8.37321083990888e-06
Other,18-29,Black / African American,Bachelor's degree,"$100,000 to $167,999",Other,5.853190906926271e-07
Other,18-29,Black / African American,Bachelor's degree,"$100,000 to $167,999",Republican,2.771667604506315e-06
Other,18-29,Black / African American,Bachelor's degree,"$168,000 or more",Democrat,4.591314290781281e-06
Other,18-29,Black / African American,Bachelor's degree,"$168,000 or more",Independent,3.187469547807276e-06
Other,18-29,Black / African American,Bachelor's degree,"$168,000 or more",Other,2.225470274716789e-07
Other,18-29,Black / African American,Bachelor's degree,"$168,000 or more",Republican,1.0549362210676373e-06
Other,18-29,Black / African American,Bachelor's degree,"$30,000 to $55,999",Democrat,1.784777443699062e-05
Other,18-29,Black / African American,Bachelor's degree,"$30,000 to $55,999",Independent,9.748796101993985e-06
Other,18-29,Black / African American,Bachelor's degree,"$30,000 to $55,999",Other,5.69973139124161e-07
Other,18-29,Black / African American,Bachelor's degree,"$30,000 to $55,999",Republican,6.2121344443196535e-06
Other,18-29,Black / African American,Bachelor's degree,"$56,000 to $99,999",Democrat,1.876753121727844e-05
Other,18-29,Black / African American,Bachelor's degree,"$56,000 to $99,999",Independent,1.4351656553018522e-05
Other,18-29,Black / African American,Bachelor's degree,"$56,000 to $99,999",Other,1.1753188625087219e-06
Other,18-29,Black / African American,Bachelor's degree,"$56,000 to $99,999",Republican,3.5256373701921143e-06
Other,18-29,Black / African American,Bachelor's degree,"Less than $30,000",Democrat,1.4142844021972138e-05
Other,18-29,Black / African American,Bachelor's degree,"Less than $30,000",Independent,1.2467275791126548e-05
Other,18-29,Black / African American,Bachelor's degree,"Less than $30,000",Other,2.6786245272956633e-07
Other,18-29,Black / African American,Bachelor's degree,"Less than $30,000",Republican,3.533257372254928e-06
Other,18-29,Black / African American,Doctorate degree / Ph.D.,"$100,000 to $167,999",Democrat,1.7500171304504094e-07
Other,18-29,Black / African American,Doctorate degree / Ph.D.,"$100,000 to $167,999",Independent,6.386128963559989e-08
Other,18-29,Black / African American,Doctorate degree / Ph.D.,"$100,000 to $167,999",Other,1.1711302352404827e-08
Other,18-29,Black / African American,Doctorate degree / Ph.D.,"$100,000 to $167,999",Republican,2.8740240585907064e-08
Other,18-29,Black / African American,Doctorate degree / Ph.D.,"$168,000 or more",Democrat,1.094971585370235e-07
Other,18-29,Black / African American,Doctorate degree / Ph.D.,"$168,000 or more",Independent,3.995749318070005e-08
Other,18-29,Black / African American,Doctorate degree / Ph.D.,"$168,000 or more",Other,7.327667301326598e-09
Other,18-29,Black / African American,Doctorate degree / Ph.D.,"$168,000 or more",Republican,1.798253642818521e-08
Other,18-29,Black / African American,Doctorate degree / Ph.D.,"$30,000 to $55,999",Democrat,2.951823414730062e-07
Other,18-29,Black / African American,Doctorate degree / Ph.D.,"$30,000 to $55,999",Independent,1.077173741680488e-07
Other,18-29,Black / African American,Doctorate degree / Ph.D.,"$30,000 to $55,999",Other,1.9753918918447648e-08
Other,18-29,Black / African American,Doctorate degree / Ph.D.,"$30,000 to $55,999",Republican,4.8477305524787117e-08
Other,18-29,Black / African American,Doctorate degree / Ph.D.,"$56,000 to $99,999",Democrat,2.0980099609249817e-07
Other,18-29,Black / African American,Doctorate degree / Ph.D.,"$56,000 to $99,999",Independent,7.656017729296187e-08
Other,18-29,Black / African American,Doctorate degree / Ph.D.,"$56,000 to $99,999",Other,1.4040107701360424e-08
Other,18-29,Black / African American,Doctorate degree / Ph.D.,"$56,000 to $99,999",Republican,3.445526902533486e-08
Other,18-29,Black / African American,Doctorate degree / Ph.D.,"Less than $30,000",Democrat,9.136201588841438e-08
Other,18-29,Black / African American,Doctorate degree / Ph.D.,"Less than $30,000",Independent,3.333965169152747e-08
Other,18-29,Black / African American,Doctorate degree / Ph.D.,"Less than $30,000",Other,6.114044102637158e-09
Other,18-29,Black / African American,Doctorate degree / Ph.D.,"Less than $30,000",Republican,1.5004232080692175e-08
Other,18-29,Black / African American,High school diploma / GED,"$100,000 to $167,999",Democrat,5.7715300183476104e-06
Other,18-29,Black / African American,High school diploma / GED,"$100,000 to $167,999",Independent,8.7825034230117e-06
Other,18-29,Black / African American,High school diploma / GED,"$100,000 to $167,999",Other,7.243187991673023e-07
Other,18-29,Black / African American,High school diploma / GED,"$100,000 to $167,999",Republican,1.3098859143414556e-06
Other,18-29,Black / African American,High school diploma / GED,"$168,000 or more",Democrat,1.4519804396735707e-06
Other,18-29,Black / African American,High school diploma / GED,"$168,000 or more",Independent,2.230984718179104e-06
Other,18-29,Black / African American,High school diploma / GED,"$168,000 or more",Other,1.88690589349451e-07
Other,18-29,Black / African American,High school diploma / GED,"$168,000 or more",Republican,3.2362552233907116e-07
Other,18-29,Black / African American,High school diploma / GED,"$30,000 to $55,999",Democrat,2.818344732875396e-05
Other,18-29,Black / African American,High school diploma / GED,"$30,000 to $55,999",Independent,2.2722423449834286e-05
Other,18-29,Black / African American,High school diploma / GED,"$30,000 to $55,999",Other,8.017947518212302e-07
Other,18-29,Black / African American,High school diploma / GED,"$30,000 to $55,999",Republican,4.488638436670811e-06
Other,18-29,Black / African American,High school diploma / GED,"$56,000 to $99,999",Democrat,1.4888612227162552e-05
Other,18-29,Black / African American,High school diploma / GED,"$56,000 to $99,999",Independent,2.3904523796031017e-05
Other,18-29,Black / African American,High school diploma / GED,"$56,000 to $99,999",Other,1.141429130191966e-06
Other,18-29,Black / African American,High school diploma / GED,"$56,000 to $99,999",Republican,2.606762937451018e-06
Other,18-29,Black / African American,High school diploma / GED,"Less than $30,000",Democrat,3.454568540086364e-05
Other,18-29,Black / African American,High school diploma / GED,"Less than $30,000",Independent,4.592697759764277e-05
Other,18-29,Black / African American,High school diploma / GED,"Less than $30,000",Other,4.181322063579067e-06
Other,18-29,Black / African American,High school diploma / GED,"Less than $30,000",Republican,6.954190042393592e-06
Other,18-29,Black / African American,Less than high school,"$100,000 to $167,999",Democrat,4.846887460835135e-07
Other,18-29,Black / African American,Less than high school,"$100,000 to $167,999",Independent,3.624093690443062e-06
Other,18-29,Black / African American,Less than high school,"$100,000 to $167,999",Other,2.91921111483207e-07
Other,18-29,Black / African American,Less than high school,"$100,000 to $167,999",Republican,1.8779157259800891e-07
Other,18-29,Black / African American,Less than high school,"$168,000 or more",Democrat,1.2172204841110212e-07
Other,18-29,Black / African American,Less than high school,"$168,000 or more",Independent,9.225925963611485e-07
Other,18-29,Black / African American,Less than high school,"$168,000 or more",Other,7.27969116449799e-08
Other,18-29,Black / African American,Less than high school,"$168,000 or more",Republican,4.880546717904691e-08
Other,18-29,Black / African American,Less than high school,"$30,000 to $55,999",Democrat,2.04209320693342e-06
Other,18-29,Black / African American,Less than high school,"$30,000 to $55,999",Independent,1.5064469563049403e-05
Other,18-29,Black / African American,Less than high school,"$30,000 to $55,999",Other,1.238373351736059e-06
Other,18-29,Black / African American,Less than high school,"$30,000 to $55,999",Republican,7.64197991125763e-07
Other,18-29,Black / African American,Less than high school,"$56,000 to $99,999",Democrat,1.4296291801934543e-06
Other,18-29,Black / African American,Less than high school,"$56,000 to $99,999",Independent,9.994417728390235e-06
Other,18-29,Black / African American,Less than high school,"$56,000 to $99,999",Other,8.897565880939793e-07
Other,18-29,Black / African American,Less than high school,"$56,000 to $99,999",Republican,4.621417826904401e-07
Other,18-29,Black / African American,Less than high school,"Less than $30,000",Democrat,4.20736777120677e-06
Other,18-29,Black / African American,Less than high school,"Less than $30,000",Independent,3.424481349555781e-05
Other,18-29,Black / African American,Less than high school,"Less than $30,000",Republican,2.0851533498663436e-06
Other,18-29,Black / African American,Master's degree / Professional degree,"$100,000 to $167,999",Democrat,1.3970225921993476e-06
Other,18-29,Black / African American,Master's degree / Professional degree,"$100,000 to $167,999",Independent,2.74238862659271e-06
Other,18-29,Black / African American,Master's degree / Professional degree,"$100,000 to $167,999",Other,1.74930913349504e-07
Other,18-29,Black / African American,Master's degree / Professional degree,"$100,000 to $167,999",Republican,3.572077456167944e-07
Other,18-29,Black / African American,Master's degree / Professional degree,"$168,000 or more",Democrat,5.541739061098797e-07
Other,18-29,Black / African American,Master's degree / Professional degree,"$168,000 or more",Independent,1.0897620617996561e-06
Other,18-29,Black / African American,Master's degree / Professional degree,"$168,000 or more",Other,7.419815004284323e-08
Other,18-29,Black / African American,Master's degree / Professional degree,"$168,000 or more",Republican,1.4144576179430543e-07
Other,18-29,Black / African American,Master's degree / Professional degree,"$30,000 to $55,999",Democrat,2.2266161422202513e-06
Other,18-29,Black / African American,Master's degree / Professional degree,"$30,000 to $55,999",Independent,4.368544741726586e-06
Other,18-29,Black / African American,Master's degree / Professional degree,"$30,000 to $55,999",Other,2.728681170865558e-07
Other,18-29,Black / African American,Master's degree / Professional degree,"$30,000 to $55,999",Republican,5.696400873619361e-07
Other,18-29,Black / African American,Master's degree / Professional degree,"$56,000 to $99,999",Democrat,2.0922369734729805e-06
Other,18-29,Black / African American,Master's degree / Professional degree,"$56,000 to $99,999",Independent,4.100348311298997e-06
Other,18-29,Black / African American,Master's degree / Professional degree,"$56,000 to $99,999",Other,2.4492603316808894e-07
Other,18-29,Black / African American,Master's degree / Professional degree,"$56,000 to $99,999",Republican,5.3586359299599e-07
Other,18-29,Black / African American,Master's degree / Professional degree,"Less than $30,000",Democrat,1.3539908500571554e-06
Other,18-29,Black / African American,Master's degree / Professional degree,"Less than $30,000",Independent,2.679907990063251e-06
Other,18-29,Black / African American,Master's degree / Professional degree,"Less than $30,000",Other,2.2501205333770583e-07
Other,18-29,Black / African American,Master's degree / Professional degree,"Less than $30,000",Republican,3.4329450612797486e-07
Other,18-29,Black / African American,Some college or Associate's degree,"$100,000 to $167,999",Democrat,1.4326783675238894e-05
Other,18-29,Black / African American,Some college or Associate's degree,"$100,000 to $167,999",Independent,1.8951705424513784e-05
Other,18-29,Black / African American,Some college or Associate's degree,"$100,000 to $167,999",Other,2.2834987772283626e-06
Other,18-29,Black / African American,Some college or Associate's degree,"$100,000 to $167,999",Republican,2.550632044356934e-06
Other,18-29,Black / African American,Some college or Associate's degree,"$168,000 or more",Democrat,4.190237593920326e-06
Other,18-29,Black / African American,Some college or Associate's degree,"$168,000 or more",Independent,5.542919991174611e-06
Other,18-29,Black / African American,Some college or Associate's degree,"$168,000 or more",Other,6.659380354084944e-07
Other,18-29,Black / African American,Some college or Associate's degree,"$168,000 or more",Republican,7.439355422595757e-07
Other,18-29,Black / African American,Some college or Associate's degree,"$30,000 to $55,999",Democrat,2.1139825650328257e-05
Other,18-29,Black / African American,Some college or Associate's degree,"$30,000 to $55,999",Independent,6.263934348872636e-05
Other,18-29,Black / African American,Some college or Associate's degree,"$30,000 to $55,999",Other,5.8581413444358306e-06
Other,18-29,Black / African American,Some college or Associate's degree,"$30,000 to $55,999",Republican,1.8366070746122265e-05
Other,18-29,Black / African American,Some college or Associate's degree,"$56,000 to $99,999",Democrat,3.143976141151197e-05
Other,18-29,Black / African American,Some college or Associate's degree,"$56,000 to $99,999",Independent,4.278124233053081e-05
Other,18-29,Black / African American,Some college or Associate's degree,"$56,000 to $99,999",Other,1.2890675001087025e-05
Other,18-29,Black / African American,Some college or Associate's degree,"$56,000 to $99,999",Republican,3.533478401612066e-06
Other,18-29,Black / African American,Some college or Associate's degree,"Less than $30,000",Democrat,6.191460927498472e-05
Other,18-29,Black / African American,Some college or Associate's degree,"Less than $30,000",Independent,7.093190372819948e-05
Other,18-29,Black / African American,Some college or Associate's degree,"Less than $30,000",Other,4.167904803537529e-06
Other,18-29,Black / African American,Some college or Associate's degree,"Less than $30,000",Republican,3.4006960648066185e-06
Other,18-29,Hispanic / Latino,Bachelor's degree,"$100,000 to $167,999",Democrat,1.857092005388421e-05
Other,18-29,Hispanic / Latino,Bachelor's degree,"$100,000 to $167,999",Independent,1.1725751952707883e-05
Other,18-29,Hispanic / Latino,Bachelor's degree,"$100,000 to $167,999",Other,3.2053379104478082e-06
Other,18-29,Hispanic / Latino,Bachelor's degree,"$100,000 to $167,999",Republican,6.2894746603447785e-06
Other,18-29,Hispanic / Latino,Bachelor's degree,"$168,000 or more",Democrat,7.531834765826597e-06
Other,18-29,Hispanic / Latino,Bachelor's degree,"$168,000 or more",Independent,4.805025067147151e-06
Other,18-29,Hispanic / Latino,Bachelor's degree,"$168,000 or more",Other,1.351325040888076e-06
Other,18-29,Hispanic / Latino,Bachelor's degree,"$168,000 or more",Republican,2.605129508420126e-06
Other,18-29,Hispanic / Latino,Bachelor's degree,"$30,000 to $55,999",Democrat,1.9273021195277846e-05
Other,18-29,Hispanic / Latino,Bachelor's degree,"$30,000 to $55,999",Independent,1.073356820180846e-05
Other,18-29,Hispanic / Latino,Bachelor's degree,"$30,000 to $55,999",Other,7.907763689899874e-07
Other,18-29,Hispanic / Latino,Bachelor's degree,"$30,000 to $55,999",Republican,1.2981868353737748e-05
Other,18-29,Hispanic / Latino,Bachelor's degree,"$56,000 to $99,999",Democrat,2.7910991685242024e-05
Other,18-29,Hispanic / Latino,Bachelor's degree,"$56,000 to $99,999",Independent,1.588631215108329e-05
Other,18-29,Hispanic / Latino,Bachelor's degree,"$56,000 to $99,999",Other,1.481048647014443e-05
Other,18-29,Hispanic / Latino,Bachelor's degree,"$56,000 to $99,999",Republican,3.4831933799839577e-06
Other,18-29,Hispanic / Latino,Bachelor's degree,"Less than $30,000",Democrat,1.6323380886200742e-05
Other,18-29,Hispanic / Latino,Bachelor's degree,"Less than $30,000",Independent,1.0645112588367744e-05
Other,18-29,Hispanic / Latino,Bachelor's degree,"Less than $30,000",Other,2.279364404123843e-06
Other,18-29,Hispanic / Latino,Bachelor's degree,"Less than $30,000",Republican,5.320139123734693e-06
Other,18-29,Hispanic / Latino,Doctorate degree / Ph.D.,"$100,000 to $167,999",Democrat,9.495494096050982e-08
Other,18-29,Hispanic / Latino,Doctorate degree / Ph.D.,"$100,000 to $167,999",Independent,1.604954193229436e-07
Other,18-29,Hispanic / Latino,Doctorate degree / Ph.D.,"$100,000 to $167,999",Other,1.6778262697630097e-08
Other,18-29,Hispanic / Latino,Doctorate degree / Ph.D.,"$100,000 to $167,999",Republican,4.889510143489917e-08
Other,18-29,Hispanic / Latino,Doctorate degree / Ph.D.,"$168,000 or more",Democrat,4.168446370307126e-08
Other,18-29,Hispanic / Latino,Doctorate degree / Ph.D.,"$168,000 or more",Independent,7.045621232136603e-08
Other,18-29,Hispanic / Latino,Doctorate degree / Ph.D.,"$168,000 or more",Other,7.365523851052908e-09
Other,18-29,Hispanic / Latino,Doctorate degree / Ph.D.,"$168,000 or more",Republican,2.146456056319052e-08
Other,18-29,Hispanic / Latino,Doctorate degree / Ph.D.,"$30,000 to $55,999",Democrat,1.9066124983931065e-07
Other,18-29,Hispanic / Latino,Doctorate degree / Ph.D.,"$30,000 to $55,999",Independent,3.222608211016931e-07
Other,18-29,Hispanic / Latino,Doctorate degree / Ph.D.,"$30,000 to $55,999",Other,3.368928992744918e-08
Other,18-29,Hispanic / Latino,Doctorate degree / Ph.D.,"$30,000 to $55,999",Republican,9.817710438548725e-08
Other,18-29,Hispanic / Latino,Doctorate degree / Ph.D.,"$56,000 to $99,999",Democrat,1.6464051554183873e-07
Other,18-29,Hispanic / Latino,Doctorate degree / Ph.D.,"$56,000 to $99,999",Independent,2.7827986950592047e-07
Other,18-29,Hispanic / Latino,Doctorate degree / Ph.D.,"$56,000 to $99,999",Other,2.9091501637424516e-08
Other,18-29,Hispanic / Latino,Doctorate degree / Ph.D.,"$56,000 to $99,999",Republican,8.477826036520014e-08
Other,18-29,Hispanic / Latino,Doctorate degree / Ph.D.,"Less than $30,000",Democrat,1.1293799982024909e-07
Other,18-29,Hispanic / Latino,Doctorate degree / Ph.D.,"Less than $30,000",Independent,1.9089087366379127e-07
Other,18-29,Hispanic / Latino,Doctorate degree / Ph.D.,"Less than $30,000",Other,1.9955817047130777e-08
Other,18-29,Hispanic / Latino,Doctorate degree / Ph.D.,"Less than $30,000",Republican,5.8155109162379054e-08
Other,18-29,Hispanic / Latino,High school diploma / GED,"$100,000 to $167,999",Democrat,9.449800325591856e-06
Other,18-29,Hispanic / Latino,High school diploma / GED,"$100,000 to $167,999",Independent,2.4376113583526074e-05
Other,18-29,Hispanic / Latino,High school diploma / GED,"$100,000 to $167,999",Other,1.1868610997697122e-06
Other,18-29,Hispanic / Latino,High school diploma / GED,"$100,000 to $167,999",Republican,8.597626815833393e-06
Other,18-29,Hispanic / Latino,High school diploma / GED,"$168,000 or more",Democrat,2.5521810787715535e-06
Other,18-29,Hispanic / Latino,High school diploma / GED,"$168,000 or more",Independent,6.566628739328122e-06
Other,18-29,Hispanic / Latino,High school diploma / GED,"$168,000 or more",Other,3.2990584976170703e-07
Other,18-29,Hispanic / Latino,High school diploma / GED,"$168,000 or more",Republican,2.3189564032649185e-06
Other,18-29,Hispanic / Latino,High school diploma / GED,"$30,000 to $55,999",Democrat,2.154017054362277e-05
Other,18-29,Hispanic / Latino,High school diploma / GED,"$30,000 to $55,999",Independent,4.492544967288415e-05
Other,18-29,Hispanic / Latino,High school diploma / GED,"$30,000 to $55,999",Other,1.5141036689973633e-06
Other,18-29,Hispanic / Latino,High school diploma / GED,"$30,000 to $55,999",Republican,2.9269677315859896e-05
Other,18-29,Hispanic / Latino,High school diploma / GED,"$56,000 to $99,999",Democrat,1.618510261062601e-05
Other,18-29,Hispanic / Latino,High school diploma / GED,"$56,000 to $99,999",Independent,6.34660226923861e-05
Other,18-29,Hispanic / Latino,High school diploma / GED,"$56,000 to $99,999",Other,6.311021818752247e-06
Other,18-29,Hispanic / Latino,High school diploma / GED,"$56,000 to $99,999",Republican,1.1817911722967445e-05
Other,18-29,Hispanic / Latino,High school diploma / GED,"Less than $30,000",Democrat,1.4830573296979739e-05
Other,18-29,Hispanic / Latino,High school diploma / GED,"Less than $30,000",Independent,5.0180462965263494e-05
Other,18-29,Hispanic / Latino,High school diploma / GED,"Less than $30,000",Other,3.1890926071744728e-06
Other,18-29,Hispanic / Latino,High school diploma / GED,"Less than $30,000",Republican,2.2817594318490873e-05
Other,18-29,Hispanic / Latino,Less than high school,"$100,000 to $167,999",Democrat,1.1666699331348153e-06
Other,18-29,Hispanic / Latino,Less than high school,"$100,000 to $167,999",Independent,1.077384460935461e-05
Other,18-29,Hispanic / Latino,Less than high school,"$100,000 to $167,999",Other,6.817796926839219e-07
Other,18-29,Hispanic / Latino,Less than high school,"$100,000 to $167,999",Republican,2.566232055666404e-06
Other,18-29,Hispanic / Latino,Less than high school,"$168,000 or more",Democrat,3.0220205448222907e-07
Other,18-29,Hispanic / Latino,Less than high school,"$168,000 or more",Independent,2.8999612817799312e-06
Other,18-29,Hispanic / Latino,Less than high school,"$168,000 or more",Other,1.6269790298325901e-07
Other,18-29,Hispanic / Latino,Less than high school,"$168,000 or more",Republican,7.629659903297249e-07
Other,18-29,Hispanic / Latino,Less than high school,"$30,000 to $55,999",Democrat,3.7922674438674548e-06
Other,18-29,Hispanic / Latino,Less than high school,"$30,000 to $55,999",Independent,3.636235997710832e-05
Other,18-29,Hispanic / Latino,Less than high school,"$30,000 to $55,999",Other,2.0453036264445195e-06
Other,18-29,Hispanic / Latino,Less than high school,"$30,000 to $55,999",Republican,9.54855115650127e-06
Other,18-29,Hispanic / Latino,Less than high school,"$56,000 to $99,999",Democrat,2.952363500214386e-06
Other,18-29,Hispanic / Latino,Less than high school,"$56,000 to $99,999",Independent,2.762907309901043e-05
Other,18-29,Hispanic / Latino,Less than high school,"$56,000 to $99,999",Other,1.6788549739121615e-06
Other,18-29,Hispanic / Latino,Less than high school,"$56,000 to $99,999",Republican,6.822283395024785e-06
Other,18-29,Hispanic / Latino,Less than high school,"Less than $30,000",Democrat,1.7302732024639385e-06
Other,18-29,Hispanic / Latino,Less than high school,"Less than $30,000",Independent,4.849252393502705e-05
Other,18-29,Hispanic / Latino,Less than high school,"Less than $30,000",Republican,1.3752331605004916e-05
Other,18-29,Hispanic / Latino,Master's degree / Professional degree,"$100,000 to $167,999",Democrat,4.6180982866928905e-06
Other,18-29,Hispanic / Latino,Master's degree / Professional degree,"$100,000 to $167,999",Independent,1.531035292710288e-06
Other,18-29,Hispanic / Latino,Master's degree / Professional degree,"$100,000 to $167,999",Other,4.5533501013050315e-08
Other,18-29,Hispanic / Latino,Master's degree / Professional degree,"$100,000 to $167,999",Republican,1.4567025402182512e-06
Other,18-29,Hispanic / Latino,Master's degree / Professional degree,"$168,000 or more",Democrat,1.814461068468812e-06
Other,18-29,Hispanic / Latino,Master's degree / Professional degree,"$168,000 or more",Independent,6.136705644223256e-07
Other,18-29,Hispanic / Latino,Master's degree / Professional degree,"$168,000 or more",Other,2.0468900320676202e-08
Other,18-29,Hispanic / Latino,Master's degree / Professional degree,"$168,000 or more",Republican,5.885985303882273e-07
Other,18-29,Hispanic / Latino,Master's degree / Professional degree,"$30,000 to $55,999",Democrat,3.303946344006559e-06
Other,18-29,Hispanic / Latino,Master's degree / Professional degree,"$30,000 to $55,999",Independent,1.1062336204651861e-06
Other,18-29,Hispanic / Latino,Master's degree / Professional degree,"$30,000 to $55,999",Other,3.489008593508229e-08
Other,18-29,Hispanic / Latino,Master's degree / Professional degree,"$30,000 to $55,999",Republican,1.0567623712663952e-06
Other,18-29,Hispanic / Latino,Master's degree / Professional degree,"$56,000 to $99,999",Democrat,5.256087590059025e-06
Other,18-29,Hispanic / Latino,Master's degree / Professional degree,"$56,000 to $99,999",Independent,1.734551731842572e-06
Other,18-29,Hispanic / Latino,Master's degree / Professional degree,"$56,000 to $99,999",Other,5.0123219531450837e-08
Other,18-29,Hispanic / Latino,Master's degree / Professional degree,"$56,000 to $99,999",Republican,1.6472237721041583e-06
Other,18-29,Hispanic / Latino,Master's degree / Professional degree,"Less than $30,000",Democrat,3.443564427005488e-06
Other,18-29,Hispanic / Latino,Master's degree / Professional degree,"Less than $30,000",Independent,1.1606057949135286e-06
Other,18-29,Hispanic / Latino,Master's degree / Professional degree,"Less than $30,000",Other,3.798632883563434e-08
Other,18-29,Hispanic / Latino,Master's degree / Professional degree,"Less than $30,000",Republican,1.111643726090681e-06
Other,18-29,Hispanic / Latino,Some college or Associate's degree,"$100,000 to $167,999",Democrat,3.55582503289139e-05
Other,18-29,Hispanic / Latino,Some college or Associate's degree,"$100,000 to $167,999",Independent,2.807470437974947e-05
Other,18-29,Hispanic / Latino,Some college or Associate's degree,"$100,000 to $167,999",Other,1.2983911390651568e-06
Other,18-29,Hispanic / Latino,Some college or Associate's degree,"$100,000 to $167,999",Republican,2.195270424191318e-05
Other,18-29,Hispanic / Latino,Some college or Associate's degree,"$168,000 or more",Democrat,9.759282325652964e-06
Other,18-29,Hispanic / Latino,Some college or Associate's degree,"$168,000 or more",Independent,1.0364271205083913e-05
Other,18-29,Hispanic / Latino,Some college or Associate's degree,"$168,000 or more",Other,6.315764386108043e-07
Other,18-29,Hispanic / Latino,Some college or Associate's degree,"$168,000 or more",Republican,5.1917939054618e-06
Other,18-29,Hispanic / Latino,Some college or Associate's degree,"$30,000 to $55,999",Democrat,5.885559980627457e-05
Other,18-29,Hispanic / Latino,Some college or Associate's degree,"$30,000 to $55,999",Independent,7.649795580890065e-05
Other,18-29,Hispanic / Latino,Some college or Associate's degree,"$30,000 to $55,999",Other,4.725200280243921e-06
Other,18-29,Hispanic / Latino,Some college or Associate's degree,"$30,000 to $55,999",Republican,1.81323334012097e-05
Other,18-29,Hispanic / Latino,Some college or Associate's degree,"$56,000 to $99,999",Democrat,8.087310509690643e-05
Other,18-29,Hispanic / Latino,Some college or Associate's degree,"$56,000 to $99,999",Independent,5.532386217688473e-05
Other,18-29,Hispanic / Latino,Some college or Associate's degree,"$56,000 to $99,999",Other,2.248115576353528e-07
Other,18-29,Hispanic / Latino,Some college or Associate's degree,"$56,000 to $99,999",Republican,4.055324005683938e-05
Other,18-29,Hispanic / Latino,Some college or Associate's degree,"Less than $30,000",Democrat,4.9692670784639834e-05
Other,18-29,Hispanic / Latino,Some college or Associate's degree,"Less than $30,000",Independent,6.269703263192493e-05
Other,18-29,Hispanic / Latino,Some college or Associate's degree,"Less than $30,000",Other,7.006596194139517e-06
Other,18-29,Hispanic / Latino,Some college or Associate's degree,"Less than $30,000",Republican,3.536553990694073e-05
Other,18-29,Other,Bachelor's degree,"$100,000 to $167,999",Democrat,3.9800729397103765e-06
Other,18-29,Other,Bachelor's degree,"$100,000 to $167,999",Independent,4.442298997697106e-06
Other,18-29,Other,Bachelor's degree,"$100,000 to $167,999",Other,1.5458445378964427e-06
Other,18-29,Other,Bachelor's degree,"$100,000 to $167,999",Republican,1.3078990728377027e-06
Other,18-29,Other,Bachelor's degree,"$168,000 or more",Democrat,2.0627877614879815e-06
Other,18-29,Other,Bachelor's degree,"$168,000 or more",Independent,2.420579377118829e-06
Other,18-29,Other,Bachelor's degree,"$168,000 or more",Other,8.763794926507317e-07
Other,18-29,Other,Bachelor's degree,"$168,000 or more",Republican,6.53322426956898e-07
Other,18-29,Other,Bachelor's degree,"$30,000 to $55,999",Democrat,4.546734975779119e-06
Other,18-29,Other,Bachelor's degree,"$30,000 to $55,999",Independent,4.794141653610933e-06
Other,18-29,Other,Bachelor's degree,"$30,000 to $55,999",Other,1.5874376334978397e-06
Other,18-29,Other,Bachelor's degree,"$30,000 to $55,999",Republican,1.5523447080840773e-06
Other,18-29,Other,Bachelor's degree,"$56,000 to $99,999",Democrat,3.148568786309352e-06
Other,18-29,Other,Bachelor's degree,"$56,000 to $99,999",Independent,6.448139924874136e-06
Other,18-29,Other,Bachelor's degree,"$56,000 to $99,999",Other,2.375417051345261e-06
Other,18-29,Other,Bachelor's degree,"$56,000 to $99,999",Republican,3.2238971936643686e-06
Other,18-29,Other,Bachelor's degree,"Less than $30,000",Democrat,3.990017718813195e-06
Other,18-29,Other,Bachelor's degree,"Less than $30,000",Independent,4.368784795123556e-06
Other,18-29,Other,Bachelor's degree,"Less than $30,000",Other,1.495887675086895e-06
Other,18-29,Other,Bachelor's degree,"Less than $30,000",Republican,1.3287254357334328e-06
Other,18-29,Other,Doctorate degree / Ph.D.,"$100,000 to $167,999",Democrat,9.447339056197961e-08
Other,18-29,Other,Doctorate degree / Ph.D.,"$100,000 to $167,999",Independent,1.170875608093694e-07
Other,18-29,Other,Doctorate degree / Ph.D.,"$100,000 to $167,999",Other,3.361180730166961e-08
Other,18-29,Other,Doctorate degree / Ph.D.,"$100,000 to $167,999",Republican,4.3677734529863184e-08
Other,18-29,Other,Doctorate degree / Ph.D.,"$168,000 or more",Democrat,3.350262973228957e-08
Other,18-29,Other,Doctorate degree / Ph.D.,"$168,000 or more",Independent,4.152218071902179e-08
Other,18-29,Other,Doctorate degree / Ph.D.,"$168,000 or more",Other,1.1919588446676247e-08
Other,18-29,Other,Doctorate degree / Ph.D.,"$168,000 or more",Republican,1.5489218273998857e-08
Other,18-29,Other,Doctorate degree / Ph.D.,"$30,000 to $55,999",Democrat,7.173253387074591e-08
Other,18-29,Other,Doctorate degree / Ph.D.,"$30,000 to $55,999",Independent,8.890320725909522e-08
Other,18-29,Other,Doctorate degree / Ph.D.,"$30,000 to $55,999",Other,2.5521049804412582e-08
Other,18-29,Other,Doctorate degree / Ph.D.,"$30,000 to $55,999",Republican,3.316398991211578e-08
Other,18-29,Other,Doctorate degree / Ph.D.,"$56,000 to $99,999",Democrat,1.050564006887416e-07
Other,18-29,Other,Doctorate degree / Ph.D.,"$56,000 to $99,999",Independent,1.30203834443589e-07
Other,18-29,Other,Doctorate degree / Ph.D.,"$56,000 to $99,999",Other,3.737703785956912e-08
Other,18-29,Other,Doctorate degree / Ph.D.,"$56,000 to $99,999",Republican,4.857056100823873e-08
Other,18-29,Other,Doctorate degree / Ph.D.,"Less than $30,000",Democrat,4.7708150803867e-08
Other,18-29,Other,Doctorate degree / Ph.D.,"Less than $30,000",Independent,5.9128088609094696e-08
Other,18-29,Other,Doctorate degree / Ph.D.,"Less than $30,000",Other,1.6973638418180306e-08
Other,18-29,Other,Doctorate degree / Ph.D.,"Less than $30,000",Republican,2.205683455760917e-08
Other,18-29,Other,High school diploma / GED,"$100,000 to $167,999",Democrat,1.4496669596123146e-06
Other,18-29,Other,High school diploma / GED,"$100,000 to $167,999",Independent,4.076886505186178e-06
Other,18-29,Other,High school diploma / GED,"$100,000 to $167,999",Other,1.4422114446546856e-08
Other,18-29,Other,High school diploma / GED,"$100,000 to $167,999",Republican,1.2827484543383569e-06
Other,18-29,Other,High school diploma / GED,"$168,000 or more",Democrat,5.773582768520401e-07
Other,18-29,Other,High school diploma / GED,"$168,000 or more",Independent,1.6184378723475565e-06
Other,18-29,Other,High school diploma / GED,"$168,000 or more",Other,5.607807809645542e-09
Other,18-29,Other,High school diploma / GED,"$168,000 or more",Republican,5.02879935800064e-07
Other,18-29,Other,High school diploma / GED,"$30,000 to $55,999",Democrat,4.230413410199759e-06
Other,18-29,Other,High school diploma / GED,"$30,000 to $55,999",Independent,8.048670197984891e-06
Other,18-29,Other,High school diploma / GED,"$30,000 to $55,999",Republican,3.0512541482049964e-06
Other,18-29,Other,High school diploma / GED,"$56,000 to $99,999",Democrat,2.8032934122420055e-06
Other,18-29,Other,High school diploma / GED,"$56,000 to $99,999",Independent,7.478747397413882e-06
Other,18-29,Other,High school diploma / GED,"$56,000 to $99,999",Republican,4.196639763243326e-06
Other,18-29,Other,High school diploma / GED,"Less than $30,000",Democrat,1.2542271799573317e-06
Other,18-29,Other,High school diploma / GED,"Less than $30,000",Independent,1.4689350462837705e-05
Other,18-29,Other,High school diploma / GED,"Less than $30,000",Republican,2.7850701082855564e-07
Other,18-29,Other,Less than high school,"$100,000 to $167,999",Democrat,1.8147098563363448e-07
Other,18-29,Other,Less than high school,"$100,000 to $167,999",Independent,1.54669999259109e-06
Other,18-29,Other,Less than high school,"$100,000 to $167,999",Other,2.1844037525256302e-07
Other,18-29,Other,Less than high school,"$100,000 to $167,999",Republican,1.6335393900447613e-07
Other,18-29,Other,Less than high school,"$168,000 or more",Democrat,6.834612673709928e-08
Other,18-29,Other,Less than high school,"$168,000 or more",Independent,5.780559136997044e-07
Other,18-29,Other,Less than high school,"$168,000 or more",Other,8.303797637234357e-08
Other,18-29,Other,Less than high school,"$168,000 or more",Republican,5.87675483968894e-08
Other,18-29,Other,Less than high school,"$30,000 to $55,999",Democrat,4.931079312081453e-07
Other,18-29,Other,Less than high school,"$30,000 to $55,999",Independent,4.4376673854450045e-06
Other,18-29,Other,Less than high school,"$30,000 to $55,999",Other,5.53167537677126e-07
Other,18-29,Other,Less than high school,"$30,000 to $55,999",Republican,5.887437600787053e-07
Other,18-29,Other,Less than high school,"$56,000 to $99,999",Democrat,4.218311633075209e-07
Other,18-29,Other,Less than high school,"$56,000 to $99,999",Independent,3.854626747845275e-06
Other,18-29,Other,Less than high school,"$56,000 to $99,999",Other,4.6316274601350836e-07
Other,18-29,Other,Less than high school,"$56,000 to $99,999",Republican,5.396711260149155e-07
Other,18-29,Other,Less than high school,"Less than $30,000",Democrat,6.735128753007057e-07
Other,18-29,Other,Less than high school,"Less than $30,000",Independent,6.200241819505786e-06
Other,18-29,Other,Less than high school,"Less than $30,000",Other,7.316285721003121e-07
Other,18-29,Other,Less than high school,"Less than $30,000",Republican,8.899047914718188e-07
Other,18-29,Other,Master's degree / Professional degree,"$100,000 to $167,999",Democrat,9.271415634851667e-07
Other,18-29,Other,Master's degree / Professional degree,"$100,000 to $167,999",Independent,1.137706576726091e-06
Other,18-29,Other,Master's degree / Professional degree,"$100,000 to $167,999",Other,3.348767070301161e-07
Other,18-29,Other,Master's degree / Professional degree,"$100,000 to $167,999",Republican,5.374549885584229e-07
Other,18-29,Other,Master's degree / Professional degree,"$168,000 or more",Democrat,3.969318202178523e-07
Other,18-29,Other,Master's degree / Professional degree,"$168,000 or more",Independent,4.870798162431146e-07
Other,18-29,Other,Master's degree / Professional degree,"$168,000 or more",Other,1.433688512144361e-07
Other,18-29,Other,Master's degree / Professional degree,"$168,000 or more",Republican,2.3009753342491876e-07
Other,18-29,Other,Master's degree / Professional degree,"$30,000 to $55,999",Democrat,7.186428149503897e-07
Other,18-29,Other,Master's degree / Professional degree,"$30,000 to $55,999",Independent,8.818552517617654e-07
Other,18-29,Other,Master's degree / Professional degree,"$30,000 to $55,999",Other,2.5956849404615216e-07
Other,18-29,Other,Master's degree / Professional degree,"$30,000 to $55,999",Republican,4.1659028253988257e-07
Other,18-29,Other,Master's degree / Professional degree,"$56,000 to $99,999",Democrat,1.2017179307347425e-06
Other,18-29,Other,Master's degree / Professional degree,"$56,000 to $99,999",Independent,1.4746425432888714e-06
Other,18-29,Other,Master's degree / Professional degree,"$56,000 to $99,999",Other,4.3405166942441223e-07
Other,18-29,Other,Master's degree / Professional degree,"$56,000 to $99,999",Republican,6.966242504387794e-07
Other,18-29,Other,Master's degree / Professional degree,"Less than $30,000",Democrat,7.174999711324606e-07
Other,18-29,Other,Master's degree / Professional degree,"Less than $30,000",Independent,8.804528543512335e-07
Other,18-29,Other,Master's degree / Professional degree,"Less than $30,000",Other,2.591557072728368e-07
Other,18-29,Other,Master's degree / Professional degree,"Less than $30,000",Republican,4.159277870426687e-07
Other,18-29,Other,Some college or Associate's degree,"$100,000 to $167,999",Democrat,3.723734842851076e-06
Other,18-29,Other,Some college or Associate's degree,"$100,000 to $167,999",Independent,8.40355576009014e-06
Other,18-29,Other,Some college or Associate's degree,"$100,000 to $167,999",Other,7.814823707546055e-07
Other,18-29,Other,Some college or Associate's degree,"$100,000 to $167,999",Republican,2.2079454333289626e-06
Other,18-29,Other,Some college or Associate's degree,"$168,000 or more",Democrat,1.5519544482285308e-06
Other,18-29,Other,Some college or Associate's degree,"$168,000 or more",Independent,3.4805907716620967e-06
Other,18-29,Other,Some college or Associate's degree,"$168,000 or more",Other,3.101207478687535e-07
Other,18-29,Other,Some college or Associate's degree,"$168,000 or more",Republican,9.374679431454526e-07
Other,18-29,Other,Some college or Associate's degree,"$30,000 to $55,999",Democrat,7.95146025885316e-06
Other,18-29,Other,Some college or Associate's degree,"$30,000 to $55,999",Independent,1.751282204861345e-05
Other,18-29,Other,Some college or Associate's degree,"$30,000 to $55,999",Other,2.410814918077345e-07
Other,18-29,Other,Some college or Associate's degree,"$30,000 to $55,999",Republican,4.0871591043390685e-06
Other,18-29,Other,Some college or Associate's degree,"$56,000 to $99,999",Democrat,7.117356497723323e-06
Other,18-29,Other,Some college or Associate's degree,"$56,000 to $99,999",Independent,1.5865626344573613e-05
Other,18-29,Other,Some college or Associate's degree,"$56,000 to $99,999",Other,1.3531789826434672e-06
Other,18-29,Other,Some college or Associate's degree,"$56,000 to $99,999",Republican,4.3757572792378064e-06
Other,18-29,Other,Some college or Associate's degree,"Less than $30,000",Democrat,8.470569068329489e-06
Other,18-29,Other,Some college or Associate's degree,"Less than $30,000",Independent,2.041261623243526e-05
Other,18-29,Other,Some college or Associate's degree,"Less than $30,000",Other,1.4854892915658394e-06
Other,18-29,Other,Some college or Associate's degree,"Less than $30,000",Republican,4.375674361556564e-06
Other,18-29,White / Caucasian,Bachelor's degree,"$100,000 to $167,999",Democrat,8.910788781264057e-05
Other,18-29,White / Caucasian,Bachelor's degree,"$100,000 to $167,999",Independent,6.308727076869772e-05
Other,18-29,White / Caucasian,Bachelor's degree,"$100,000 to $167,999",Other,5.864410277670439e-06
Other,18-29,White / Caucasian,Bachelor's degree,"$100,000 to $167,999",Republican,5.358972507747821e-05
Other,18-29,White / Caucasian,Bachelor's degree,"$168,000 or more",Democrat,5.245334897606052e-05
Other,18-29,White / Caucasian,Bachelor's degree,"$168,000 or more",Independent,2.5663760580789062e-05
Other,18-29,White / Caucasian,Bachelor's degree,"$168,000 or more",Other,1.3349651078775194e-06
Other,18-29,White / Caucasian,Bachelor's degree,"$168,000 or more",Republican,2.6499506274580447e-05
Other,18-29,White / Caucasian,Bachelor's degree,"$30,000 to $55,999",Democrat,8.040002876510224e-05
Other,18-29,White / Caucasian,Bachelor's degree,"$30,000 to $55,999",Independent,6.085201415433235e-05
Other,18-29,White / Caucasian,Bachelor's degree,"$30,000 to $55,999",Other,9.735276172371433e-06
Other,18-29,White / Caucasian,Bachelor's degree,"$30,000 to $55,999",Republican,3.661852017961616e-05
Other,18-29,White / Caucasian,Bachelor's degree,"$56,000 to $99,999",Democrat,0.00011285403534936525
Other,18-29,White / Caucasian,Bachelor's degree,"$56,000 to $99,999",Independent,6.313217909924815e-05
Other,18-29,White / Caucasian,Bachelor's degree,"$56,000 to $99,999",Other,8.926977573838264e-06
Other,18-29,White / Caucasian,Bachelor's degree,"$56,000 to $99,999",Republican,0.00010478719002941024
Other,18-29,White / Caucasian,Bachelor's degree,"Less than $30,000",Democrat,5.319710095674761e-05
Other,18-29,White / Caucasian,Bachelor's degree,"Less than $30,000",Independent,5.850309007681299e-05
Other,18-29,White / Caucasian,Bachelor's degree,"Less than $30,000",Other,1.7883174793762036e-05
Other,18-29,White / Caucasian,Bachelor's degree,"Less than $30,000",Republican,2.3832709881190016e-05
Other,18-29,White / Caucasian,Doctorate degree / Ph.D.,"$100,000 to $167,999",Democrat,9.249386696599261e-07
Other,18-29,White / Caucasian,Doctorate degree / Ph.D.,"$100,000 to $167,999",Independent,2.44454142983709e-06
Other,18-29,White / Caucasian,Doctorate degree / Ph.D.,"$100,000 to $167,999",Other,1.8156976021153277e-07
Other,18-29,White / Caucasian,Doctorate degree / Ph.D.,"$100,000 to $167,999",Republican,4.1016414301244853e-07
Other,18-29,White / Caucasian,Doctorate degree / Ph.D.,"$168,000 or more",Democrat,4.959357437004789e-07
Other,18-29,White / Caucasian,Doctorate degree / Ph.D.,"$168,000 or more",Independent,1.2946143308775996e-06
Other,18-29,White / Caucasian,Doctorate degree / Ph.D.,"$168,000 or more",Other,9.672993702028679e-08
Other,18-29,White / Caucasian,Doctorate degree / Ph.D.,"$168,000 or more",Republican,2.1676800242373051e-07
Other,18-29,White / Caucasian,Doctorate degree / Ph.D.,"$30,000 to $55,999",Democrat,4.911057714765469e-07
Other,18-29,White / Caucasian,Doctorate degree / Ph.D.,"$30,000 to $55,999",Independent,1.2354065053546561e-06
Other,18-29,White / Caucasian,Doctorate degree / Ph.D.,"$30,000 to $55,999",Other,9.398079735873394e-08
Other,18-29,White / Caucasian,Doctorate degree / Ph.D.,"$30,000 to $55,999",Republican,2.0552896981365173e-07
Other,18-29,White / Caucasian,Doctorate degree / Ph.D.,"$56,000 to $99,999",Democrat,1.0270690759415409e-06
Other,18-29,White / Caucasian,Doctorate degree / Ph.D.,"$56,000 to $99,999",Independent,2.706540121088148e-06
Other,18-29,White / Caucasian,Doctorate degree / Ph.D.,"$56,000 to $99,999",Other,2.0131114632758806e-07
Other,18-29,White / Caucasian,Doctorate degree / Ph.D.,"$56,000 to $99,999",Republican,4.539017113661793e-07
Other,18-29,White / Caucasian,Doctorate degree / Ph.D.,"Less than $30,000",Democrat,5.916696693083147e-07
Other,18-29,White / Caucasian,Doctorate degree / Ph.D.,"Less than $30,000",Independent,1.41716729539676e-06
Other,18-29,White / Caucasian,Doctorate degree / Ph.D.,"Less than $30,000",Other,1.1046368160243757e-07
Other,18-29,White / Caucasian,Doctorate degree / Ph.D.,"Less than $30,000",Republican,2.3366583140122973e-07
Other,18-29,White / Caucasian,High school diploma / GED,"$100,000 to $167,999",Democrat,3.138113774015071e-05
Other,18-29,White / Caucasian,High school diploma / GED,"$100,000 to $167,999",Independent,2.4304116859134216e-05
Other,18-29,White / Caucasian,High school diploma / GED,"$100,000 to $167,999",Other,7.859041738872418e-06
Other,18-29,White / Caucasian,High school diploma / GED,"$100,000 to $167,999",Republican,2.9697374964212932e-05
Other,18-29,White / Caucasian,High school diploma / GED,"$168,000 or more",Democrat,6.759848031155122e-06
Other,18-29,White / Caucasian,High school diploma / GED,"$168,000 or more",Independent,1.5003891371154983e-05
Other,18-29,White / Caucasian,High school diploma / GED,"$168,000 or more",Other,1.684870175260573e-06
Other,18-29,White / Caucasian,High school diploma / GED,"$168,000 or more",Republican,1.0395122129516252e-05
Other,18-29,White / Caucasian,High school diploma / GED,"$30,000 to $55,999",Democrat,1.9358103044824867e-05
Other,18-29,White / Caucasian,High school diploma / GED,"$30,000 to $55,999",Independent,8.399602218498182e-05
Other,18-29,White / Caucasian,High school diploma / GED,"$30,000 to $55,999",Other,2.874592964417665e-06
Other,18-29,White / Caucasian,High school diploma / GED,"$30,000 to $55,999",Republican,5.1495413372490244e-05
Other,18-29,White / Caucasian,High school diploma / GED,"$56,000 to $99,999",Democrat,4.116010087006985e-05
Other,18-29,White / Caucasian,High school diploma / GED,"$56,000 to $99,999",Independent,6.571061667160704e-05
Other,18-29,White / Caucasian,High school diploma / GED,"$56,000 to $99,999",Other,5.559735479430523e-06
Other,18-29,White / Caucasian,High school diploma / GED,"$56,000 to $99,999",Republican,5.5703679763444954e-05
Other,18-29,White / Caucasian,High school diploma / GED,"Less than $30,000",Democrat,2.2204384442898038e-05
Other,18-29,White / Caucasian,High school diploma / GED,"Less than $30,000",Independent,7.161583463757751e-05
Other,18-29,White / Caucasian,High school diploma / GED,"Less than $30,000",Other,1.002698156936155e-05
Other,18-29,White / Caucasian,High school diploma / GED,"Less than $30,000",Republican,4.4138548434397346e-05
Other,18-29,White / Caucasian,Less than high school,"$100,000 to $167,999",Democrat,5.264155208903521e-06
Other,18-29,White / Caucasian,Less than high school,"$100,000 to $167,999",Independent,9.659761304120626e-06
Other,18-29,White / Caucasian,Less than high school,"$100,000 to $167,999",Other,4.418335982905625e-07
Other,18-29,White / Caucasian,Less than high school,"$100,000 to $167,999",Republican,1.0766041244825111e-05
Other,18-29,White / Caucasian,Less than high school,"$168,000 or more",Democrat,2.3759252896708163e-06
Other,18-29,White / Caucasian,Less than high school,"$168,000 or more",Independent,4.4515166009232665e-06
Other,18-29,White / Caucasian,Less than high school,"$168,000 or more",Other,2.063233461739636e-07
Other,18-29,White / Caucasian,Less than high school,"$168,000 or more",Republican,4.786484398725198e-06
Other,18-29,White / Caucasian,Less than high school,"$30,000 to $55,999",Democrat,9.317256705016335e-06
Other,18-29,White / Caucasian,Less than high school,"$30,000 to $55,999",Independent,1.759379794854592e-05
Other,18-29,White / Caucasian,Less than high school,"$30,000 to $55,999",Other,8.194268745028608e-07
Other,18-29,White / Caucasian,Less than high school,"$30,000 to $55,999",Republican,1.8661702581980034e-05
Other,18-29,White / Caucasian,Less than high school,"$56,000 to $99,999",Democrat,9.06264125626548e-06
Other,18-29,White / Caucasian,Less than high school,"$56,000 to $99,999",Independent,1.6480819652800393e-05
Other,18-29,White / Caucasian,Less than high school,"$56,000 to $99,999",Other,7.494114749070241e-07
Other,18-29,White / Caucasian,Less than high school,"$56,000 to $99,999",Republican,1.8652802517299285e-05
Other,18-29,White / Caucasian,Less than high school,"Less than $30,000",Democrat,3.6686029367126634e-06
Other,18-29,White / Caucasian,Less than high school,"Less than $30,000",Independent,2.9726983643843084e-05
Other,18-29,White / Caucasian,Less than high school,"Less than $30,000",Other,1.2771720396572564e-06
Other,18-29,White / Caucasian,Less than high school,"Less than $30,000",Republican,2.3977659009593983e-05
Other,18-29,White / Caucasian,Master's degree / Professional degree,"$100,000 to $167,999",Democrat,2.5124929260871995e-05
Other,18-29,White / Caucasian,Master's degree / Professional degree,"$100,000 to $167,999",Independent,8.263070190003626e-06
Other,18-29,White / Caucasian,Master's degree / Professional degree,"$100,000 to $167,999",Other,3.888145488594747e-07
Other,18-29,White / Caucasian,Master's degree / Professional degree,"$100,000 to $167,999",Republican,1.3132096400007028e-05
Other,18-29,White / Caucasian,Master's degree / Professional degree,"$168,000 or more",Democrat,1.2031622727990793e-05
Other,18-29,White / Caucasian,Master's degree / Professional degree,"$168,000 or more",Independent,4.865630913044037e-06
Other,18-29,White / Caucasian,Master's degree / Professional degree,"$168,000 or more",Other,3.9356087977385263e-07
Other,18-29,White / Caucasian,Master's degree / Professional degree,"$168,000 or more",Republican,5.688424828487135e-06
Other,18-29,White / Caucasian,Master's degree / Professional degree,"$30,000 to $55,999",Democrat,1.9423143305131593e-05
Other,18-29,White / Caucasian,Master's degree / Professional degree,"$30,000 to $55,999",Independent,8.029132188345818e-06
Other,18-29,White / Caucasian,Master's degree / Professional degree,"$30,000 to $55,999",Other,6.426214959325607e-07
Other,18-29,White / Caucasian,Master's degree / Professional degree,"$30,000 to $55,999",Republican,9.358035899814858e-06
Other,18-29,White / Caucasian,Master's degree / Professional degree,"$56,000 to $99,999",Democrat,2.4369355968457388e-05
Other,18-29,White / Caucasian,Master's degree / Professional degree,"$56,000 to $99,999",Independent,1.6969468605806837e-05
Other,18-29,White / Caucasian,Master's degree / Professional degree,"$56,000 to $99,999",Other,1.4228277176784247e-06
Other,18-29,White / Caucasian,Master's degree / Professional degree,"$56,000 to $99,999",Republican,1.3248268816988427e-05
Other,18-29,White / Caucasian,Master's degree / Professional degree,"Less than $30,000",Democrat,1.3256483574770101e-05
Other,18-29,White / Caucasian,Master's degree / Professional degree,"Less than $30,000",Independent,5.391760260941219e-06
Other,18-29,White / Caucasian,Master's degree / Professional degree,"Less than $30,000",Other,4.3107063794384753e-07
Other,18-29,White / Caucasian,Master's degree / Professional degree,"Less than $30,000",Republican,6.316804811982955e-06
Other,18-29,White / Caucasian,Some college or Associate's degree,"$100,000 to $167,999",Democrat,6.615516696465967e-05
Other,18-29,White / Caucasian,Some college or Associate's degree,"$100,000 to $167,999",Independent,7.623003032377109e-05
Other,18-29,White / Caucasian,Some college or Associate's degree,"$100,000 to $167,999",Other,1.952224298430782e-06
Other,18-29,White / Caucasian,Some college or Associate's degree,"$100,000 to $167,999",Republican,5.4391713035308404e-05
Other,18-29,White / Caucasian,Some college or Associate's degree,"$168,000 or more",Democrat,3.178092156964749e-05
Other,18-29,White / Caucasian,Some college or Associate's degree,"$168,000 or more",Independent,2.112858906808118e-05
Other,18-29,White / Caucasian,Some college or Associate's degree,"$168,000 or more",Other,7.302374083818318e-07
Other,18-29,White / Caucasian,Some college or Associate's degree,"$168,000 or more",Republican,2.818488534445469e-05
Other,18-29,White / Caucasian,Some college or Associate's degree,"$30,000 to $55,999",Democrat,6.362827998724791e-05
Other,18-29,White / Caucasian,Some college or Associate's degree,"$30,000 to $55,999",Independent,0.00013196008176498555
Other,18-29,White / Caucasian,Some college or Associate's degree,"$30,000 to $55,999",Other,1.6010956227214002e-05
Other,18-29,White / Caucasian,Some college or Associate's degree,"$30,000 to $55,999",Republican,0.00010481978589539715
Other,18-29,White / Caucasian,Some college or Associate's degree,"$56,000 to $99,999",Democrat,0.00011926368594219587
Other,18-29,White / Caucasian,Some college or Associate's degree,"$56,000 to $99,999",Independent,0.00011557182736839933
Other,18-29,White / Caucasian,Some college or Associate's degree,"$56,000 to $99,999",Other,1.4101831728320498e-05
Other,18-29,White / Caucasian,Some college or Associate's degree,"$56,000 to $99,999",Republican,9.865247357639273e-05
Other,18-29,White / Caucasian,Some college or Associate's degree,"Less than $30,000",Democrat,0.00011817536685293118
Other,18-29,White / Caucasian,Some college or Associate's degree,"Less than $30,000",Independent,0.00014173603625928748
Other,18-29,White / Caucasian,Some college or Associate's degree,"Less than $30,000",Other,4.3925295958921465e-06
Other,18-29,White / Caucasian,Some college or Associate's degree,"Less than $30,000",Republican,9.757663482782769e-05
Other,30-44,Asian / Asian American,Bachelor's degree,"$100,000 to $167,999",Democrat,1.132042620540903e-05
Other,30-44,Asian / Asian American,Bachelor's degree,"$100,000 to $167,999",Independent,3.6063038017065117e-06
Other,30-44,Asian / Asian American,Bachelor's degree,"$100,000 to $167,999",Other,4.785081700695519e-07
Other,30-44,Asian / Asian American,Bachelor's degree,"$100,000 to $167,999",Republican,2.913202945511461e-06
Other,30-44,Asian / Asian American,Bachelor's degree,"$168,000 or more",Democrat,6.715222610651755e-06
Other,30-44,Asian / Asian American,Bachelor's degree,"$168,000 or more",Independent,5.023411530424898e-06
Other,30-44,Asian / Asian American,Bachelor's degree,"$168,000 or more",Other,2.8687396918803313e-07
Other,30-44,Asian / Asian American,Bachelor's degree,"$168,000 or more",Republican,1.2889973730202781e-06
Other,30-44,Asian / Asian American,Bachelor's degree,"$30,000 to $55,999",Democrat,3.914096469211774e-06
Other,30-44,Asian / Asian American,Bachelor's degree,"$30,000 to $55,999",Independent,2.4851332207508515e-06
Other,30-44,Asian / Asian American,Bachelor's degree,"$30,000 to $55,999",Other,1.605791630772391e-07
Other,30-44,Asian / Asian American,Bachelor's degree,"$30,000 to $55,999",Republican,9.972069582309268e-07
Other,30-44,Asian / Asian American,Bachelor's degree,"$56,000 to $99,999",Democrat,8.262577783341841e-06
Other,30-44,Asian / Asian American,Bachelor's degree,"$56,000 to $99,999",Independent,5.122176434203351e-06
Other,30-44,Asian / Asian American,Bachelor's degree,"$56,000 to $99,999",Other,3.8369223617130037e-07
Other,30-44,Asian / Asian American,Bachelor's degree,"$56,000 to $99,999",Republican,2.3300675355550764e-06
Other,30-44,Asian / Asian American,Bachelor's degree,"Less than $30,000",Democrat,4.0027215777148785e-06
Other,30-44,Asian / Asian American,Bachelor's degree,"Less than $30,000",Independent,2.4714350102818603e-06
Other,30-44,Asian / Asian American,Bachelor's degree,"Less than $30,000",Other,1.8317805137640858e-07
Other,30-44,Asian / Asian American,Bachelor's degree,"Less than $30,000",Republican,1.0807485087370007e-06
Other,30-44,Asian / Asian American,Doctorate degree / Ph.D.,"$100,000 to $167,999",Democrat,1.0710985550785978e-06
Other,30-44,Asian / Asian American,Doctorate degree / Ph.D.,"$100,000 to $167,999",Independent,9.672443159528138e-07
Other,30-44,Asian / Asian American,Doctorate degree / Ph.D.,"$100,000 to $167,999",Republican,3.5994595685149664e-07
Other,30-44,Asian / Asian American,Doctorate degree / Ph.D.,"$168,000 or more",Democrat,1.1642583378006634e-06
Other,30-44,Asian / Asian American,Doctorate degree / Ph.D.,"$168,000 or more",Independent,1.0513712806341418e-06
Other,30-44,Asian / Asian American,Doctorate degree / Ph.D.,"$168,000 or more",Republican,3.9125258776139577e-07
Other,30-44,Asian / Asian American,Doctorate degree / Ph.D.,"$30,000 to $55,999",Democrat,6.283147514234016e-07
Other,30-44,Asian / Asian American,Doctorate degree / Ph.D.,"$30,000 to $55,999",Independent,5.673930461973177e-07
Other,30-44,Asian / Asian American,Doctorate degree / Ph.D.,"$30,000 to $55,999",Republican,2.111471006404365e-07
Other,30-44,Asian / Asian American,Doctorate degree / Ph.D.,"$56,000 to $99,999",Democrat,8.313673258990992e-07
Other,30-44,Asian / Asian American,Doctorate degree / Ph.D.,"$56,000 to $99,999",Independent,7.507575438618595e-07
Other,30-44,Asian / Asian American,Doctorate degree / Ph.D.,"$56,000 to $99,999",Republican,2.793835415022684e-07
Other,30-44,Asian / Asian American,Doctorate degree / Ph.D.,"Less than $30,000",Democrat,4.768680425602286e-07
Other,30-44,Asian / Asian American,Doctorate degree / Ph.D.,"Less than $30,000",Independent,4.3063068420634684e-07
Other,30-44,Asian / Asian American,Doctorate degree / Ph.D.,"Less than $30,000",Republican,1.60252969306495e-07
Other,30-44,Asian / Asian American,High school diploma / GED,"$100,000 to $167,999",Democrat,4.917380667820595e-07
Other,30-44,Asian / Asian American,High school diploma / GED,"$100,000 to $167,999",Independent,5.156134114348378e-07
Other,30-44,Asian / Asian American,High school diploma / GED,"$100,000 to $167,999",Republican,7.206050022577499e-07
Other,30-44,Asian / Asian American,High school diploma / GED,"$168,000 or more",Democrat,1.884500217802051e-07
Other,30-44,Asian / Asian American,High school diploma / GED,"$168,000 or more",Independent,1.972201656825438e-07
Other,30-44,Asian / Asian American,High school diploma / GED,"$168,000 or more",Republican,2.763171648611406e-07
Other,30-44,Asian / Asian American,High school diploma / GED,"$30,000 to $55,999",Democrat,9.376389597917787e-07
Other,30-44,Asian / Asian American,High school diploma / GED,"$30,000 to $55,999",Independent,9.891507280147678e-07
Other,30-44,Asian / Asian American,High school diploma / GED,"$30,000 to $55,999",Republican,1.3715494686560916e-06
Other,30-44,Asian / Asian American,High school diploma / GED,"$56,000 to $99,999",Democrat,8.927796166129677e-07
Other,30-44,Asian / Asian American,High school diploma / GED,"$56,000 to $99,999",Independent,9.402596457202505e-07
Other,30-44,Asian / Asian American,High school diploma / GED,"$56,000 to $99,999",Republican,1.3065823707211157e-06
Other,30-44,Asian / Asian American,High school diploma / GED,"Less than $30,000",Democrat,7.597838720760004e-07
Other,30-44,Asian / Asian American,High school diploma / GED,"Less than $30,000",Independent,8.115345564552533e-07
Other,30-44,Asian / Asian American,High school diploma / GED,"Less than $30,000",Republican,1.1072257575698453e-06
Other,30-44,Asian / Asian American,Less than high school,"$100,000 to $167,999",Democrat,2.3523932254819267e-07
Other,30-44,Asian / Asian American,Less than high school,"$100,000 to $167,999",Independent,3.3727830982580706e-07
Other,30-44,Asian / Asian American,Less than high school,"$100,000 to $167,999",Republican,1.3244671120889458e-07
Other,30-44,Asian / Asian American,Less than high school,"$168,000 or more",Democrat,1.198576154651117e-07
Other,30-44,Asian / Asian American,Less than high school,"$168,000 or more",Independent,1.718478591330856e-07
Other,30-44,Asian / Asian American,Less than high school,"$168,000 or more",Republican,6.748339014809971e-08
Other,30-44,Asian / Asian American,Less than high school,"$30,000 to $55,999",Democrat,7.637898690316966e-07
Other,30-44,Asian / Asian American,Less than high school,"$30,000 to $55,999",Independent,1.0950964885401318e-06
Other,30-44,Asian / Asian American,Less than high school,"$30,000 to $55,999",Republican,4.3003633538859516e-07
Other,30-44,Asian / Asian American,Less than high school,"$56,000 to $99,999",Democrat,5.30968790835295e-07
Other,30-44,Asian / Asian American,Less than high school,"$56,000 to $99,999",Independent,7.612853769653775e-07
Other,30-44,Asian / Asian American,Less than high school,"$56,000 to $99,999",Republican,2.989511674277627e-07
Other,30-44,Asian / Asian American,Less than high school,"Less than $30,000",Democrat,8.322781260922482e-07
Other,30-44,Asian / Asian American,Less than high school,"Less than $30,000",Independent,1.19329267161903e-06
Other,30-44,Asian / Asian American,Less than high school,"Less than $30,000",Republican,4.685972541407781e-07
Other,30-44,Asian / Asian American,Master's degree / Professional degree,"$100,000 to $167,999",Democrat,7.169968123750155e-06
Other,30-44,Asian / Asian American,Master's degree / Professional degree,"$100,000 to $167,999",Independent,4.390476976522068e-06
Other,30-44,Asian / Asian American,Master's degree / Professional degree,"$100,000 to $167,999",Other,2.9684186058031575e-07
Other,30-44,Asian / Asian American,Master's degree / Professional degree,"$100,000 to $167,999",Republican,8.713812258291287e-07
Other,30-44,Asian / Asian American,Master's degree / Professional degree,"$168,000 or more",Democrat,1.0671651586690113e-05
Other,30-44,Asian / Asian American,Master's degree / Professional degree,"$168,000 or more",Independent,3.4699484656814604e-06
Other,30-44,Asian / Asian American,Master's degree / Professional degree,"$168,000 or more",Other,3.411382224720912e-07
Other,30-44,Asian / Asian American,Master's degree / Professional degree,"$168,000 or more",Republican,6.84217611227293e-07
Other,30-44,Asian / Asian American,Master's degree / Professional degree,"$30,000 to $55,999",Democrat,2.3503391859624496e-06
Other,30-44,Asian / Asian American,Master's degree / Professional degree,"$30,000 to $55,999",Independent,1.4403879178364892e-06
Other,30-44,Asian / Asian American,Master's degree / Professional degree,"$30,000 to $55,999",Other,9.771780886997451e-08
Other,30-44,Asian / Asian American,Master's degree / Professional degree,"$30,000 to $55,999",Republican,2.862037413079512e-07
Other,30-44,Asian / Asian American,Master's degree / Professional degree,"$56,000 to $99,999",Democrat,4.701278519975722e-06
Other,30-44,Asian / Asian American,Master's degree / Professional degree,"$56,000 to $99,999",Independent,4.3233938543181734e-06
Other,30-44,Asian / Asian American,Master's degree / Professional degree,"$56,000 to $99,999",Other,2.45082859234077e-07
Other,30-44,Asian / Asian American,Master's degree / Professional degree,"$56,000 to $99,999",Republican,9.903952425215724e-07
Other,30-44,Asian / Asian American,Master's degree / Professional degree,"Less than $30,000",Democrat,2.425257479012438e-06
Other,30-44,Asian / Asian American,Master's degree / Professional degree,"Less than $30,000",Independent,1.5083160530603838e-06
Other,30-44,Asian / Asian American,Master's degree / Professional degree,"Less than $30,000",Other,1.085525997412133e-07
Other,30-44,Asian / Asian American,Master's degree / Professional degree,"Less than $30,000",Republican,3.058574753208525e-07
Other,30-44,Asian / Asian American,Some college or Associate's degree,"$100,000 to $167,999",Democrat,1.9140907029380318e-06
Other,30-44,Asian / Asian American,Some college or Associate's degree,"$100,000 to $167,999",Independent,2.1004411815222793e-06
Other,30-44,Asian / Asian American,Some college or Associate's degree,"$100,000 to $167,999",Other,1.353785284304913e-09
Other,30-44,Asian / Asian American,Some college or Associate's degree,"$100,000 to $167,999",Republican,1.4082278063841318e-06
Other,30-44,Asian / Asian American,Some college or Associate's degree,"$168,000 or more",Democrat,8.5444473421067e-07
Other,30-44,Asian / Asian American,Some college or Associate's degree,"$168,000 or more",Independent,9.201052122624981e-07
Other,30-44,Asian / Asian American,Some college or Associate's degree,"$168,000 or more",Other,5.531760085354669e-10
Other,30-44,Asian / Asian American,Some college or Associate's degree,"$168,000 or more",Republican,6.223296891299876e-07
Other,30-44,Asian / Asian American,Some college or Associate's degree,"$30,000 to $55,999",Democrat,2.122446355703047e-06
Other,30-44,Asian / Asian American,Some college or Associate's degree,"$30,000 to $55,999",Independent,2.2791100330648533e-06
Other,30-44,Asian / Asian American,Some college or Associate's degree,"$30,000 to $55,999",Other,1.3553050758953687e-09
Other,30-44,Asian / Asian American,Some college or Associate's degree,"$30,000 to $55,999",Republican,1.5435572839921349e-06
Other,30-44,Asian / Asian American,Some college or Associate's degree,"$56,000 to $99,999",Democrat,2.939351115749966e-06
Other,30-44,Asian / Asian American,Some college or Associate's degree,"$56,000 to $99,999",Independent,3.1584159190787274e-06
Other,30-44,Asian / Asian American,Some college or Associate's degree,"$56,000 to $99,999",Other,1.883084153469792e-09
Other,30-44,Asian / Asian American,Some college or Associate's degree,"$56,000 to $99,999",Republican,2.1384103303599066e-06
Other,30-44,Asian / Asian American,Some college or Associate's degree,"Less than $30,000",Democrat,1.6565317637725684e-06
Other,30-44,Asian / Asian American,Some college or Associate's degree,"Less than $30,000",Independent,1.7618710884625615e-06
Other,30-44,Asian / Asian American,Some college or Associate's degree,"Less than $30,000",Other,1.0083692835127747e-09
Other,30-44,Asian / Asian American,Some college or Associate's degree,"Less than $30,000",Republican,1.1986326043607009e-06
Other,30-44,Black / African American,Bachelor's degree,"$100,000 to $167,999",Democrat,6.707802647230105e-06
Other,30-44,Black / African American,Bachelor's degree,"$100,000 to $167,999",Independent,4.290411504472301e-06
Other,30-44,Black / African American,Bachelor's degree,"$100,000 to $167,999",Other,2.0947663011250686e-07
Other,30-44,Black / African American,Bachelor's degree,"$100,000 to $167,999",Republican,4.382171633970074e-07
Other,30-44,Black / African American,Bachelor's degree,"$168,000 or more",Democrat,1.7501365088227988e-06
Other,30-44,Black / African American,Bachelor's degree,"$168,000 or more",Independent,1.5272149171118386e-06
Other,30-44,Black / African American,Bachelor's degree,"$168,000 or more",Other,4.9559746677088995e-08
Other,30-44,Black / African American,Bachelor's degree,"$168,000 or more",Republican,2.0991634521550627e-07
Other,30-44,Black / African American,Bachelor's degree,"$30,000 to $55,999",Democrat,6.542881251351967e-06
Other,30-44,Black / African American,Bachelor's degree,"$30,000 to $55,999",Independent,6.099763605646743e-06
Other,30-44,Black / African American,Bachelor's degree,"$30,000 to $55,999",Other,8.58201016640805e-07
Other,30-44,Black / African American,Bachelor's degree,"$30,000 to $55,999",Republican,5.940004170898992e-07
Other,30-44,Black / African American,Bachelor's degree,"$56,000 to $99,999",Democrat,8.324776027494108e-06
Other,30-44,Black / African American,Bachelor's degree,"$56,000 to $99,999",Independent,7.5305394619939864e-06
Other,30-44,Black / African American,Bachelor's degree,"$56,000 to $99,999",Other,3.50533080345215e-07
Other,30-44,Black / African American,Bachelor's degree,"$56,000 to $99,999",Republican,2.114690666674056e-06
Other,30-44,Black / African American,Bachelor's degree,"Less than $30,000",Democrat,3.372238448011899e-06
Other,30-44,Black / African American,Bachelor's degree,"Less than $30,000",Independent,4.757164348793196e-06
Other,30-44,Black / African American,Bachelor's degree,"Less than $30,000",Other,9.622833735995566e-08
Other,30-44,Black / African American,Bachelor's degree,"Less than $30,000",Republican,1.6127869287389753e-06
Other,30-44,Black / African American,Doctorate degree / Ph.D.,"$100,000 to $167,999",Democrat,3.5903238880843417e-07
Other,30-44,Black / African American,Doctorate degree / Ph.D.,"$100,000 to $167,999",Independent,1.3101741103731685e-07
Other,30-44,Black / African American,Doctorate degree / Ph.D.,"$100,000 to $167,999",Other,2.402683257483055e-08
Other,30-44,Black / African American,Doctorate degree / Ph.D.,"$100,000 to $167,999",Republican,5.896329271834929e-08
Other,30-44,Black / African American,Doctorate degree / Ph.D.,"$168,000 or more",Democrat,2.2257883187958018e-07
Other,30-44,Black / African American,Doctorate degree / Ph.D.,"$168,000 or more",Independent,8.122304063250502e-08
Other,30-44,Black / African American,Doctorate degree / Ph.D.,"$168,000 or more",Other,1.4895214178366073e-08
Other,30-44,Black / African American,Doctorate degree / Ph.D.,"$168,000 or more",Republican,3.6553751767577744e-08
Other,30-44,Black / African American,Doctorate degree / Ph.D.,"$30,000 to $55,999",Democrat,2.4321951822413035e-07
Other,30-44,Black / African American,Doctorate degree / Ph.D.,"$30,000 to $55,999",Independent,8.87552003239225e-08
Other,30-44,Black / African American,Doctorate degree / Ph.D.,"$30,000 to $55,999",Other,1.6276511048757066e-08
Other,30-44,Black / African American,Doctorate degree / Ph.D.,"$30,000 to $55,999",Republican,3.994353739355004e-08
Other,30-44,Black / African American,Doctorate degree / Ph.D.,"$56,000 to $99,999",Democrat,3.4870978580047146e-07
Other,30-44,Black / African American,Doctorate degree / Ph.D.,"$56,000 to $99,999",Independent,1.2725050653670153e-07
Other,30-44,Black / African American,Doctorate degree / Ph.D.,"$56,000 to $99,999",Other,2.3336032909006842e-08
Other,30-44,Black / African American,Doctorate degree / Ph.D.,"$56,000 to $99,999",Republican,5.726802877630277e-08
Other,30-44,Black / African American,Doctorate degree / Ph.D.,"Less than $30,000",Democrat,1.1192926957938368e-07
Other,30-44,Black / African American,Doctorate degree / Ph.D.,"Less than $30,000",Independent,4.084501447977512e-08
Other,30-44,Black / African American,Doctorate degree / Ph.D.,"Less than $30,000",Other,7.490426781083076e-09
Other,30-44,Black / African American,Doctorate degree / Ph.D.,"Less than $30,000",Republican,1.838195798396781e-08
Other,30-44,Black / African American,High school diploma / GED,"$100,000 to $167,999",Democrat,1.6526218794275413e-06
Other,30-44,Black / African American,High school diploma / GED,"$100,000 to $167,999",Independent,1.5040537682654965e-06
Other,30-44,Black / African American,High school diploma / GED,"$100,000 to $167,999",Other,3.9731254441692605e-08
Other,30-44,Black / African American,High school diploma / GED,"$100,000 to $167,999",Republican,7.454845681942374e-07
Other,30-44,Black / African American,High school diploma / GED,"$168,000 or more",Democrat,4.632081372412066e-07
Other,30-44,Black / African American,High school diploma / GED,"$168,000 or more",Independent,4.2968661796858963e-07
Other,30-44,Black / African American,High school diploma / GED,"$168,000 or more",Other,1.0630556836351577e-08
Other,30-44,Black / African American,High school diploma / GED,"$168,000 or more",Republican,2.1564732557474543e-07
Other,30-44,Black / African American,High school diploma / GED,"$30,000 to $55,999",Democrat,7.5250287604742394e-06
Other,30-44,Black / African American,High school diploma / GED,"$30,000 to $55,999",Independent,5.8079335221363886e-06
Other,30-44,Black / African American,High school diploma / GED,"$30,000 to $55,999",Other,3.128786296162265e-07
Other,30-44,Black / African American,High school diploma / GED,"$30,000 to $55,999",Republican,2.936694227374329e-06
Other,30-44,Black / African American,High school diploma / GED,"$56,000 to $99,999",Democrat,5.413251149620587e-06
Other,30-44,Black / African American,High school diploma / GED,"$56,000 to $99,999",Independent,3.925930461895955e-06
Other,30-44,Black / African American,High school diploma / GED,"$56,000 to $99,999",Other,1.1540901210591143e-07
Other,30-44,Black / African American,High school diploma / GED,"$56,000 to $99,999",Republican,2.8816000957919374e-06
Other,30-44,Black / African American,High school diploma / GED,"Less than $30,000",Democrat,1.2676024988195097e-05
Other,30-44,Black / African American,High school diploma / GED,"Less than $30,000",Independent,8.412549433582446e-06
Other,30-44,Black / African American,High school diploma / GED,"Less than $30,000",Other,4.436682095428924e-07
Other,30-44,Black / African American,High school diploma / GED,"Less than $30,000",Republican,3.566100453412987e-06
Other,30-44,Black / African American,Less than high school,"$100,000 to $167,999",Democrat,2.643296570567481e-07
Other,30-44,Black / African American,Less than high school,"$100,000 to $167,999",Independent,4.607641629236817e-07
Other,30-44,Black / African American,Less than high school,"$100,000 to $167,999",Other,6.647005301237983e-08
Other,30-44,Black / African American,Less than high school,"$100,000 to $167,999",Republican,9.303578128378088e-08
Other,30-44,Black / African American,Less than high school,"$168,000 or more",Democrat,7.030621961914844e-08
Other,30-44,Black / African American,Less than high school,"$168,000 or more",Independent,1.231053692042466e-07
Other,30-44,Black / African American,Less than high school,"$168,000 or more",Other,1.7931774742167733e-08
Other,30-44,Black / African American,Less than high school,"$168,000 or more",Republican,2.441571072413257e-08
Other,30-44,Black / African American,Less than high school,"$30,000 to $55,999",Democrat,1.4456472930517483e-06
Other,30-44,Black / African American,Less than high school,"$30,000 to $55,999",Independent,2.426863566622326e-06
Other,30-44,Black / African American,Less than high school,"$30,000 to $55,999",Other,3.209796749425717e-07
Other,30-44,Black / African American,Less than high school,"$30,000 to $55,999",Republican,5.645002616528141e-07
Other,30-44,Black / African American,Less than high school,"$56,000 to $99,999",Democrat,8.753977686964792e-07
Other,30-44,Black / African American,Less than high school,"$56,000 to $99,999",Independent,1.5216774048823203e-06
Other,30-44,Black / African American,Less than high school,"$56,000 to $99,999",Other,2.1818381068381175e-07
Other,30-44,Black / African American,Less than high school,"$56,000 to $99,999",Republican,3.1066336627903387e-07
Other,30-44,Black / African American,Less than high school,"Less than $30,000",Democrat,3.629184521117125e-06
Other,30-44,Black / African American,Less than high school,"Less than $30,000",Independent,6.896932290960676e-06
Other,30-44,Black / African American,Less than high school,"Less than $30,000",Other,7.363627904391915e-07
Other,30-44,Black / African American,Less than high school,"Less than $30,000",Republican,3.54205821157991e-07
Other,30-44,Black / African American,Master's degree / Professional degree,"$100,000 to $167,999",Democrat,3.886399023069971e-06
Other,30-44,Black / African American,Master's degree / Professional degree,"$100,000 to $167,999",Independent,3.3164841984034807e-06
Other,30-44,Black / African American,Master's degree / Professional degree,"$100,000 to $167,999",Other,4.156292533741254e-07
Other,30-44,Black / African American,Master's degree / Professional degree,"$100,000 to $167,999",Republican,3.7006481244096557e-07
Other,30-44,Black / African American,Master's degree / Professional degree,"$168,000 or more",Democrat,1.6974880671758924e-06
Other,30-44,Black / African American,Master's degree / Professional degree,"$168,000 or more",Independent,1.7433000519192389e-06
Other,30-44,Black / African American,Master's degree / Professional degree,"$168,000 or more",Other,1.4214779040739727e-07
Other,30-44,Black / African American,Master's degree / Professional degree,"$168,000 or more",Republican,1.71792647642735e-07
Other,30-44,Black / African American,Master's degree / Professional degree,"$30,000 to $55,999",Democrat,3.0742383621471e-06
Other,30-44,Black / African American,Master's degree / Professional degree,"$30,000 to $55,999",Independent,2.745159397065161e-06
Other,30-44,Black / African American,Master's degree / Professional degree,"$30,000 to $55,999",Other,3.1272180284342605e-07
Other,30-44,Black / African American,Master's degree / Professional degree,"$30,000 to $55,999",Republican,2.660751340080517e-07
Other,30-44,Black / African American,Master's degree / Professional degree,"$56,000 to $99,999",Democrat,3.7189273761339026e-06
Other,30-44,Black / African American,Master's degree / Professional degree,"$56,000 to $99,999",Independent,5.07600587598215e-06
Other,30-44,Black / African American,Master's degree / Professional degree,"$56,000 to $99,999",Other,6.879710594713601e-07
Other,30-44,Black / African American,Master's degree / Professional degree,"$56,000 to $99,999",Republican,6.374036295115965e-07
Other,30-44,Black / African American,Master's degree / Professional degree,"Less than $30,000",Democrat,1.7131793003389416e-06
Other,30-44,Black / African American,Master's degree / Professional degree,"Less than $30,000",Independent,1.5212612888389212e-06
Other,30-44,Black / African American,Master's degree / Professional degree,"Less than $30,000",Other,1.753953244020809e-07
Other,30-44,Black / African American,Master's degree / Professional degree,"Less than $30,000",Republican,1.5014377362187295e-07
Other,30-44,Black / African American,Some college or Associate's degree,"$100,000 to $167,999",Democrat,6.014742072115756e-06
Other,30-44,Black / African American,Some college or Associate's degree,"$100,000 to $167,999",Independent,2.871243850199359e-06
Other,30-44,Black / African American,Some college or Associate's degree,"$100,000 to $167,999",Other,7.854897427350242e-07
Other,30-44,Black / African American,Some college or Associate's degree,"$100,000 to $167,999",Republican,2.0887549222150544e-06
Other,30-44,Black / African American,Some college or Associate's degree,"$168,000 or more",Democrat,1.2548404986806998e-06
Other,30-44,Black / African American,Some college or Associate's degree,"$168,000 or more",Independent,1.1374154655229998e-06
Other,30-44,Black / African American,Some college or Associate's degree,"$168,000 or more",Other,1.1091393840280808e-07
Other,30-44,Black / African American,Some college or Associate's degree,"$168,000 or more",Republican,2.2056519318814812e-07
Other,30-44,Black / African American,Some college or Associate's degree,"$30,000 to $55,999",Democrat,1.2664238575700534e-05
Other,30-44,Black / African American,Some college or Associate's degree,"$30,000 to $55,999",Independent,1.5983820403775384e-05
Other,30-44,Black / African American,Some college or Associate's degree,"$30,000 to $55,999",Other,2.054628675962879e-06
Other,30-44,Black / African American,Some college or Associate's degree,"$30,000 to $55,999",Republican,1.3430636764322395e-06
Other,30-44,Black / African American,Some college or Associate's degree,"$56,000 to $99,999",Democrat,1.705336981536858e-05
Other,30-44,Black / African American,Some college or Associate's degree,"$56,000 to $99,999",Independent,7.485235930291962e-06
Other,30-44,Black / African American,Some college or Associate's degree,"$56,000 to $99,999",Other,1.0206817741383478e-06
Other,30-44,Black / African American,Some college or Associate's degree,"$56,000 to $99,999",Republican,2.8989942168179957e-06
Other,30-44,Black / African American,Some college or Associate's degree,"Less than $30,000",Democrat,1.3237309992345916e-05
Other,30-44,Black / African American,Some college or Associate's degree,"Less than $30,000",Independent,1.860977981219652e-05
Other,30-44,Black / African American,Some college or Associate's degree,"Less than $30,000",Other,1.6816972794108786e-06
Other,30-44,Black / African American,Some college or Associate's degree,"Less than $30,000",Republican,1.8121034547639702e-06
Other,30-44,Hispanic / Latino,Bachelor's degree,"$100,000 to $167,999",Democrat,8.363915047397378e-06
Other,30-44,Hispanic / Latino,Bachelor's degree,"$100,000 to $167,999",Independent,6.915722526732688e-06
Other,30-44,Hispanic / Latino,Bachelor's degree,"$100,000 to $167,999",Other,5.943213208761321e-07
Other,30-44,Hispanic / Latino,Bachelor's degree,"$100,000 to $167,999",Republican,4.503198610122933e-06
Other,30-44,Hispanic / Latino,Bachelor's degree,"$168,000 or more",Democrat,2.8362154271781253e-06
Other,30-44,Hispanic / Latino,Bachelor's degree,"$168,000 or more",Independent,2.882414454498136e-06
Other,30-44,Hispanic / Latino,Bachelor's degree,"$168,000 or more",Other,7.477132981475515e-07
Other,30-44,Hispanic / Latino,Bachelor's degree,"$168,000 or more",Republican,1.6559279716392234e-06
Other,30-44,Hispanic / Latino,Bachelor's degree,"$30,000 to $55,999",Democrat,6.8989582460563115e-06
Other,30-44,Hispanic / Latino,Bachelor's degree,"$30,000 to $55,999",Independent,5.286262937452926e-06
Other,30-44,Hispanic / Latino,Bachelor's degree,"$30,000 to $55,999",Other,4.786131348598629e-07
Other,30-44,Hispanic / Latino,Bachelor's degree,"$30,000 to $55,999",Republican,3.919327238036167e-06
Other,30-44,Hispanic / Latino,Bachelor's degree,"$56,000 to $99,999",Democrat,8.661217809116248e-06
Other,30-44,Hispanic / Latino,Bachelor's degree,"$56,000 to $99,999",Independent,1.0670799159867974e-05
Other,30-44,Hispanic / Latino,Bachelor's degree,"$56,000 to $99,999",Other,8.621711829061707e-07
Other,30-44,Hispanic / Latino,Bachelor's degree,"$56,000 to $99,999",Republican,5.382517458377419e-06
Other,30-44,Hispanic / Latino,Bachelor's degree,"Less than $30,000",Democrat,4.7743191812147984e-06
Other,30-44,Hispanic / Latino,Bachelor's degree,"Less than $30,000",Independent,4.477320678489405e-06
Other,30-44,Hispanic / Latino,Bachelor's degree,"Less than $30,000",Other,4.593146152820412e-07
Other,30-44,Hispanic / Latino,Bachelor's degree,"Less than $30,000",Republican,2.2759647339456096e-06
Other,30-44,Hispanic / Latino,Doctorate degree / Ph.D.,"$100,000 to $167,999",Democrat,2.042378539509619e-07
Other,30-44,Hispanic / Latino,Doctorate degree / Ph.D.,"$100,000 to $167,999",Independent,5.784513173040831e-07
Other,30-44,Hispanic / Latino,Doctorate degree / Ph.D.,"$100,000 to $167,999",Republican,4.6056886911494024e-08
Other,30-44,Hispanic / Latino,Doctorate degree / Ph.D.,"$168,000 or more",Democrat,1.5787782939096645e-07
Other,30-44,Hispanic / Latino,Doctorate degree / Ph.D.,"$168,000 or more",Independent,4.471484429435942e-07
Other,30-44,Hispanic / Latino,Doctorate degree / Ph.D.,"$168,000 or more",Republican,3.560241744332941e-08
Other,30-44,Hispanic / Latino,Doctorate degree / Ph.D.,"$30,000 to $55,999",Democrat,1.0370802686896422e-07
Other,30-44,Hispanic / Latino,Doctorate degree / Ph.D.,"$30,000 to $55,999",Independent,2.9372637636392e-07
Other,30-44,Hispanic / Latino,Doctorate degree / Ph.D.,"$30,000 to $55,999",Republican,2.338679521409834e-08
Other,30-44,Hispanic / Latino,Doctorate degree / Ph.D.,"$56,000 to $99,999",Democrat,1.6063097766515073e-07
Other,30-44,Hispanic / Latino,Doctorate degree / Ph.D.,"$56,000 to $99,999",Independent,4.549460290184937e-07
Other,30-44,Hispanic / Latino,Doctorate degree / Ph.D.,"$56,000 to $99,999",Republican,3.622326924069078e-08
Other,30-44,Hispanic / Latino,Doctorate degree / Ph.D.,"Less than $30,000",Democrat,8.269297534060968e-08
Other,30-44,Hispanic / Latino,Doctorate degree / Ph.D.,"Less than $30,000",Independent,2.3420663502004268e-07
Other,30-44,Hispanic / Latino,Doctorate degree / Ph.D.,"Less than $30,000",Republican,1.8647772388716316e-08
Other,30-44,Hispanic / Latino,High school diploma / GED,"$100,000 to $167,999",Democrat,2.890911849254375e-06
Other,30-44,Hispanic / Latino,High school diploma / GED,"$100,000 to $167,999",Independent,6.111938303547247e-06
Other,30-44,Hispanic / Latino,High school diploma / GED,"$100,000 to $167,999",Other,2.6193476188509747e-07
Other,30-44,Hispanic / Latino,High school diploma / GED,"$100,000 to $167,999",Republican,2.544976502647245e-06
Other,30-44,Hispanic / Latino,High school diploma / GED,"$168,000 or more",Democrat,6.235309218647006e-07
Other,30-44,Hispanic / Latino,High school diploma / GED,"$168,000 or more",Independent,1.3167426277390767e-06
Other,30-44,Hispanic / Latino,High school diploma / GED,"$168,000 or more",Other,5.5971831745490805e-08
Other,30-44,Hispanic / Latino,High school diploma / GED,"$168,000 or more",Republican,5.462076773045212e-07
Other,30-44,Hispanic / Latino,High school diploma / GED,"$30,000 to $55,999",Democrat,8.794365588589093e-06
Other,30-44,Hispanic / Latino,High school diploma / GED,"$30,000 to $55,999",Independent,1.6343077210600522e-05
Other,30-44,Hispanic / Latino,High school diploma / GED,"$30,000 to $55,999",Other,8.684243257254734e-07
Other,30-44,Hispanic / Latino,High school diploma / GED,"$30,000 to $55,999",Republican,6.055983324475482e-06
Other,30-44,Hispanic / Latino,High school diploma / GED,"$56,000 to $99,999",Democrat,8.438161655032974e-06
Other,30-44,Hispanic / Latino,High school diploma / GED,"$56,000 to $99,999",Independent,1.3064535773542574e-05
Other,30-44,Hispanic / Latino,High school diploma / GED,"$56,000 to $99,999",Other,5.687272409973422e-09
Other,30-44,Hispanic / Latino,High school diploma / GED,"$56,000 to $99,999",Republican,6.615402424886135e-06
Other,30-44,Hispanic / Latino,High school diploma / GED,"Less than $30,000",Democrat,5.902782537167873e-06
Other,30-44,Hispanic / Latino,High school diploma / GED,"Less than $30,000",Independent,1.631697812658888e-05
Other,30-44,Hispanic / Latino,High school diploma / GED,"Less than $30,000",Other,8.600285986890771e-07
Other,30-44,Hispanic / Latino,High school diploma / GED,"Less than $30,000",Republican,5.90052866349986e-06
Other,30-44,Hispanic / Latino,Less than high school,"$100,000 to $167,999",Democrat,2.0888354950901606e-06
Other,30-44,Hispanic / Latino,Less than high school,"$100,000 to $167,999",Independent,3.7620046934525283e-06
Other,30-44,Hispanic / Latino,Less than high school,"$100,000 to $167,999",Other,1.1336344536006234e-07
Other,30-44,Hispanic / Latino,Less than high school,"$100,000 to $167,999",Republican,1.031530202304193e-06
Other,30-44,Hispanic / Latino,Less than high school,"$168,000 or more",Democrat,4.867236157217038e-07
Other,30-44,Hispanic / Latino,Less than high school,"$168,000 or more",Independent,8.643172966022783e-07
Other,30-44,Hispanic / Latino,Less than high school,"$168,000 or more",Other,2.5395542890038148e-08
Other,30-44,Hispanic / Latino,Less than high school,"$168,000 or more",Republican,2.3139971541330702e-07
Other,30-44,Hispanic / Latino,Less than high school,"$30,000 to $55,999",Democrat,3.7191446622439443e-06
Other,30-44,Hispanic / Latino,Less than high school,"$30,000 to $55,999",Independent,2.641137185675281e-05
Other,30-44,Hispanic / Latino,Less than high school,"$30,000 to $55,999",Other,4.732708370584034e-07
Other,30-44,Hispanic / Latino,Less than high school,"$30,000 to $55,999",Republican,4.201064161353794e-06
Other,30-44,Hispanic / Latino,Less than high school,"$56,000 to $99,999",Democrat,6.381497317411144e-06
Other,30-44,Hispanic / Latino,Less than high school,"$56,000 to $99,999",Independent,1.2007314312663374e-05
Other,30-44,Hispanic / Latino,Less than high school,"$56,000 to $99,999",Other,3.8903868039003106e-07
Other,30-44,Hispanic / Latino,Less than high school,"$56,000 to $99,999",Republican,3.526684378028994e-06
Other,30-44,Hispanic / Latino,Less than high school,"Less than $30,000",Democrat,1.2429777858153481e-05
Other,30-44,Hispanic / Latino,Less than high school,"Less than $30,000",Independent,1.897773029390257e-05
Other,30-44,Hispanic / Latino,Less than high school,"Less than $30,000",Other,2.897222386645781e-07
Other,30-44,Hispanic / Latino,Less than high school,"Less than $30,000",Republican,7.831171194672294e-06
Other,30-44,Hispanic / Latino,Master's degree / Professional degree,"$100,000 to $167,999",Democrat,3.1046198982906685e-06
Other,30-44,Hispanic / Latino,Master's degree / Professional degree,"$100,000 to $167,999",Independent,2.636942484582419e-06
Other,30-44,Hispanic / Latino,Master's degree / Professional degree,"$100,000 to $167,999",Other,3.320408198510132e-07
Other,30-44,Hispanic / Latino,Master's degree / Professional degree,"$100,000 to $167,999",Republican,3.3330851097136333e-06
Other,30-44,Hispanic / Latino,Master's degree / Professional degree,"$168,000 or more",Democrat,2.662089086997015e-06
Other,30-44,Hispanic / Latino,Master's degree / Professional degree,"$168,000 or more",Independent,1.7151747954551763e-06
Other,30-44,Hispanic / Latino,Master's degree / Professional degree,"$168,000 or more",Other,1.6413922416019704e-07
Other,30-44,Hispanic / Latino,Master's degree / Professional degree,"$168,000 or more",Republican,1.473765041132807e-06
Other,30-44,Hispanic / Latino,Master's degree / Professional degree,"$30,000 to $55,999",Democrat,2.1193350851803954e-06
Other,30-44,Hispanic / Latino,Master's degree / Professional degree,"$30,000 to $55,999",Independent,1.3865146542338408e-06
Other,30-44,Hispanic / Latino,Master's degree / Professional degree,"$30,000 to $55,999",Other,1.1703389904589633e-07
Other,30-44,Hispanic / Latino,Master's degree / Professional degree,"$30,000 to $55,999",Republican,1.0916606633083606e-06
Other,30-44,Hispanic / Latino,Master's degree / Professional degree,"$56,000 to $99,999",Democrat,4.538627897659028e-06
Other,30-44,Hispanic / Latino,Master's degree / Professional degree,"$56,000 to $99,999",Independent,2.357650507728013e-06
Other,30-44,Hispanic / Latino,Master's degree / Professional degree,"$56,000 to $99,999",Other,2.1936403140162717e-07
Other,30-44,Hispanic / Latino,Master's degree / Professional degree,"$56,000 to $99,999",Republican,1.5104098007465845e-06
Other,30-44,Hispanic / Latino,Master's degree / Professional degree,"Less than $30,000",Democrat,1.7996333428100944e-06
Other,30-44,Hispanic / Latino,Master's degree / Professional degree,"Less than $30,000",Independent,1.185436611797367e-06
Other,30-44,Hispanic / Latino,Master's degree / Professional degree,"Less than $30,000",Other,9.414117101240242e-08
Other,30-44,Hispanic / Latino,Master's degree / Professional degree,"Less than $30,000",Republican,8.956360311942292e-07
Other,30-44,Hispanic / Latino,Some college or Associate's degree,"$100,000 to $167,999",Democrat,4.955244127170458e-06
Other,30-44,Hispanic / Latino,Some college or Associate's degree,"$100,000 to $167,999",Independent,9.055517885158444e-06
Other,30-44,Hispanic / Latino,Some college or Associate's degree,"$100,000 to $167,999",Other,1.1210480593188015e-06
Other,30-44,Hispanic / Latino,Some college or Associate's degree,"$100,000 to $167,999",Republican,7.909817828001677e-06
Other,30-44,Hispanic / Latino,Some college or Associate's degree,"$168,000 or more",Democrat,1.7177890962754019e-06
Other,30-44,Hispanic / Latino,Some college or Associate's degree,"$168,000 or more",Independent,2.167307341018773e-06
Other,30-44,Hispanic / Latino,Some college or Associate's degree,"$168,000 or more",Other,2.9766896652112664e-07
Other,30-44,Hispanic / Latino,Some college or Associate's degree,"$168,000 or more",Republican,1.4027287460782424e-06
Other,30-44,Hispanic / Latino,Some college or Associate's degree,"$30,000 to $55,999",Democrat,1.2374677812218586e-05
Other,30-44,Hispanic / Latino,Some college or Associate's degree,"$30,000 to $55,999",Independent,1.4748734584203467e-05
Other,30-44,Hispanic / Latino,Some college or Associate's degree,"$30,000 to $55,999",Other,1.5632001337308923e-06
Other,30-44,Hispanic / Latino,Some college or Associate's degree,"$30,000 to $55,999",Republican,7.478688043130979e-06
Other,30-44,Hispanic / Latino,Some college or Associate's degree,"$56,000 to $99,999",Democrat,1.3834063560209921e-05
Other,30-44,Hispanic / Latino,Some college or Associate's degree,"$56,000 to $99,999",Independent,1.4803807650716309e-05
Other,30-44,Hispanic / Latino,Some college or Associate's degree,"$56,000 to $99,999",Other,3.408441540777238e-06
Other,30-44,Hispanic / Latino,Some college or Associate's degree,"$56,000 to $99,999",Republican,1.1526040923635978e-05
Other,30-44,Hispanic / Latino,Some college or Associate's degree,"Less than $30,000",Democrat,1.0908867457265915e-05
Other,30-44,Hispanic / Latino,Some college or Associate's degree,"Less than $30,000",Independent,1.352911078827666e-05
Other,30-44,Hispanic / Latino,Some college or Associate's degree,"Less than $30,000",Other,1.4011655200288458e-06
Other,30-44,Hispanic / Latino,Some college or Associate's degree,"Less than $30,000",Republican,5.9447100445607126e-06
Other,30-44,Other,Bachelor's degree,"$100,000 to $167,999",Democrat,1.4866146527837925e-06
Other,30-44,Other,Bachelor's degree,"$100,000 to $167,999",Independent,2.001549595881183e-06
Other,30-44,Other,Bachelor's degree,"$100,000 to $167,999",Other,5.321646778431403e-07
Other,30-44,Other,Bachelor's degree,"$100,000 to $167,999",Republican,6.470605391284669e-07
Other,30-44,Other,Bachelor's degree,"$168,000 or more",Democrat,7.535136415526098e-07
Other,30-44,Other,Bachelor's degree,"$168,000 or more",Independent,1.058609285144664e-06
Other,30-44,Other,Bachelor's degree,"$168,000 or more",Other,2.663682310846717e-07
Other,30-44,Other,Bachelor's degree,"$168,000 or more",Republican,3.2378713492778404e-07
Other,30-44,Other,Bachelor's degree,"$30,000 to $55,999",Democrat,1.1484899290207236e-06
Other,30-44,Other,Bachelor's degree,"$30,000 to $55,999",Independent,1.5279969706224132e-06
Other,30-44,Other,Bachelor's degree,"$30,000 to $55,999",Other,4.125241917487719e-07
Other,30-44,Other,Bachelor's degree,"$30,000 to $55,999",Republican,5.016270145167486e-07
Other,30-44,Other,Bachelor's degree,"$56,000 to $99,999",Democrat,1.7708781236358935e-06
Other,30-44,Other,Bachelor's degree,"$56,000 to $99,999",Independent,2.3921890532513034e-06
Other,30-44,Other,Bachelor's degree,"$56,000 to $99,999",Other,6.333183735566767e-07
Other,30-44,Other,Bachelor's degree,"$56,000 to $99,999",Republican,7.700373187098158e-07
Other,30-44,Other,Bachelor's degree,"Less than $30,000",Democrat,9.008515624563423e-07
Other,30-44,Other,Bachelor's degree,"Less than $30,000",Independent,1.1540454145263199e-06
Other,30-44,Other,Bachelor's degree,"Less than $30,000",Other,3.2697288621500487e-07
Other,30-44,Other,Bachelor's degree,"Less than $30,000",Republican,3.9768837070709826e-07
Other,30-44,Other,Doctorate degree / Ph.D.,"$100,000 to $167,999",Democrat,1.2135377475684836e-07
Other,30-44,Other,Doctorate degree / Ph.D.,"$100,000 to $167,999",Independent,1.5040232383707145e-07
Other,30-44,Other,Doctorate degree / Ph.D.,"$100,000 to $167,999",Other,4.317532871630564e-08
Other,30-44,Other,Doctorate degree / Ph.D.,"$100,000 to $167,999",Republican,5.610530040783331e-08
Other,30-44,Other,Doctorate degree / Ph.D.,"$168,000 or more",Democrat,1.104647580592504e-07
Other,30-44,Other,Doctorate degree / Ph.D.,"$168,000 or more",Independent,1.369067945970389e-07
Other,30-44,Other,Doctorate degree / Ph.D.,"$168,000 or more",Other,3.930122693201326e-08
Other,30-44,Other,Doctorate degree / Ph.D.,"$168,000 or more",Republican,5.10709983913634e-08
Other,30-44,Other,Doctorate degree / Ph.D.,"$30,000 to $55,999",Democrat,4.9297864069934506e-08
Other,30-44,Other,Doctorate degree / Ph.D.,"$30,000 to $55,999",Independent,6.109833279746259e-08
Other,30-44,Other,Doctorate degree / Ph.D.,"$30,000 to $55,999",Other,1.7539227687773805e-08
Other,30-44,Other,Doctorate degree / Ph.D.,"$30,000 to $55,999",Republican,2.2791804199334378e-08
Other,30-44,Other,Doctorate degree / Ph.D.,"$56,000 to $99,999",Democrat,9.007948318792223e-08
Other,30-44,Other,Doctorate degree / Ph.D.,"$56,000 to $99,999",Independent,1.1164188035066754e-07
Other,30-44,Other,Doctorate degree / Ph.D.,"$56,000 to $99,999",Other,3.2048539940567434e-08
Other,30-44,Other,Doctorate degree / Ph.D.,"$56,000 to $99,999",Republican,4.164630622300061e-08
Other,30-44,Other,Doctorate degree / Ph.D.,"Less than $30,000",Democrat,1.323071193731907e-08
Other,30-44,Other,Doctorate degree / Ph.D.,"Less than $30,000",Independent,1.639775792206559e-08
Other,30-44,Other,Doctorate degree / Ph.D.,"Less than $30,000",Other,4.707231713138483e-09
Other,30-44,Other,Doctorate degree / Ph.D.,"Less than $30,000",Republican,6.116934305011416e-09
Other,30-44,Other,High school diploma / GED,"$100,000 to $167,999",Democrat,2.391810007643776e-07
Other,30-44,Other,High school diploma / GED,"$100,000 to $167,999",Independent,5.47826151399517e-07
Other,30-44,Other,High school diploma / GED,"$100,000 to $167,999",Other,1.3445324562838953e-07
Other,30-44,Other,High school diploma / GED,"$100,000 to $167,999",Republican,3.3639441634146205e-07
Other,30-44,Other,High school diploma / GED,"$168,000 or more",Democrat,7.578085829215347e-08
Other,30-44,Other,High school diploma / GED,"$168,000 or more",Independent,1.72947056232213e-07
Other,30-44,Other,High school diploma / GED,"$168,000 or more",Other,4.257425172626467e-08
Other,30-44,Other,High school diploma / GED,"$168,000 or more",Republican,1.0602639135558994e-07
Other,30-44,Other,High school diploma / GED,"$30,000 to $55,999",Democrat,5.729758298061117e-07
Other,30-44,Other,High school diploma / GED,"$30,000 to $55,999",Independent,1.3445994468731253e-06
Other,30-44,Other,High school diploma / GED,"$30,000 to $55,999",Other,3.233968161908029e-07
Other,30-44,Other,High school diploma / GED,"$30,000 to $55,999",Republican,8.345682245226213e-07
Other,30-44,Other,High school diploma / GED,"$56,000 to $99,999",Democrat,5.087448318817393e-07
Other,30-44,Other,High school diploma / GED,"$56,000 to $99,999",Independent,1.188238988331781e-06
Other,30-44,Other,High school diploma / GED,"$56,000 to $99,999",Other,2.869160851390203e-07
Other,30-44,Other,High school diploma / GED,"$56,000 to $99,999",Republican,7.359991728075975e-07
Other,30-44,Other,High school diploma / GED,"Less than $30,000",Democrat,6.699386147833743e-07
Other,30-44,Other,High school diploma / GED,"Less than $30,000",Independent,1.5305502833799574e-06
Other,30-44,Other,High school diploma / GED,"Less than $30,000",Other,2.496522136385679e-07
Other,30-44,Other,High school diploma / GED,"Less than $30,000",Republican,1.1323417272797987e-06
Other,30-44,Other,Less than high school,"$100,000 to $167,999",Democrat,1.923887207876598e-08
Other,30-44,Other,Less than high school,"$100,000 to $167,999",Independent,1.712719303876162e-07
Other,30-44,Other,Less than high school,"$100,000 to $167,999",Other,8.471656631505019e-08
Other,30-44,Other,Less than high school,"$100,000 to $167,999",Republican,4.433148795032384e-08
Other,30-44,Other,Less than high school,"$168,000 or more",Democrat,4.2801290689961605e-09
Other,30-44,Other,Less than high school,"$168,000 or more",Independent,3.81033755489342e-08
Other,30-44,Other,Less than high school,"$168,000 or more",Other,1.8847146372514658e-08
Other,30-44,Other,Less than high school,"$168,000 or more",Republican,9.862557922896945e-09
Other,30-44,Other,Less than high school,"$30,000 to $55,999",Democrat,7.217086247368191e-08
Other,30-44,Other,Less than high school,"$30,000 to $55,999",Independent,6.424931192951485e-07
Other,30-44,Other,Less than high school,"$30,000 to $55,999",Other,3.177976147320078e-07
Other,30-44,Other,Less than high school,"$30,000 to $55,999",Republican,1.6630089887898094e-07
Other,30-44,Other,Less than high school,"$56,000 to $99,999",Democrat,4.873616403444756e-08
Other,30-44,Other,Less than high school,"$56,000 to $99,999",Independent,4.3386830889530854e-07
Other,30-44,Other,Less than high school,"$56,000 to $99,999",Other,2.1460512110387038e-07
Other,30-44,Other,Less than high school,"$56,000 to $99,999",Republican,1.1230110891078294e-07
Other,30-44,Other,Less than high school,"Less than $30,000",Democrat,1.2522201396574814e-07
Other,30-44,Other,Less than high school,"Less than $30,000",Independent,1.114775126687906e-06
Other,30-44,Other,Less than high school,"Less than $30,000",Other,5.51403377848848e-07
Other,30-44,Other,Less than high school,"Less than $30,000",Republican,2.8854488872894037e-07
Other,30-44,Other,Master's degree / Professional degree,"$100,000 to $167,999",Democrat,9.552513991440898e-07
Other,30-44,Other,Master's degree / Professional degree,"$100,000 to $167,999",Independent,1.0597393319814067e-06
Other,30-44,Other,Master's degree / Professional degree,"$100,000 to $167,999",Other,1.4224533726990559e-07
Other,30-44,Other,Master's degree / Professional degree,"$100,000 to $167,999",Republican,4.1650593685614505e-07
Other,30-44,Other,Master's degree / Professional degree,"$168,000 or more",Democrat,7.364158470986854e-07
Other,30-44,Other,Master's degree / Professional degree,"$168,000 or more",Independent,8.000218248563616e-07
Other,30-44,Other,Master's degree / Professional degree,"$168,000 or more",Other,1.062882420872238e-07
Other,30-44,Other,Master's degree / Professional degree,"$168,000 or more",Republican,3.2597530122752063e-07
Other,30-44,Other,Master's degree / Professional degree,"$30,000 to $55,999",Democrat,4.906093149837268e-07
Other,30-44,Other,Master's degree / Professional degree,"$30,000 to $55,999",Independent,5.173180618597778e-07
Other,30-44,Other,Master's degree / Professional degree,"$30,000 to $55,999",Other,6.769434721249425e-08
Other,30-44,Other,Master's degree / Professional degree,"$30,000 to $55,999",Republican,2.2168548144618687e-07
Other,30-44,Other,Master's degree / Professional degree,"$56,000 to $99,999",Democrat,1.0210043515156223e-06
Other,30-44,Other,Master's degree / Professional degree,"$56,000 to $99,999",Independent,1.0933381293926314e-06
Other,30-44,Other,Master's degree / Professional degree,"$56,000 to $99,999",Other,1.4421014481435864e-07
Other,30-44,Other,Master's degree / Professional degree,"$56,000 to $99,999",Republican,4.5651919228857576e-07
Other,30-44,Other,Master's degree / Professional degree,"Less than $30,000",Democrat,3.6653067611707113e-07
Other,30-44,Other,Master's degree / Professional degree,"Less than $30,000",Independent,4.223429121781602e-07
Other,30-44,Other,Master's degree / Professional degree,"Less than $30,000",Other,5.770653319163101e-08
Other,30-44,Other,Master's degree / Professional degree,"Less than $30,000",Republican,1.552814113627657e-07
Other,30-44,Other,Some college or Associate's degree,"$100,000 to $167,999",Democrat,8.800697835568913e-07
Other,30-44,Other,Some college or Associate's degree,"$100,000 to $167,999",Independent,1.8139771249258637e-06
Other,30-44,Other,Some college or Associate's degree,"$100,000 to $167,999",Other,3.7570528515110593e-07
Other,30-44,Other,Some college or Associate's degree,"$100,000 to $167,999",Republican,8.947363479685603e-07
Other,30-44,Other,Some college or Associate's degree,"$168,000 or more",Democrat,2.658062055540609e-07
Other,30-44,Other,Some college or Associate's degree,"$168,000 or more",Independent,5.780777775580164e-07
Other,30-44,Other,Some college or Associate's degree,"$168,000 or more",Other,1.2231349880500272e-07
Other,30-44,Other,Some college or Associate's degree,"$168,000 or more",Republican,2.86114154829333e-07
Other,30-44,Other,Some college or Associate's degree,"$30,000 to $55,999",Democrat,1.5792107308195307e-06
Other,30-44,Other,Some college or Associate's degree,"$30,000 to $55,999",Independent,3.1446708477740115e-06
Other,30-44,Other,Some college or Associate's degree,"$30,000 to $55,999",Other,6.418740457330012e-07
Other,30-44,Other,Some college or Associate's degree,"$30,000 to $55,999",Republican,1.547515429948688e-06
Other,30-44,Other,Some college or Associate's degree,"$56,000 to $99,999",Democrat,2.812360122099915e-06
Other,30-44,Other,Some college or Associate's degree,"$56,000 to $99,999",Independent,2.6799807189722023e-06
Other,30-44,Other,Some college or Associate's degree,"$56,000 to $99,999",Other,5.820045183589673e-07
Other,30-44,Other,Some college or Associate's degree,"$56,000 to $99,999",Republican,1.7581861734349915e-06
Other,30-44,Other,Some college or Associate's degree,"Less than $30,000",Democrat,1.4618919494292639e-06
Other,30-44,Other,Some college or Associate's degree,"Less than $30,000",Independent,3.020232702284617e-06
Other,30-44,Other,Some college or Associate's degree,"Less than $30,000",Other,8.258921253907401e-07
Other,30-44,Other,Some college or Associate's degree,"Less than $30,000",Republican,1.6959595242776693e-06
Other,30-44,White / Caucasian,Bachelor's degree,"$100,000 to $167,999",Democrat,4.31512706980053e-05
Other,30-44,White / Caucasian,Bachelor's degree,"$100,000 to $167,999",Independent,3.65864654742888e-05
Other,30-44,White / Caucasian,Bachelor's degree,"$100,000 to $167,999",Other,6.177598510739028e-06
Other,30-44,White / Caucasian,Bachelor's degree,"$100,000 to $167,999",Republican,3.754208829063977e-05
Other,30-44,White / Caucasian,Bachelor's degree,"$168,000 or more",Democrat,2.5689388365629892e-05
Other,30-44,White / Caucasian,Bachelor's degree,"$168,000 or more",Independent,2.2948909403352252e-05
Other,30-44,White / Caucasian,Bachelor's degree,"$168,000 or more",Other,6.273144284538373e-08
Other,30-44,White / Caucasian,Bachelor's degree,"$168,000 or more",Republican,1.4809969963879347e-05
Other,30-44,White / Caucasian,Bachelor's degree,"$30,000 to $55,999",Democrat,1.7269464891414302e-05
Other,30-44,White / Caucasian,Bachelor's degree,"$30,000 to $55,999",Independent,1.959469078486635e-05
Other,30-44,White / Caucasian,Bachelor's degree,"$30,000 to $55,999",Other,4.374158592887434e-06
Other,30-44,White / Caucasian,Bachelor's degree,"$30,000 to $55,999",Republican,1.814194401095163e-05
Other,30-44,White / Caucasian,Bachelor's degree,"$56,000 to $99,999",Democrat,4.323110863965637e-05
Other,30-44,White / Caucasian,Bachelor's degree,"$56,000 to $99,999",Independent,3.138160397036923e-05
Other,30-44,White / Caucasian,Bachelor's degree,"$56,000 to $99,999",Other,6.247195738611722e-06
Other,30-44,White / Caucasian,Bachelor's degree,"$56,000 to $99,999",Republican,4.249152794094528e-05
Other,30-44,White / Caucasian,Bachelor's degree,"Less than $30,000",Democrat,1.2158852580492712e-05
Other,30-44,White / Caucasian,Bachelor's degree,"Less than $30,000",Independent,7.141318388054942e-06
Other,30-44,White / Caucasian,Bachelor's degree,"Less than $30,000",Other,4.6588211372064856e-06
Other,30-44,White / Caucasian,Bachelor's degree,"Less than $30,000",Republican,8.889661344622418e-06
Other,30-44,White / Caucasian,Doctorate degree / Ph.D.,"$100,000 to $167,999",Democrat,4.411519881925103e-06
Other,30-44,White / Caucasian,Doctorate degree / Ph.D.,"$100,000 to $167,999",Independent,1.7469896125785233e-06
Other,30-44,White / Caucasian,Doctorate degree / Ph.D.,"$100,000 to $167,999",Other,2.0218293146818703e-07
Other,30-44,White / Caucasian,Doctorate degree / Ph.D.,"$100,000 to $167,999",Republican,1.6934270140499613e-06
Other,30-44,White / Caucasian,Doctorate degree / Ph.D.,"$168,000 or more",Democrat,3.4229996243282973e-06
Other,30-44,White / Caucasian,Doctorate degree / Ph.D.,"$168,000 or more",Independent,1.7213238957763164e-06
Other,30-44,White / Caucasian,Doctorate degree / Ph.D.,"$168,000 or more",Other,2.3017146677057703e-07
Other,30-44,White / Caucasian,Doctorate degree / Ph.D.,"$168,000 or more",Republican,1.4405553921475313e-06
Other,30-44,White / Caucasian,Doctorate degree / Ph.D.,"$30,000 to $55,999",Democrat,1.066308302146334e-06
Other,30-44,White / Caucasian,Doctorate degree / Ph.D.,"$30,000 to $55,999",Independent,5.321357456739129e-07
Other,30-44,White / Caucasian,Doctorate degree / Ph.D.,"$30,000 to $55,999",Other,7.385323564022405e-08
Other,30-44,White / Caucasian,Doctorate degree / Ph.D.,"$30,000 to $55,999",Republican,4.45983845383454e-07
Other,30-44,White / Caucasian,Doctorate degree / Ph.D.,"$56,000 to $99,999",Democrat,1.9315826830614936e-06
Other,30-44,White / Caucasian,Doctorate degree / Ph.D.,"$56,000 to $99,999",Independent,1.9985032309555223e-06
Other,30-44,White / Caucasian,Doctorate degree / Ph.D.,"$56,000 to $99,999",Other,2.715865306909138e-07
Other,30-44,White / Caucasian,Doctorate degree / Ph.D.,"$56,000 to $99,999",Republican,1.1012179909746687e-06
Other,30-44,White / Caucasian,Doctorate degree / Ph.D.,"Less than $30,000",Democrat,6.585205493462543e-07
Other,30-44,White / Caucasian,Doctorate degree / Ph.D.,"Less than $30,000",Independent,3.239721811756586e-07
Other,30-44,White / Caucasian,Doctorate degree / Ph.D.,"Less than $30,000",Other,4.806767127431325e-08
Other,30-44,White / Caucasian,Doctorate degree / Ph.D.,"Less than $30,000",Republican,2.722649746079722e-07
Other,30-44,White / Caucasian,High school diploma / GED,"$100,000 to $167,999",Democrat,7.61238233325364e-06
Other,30-44,White / Caucasian,High school diploma / GED,"$100,000 to $167,999",Independent,9.04767226753054e-06
Other,30-44,White / Caucasian,High school diploma / GED,"$100,000 to $167,999",Other,1.5706392794797477e-06
Other,30-44,White / Caucasian,High school diploma / GED,"$100,000 to $167,999",Republican,8.419819757455978e-06
Other,30-44,White / Caucasian,High school diploma / GED,"$168,000 or more",Democrat,1.7270815840278488e-06
Other,30-44,White / Caucasian,High school diploma / GED,"$168,000 or more",Independent,2.4098767539573296e-06
Other,30-44,White / Caucasian,High school diploma / GED,"$168,000 or more",Other,9.580492160955685e-08
Other,30-44,White / Caucasian,High school diploma / GED,"$168,000 or more",Republican,1.9809285004894313e-06
Other,30-44,White / Caucasian,High school diploma / GED,"$30,000 to $55,999",Democrat,1.0305714780461557e-05
Other,30-44,White / Caucasian,High school diploma / GED,"$30,000 to $55,999",Independent,1.8387820005077378e-05
Other,30-44,White / Caucasian,High school diploma / GED,"$30,000 to $55,999",Other,1.2498773499801679e-06
Other,30-44,White / Caucasian,High school diploma / GED,"$30,000 to $55,999",Republican,1.9174772622197963e-05
Other,30-44,White / Caucasian,High school diploma / GED,"$56,000 to $99,999",Democrat,1.0754545151320322e-05
Other,30-44,White / Caucasian,High school diploma / GED,"$56,000 to $99,999",Independent,2.308961121740985e-05
Other,30-44,White / Caucasian,High school diploma / GED,"$56,000 to $99,999",Other,2.614561638259232e-06
Other,30-44,White / Caucasian,High school diploma / GED,"$56,000 to $99,999",Republican,2.216900346117004e-05
Other,30-44,White / Caucasian,High school diploma / GED,"Less than $30,000",Democrat,1.0450795026937858e-05
Other,30-44,White / Caucasian,High school diploma / GED,"Less than $30,000",Independent,1.8305635369937478e-05
Other,30-44,White / Caucasian,High school diploma / GED,"Less than $30,000",Other,1.161599249308051e-06
Other,30-44,White / Caucasian,High school diploma / GED,"Less than $30,000",Republican,1.3586430776472302e-05
Other,30-44,White / Caucasian,Less than high school,"$100,000 to $167,999",Democrat,4.920155173939307e-07
Other,30-44,White / Caucasian,Less than high school,"$100,000 to $167,999",Independent,1.916807346789037e-06
Other,30-44,White / Caucasian,Less than high school,"$100,000 to $167,999",Other,1.1143386472909441e-07
Other,30-44,White / Caucasian,Less than high school,"$100,000 to $167,999",Republican,1.2699082576288859e-06
Other,30-44,White / Caucasian,Less than high school,"$168,000 or more",Democrat,1.3519826235400052e-07
Other,30-44,White / Caucasian,Less than high school,"$168,000 or more",Independent,5.264285061354856e-07
Other,30-44,White / Caucasian,Less than high school,"$168,000 or more",Other,3.021296086399488e-08
Other,30-44,White / Caucasian,Less than high school,"$168,000 or more",Republican,3.478590509095353e-07
Other,30-44,White / Caucasian,Less than high school,"$30,000 to $55,999",Democrat,2.317000134287741e-06
Other,30-44,White / Caucasian,Less than high school,"$30,000 to $55,999",Independent,6.572203143672825e-06
Other,30-44,White / Caucasian,Less than high school,"$30,000 to $55,999",Republican,4.8540024372448026e-06
Other,30-44,White / Caucasian,Less than high school,"$56,000 to $99,999",Democrat,1.3840482931821838e-06
Other,30-44,White / Caucasian,Less than high school,"$56,000 to $99,999",Independent,5.3934747066141e-06
Other,30-44,White / Caucasian,Less than high school,"$56,000 to $99,999",Other,3.1558821529917846e-07
Other,30-44,White / Caucasian,Less than high school,"$56,000 to $99,999",Republican,3.577965608744383e-06
Other,30-44,White / Caucasian,Less than high school,"Less than $30,000",Democrat,2.2581514071867363e-06
Other,30-44,White / Caucasian,Less than high school,"Less than $30,000",Independent,1.0601592660293682e-05
Other,30-44,White / Caucasian,Less than high school,"Less than $30,000",Other,7.173987594348233e-07
Other,30-44,White / Caucasian,Less than high school,"Less than $30,000",Republican,5.587789038871836e-06
Other,30-44,White / Caucasian,Master's degree / Professional degree,"$100,000 to $167,999",Democrat,3.540005564894937e-05
Other,30-44,White / Caucasian,Master's degree / Professional degree,"$100,000 to $167,999",Independent,1.5971024695199163e-05
Other,30-44,White / Caucasian,Master's degree / Professional degree,"$100,000 to $167,999",Other,2.0356184837671627e-06
Other,30-44,White / Caucasian,Master's degree / Professional degree,"$100,000 to $167,999",Republican,1.5648112149147353e-05
Other,30-44,White / Caucasian,Master's degree / Professional degree,"$168,000 or more",Democrat,2.405161441551509e-05
Other,30-44,White / Caucasian,Master's degree / Professional degree,"$168,000 or more",Independent,1.5060351090343972e-05
Other,30-44,White / Caucasian,Master's degree / Professional degree,"$168,000 or more",Other,2.5976363507228396e-06
Other,30-44,White / Caucasian,Master's degree / Professional degree,"$168,000 or more",Republican,8.598487810995294e-06
Other,30-44,White / Caucasian,Master's degree / Professional degree,"$30,000 to $55,999",Democrat,9.278679741449234e-06
Other,30-44,White / Caucasian,Master's degree / Professional degree,"$30,000 to $55,999",Independent,6.320020553657669e-06
Other,30-44,White / Caucasian,Master's degree / Professional degree,"$30,000 to $55,999",Other,2.413702262587328e-06
Other,30-44,White / Caucasian,Master's degree / Professional degree,"$30,000 to $55,999",Republican,3.830043022020898e-06
Other,30-44,White / Caucasian,Master's degree / Professional degree,"$56,000 to $99,999",Democrat,2.4770034242014147e-05
Other,30-44,White / Caucasian,Master's degree / Professional degree,"$56,000 to $99,999",Independent,1.3482408681845277e-05
Other,30-44,White / Caucasian,Master's degree / Professional degree,"$56,000 to $99,999",Other,4.1220031219395386e-06
Other,30-44,White / Caucasian,Master's degree / Professional degree,"$56,000 to $99,999",Republican,1.1420086834569085e-05
Other,30-44,White / Caucasian,Master's degree / Professional degree,"Less than $30,000",Democrat,5.235039145997605e-06
Other,30-44,White / Caucasian,Master's degree / Professional degree,"Less than $30,000",Independent,3.02107194971092e-06
Other,30-44,White / Caucasian,Master's degree / Professional degree,"Less than $30,000",Other,6.111049809710034e-07
Other,30-44,White / Caucasian,Master's degree / Professional degree,"Less than $30,000",Republican,2.281203575076757e-06
Other,30-44,White / Caucasian,Some college or Associate's degree,"$100,000 to $167,999",Democrat,2.115247215736498e-05
Other,30-44,White / Caucasian,Some college or Associate's degree,"$100,000 to $167,999",Independent,2.8640917366280515e-05
Other,30-44,White / Caucasian,Some college or Associate's degree,"$100,000 to $167,999",Other,4.690098448806996e-06
Other,30-44,White / Caucasian,Some college or Associate's degree,"$100,000 to $167,999",Republican,2.7992215927368852e-05
Other,30-44,White / Caucasian,Some college or Associate's degree,"$168,000 or more",Democrat,7.863789377849333e-06
Other,30-44,White / Caucasian,Some college or Associate's degree,"$168,000 or more",Independent,6.546713361867287e-06
Other,30-44,White / Caucasian,Some college or Associate's degree,"$168,000 or more",Other,1.6052077627959582e-06
Other,30-44,White / Caucasian,Some college or Associate's degree,"$168,000 or more",Republican,4.741892389748967e-06
Other,30-44,White / Caucasian,Some college or Associate's degree,"$30,000 to $55,999",Democrat,2.7039641926948964e-05
Other,30-44,White / Caucasian,Some college or Associate's degree,"$30,000 to $55,999",Independent,3.6809950701711114e-05
Other,30-44,White / Caucasian,Some college or Associate's degree,"$30,000 to $55,999",Other,3.079806517653718e-06
Other,30-44,White / Caucasian,Some college or Associate's degree,"$30,000 to $55,999",Republican,2.9293485643397986e-05
Other,30-44,White / Caucasian,Some college or Associate's degree,"$56,000 to $99,999",Democrat,3.122446035475962e-05
Other,30-44,White / Caucasian,Some college or Associate's degree,"$56,000 to $99,999",Independent,5.428525671297456e-05
Other,30-44,White / Caucasian,Some college or Associate's degree,"$56,000 to $99,999",Other,5.2259669116441274e-06
Other,30-44,White / Caucasian,Some college or Associate's degree,"$56,000 to $99,999",Republican,4.799503071891518e-05
Other,30-44,White / Caucasian,Some college or Associate's degree,"Less than $30,000",Democrat,2.192144295516684e-05
Other,30-44,White / Caucasian,Some college or Associate's degree,"Less than $30,000",Independent,2.3407598718473845e-05
Other,30-44,White / Caucasian,Some college or Associate's degree,"Less than $30,000",Other,4.3755632393269185e-06
Other,30-44,White / Caucasian,Some college or Associate's degree,"Less than $30,000",Republican,2.1076863069781265e-05
Other,45-59,Asian / Asian American,Bachelor's degree,"$100,000 to $167,999",Democrat,2.447504356579829e-06
Other,45-59,Asian / Asian American,Bachelor's degree,"$100,000 to $167,999",Independent,1.7870009343862974e-06
Other,45-59,Asian / Asian American,Bachelor's degree,"$100,000 to $167,999",Other,1.0706480428724615e-07
Other,45-59,Asian / Asian American,Bachelor's degree,"$100,000 to $167,999",Republican,7.426006850124686e-07
Other,45-59,Asian / Asian American,Bachelor's degree,"$168,000 or more",Democrat,1.3874642051625582e-06
Other,45-59,Asian / Asian American,Bachelor's degree,"$168,000 or more",Independent,1.8005735136550569e-06
Other,45-59,Asian / Asian American,Bachelor's degree,"$168,000 or more",Other,1.1235481621904794e-07
Other,45-59,Asian / Asian American,Bachelor's degree,"$168,000 or more",Republican,9.087589577954413e-07
Other,45-59,Asian / Asian American,Bachelor's degree,"$30,000 to $55,999",Democrat,8.974860075949629e-07
Other,45-59,Asian / Asian American,Bachelor's degree,"$30,000 to $55,999",Independent,1.161971481428149e-06
Other,45-59,Asian / Asian American,Bachelor's degree,"$30,000 to $55,999",Other,7.219784099927417e-08
Other,45-59,Asian / Asian American,Bachelor's degree,"$30,000 to $55,999",Republican,5.870958600073335e-07
Other,45-59,Asian / Asian American,Bachelor's degree,"$56,000 to $99,999",Democrat,1.0591309932974812e-06
Other,45-59,Asian / Asian American,Bachelor's degree,"$56,000 to $99,999",Independent,2.1024973033244694e-06
Other,45-59,Asian / Asian American,Bachelor's degree,"$56,000 to $99,999",Other,1.0655303776745917e-07
Other,45-59,Asian / Asian American,Bachelor's degree,"$56,000 to $99,999",Republican,1.2940901462348677e-06
Other,45-59,Asian / Asian American,Bachelor's degree,"Less than $30,000",Democrat,8.584988010235005e-07
Other,45-59,Asian / Asian American,Bachelor's degree,"Less than $30,000",Independent,1.0871908442779454e-06
Other,45-59,Asian / Asian American,Bachelor's degree,"Less than $30,000",Other,6.480378633414574e-08
Other,45-59,Asian / Asian American,Bachelor's degree,"Less than $30,000",Republican,5.550356824301887e-07
Other,45-59,Asian / Asian American,Doctorate degree / Ph.D.,"$100,000 to $167,999",Democrat,3.212093365125325e-07
Other,45-59,Asian / Asian American,Doctorate degree / Ph.D.,"$100,000 to $167,999",Independent,2.0851066464738123e-07
Other,45-59,Asian / Asian American,Doctorate degree / Ph.D.,"$100,000 to $167,999",Republican,7.791005022839858e-08
Other,45-59,Asian / Asian American,Doctorate degree / Ph.D.,"$168,000 or more",Democrat,5.420008364118935e-07
Other,45-59,Asian / Asian American,Doctorate degree / Ph.D.,"$168,000 or more",Independent,3.5183583349941267e-07
Other,45-59,Asian / Asian American,Doctorate degree / Ph.D.,"$168,000 or more",Republican,1.3146352732818868e-07
Other,45-59,Asian / Asian American,Doctorate degree / Ph.D.,"$30,000 to $55,999",Democrat,1.0957986516726379e-07
Other,45-59,Asian / Asian American,Doctorate degree / Ph.D.,"$30,000 to $55,999",Independent,7.113295885502727e-08
Other,45-59,Asian / Asian American,Doctorate degree / Ph.D.,"$30,000 to $55,999",Republican,2.657884385272085e-08
Other,45-59,Asian / Asian American,Doctorate degree / Ph.D.,"$56,000 to $99,999",Democrat,2.2382322811194767e-07
Other,45-59,Asian / Asian American,Doctorate degree / Ph.D.,"$56,000 to $99,999",Independent,1.4529319279398874e-07
Other,45-59,Asian / Asian American,Doctorate degree / Ph.D.,"$56,000 to $99,999",Republican,5.4288829626855434e-08
Other,45-59,Asian / Asian American,Doctorate degree / Ph.D.,"Less than $30,000",Democrat,7.480537225043827e-08
Other,45-59,Asian / Asian American,Doctorate degree / Ph.D.,"Less than $30,000",Independent,4.855935402277783e-08
Other,45-59,Asian / Asian American,Doctorate degree / Ph.D.,"Less than $30,000",Republican,1.8144212035251054e-08
Other,45-59,Asian / Asian American,High school diploma / GED,"$100,000 to $167,999",Democrat,3.576774903129733e-07
Other,45-59,Asian / Asian American,High school diploma / GED,"$100,000 to $167,999",Independent,6.004498545302649e-07
Other,45-59,Asian / Asian American,High school diploma / GED,"$100,000 to $167,999",Republican,1.0649331216314775e-07
Other,45-59,Asian / Asian American,High school diploma / GED,"$168,000 or more",Democrat,1.3008564339973096e-07
Other,45-59,Asian / Asian American,High school diploma / GED,"$168,000 or more",Independent,2.172188662893981e-07
Other,45-59,Asian / Asian American,High school diploma / GED,"$168,000 or more",Republican,3.98591015250946e-08
Other,45-59,Asian / Asian American,High school diploma / GED,"$30,000 to $55,999",Democrat,5.372576278993412e-07
Other,45-59,Asian / Asian American,High school diploma / GED,"$30,000 to $55,999",Independent,8.883892858047635e-07
Other,45-59,Asian / Asian American,High school diploma / GED,"$30,000 to $55,999",Republican,1.7309512760135145e-07
Other,45-59,Asian / Asian American,High school diploma / GED,"$56,000 to $99,999",Democrat,5.797321504187797e-07
Other,45-59,Asian / Asian American,High school diploma / GED,"$56,000 to $99,999",Independent,9.704485916648857e-07
Other,45-59,Asian / Asian American,High school diploma / GED,"$56,000 to $99,999",Republican,1.753004945445975e-07
Other,45-59,Asian / Asian American,High school diploma / GED,"Less than $30,000",Democrat,4.685140238632584e-07
Other,45-59,Asian / Asian American,High school diploma / GED,"Less than $30,000",Independent,7.815189205013827e-07
Other,45-59,Asian / Asian American,High school diploma / GED,"Less than $30,000",Republican,1.4434452616486526e-07
Other,45-59,Asian / Asian American,Less than high school,"$100,000 to $167,999",Democrat,2.1069942159403828e-07
Other,45-59,Asian / Asian American,Less than high school,"$100,000 to $167,999",Independent,3.020938167425374e-07
Other,45-59,Asian / Asian American,Less than high school,"$100,000 to $167,999",Republican,1.1863001959644562e-07
Other,45-59,Asian / Asian American,Less than high school,"$168,000 or more",Democrat,9.155524334129809e-08
Other,45-59,Asian / Asian American,Less than high school,"$168,000 or more",Independent,1.3126886013505374e-07
Other,45-59,Asian / Asian American,Less than high school,"$168,000 or more",Republican,5.1548315745556134e-08
Other,45-59,Asian / Asian American,Less than high school,"$30,000 to $55,999",Democrat,5.289115614529322e-07
Other,45-59,Asian / Asian American,Less than high school,"$30,000 to $55,999",Independent,7.583357899597214e-07
Other,45-59,Asian / Asian American,Less than high school,"$30,000 to $55,999",Republican,2.9779288630815737e-07
Other,45-59,Asian / Asian American,Less than high school,"$56,000 to $99,999",Democrat,4.336919727302163e-07
Other,45-59,Asian / Asian American,Less than high school,"$56,000 to $99,999",Independent,6.218131133985919e-07
Other,45-59,Asian / Asian American,Less than high school,"$56,000 to $99,999",Republican,2.4418143549978546e-07
Other,45-59,Asian / Asian American,Less than high school,"Less than $30,000",Democrat,5.299083976837291e-07
Other,45-59,Asian / Asian American,Less than high school,"Less than $30,000",Independent,7.597650205639181e-07
Other,45-59,Asian / Asian American,Less than high school,"Less than $30,000",Republican,2.983541346528335e-07
Other,45-59,Asian / Asian American,Master's degree / Professional degree,"$100,000 to $167,999",Democrat,9.974730764095457e-07
Other,45-59,Asian / Asian American,Master's degree / Professional degree,"$100,000 to $167,999",Independent,1.2505960747437401e-06
Other,45-59,Asian / Asian American,Master's degree / Professional degree,"$100,000 to $167,999",Other,6.922954792347708e-08
Other,45-59,Asian / Asian American,Master's degree / Professional degree,"$100,000 to $167,999",Republican,4.336468581132076e-07
Other,45-59,Asian / Asian American,Master's degree / Professional degree,"$168,000 or more",Democrat,1.7895894650187993e-06
Other,45-59,Asian / Asian American,Master's degree / Professional degree,"$168,000 or more",Independent,1.8535388900377874e-06
Other,45-59,Asian / Asian American,Master's degree / Professional degree,"$168,000 or more",Other,2.9196711186173693e-08
Other,45-59,Asian / Asian American,Master's degree / Professional degree,"$168,000 or more",Republican,6.302019751541068e-07
Other,45-59,Asian / Asian American,Master's degree / Professional degree,"$30,000 to $55,999",Democrat,3.96051990406929e-07
Other,45-59,Asian / Asian American,Master's degree / Professional degree,"$30,000 to $55,999",Independent,4.971837522175962e-07
Other,45-59,Asian / Asian American,Master's degree / Professional degree,"$30,000 to $55,999",Other,1.3252724512805468e-08
Other,45-59,Asian / Asian American,Master's degree / Professional degree,"$30,000 to $55,999",Republican,1.257533108114145e-07
Other,45-59,Asian / Asian American,Master's degree / Professional degree,"$56,000 to $99,999",Democrat,7.475598513669693e-07
Other,45-59,Asian / Asian American,Master's degree / Professional degree,"$56,000 to $99,999",Independent,8.33549118414501e-07
Other,45-59,Asian / Asian American,Master's degree / Professional degree,"$56,000 to $99,999",Other,2.3774482011231733e-08
Other,45-59,Asian / Asian American,Master's degree / Professional degree,"$56,000 to $99,999",Republican,2.2040455258634832e-07
Other,45-59,Asian / Asian American,Master's degree / Professional degree,"Less than $30,000",Democrat,3.7290720125885796e-07
Other,45-59,Asian / Asian American,Master's degree / Professional degree,"Less than $30,000",Independent,3.9658599626609155e-07
Other,45-59,Asian / Asian American,Master's degree / Professional degree,"Less than $30,000",Other,1.1632265779378998e-08
Other,45-59,Asian / Asian American,Master's degree / Professional degree,"Less than $30,000",Republican,1.0683852219266445e-07
Other,45-59,Asian / Asian American,Some college or Associate's degree,"$100,000 to $167,999",Democrat,1.178062347854027e-06
Other,45-59,Asian / Asian American,Some college or Associate's degree,"$100,000 to $167,999",Independent,7.422264781460869e-07
Other,45-59,Asian / Asian American,Some college or Associate's degree,"$100,000 to $167,999",Other,8.052556567970387e-09
Other,45-59,Asian / Asian American,Some college or Associate's degree,"$100,000 to $167,999",Republican,3.8659553851602067e-07
Other,45-59,Asian / Asian American,Some college or Associate's degree,"$168,000 or more",Democrat,6.177026264094987e-07
Other,45-59,Asian / Asian American,Some college or Associate's degree,"$168,000 or more",Independent,3.8835014446994785e-07
Other,45-59,Asian / Asian American,Some college or Associate's degree,"$168,000 or more",Other,4.415848892473543e-09
Other,45-59,Asian / Asian American,Some college or Associate's degree,"$168,000 or more",Republican,2.049510089849818e-07
Other,45-59,Asian / Asian American,Some college or Associate's degree,"$30,000 to $55,999",Democrat,1.18980451748483e-06
Other,45-59,Asian / Asian American,Some college or Associate's degree,"$30,000 to $55,999",Independent,7.479872723597215e-07
Other,45-59,Asian / Asian American,Some college or Associate's degree,"$30,000 to $55,999",Other,8.515955128394133e-09
Other,45-59,Asian / Asian American,Some college or Associate's degree,"$30,000 to $55,999",Republican,3.9489071659848104e-07
Other,45-59,Asian / Asian American,Some college or Associate's degree,"$56,000 to $99,999",Democrat,1.6107588374206628e-06
Other,45-59,Asian / Asian American,Some college or Associate's degree,"$56,000 to $99,999",Independent,1.0165338497968558e-06
Other,45-59,Asian / Asian American,Some college or Associate's degree,"$56,000 to $99,999",Other,1.0614447367913509e-08
Other,45-59,Asian / Asian American,Some college or Associate's degree,"$56,000 to $99,999",Republican,5.240018177994849e-07
Other,45-59,Asian / Asian American,Some college or Associate's degree,"Less than $30,000",Democrat,9.873506887626233e-07
Other,45-59,Asian / Asian American,Some college or Associate's degree,"Less than $30,000",Independent,6.199129686586066e-07
Other,45-59,Asian / Asian American,Some college or Associate's degree,"Less than $30,000",Other,7.253849461379292e-09
Other,45-59,Asian / Asian American,Some college or Associate's degree,"Less than $30,000",Republican,3.2986454248253463e-07
Other,45-59,Black / African American,Bachelor's degree,"$100,000 to $167,999",Democrat,2.3974994358656644e-06
Other,45-59,Black / African American,Bachelor's degree,"$100,000 to $167,999",Independent,1.1140014761310348e-06
Other,45-59,Black / African American,Bachelor's degree,"$100,000 to $167,999",Other,4.949953556470592e-07
Other,45-59,Black / African American,Bachelor's degree,"$100,000 to $167,999",Republican,4.727905245793655e-07
Other,45-59,Black / African American,Bachelor's degree,"$168,000 or more",Democrat,9.464539573450122e-07
Other,45-59,Black / African American,Bachelor's degree,"$168,000 or more",Independent,4.7249028918243243e-07
Other,45-59,Black / African American,Bachelor's degree,"$168,000 or more",Other,2.3054575640710727e-07
Other,45-59,Black / African American,Bachelor's degree,"$168,000 or more",Republican,1.9763653877781135e-07
Other,45-59,Black / African American,Bachelor's degree,"$30,000 to $55,999",Democrat,2.3411746029636924e-06
Other,45-59,Black / African American,Bachelor's degree,"$30,000 to $55,999",Independent,1.0073267039084097e-06
Other,45-59,Black / African American,Bachelor's degree,"$30,000 to $55,999",Other,3.969118512096243e-07
Other,45-59,Black / African American,Bachelor's degree,"$30,000 to $55,999",Republican,4.346321948273691e-07
Other,45-59,Black / African American,Bachelor's degree,"$56,000 to $99,999",Democrat,3.259886865746939e-06
Other,45-59,Black / African American,Bachelor's degree,"$56,000 to $99,999",Independent,1.3463090159811468e-06
Other,45-59,Black / African American,Bachelor's degree,"$56,000 to $99,999",Other,5.494394431233613e-07
Other,45-59,Black / African American,Bachelor's degree,"$56,000 to $99,999",Republican,8.714385555686144e-07
Other,45-59,Black / African American,Bachelor's degree,"Less than $30,000",Democrat,2.1105788747813345e-06
Other,45-59,Black / African American,Bachelor's degree,"Less than $30,000",Independent,9.114908756800207e-07
Other,45-59,Black / African American,Bachelor's degree,"Less than $30,000",Other,3.6144926548419773e-07
Other,45-59,Black / African American,Bachelor's degree,"Less than $30,000",Republican,3.929590575645451e-07
Other,45-59,Black / African American,Doctorate degree / Ph.D.,"$100,000 to $167,999",Democrat,1.8362794037553328e-07
Other,45-59,Black / African American,Doctorate degree / Ph.D.,"$100,000 to $167,999",Independent,6.700915597604708e-08
Other,45-59,Black / African American,Doctorate degree / Ph.D.,"$100,000 to $167,999",Other,1.2288578738276376e-08
Other,45-59,Black / African American,Doctorate degree / Ph.D.,"$100,000 to $167,999",Republican,3.0156911568797756e-08
Other,45-59,Black / African American,Doctorate degree / Ph.D.,"$168,000 or more",Democrat,1.6124780483761309e-07
Other,45-59,Black / African American,Doctorate degree / Ph.D.,"$168,000 or more",Independent,5.884223981961354e-08
Other,45-59,Black / African American,Doctorate degree / Ph.D.,"$168,000 or more",Other,1.0790876062046433e-08
Other,45-59,Black / African American,Doctorate degree / Ph.D.,"$168,000 or more",Republican,2.648145909171553e-08
Other,45-59,Black / African American,Doctorate degree / Ph.D.,"$30,000 to $55,999",Democrat,6.78556025455901e-08
Other,45-59,Black / African American,Doctorate degree / Ph.D.,"$30,000 to $55,999",Independent,2.4761736397670483e-08
Other,45-59,Black / African American,Doctorate degree / Ph.D.,"$30,000 to $55,999",Other,4.540969707602153e-09
Other,45-59,Black / African American,Doctorate degree / Ph.D.,"$30,000 to $55,999",Republican,1.1143812870906108e-08
Other,45-59,Black / African American,Doctorate degree / Ph.D.,"$56,000 to $99,999",Democrat,1.5863457086284538e-07
Other,45-59,Black / African American,Doctorate degree / Ph.D.,"$56,000 to $99,999",Independent,5.78886234872678e-08
Other,45-59,Black / African American,Doctorate degree / Ph.D.,"$56,000 to $99,999",Other,1.0615995641371892e-08
Other,45-59,Black / African American,Doctorate degree / Ph.D.,"$56,000 to $99,999",Republican,2.605229201766088e-08
Other,45-59,Black / African American,Doctorate degree / Ph.D.,"Less than $30,000",Democrat,6.351815540596004e-08
Other,45-59,Black / African American,Doctorate degree / Ph.D.,"Less than $30,000",Independent,2.317892350262343e-08
Other,45-59,Black / African American,Doctorate degree / Ph.D.,"Less than $30,000",Other,4.250703092459324e-09
Other,45-59,Black / African American,Doctorate degree / Ph.D.,"Less than $30,000",Republican,1.0431481133390282e-08
Other,45-59,Black / African American,High school diploma / GED,"$100,000 to $167,999",Democrat,1.5213412082752052e-06
Other,45-59,Black / African American,High school diploma / GED,"$100,000 to $167,999",Independent,6.290221859056703e-07
Other,45-59,Black / African American,High school diploma / GED,"$100,000 to $167,999",Other,9.282007877675421e-08
Other,45-59,Black / African American,High school diploma / GED,"$100,000 to $167,999",Republican,1.4447981072330804e-07
Other,45-59,Black / African American,High school diploma / GED,"$168,000 or more",Democrat,3.432070517570141e-07
Other,45-59,Black / African American,High school diploma / GED,"$168,000 or more",Independent,1.4198734139368607e-07
Other,45-59,Black / African American,High school diploma / GED,"$168,000 or more",Other,2.136760337688639e-08
Other,45-59,Black / African American,High school diploma / GED,"$168,000 or more",Republican,3.265494143629755e-08
Other,45-59,Black / African American,High school diploma / GED,"$30,000 to $55,999",Democrat,4.672485963703836e-06
Other,45-59,Black / African American,High school diploma / GED,"$30,000 to $55,999",Independent,1.7648849129672559e-06
Other,45-59,Black / African American,High school diploma / GED,"$30,000 to $55,999",Other,2.5048884055821667e-07
Other,45-59,Black / African American,High school diploma / GED,"$30,000 to $55,999",Republican,4.958829534759858e-07
Other,45-59,Black / African American,High school diploma / GED,"$56,000 to $99,999",Democrat,3.6680609532903195e-06
Other,45-59,Black / African American,High school diploma / GED,"$56,000 to $99,999",Independent,1.7650413350017847e-06
Other,45-59,Black / African American,High school diploma / GED,"$56,000 to $99,999",Other,1.8218237517027363e-07
Other,45-59,Black / African American,High school diploma / GED,"$56,000 to $99,999",Republican,4.512055771794308e-07
Other,45-59,Black / African American,High school diploma / GED,"Less than $30,000",Democrat,7.74876766783413e-06
Other,45-59,Black / African American,High school diploma / GED,"Less than $30,000",Independent,2.4143833971888713e-06
Other,45-59,Black / African American,High school diploma / GED,"Less than $30,000",Other,6.450575884972354e-07
Other,45-59,Black / African American,High school diploma / GED,"Less than $30,000",Republican,7.140374214093155e-07
Other,45-59,Black / African American,Less than high school,"$100,000 to $167,999",Democrat,2.0922608380580212e-07
Other,45-59,Black / African American,Less than high school,"$100,000 to $167,999",Independent,2.1328298236304336e-07
Other,45-59,Black / African American,Less than high school,"$100,000 to $167,999",Other,1.715603746678397e-08
Other,45-59,Black / African American,Less than high school,"$100,000 to $167,999",Republican,6.046699294148376e-09
Other,45-59,Black / African American,Less than high school,"$168,000 or more",Democrat,5.877358991239146e-08
Other,45-59,Black / African American,Less than high school,"$168,000 or more",Independent,5.9423956536987915e-08
Other,45-59,Black / African American,Less than high school,"$168,000 or more",Other,4.875462464801489e-09
Other,45-59,Black / African American,Less than high school,"$168,000 or more",Republican,1.7190043266605387e-09
Other,45-59,Black / African American,Less than high school,"$30,000 to $55,999",Democrat,1.078790021064866e-06
Other,45-59,Black / African American,Less than high school,"$30,000 to $55,999",Independent,1.0634867795284296e-06
Other,45-59,Black / African American,Less than high school,"$30,000 to $55,999",Other,9.261655359870551e-08
Other,45-59,Black / African American,Less than high school,"$30,000 to $55,999",Republican,3.268980384811052e-08
Other,45-59,Black / African American,Less than high school,"$56,000 to $99,999",Democrat,6.697054139275598e-07
Other,45-59,Black / African American,Less than high school,"$56,000 to $99,999",Independent,6.925606171795131e-07
Other,45-59,Black / African American,Less than high school,"$56,000 to $99,999",Other,5.378115830362778e-08
Other,45-59,Black / African American,Less than high school,"$56,000 to $99,999",Republican,1.8942583635601e-08
Other,45-59,Black / African American,Less than high school,"Less than $30,000",Democrat,2.9336815413763577e-06
Other,45-59,Black / African American,Less than high school,"Less than $30,000",Independent,3.099006038254139e-06
Other,45-59,Black / African American,Less than high school,"Less than $30,000",Other,2.888532837144724e-09
Other,45-59,Black / African American,Less than high school,"Less than $30,000",Republican,1.329510591445149e-07
Other,45-59,Black / African American,Master's degree / Professional degree,"$100,000 to $167,999",Democrat,1.7731556446593434e-06
Other,45-59,Black / African American,Master's degree / Professional degree,"$100,000 to $167,999",Independent,8.71299766825633e-07
Other,45-59,Black / African American,Master's degree / Professional degree,"$100,000 to $167,999",Other,6.285286973372609e-08
Other,45-59,Black / African American,Master's degree / Professional degree,"$100,000 to $167,999",Republican,2.2953818011599615e-07
Other,45-59,Black / African American,Master's degree / Professional degree,"$168,000 or more",Democrat,1.0439068757289984e-06
Other,45-59,Black / African American,Master's degree / Professional degree,"$168,000 or more",Independent,5.653533518597962e-07
Other,45-59,Black / African American,Master's degree / Professional degree,"$168,000 or more",Other,4.236094306594601e-08
Other,45-59,Black / African American,Master's degree / Professional degree,"$168,000 or more",Republican,1.4356272020531906e-07
Other,45-59,Black / African American,Master's degree / Professional degree,"$30,000 to $55,999",Democrat,1.1116327988743905e-06
Other,45-59,Black / African American,Master's degree / Professional degree,"$30,000 to $55,999",Independent,5.059051938123233e-07
Other,45-59,Black / African American,Master's degree / Professional degree,"$30,000 to $55,999",Other,3.5279621721538005e-08
Other,45-59,Black / African American,Master's degree / Professional degree,"$30,000 to $55,999",Republican,1.3741572265901404e-07
Other,45-59,Black / African American,Master's degree / Professional degree,"$56,000 to $99,999",Democrat,1.9412593019424237e-06
Other,45-59,Black / African American,Master's degree / Professional degree,"$56,000 to $99,999",Independent,8.583543391762843e-07
Other,45-59,Black / African American,Master's degree / Professional degree,"$56,000 to $99,999",Other,5.9041136611360664e-08
Other,45-59,Black / African American,Master's degree / Professional degree,"$56,000 to $99,999",Republican,2.3593149225461629e-07
Other,45-59,Black / African American,Master's degree / Professional degree,"Less than $30,000",Democrat,7.844695365628726e-07
Other,45-59,Black / African American,Master's degree / Professional degree,"Less than $30,000",Independent,3.5635408216506874e-07
Other,45-59,Black / African American,Master's degree / Professional degree,"Less than $30,000",Other,2.4829155210272088e-08
Other,45-59,Black / African American,Master's degree / Professional degree,"Less than $30,000",Republican,9.68671141870007e-08
Other,45-59,Black / African American,Some college or Associate's degree,"$100,000 to $167,999",Democrat,3.739756499806659e-06
Other,45-59,Black / African American,Some college or Associate's degree,"$100,000 to $167,999",Independent,1.2109807402121226e-06
Other,45-59,Black / African American,Some college or Associate's degree,"$100,000 to $167,999",Other,6.662546264785975e-08
Other,45-59,Black / African American,Some college or Associate's degree,"$100,000 to $167,999",Republican,2.285066161022103e-07
Other,45-59,Black / African American,Some college or Associate's degree,"$168,000 or more",Democrat,8.626341559078505e-07
Other,45-59,Black / African American,Some college or Associate's degree,"$168,000 or more",Independent,4.3910066437667924e-07
Other,45-59,Black / African American,Some college or Associate's degree,"$168,000 or more",Other,3.0531754718397984e-08
Other,45-59,Black / African American,Some college or Associate's degree,"$168,000 or more",Republican,9.153144192252707e-08
Other,45-59,Black / African American,Some college or Associate's degree,"$30,000 to $55,999",Democrat,6.35932597674391e-06
Other,45-59,Black / African American,Some college or Associate's degree,"$30,000 to $55,999",Independent,3.6124618945628045e-06
Other,45-59,Black / African American,Some college or Associate's degree,"$30,000 to $55,999",Other,2.1542564413100952e-07
Other,45-59,Black / African American,Some college or Associate's degree,"$30,000 to $55,999",Republican,5.63303684357617e-07
Other,45-59,Black / African American,Some college or Associate's degree,"$56,000 to $99,999",Democrat,6.86778285203553e-06
Other,45-59,Black / African American,Some college or Associate's degree,"$56,000 to $99,999",Independent,3.2990019833524553e-06
Other,45-59,Black / African American,Some college or Associate's degree,"$56,000 to $99,999",Other,3.1656366383752344e-07
Other,45-59,Black / African American,Some college or Associate's degree,"$56,000 to $99,999",Republican,2.5004635755083846e-07
Other,45-59,Black / African American,Some college or Associate's degree,"Less than $30,000",Democrat,8.421600395560935e-06
Other,45-59,Black / African American,Some college or Associate's degree,"Less than $30,000",Independent,4.048782307612953e-06
Other,45-59,Black / African American,Some college or Associate's degree,"Less than $30,000",Other,3.3964634867086125e-07
Other,45-59,Black / African American,Some college or Associate's degree,"Less than $30,000",Republican,8.401928561815843e-07
Other,45-59,Hispanic / Latino,Bachelor's degree,"$100,000 to $167,999",Democrat,1.4938801856103933e-06
Other,45-59,Hispanic / Latino,Bachelor's degree,"$100,000 to $167,999",Independent,1.7812518879760833e-06
Other,45-59,Hispanic / Latino,Bachelor's degree,"$100,000 to $167,999",Other,7.727157510761907e-08
Other,45-59,Hispanic / Latino,Bachelor's degree,"$100,000 to $167,999",Republican,1.7056484317893293e-06
Other,45-59,Hispanic / Latino,Bachelor's degree,"$168,000 or more",Democrat,8.690392295950086e-07
Other,45-59,Hispanic / Latino,Bachelor's degree,"$168,000 or more",Independent,1.0693637208458253e-06
Other,45-59,Hispanic / Latino,Bachelor's degree,"$168,000 or more",Other,4.974769743220471e-08
Other,45-59,Hispanic / Latino,Bachelor's degree,"$168,000 or more",Republican,8.947075546279503e-07
Other,45-59,Hispanic / Latino,Bachelor's degree,"$30,000 to $55,999",Democrat,1.3485739608956987e-06
Other,45-59,Hispanic / Latino,Bachelor's degree,"$30,000 to $55,999",Independent,1.6685453696056651e-06
Other,45-59,Hispanic / Latino,Bachelor's degree,"$30,000 to $55,999",Other,7.246767019073467e-08
Other,45-59,Hispanic / Latino,Bachelor's degree,"$30,000 to $55,999",Republican,1.4236412812679516e-06
Other,45-59,Hispanic / Latino,Bachelor's degree,"$56,000 to $99,999",Democrat,2.340382585751545e-06
Other,45-59,Hispanic / Latino,Bachelor's degree,"$56,000 to $99,999",Independent,2.132959303641785e-06
Other,45-59,Hispanic / Latino,Bachelor's degree,"$56,000 to $99,999",Other,1.2943710013761793e-07
Other,45-59,Hispanic / Latino,Bachelor's degree,"$56,000 to $99,999",Republican,1.8391258434853015e-06
Other,45-59,Hispanic / Latino,Bachelor's degree,"Less than $30,000",Democrat,1.0847521885602688e-06
Other,45-59,Hispanic / Latino,Bachelor's degree,"Less than $30,000",Independent,1.3448348814471479e-06
Other,45-59,Hispanic / Latino,Bachelor's degree,"Less than $30,000",Other,5.6884613467375544e-08
Other,45-59,Hispanic / Latino,Bachelor's degree,"Less than $30,000",Republican,1.1556076014569225e-06
Other,45-59,Hispanic / Latino,Doctorate degree / Ph.D.,"$100,000 to $167,999",Democrat,8.818054359024086e-08
Other,45-59,Hispanic / Latino,Doctorate degree / Ph.D.,"$100,000 to $167,999",Independent,1.4904514895677364e-07
Other,45-59,Hispanic / Latino,Doctorate degree / Ph.D.,"$100,000 to $167,999",Other,1.55812463281104e-08
Other,45-59,Hispanic / Latino,Doctorate degree / Ph.D.,"$100,000 to $167,999",Republican,4.5406764301212104e-08
Other,45-59,Hispanic / Latino,Doctorate degree / Ph.D.,"$168,000 or more",Democrat,8.413885244664177e-08
Other,45-59,Hispanic / Latino,Doctorate degree / Ph.D.,"$168,000 or more",Independent,1.422137728503366e-07
Other,45-59,Hispanic / Latino,Doctorate degree / Ph.D.,"$168,000 or more",Other,1.4867091223973227e-08
Other,45-59,Hispanic / Latino,Doctorate degree / Ph.D.,"$168,000 or more",Republican,4.332557825195742e-08
Other,45-59,Hispanic / Latino,Doctorate degree / Ph.D.,"$30,000 to $55,999",Democrat,4.0577903148072615e-08
Other,45-59,Hispanic / Latino,Doctorate degree / Ph.D.,"$30,000 to $55,999",Independent,6.858587362719954e-08
Other,45-59,Hispanic / Latino,Doctorate degree / Ph.D.,"$30,000 to $55,999",Other,7.1699978100191565e-09
Other,45-59,Hispanic / Latino,Doctorate degree / Ph.D.,"$30,000 to $55,999",Republican,2.0894759876325595e-08
Other,45-59,Hispanic / Latino,Doctorate degree / Ph.D.,"$56,000 to $99,999",Democrat,7.235130021113474e-08
Other,45-59,Hispanic / Latino,Doctorate degree / Ph.D.,"$56,000 to $99,999",Independent,1.2229013201930718e-07
Other,45-59,Hispanic / Latino,Doctorate degree / Ph.D.,"$56,000 to $99,999",Other,1.278426492795536e-08
Other,45-59,Hispanic / Latino,Doctorate degree / Ph.D.,"$56,000 to $99,999",Republican,3.7255819728659674e-08
Other,45-59,Hispanic / Latino,Doctorate degree / Ph.D.,"Less than $30,000",Democrat,4.345050797614148e-08
Other,45-59,Hispanic / Latino,Doctorate degree / Ph.D.,"Less than $30,000",Independent,7.34412283013893e-08
Other,45-59,Hispanic / Latino,Doctorate degree / Ph.D.,"Less than $30,000",Other,7.677578752561838e-09
Other,45-59,Hispanic / Latino,Doctorate degree / Ph.D.,"Less than $30,000",Republican,2.237394887934149e-08
Other,45-59,Hispanic / Latino,High school diploma / GED,"$100,000 to $167,999",Democrat,1.6223999424360332e-06
Other,45-59,Hispanic / Latino,High school diploma / GED,"$100,000 to $167,999",Independent,1.5412420940940911e-06
Other,45-59,Hispanic / Latino,High school diploma / GED,"$100,000 to $167,999",Other,2.2666366910305835e-07
Other,45-59,Hispanic / Latino,High school diploma / GED,"$100,000 to $167,999",Republican,1.1093684883703986e-06
Other,45-59,Hispanic / Latino,High school diploma / GED,"$168,000 or more",Democrat,4.2520549632304677e-07
Other,45-59,Hispanic / Latino,High school diploma / GED,"$168,000 or more",Independent,4.041421144913023e-07
Other,45-59,Hispanic / Latino,High school diploma / GED,"$168,000 or more",Other,5.8681896021407556e-08
Other,45-59,Hispanic / Latino,High school diploma / GED,"$168,000 or more",Republican,2.896030430651776e-07
Other,45-59,Hispanic / Latino,High school diploma / GED,"$30,000 to $55,999",Democrat,3.743414762920712e-06
Other,45-59,Hispanic / Latino,High school diploma / GED,"$30,000 to $55,999",Independent,2.775774878527886e-06
Other,45-59,Hispanic / Latino,High school diploma / GED,"$30,000 to $55,999",Other,4.476038432138519e-08
Other,45-59,Hispanic / Latino,High school diploma / GED,"$30,000 to $55,999",Republican,2.257723752665415e-06
Other,45-59,Hispanic / Latino,High school diploma / GED,"$56,000 to $99,999",Democrat,3.085402386043665e-06
Other,45-59,Hispanic / Latino,High school diploma / GED,"$56,000 to $99,999",Independent,2.212686472156342e-06
Other,45-59,Hispanic / Latino,High school diploma / GED,"$56,000 to $99,999",Other,4.632280821607665e-07
Other,45-59,Hispanic / Latino,High school diploma / GED,"$56,000 to $99,999",Republican,3.3054211641068344e-06
Other,45-59,Hispanic / Latino,High school diploma / GED,"Less than $30,000",Democrat,3.297942030974373e-06
Other,45-59,Hispanic / Latino,High school diploma / GED,"Less than $30,000",Independent,3.2400716308073235e-06
Other,45-59,Hispanic / Latino,High school diploma / GED,"Less than $30,000",Other,7.089773857812518e-07
Other,45-59,Hispanic / Latino,High school diploma / GED,"Less than $30,000",Republican,1.6344336240274409e-06
Other,45-59,Hispanic / Latino,Less than high school,"$100,000 to $167,999",Democrat,1.6284598476905494e-06
Other,45-59,Hispanic / Latino,Less than high school,"$100,000 to $167,999",Independent,1.4623075792914958e-06
Other,45-59,Hispanic / Latino,Less than high school,"$100,000 to $167,999",Other,1.5449134300767835e-08
Other,45-59,Hispanic / Latino,Less than high school,"$100,000 to $167,999",Republican,9.143186667566837e-07
Other,45-59,Hispanic / Latino,Less than high school,"$168,000 or more",Democrat,3.736415986783591e-07
Other,45-59,Hispanic / Latino,Less than high school,"$168,000 or more",Independent,3.3592119788551594e-07
Other,45-59,Hispanic / Latino,Less than high school,"$168,000 or more",Other,3.522693565658587e-09
Other,45-59,Hispanic / Latino,Less than high school,"$168,000 or more",Republican,2.1006652895779156e-07
Other,45-59,Hispanic / Latino,Less than high school,"$30,000 to $55,999",Democrat,4.139184945307983e-06
Other,45-59,Hispanic / Latino,Less than high school,"$30,000 to $55,999",Independent,3.6471253540162046e-06
Other,45-59,Hispanic / Latino,Less than high school,"$30,000 to $55,999",Other,4.783571497144116e-08
Other,45-59,Hispanic / Latino,Less than high school,"$30,000 to $55,999",Republican,3.907158072016052e-06
Other,45-59,Hispanic / Latino,Less than high school,"$56,000 to $99,999",Democrat,5.789890741259616e-06
Other,45-59,Hispanic / Latino,Less than high school,"$56,000 to $99,999",Independent,3.3044197603725727e-06
Other,45-59,Hispanic / Latino,Less than high school,"$56,000 to $99,999",Republican,1.5072583124052605e-06
Other,45-59,Hispanic / Latino,Less than high school,"Less than $30,000",Democrat,4.77594283260871e-06
Other,45-59,Hispanic / Latino,Less than high school,"Less than $30,000",Independent,6.059846150197532e-06
Other,45-59,Hispanic / Latino,Less than high school,"Less than $30,000",Other,1.4484477824524522e-07
Other,45-59,Hispanic / Latino,Less than high school,"Less than $30,000",Republican,2.3031249549606287e-06
Other,45-59,Hispanic / Latino,Master's degree / Professional degree,"$100,000 to $167,999",Democrat,8.389789220954613e-07
Other,45-59,Hispanic / Latino,Master's degree / Professional degree,"$100,000 to $167,999",Independent,9.739420537588578e-07
Other,45-59,Hispanic / Latino,Master's degree / Professional degree,"$100,000 to $167,999",Other,4.423362457532336e-08
Other,45-59,Hispanic / Latino,Master's degree / Professional degree,"$100,000 to $167,999",Republican,6.660229026163132e-07
Other,45-59,Hispanic / Latino,Master's degree / Professional degree,"$168,000 or more",Democrat,7.546710943606644e-07
Other,45-59,Hispanic / Latino,Master's degree / Professional degree,"$168,000 or more",Independent,8.780918364870348e-07
Other,45-59,Hispanic / Latino,Master's degree / Professional degree,"$168,000 or more",Other,4.005697836899834e-08
Other,45-59,Hispanic / Latino,Master's degree / Professional degree,"$168,000 or more",Republican,5.980825357227083e-07
Other,45-59,Hispanic / Latino,Master's degree / Professional degree,"$30,000 to $55,999",Democrat,5.600992406916486e-07
Other,45-59,Hispanic / Latino,Master's degree / Professional degree,"$30,000 to $55,999",Independent,6.408130529581297e-07
Other,45-59,Hispanic / Latino,Master's degree / Professional degree,"$30,000 to $55,999",Other,2.828317888143838e-08
Other,45-59,Hispanic / Latino,Master's degree / Professional degree,"$30,000 to $55,999",Republican,4.493405970490834e-07
Other,45-59,Hispanic / Latino,Master's degree / Professional degree,"$56,000 to $99,999",Democrat,8.569673122177115e-07
Other,45-59,Hispanic / Latino,Master's degree / Professional degree,"$56,000 to $99,999",Independent,9.366001649717385e-07
Other,45-59,Hispanic / Latino,Master's degree / Professional degree,"$56,000 to $99,999",Other,3.744726395164222e-08
Other,45-59,Hispanic / Latino,Master's degree / Professional degree,"$56,000 to $99,999",Republican,7.094932479024406e-07
Other,45-59,Hispanic / Latino,Master's degree / Professional degree,"Less than $30,000",Democrat,4.3195356027232093e-07
Other,45-59,Hispanic / Latino,Master's degree / Professional degree,"Less than $30,000",Independent,4.798438373128995e-07
Other,45-59,Hispanic / Latino,Master's degree / Professional degree,"Less than $30,000",Other,1.990499413009968e-08
Other,45-59,Hispanic / Latino,Master's degree / Professional degree,"Less than $30,000",Republican,3.537332708868973e-07
Other,45-59,Hispanic / Latino,Some college or Associate's degree,"$100,000 to $167,999",Democrat,2.098152744602667e-06
Other,45-59,Hispanic / Latino,Some college or Associate's degree,"$100,000 to $167,999",Independent,2.832319608626661e-06
Other,45-59,Hispanic / Latino,Some college or Associate's degree,"$100,000 to $167,999",Other,3.6818342355642175e-07
Other,45-59,Hispanic / Latino,Some college or Associate's degree,"$100,000 to $167,999",Republican,2.0522797000805497e-06
Other,45-59,Hispanic / Latino,Some college or Associate's degree,"$168,000 or more",Democrat,9.707595341808998e-07
Other,45-59,Hispanic / Latino,Some college or Associate's degree,"$168,000 or more",Independent,7.693353940835442e-07
Other,45-59,Hispanic / Latino,Some college or Associate's degree,"$168,000 or more",Other,1.3124012930650035e-07
Other,45-59,Hispanic / Latino,Some college or Associate's degree,"$168,000 or more",Republican,5.977814416529757e-07
Other,45-59,Hispanic / Latino,Some college or Associate's degree,"$30,000 to $55,999",Democrat,3.871553652805407e-06
Other,45-59,Hispanic / Latino,Some college or Associate's degree,"$30,000 to $55,999",Independent,3.0203160113145244e-06
Other,45-59,Hispanic / Latino,Some college or Associate's degree,"$30,000 to $55,999",Other,1.927102126487235e-07
Other,45-59,Hispanic / Latino,Some college or Associate's degree,"$30,000 to $55,999",Republican,2.5083006837448776e-06
Other,45-59,Hispanic / Latino,Some college or Associate's degree,"$56,000 to $99,999",Democrat,4.170891587412877e-06
Other,45-59,Hispanic / Latino,Some college or Associate's degree,"$56,000 to $99,999",Independent,3.389500524277614e-06
Other,45-59,Hispanic / Latino,Some college or Associate's degree,"$56,000 to $99,999",Other,1.334858402669442e-06
Other,45-59,Hispanic / Latino,Some college or Associate's degree,"$56,000 to $99,999",Republican,2.844311955291184e-06
Other,45-59,Hispanic / Latino,Some college or Associate's degree,"Less than $30,000",Democrat,5.00770976170889e-06
Other,45-59,Hispanic / Latino,Some college or Associate's degree,"Less than $30,000",Independent,2.238738955691773e-06
Other,45-59,Hispanic / Latino,Some college or Associate's degree,"Less than $30,000",Other,2.161046528677763e-07
Other,45-59,Hispanic / Latino,Some college or Associate's degree,"Less than $30,000",Republican,1.7075873032384296e-06
Other,45-59,Other,Bachelor's degree,"$100,000 to $167,999",Democrat,2.6277079968807377e-07
Other,45-59,Other,Bachelor's degree,"$100,000 to $167,999",Independent,4.7402059496524946e-07
Other,45-59,Other,Bachelor's degree,"$100,000 to $167,999",Other,1.4921759960909714e-07
Other,45-59,Other,Bachelor's degree,"$100,000 to $167,999",Republican,2.397199549443591e-07
Other,45-59,Other,Bachelor's degree,"$168,000 or more",Democrat,1.7206176107000648e-07
Other,45-59,Other,Bachelor's degree,"$168,000 or more",Independent,3.189259034368639e-07
Other,45-59,Other,Bachelor's degree,"$168,000 or more",Other,9.961017705880437e-08
Other,45-59,Other,Bachelor's degree,"$168,000 or more",Republican,1.6237709968554626e-07
Other,45-59,Other,Bachelor's degree,"$30,000 to $55,999",Democrat,1.9429563030002475e-07
Other,45-59,Other,Bachelor's degree,"$30,000 to $55,999",Independent,3.367973623364247e-07
Other,45-59,Other,Bachelor's degree,"$30,000 to $55,999",Other,1.0728027883988656e-07
Other,45-59,Other,Bachelor's degree,"$30,000 to $55,999",Republican,1.6857342837158073e-07
Other,45-59,Other,Bachelor's degree,"$56,000 to $99,999",Democrat,2.943175392198389e-07
Other,45-59,Other,Bachelor's degree,"$56,000 to $99,999",Independent,5.194910948156806e-07
Other,45-59,Other,Bachelor's degree,"$56,000 to $99,999",Other,1.6458282703226298e-07
Other,45-59,Other,Bachelor's degree,"$56,000 to $99,999",Republican,2.6125355956830954e-07
Other,45-59,Other,Bachelor's degree,"Less than $30,000",Democrat,2.036948763434903e-07
Other,45-59,Other,Bachelor's degree,"Less than $30,000",Independent,3.550102798475127e-07
Other,45-59,Other,Bachelor's degree,"Less than $30,000",Other,1.1289795851485429e-07
Other,45-59,Other,Bachelor's degree,"Less than $30,000",Republican,1.7794466546667812e-07
Other,45-59,Other,Doctorate degree / Ph.D.,"$100,000 to $167,999",Democrat,3.191025842371009e-08
Other,45-59,Other,Doctorate degree / Ph.D.,"$100,000 to $167,999",Independent,3.954864223040287e-08
Other,45-59,Other,Doctorate degree / Ph.D.,"$100,000 to $167,999",Other,1.1353053496905739e-08
Other,45-59,Other,Doctorate degree / Ph.D.,"$100,000 to $167,999",Republican,1.4753019743646798e-08
Other,45-59,Other,Doctorate degree / Ph.D.,"$168,000 or more",Democrat,2.6024275855827763e-08
Other,45-59,Other,Doctorate degree / Ph.D.,"$168,000 or more",Independent,3.2253727358181045e-08
Other,45-59,Other,Doctorate degree / Ph.D.,"$168,000 or more",Other,9.25893460611759e-09
Other,45-59,Other,Doctorate degree / Ph.D.,"$168,000 or more",Republican,1.203176265190832e-08
Other,45-59,Other,Doctorate degree / Ph.D.,"$30,000 to $55,999",Democrat,2.105835570149008e-08
Other,45-59,Other,Doctorate degree / Ph.D.,"$30,000 to $55,999",Independent,2.6099110967399247e-08
Other,45-59,Other,Doctorate degree / Ph.D.,"$30,000 to $55,999",Other,7.492156148075795e-09
Other,45-59,Other,Doctorate degree / Ph.D.,"$30,000 to $55,999",Republican,9.73587657322079e-09
Other,45-59,Other,Doctorate degree / Ph.D.,"$56,000 to $99,999",Democrat,2.6158365519422023e-08
Other,45-59,Other,Doctorate degree / Ph.D.,"$56,000 to $99,999",Independent,3.2419914170643285e-08
Other,45-59,Other,Doctorate degree / Ph.D.,"$56,000 to $99,999",Other,9.306641118047203e-09
Other,45-59,Other,Doctorate degree / Ph.D.,"$56,000 to $99,999",Republican,1.2093756115833242e-08
Other,45-59,Other,Doctorate degree / Ph.D.,"Less than $30,000",Democrat,1.8813519983086477e-08
Other,45-59,Other,Doctorate degree / Ph.D.,"Less than $30,000",Independent,2.3316927146938302e-08
Other,45-59,Other,Doctorate degree / Ph.D.,"Less than $30,000",Other,6.6934869657584e-09
Other,45-59,Other,Doctorate degree / Ph.D.,"Less than $30,000",Republican,8.698025195300121e-09
Other,45-59,Other,High school diploma / GED,"$100,000 to $167,999",Democrat,7.502141985959732e-08
Other,45-59,Other,High school diploma / GED,"$100,000 to $167,999",Independent,2.1262871795593396e-07
Other,45-59,Other,High school diploma / GED,"$100,000 to $167,999",Other,6.026599833333219e-08
Other,45-59,Other,High school diploma / GED,"$100,000 to $167,999",Republican,1.7525399020648525e-07
Other,45-59,Other,High school diploma / GED,"$168,000 or more",Democrat,2.7013650215086948e-08
Other,45-59,Other,High school diploma / GED,"$168,000 or more",Independent,7.34086990470612e-08
Other,45-59,Other,High school diploma / GED,"$168,000 or more",Other,2.0782133503391763e-08
Other,45-59,Other,High school diploma / GED,"$168,000 or more",Republican,6.013494313310593e-08
Other,45-59,Other,High school diploma / GED,"$30,000 to $55,999",Democrat,1.6646116509552757e-07
Other,45-59,Other,High school diploma / GED,"$30,000 to $55,999",Independent,4.3891457059072434e-07
Other,45-59,Other,High school diploma / GED,"$30,000 to $55,999",Other,1.2414946210635416e-07
Other,45-59,Other,High school diploma / GED,"$30,000 to $55,999",Republican,3.5790447785123617e-07
Other,45-59,Other,High school diploma / GED,"$56,000 to $99,999",Democrat,1.436758559101682e-07
Other,45-59,Other,High school diploma / GED,"$56,000 to $99,999",Independent,3.9553665361458184e-07
Other,45-59,Other,High school diploma / GED,"$56,000 to $99,999",Other,1.1201815083480779e-07
Other,45-59,Other,High school diploma / GED,"$56,000 to $99,999",Republican,3.2464055173440283e-07
Other,45-59,Other,High school diploma / GED,"Less than $30,000",Democrat,2.9528653872217524e-07
Other,45-59,Other,High school diploma / GED,"Less than $30,000",Independent,7.64084227730841e-07
Other,45-59,Other,High school diploma / GED,"Less than $30,000",Other,1.077282612408396e-07
Other,45-59,Other,High school diploma / GED,"Less than $30,000",Republican,3.9782790288965477e-07
Other,45-59,Other,Less than high school,"$100,000 to $167,999",Democrat,3.014335059467246e-08
Other,45-59,Other,Less than high school,"$100,000 to $167,999",Independent,5.930656384702182e-08
Other,45-59,Other,Less than high school,"$100,000 to $167,999",Other,2.8124329887869732e-08
Other,45-59,Other,Less than high school,"$100,000 to $167,999",Republican,5.0114394908669074e-08
Other,45-59,Other,Less than high school,"$168,000 or more",Democrat,1.0211290915873296e-08
Other,45-59,Other,Less than high school,"$168,000 or more",Independent,2.00460952930395e-08
Other,45-59,Other,Less than high school,"$168,000 or more",Other,9.465708704026934e-09
Other,45-59,Other,Less than high school,"$168,000 or more",Republican,1.6822734267658404e-08
Other,45-59,Other,Less than high school,"$30,000 to $55,999",Democrat,8.522021814382699e-08
Other,45-59,Other,Less than high school,"$30,000 to $55,999",Independent,1.6777647335247902e-07
Other,45-59,Other,Less than high school,"$30,000 to $55,999",Other,7.966049380155141e-08
Other,45-59,Other,Less than high school,"$30,000 to $55,999",Republican,1.42052220146186e-07
Other,45-59,Other,Less than high school,"$56,000 to $99,999",Democrat,5.6680407242014104e-08
Other,45-59,Other,Less than high school,"$56,000 to $99,999",Independent,1.1189007061226749e-07
Other,45-59,Other,Less than high school,"$56,000 to $99,999",Other,5.339992757464949e-08
Other,45-59,Other,Less than high school,"$56,000 to $99,999",Republican,9.55219008452711e-08
Other,45-59,Other,Less than high school,"Less than $30,000",Democrat,2.0130726723561728e-07
Other,45-59,Other,Less than high school,"Less than $30,000",Independent,3.924484505542664e-07
Other,45-59,Other,Less than high school,"Less than $30,000",Other,1.8280526319731845e-07
Other,45-59,Other,Less than high school,"Less than $30,000",Republican,3.221475699182736e-07
Other,45-59,Other,Master's degree / Professional degree,"$100,000 to $167,999",Democrat,1.930811602815911e-07
Other,45-59,Other,Master's degree / Professional degree,"$100,000 to $167,999",Independent,2.3619274745825074e-07
Other,45-59,Other,Master's degree / Professional degree,"$100,000 to $167,999",Other,6.969652643659557e-08
Other,45-59,Other,Master's degree / Professional degree,"$100,000 to $167,999",Republican,9.92427795584255e-08
Other,45-59,Other,Master's degree / Professional degree,"$168,000 or more",Democrat,2.1577767488943888e-07
Other,45-59,Other,Master's degree / Professional degree,"$168,000 or more",Independent,2.6248809105878904e-07
Other,45-59,Other,Master's degree / Professional degree,"$168,000 or more",Other,7.477081626701306e-08
Other,45-59,Other,Master's degree / Professional degree,"$168,000 or more",Republican,1.1181312935552063e-07
Other,45-59,Other,Master's degree / Professional degree,"$30,000 to $55,999",Democrat,1.1166256194861774e-07
Other,45-59,Other,Master's degree / Professional degree,"$30,000 to $55,999",Independent,1.3713702659029192e-07
Other,45-59,Other,Master's degree / Professional degree,"$30,000 to $55,999",Other,4.145794102165756e-08
Other,45-59,Other,Master's degree / Professional degree,"$30,000 to $55,999",Republican,5.706016291873539e-08
Other,45-59,Other,Master's degree / Professional degree,"$56,000 to $99,999",Democrat,1.717849071721964e-07
Other,45-59,Other,Master's degree / Professional degree,"$56,000 to $99,999",Independent,2.1156401496069275e-07
Other,45-59,Other,Master's degree / Professional degree,"$56,000 to $99,999",Other,6.502938599074933e-08
Other,45-59,Other,Master's degree / Professional degree,"$56,000 to $99,999",Republican,8.742066825916105e-08
Other,45-59,Other,Master's degree / Professional degree,"Less than $30,000",Democrat,1.2308319841975514e-07
Other,45-59,Other,Master's degree / Professional degree,"Less than $30,000",Independent,1.5175708900959652e-07
Other,45-59,Other,Master's degree / Professional degree,"Less than $30,000",Other,4.6959128317730706e-08
Other,45-59,Other,Master's degree / Professional degree,"Less than $30,000",Republican,6.253045613909144e-08
Other,45-59,Other,Some college or Associate's degree,"$100,000 to $167,999",Democrat,1.9466896238000683e-07
Other,45-59,Other,Some college or Associate's degree,"$100,000 to $167,999",Independent,5.730876816110362e-07
Other,45-59,Other,Some college or Associate's degree,"$100,000 to $167,999",Other,1.420793214288842e-07
Other,45-59,Other,Some college or Associate's degree,"$100,000 to $167,999",Republican,3.716388297648155e-07
Other,45-59,Other,Some college or Associate's degree,"$168,000 or more",Democrat,7.820391740948848e-08
Other,45-59,Other,Some college or Associate's degree,"$168,000 or more",Independent,2.325631361282897e-07
Other,45-59,Other,Some college or Associate's degree,"$168,000 or more",Other,5.8769930731124344e-08
Other,45-59,Other,Some college or Associate's degree,"$168,000 or more",Republican,1.5178040672277982e-07
Other,45-59,Other,Some college or Associate's degree,"$30,000 to $55,999",Democrat,3.182852181380691e-07
Other,45-59,Other,Some college or Associate's degree,"$30,000 to $55,999",Independent,8.885717833564321e-07
Other,45-59,Other,Some college or Associate's degree,"$30,000 to $55,999",Other,1.9723540290894238e-07
Other,45-59,Other,Some college or Associate's degree,"$30,000 to $55,999",Republican,5.56200632083861e-07
Other,45-59,Other,Some college or Associate's degree,"$56,000 to $99,999",Democrat,3.569174922547124e-07
Other,45-59,Other,Some college or Associate's degree,"$56,000 to $99,999",Independent,1.0433862281860002e-06
Other,45-59,Other,Some college or Associate's degree,"$56,000 to $99,999",Other,2.5517760108849304e-07
Other,45-59,Other,Some college or Associate's degree,"$56,000 to $99,999",Republican,6.735829122106005e-07
Other,45-59,Other,Some college or Associate's degree,"Less than $30,000",Democrat,4.3408113341916655e-07
Other,45-59,Other,Some college or Associate's degree,"Less than $30,000",Independent,1.2167847684307395e-06
Other,45-59,Other,Some college or Associate's degree,"Less than $30,000",Other,2.7256873766307225e-07
Other,45-59,Other,Some college or Associate's degree,"Less than $30,000",Republican,7.637991599552554e-07
Other,45-59,White / Caucasian,Bachelor's degree,"$100,000 to $167,999",Democrat,9.827290684324287e-06
Other,45-59,White / Caucasian,Bachelor's degree,"$100,000 to $167,999",Independent,1.4656507584276585e-05
Other,45-59,White / Caucasian,Bachelor's degree,"$100,000 to $167,999",Other,1.4634713513353497e-06
Other,45-59,White / Caucasian,Bachelor's degree,"$100,000 to $167,999",Republican,2.151182117979355e-05
Other,45-59,White / Caucasian,Bachelor's degree,"$168,000 or more",Democrat,1.0415668586504585e-05
Other,45-59,White / Caucasian,Bachelor's degree,"$168,000 or more",Independent,1.0931368403394887e-05
Other,45-59,White / Caucasian,Bachelor's degree,"$168,000 or more",Other,1.037488195862364e-06
Other,45-59,White / Caucasian,Bachelor's degree,"$168,000 or more",Republican,1.659475600453137e-05
Other,45-59,White / Caucasian,Bachelor's degree,"$30,000 to $55,999",Democrat,4.865879997948177e-06
Other,45-59,White / Caucasian,Bachelor's degree,"$30,000 to $55,999",Independent,6.953896253942393e-06
Other,45-59,White / Caucasian,Bachelor's degree,"$30,000 to $55,999",Other,6.495188785336563e-07
Other,45-59,White / Caucasian,Bachelor's degree,"$30,000 to $55,999",Republican,8.184632296772068e-06
Other,45-59,White / Caucasian,Bachelor's degree,"$56,000 to $99,999",Democrat,1.014877986493904e-05
Other,45-59,White / Caucasian,Bachelor's degree,"$56,000 to $99,999",Independent,1.220282237319963e-05
Other,45-59,White / Caucasian,Bachelor's degree,"$56,000 to $99,999",Other,1.2757530739807293e-06
Other,45-59,White / Caucasian,Bachelor's degree,"$56,000 to $99,999",Republican,1.646625209895562e-05
Other,45-59,White / Caucasian,Bachelor's degree,"Less than $30,000",Democrat,6.166506559728469e-06
Other,45-59,White / Caucasian,Bachelor's degree,"Less than $30,000",Independent,4.8028557318820965e-06
Other,45-59,White / Caucasian,Bachelor's degree,"Less than $30,000",Other,1.2193401629346732e-06
Other,45-59,White / Caucasian,Bachelor's degree,"Less than $30,000",Republican,5.960945977827613e-06
Other,45-59,White / Caucasian,Doctorate degree / Ph.D.,"$100,000 to $167,999",Democrat,8.66212492313985e-07
Other,45-59,White / Caucasian,Doctorate degree / Ph.D.,"$100,000 to $167,999",Independent,8.077776632750434e-07
Other,45-59,White / Caucasian,Doctorate degree / Ph.D.,"$100,000 to $167,999",Other,8.244430452242579e-08
Other,45-59,White / Caucasian,Doctorate degree / Ph.D.,"$100,000 to $167,999",Republican,9.523294044947359e-07
Other,45-59,White / Caucasian,Doctorate degree / Ph.D.,"$168,000 or more",Democrat,1.180469910810121e-06
Other,45-59,White / Caucasian,Doctorate degree / Ph.D.,"$168,000 or more",Independent,1.1167750099414489e-06
Other,45-59,White / Caucasian,Doctorate degree / Ph.D.,"$168,000 or more",Other,1.1375287962511074e-07
Other,45-59,White / Caucasian,Doctorate degree / Ph.D.,"$168,000 or more",Republican,1.2874451552896767e-06
Other,45-59,White / Caucasian,Doctorate degree / Ph.D.,"$30,000 to $55,999",Democrat,2.0445212280415458e-07
Other,45-59,White / Caucasian,Doctorate degree / Ph.D.,"$30,000 to $55,999",Independent,1.9023029132333884e-07
Other,45-59,White / Caucasian,Doctorate degree / Ph.D.,"$30,000 to $55,999",Other,1.9421656704845146e-08
Other,45-59,White / Caucasian,Doctorate degree / Ph.D.,"$30,000 to $55,999",Republican,2.2505808045272604e-07
Other,45-59,White / Caucasian,Doctorate degree / Ph.D.,"$56,000 to $99,999",Democrat,5.655194276290965e-07
Other,45-59,White / Caucasian,Doctorate degree / Ph.D.,"$56,000 to $99,999",Independent,5.163319437075074e-07
Other,45-59,White / Caucasian,Doctorate degree / Ph.D.,"$56,000 to $99,999",Other,5.2856779142593365e-08
Other,45-59,White / Caucasian,Doctorate degree / Ph.D.,"$56,000 to $99,999",Republican,6.289327807871716e-07
Other,45-59,White / Caucasian,Doctorate degree / Ph.D.,"Less than $30,000",Democrat,2.4745783750247843e-07
Other,45-59,White / Caucasian,Doctorate degree / Ph.D.,"Less than $30,000",Independent,2.1691491266590308e-07
Other,45-59,White / Caucasian,Doctorate degree / Ph.D.,"Less than $30,000",Other,2.2337681420582665e-08
Other,45-59,White / Caucasian,Doctorate degree / Ph.D.,"Less than $30,000",Republican,2.8108212850913135e-07
Other,45-59,White / Caucasian,High school diploma / GED,"$100,000 to $167,999",Democrat,2.380818261986701e-06
Other,45-59,White / Caucasian,High school diploma / GED,"$100,000 to $167,999",Independent,5.432997540510405e-06
Other,45-59,White / Caucasian,High school diploma / GED,"$100,000 to $167,999",Other,5.626835014336878e-07
Other,45-59,White / Caucasian,High school diploma / GED,"$100,000 to $167,999",Republican,1.1359655223153731e-05
Other,45-59,White / Caucasian,High school diploma / GED,"$168,000 or more",Democrat,1.1073743646304243e-06
Other,45-59,White / Caucasian,High school diploma / GED,"$168,000 or more",Independent,1.3142608785611051e-06
Other,45-59,White / Caucasian,High school diploma / GED,"$168,000 or more",Other,9.514130436499873e-08
Other,45-59,White / Caucasian,High school diploma / GED,"$168,000 or more",Republican,3.046719904772772e-06
Other,45-59,White / Caucasian,High school diploma / GED,"$30,000 to $55,999",Democrat,5.747694035388953e-06
Other,45-59,White / Caucasian,High school diploma / GED,"$30,000 to $55,999",Independent,7.356674275115569e-06
Other,45-59,White / Caucasian,High school diploma / GED,"$30,000 to $55,999",Other,1.286761163013861e-06
Other,45-59,White / Caucasian,High school diploma / GED,"$30,000 to $55,999",Republican,1.4731070397296496e-05
Other,45-59,White / Caucasian,High school diploma / GED,"$56,000 to $99,999",Democrat,4.349244086970756e-06
Other,45-59,White / Caucasian,High school diploma / GED,"$56,000 to $99,999",Independent,1.0858127583826786e-05
Other,45-59,White / Caucasian,High school diploma / GED,"$56,000 to $99,999",Other,9.025443559499933e-07
Other,45-59,White / Caucasian,High school diploma / GED,"$56,000 to $99,999",Republican,1.9713977070721002e-05
Other,45-59,White / Caucasian,High school diploma / GED,"Less than $30,000",Democrat,5.852917225815004e-06
Other,45-59,White / Caucasian,High school diploma / GED,"Less than $30,000",Independent,9.951956004475992e-06
Other,45-59,White / Caucasian,High school diploma / GED,"Less than $30,000",Other,1.3683725577583534e-06
Other,45-59,White / Caucasian,High school diploma / GED,"Less than $30,000",Republican,1.3285050853920344e-05
Other,45-59,White / Caucasian,Less than high school,"$100,000 to $167,999",Democrat,3.4033759807661356e-07
Other,45-59,White / Caucasian,Less than high school,"$100,000 to $167,999",Independent,1.352841064332666e-06
Other,45-59,White / Caucasian,Less than high school,"$100,000 to $167,999",Other,9.120055443618394e-08
Other,45-59,White / Caucasian,Less than high school,"$100,000 to $167,999",Republican,7.602376497648294e-07
Other,45-59,White / Caucasian,Less than high school,"$168,000 or more",Democrat,9.141073149963375e-08
Other,45-59,White / Caucasian,Less than high school,"$168,000 or more",Independent,3.569315242475846e-07
Other,45-59,White / Caucasian,Less than high school,"$168,000 or more",Other,2.3422052213679297e-08
Other,45-59,White / Caucasian,Less than high school,"$168,000 or more",Republican,2.0208540583346998e-07
Other,45-59,White / Caucasian,Less than high school,"$30,000 to $55,999",Democrat,1.3448883234904026e-06
Other,45-59,White / Caucasian,Less than high school,"$30,000 to $55,999",Independent,3.0429651698277567e-06
Other,45-59,White / Caucasian,Less than high school,"$30,000 to $55,999",Other,4.358487009285446e-07
Other,45-59,White / Caucasian,Less than high school,"$30,000 to $55,999",Republican,3.1390339139181837e-06
Other,45-59,White / Caucasian,Less than high school,"$56,000 to $99,999",Democrat,6.358720830970734e-07
Other,45-59,White / Caucasian,Less than high school,"$56,000 to $99,999",Independent,4.277423117519604e-06
Other,45-59,White / Caucasian,Less than high school,"$56,000 to $99,999",Other,3.681414475886546e-08
Other,45-59,White / Caucasian,Less than high school,"$56,000 to $99,999",Republican,1.3811747363152155e-06
Other,45-59,White / Caucasian,Less than high school,"Less than $30,000",Democrat,2.056786741688484e-06
Other,45-59,White / Caucasian,Less than high school,"Less than $30,000",Independent,7.821207643168568e-06
Other,45-59,White / Caucasian,Less than high school,"Less than $30,000",Other,1.751932901466103e-07
Other,45-59,White / Caucasian,Less than high school,"Less than $30,000",Republican,3.6742990501195196e-06
Other,45-59,White / Caucasian,Master's degree / Professional degree,"$100,000 to $167,999",Democrat,7.444418983526874e-06
Other,45-59,White / Caucasian,Master's degree / Professional degree,"$100,000 to $167,999",Independent,8.365685761685034e-06
Other,45-59,White / Caucasian,Master's degree / Professional degree,"$100,000 to $167,999",Other,8.339536882022152e-07
Other,45-59,White / Caucasian,Master's degree / Professional degree,"$100,000 to $167,999",Republican,7.894870512801335e-06
Other,45-59,White / Caucasian,Master's degree / Professional degree,"$168,000 or more",Democrat,9.136501901915294e-06
Other,45-59,White / Caucasian,Master's degree / Professional degree,"$168,000 or more",Independent,9.930325644578753e-06
Other,45-59,White / Caucasian,Master's degree / Professional degree,"$168,000 or more",Other,5.602156974247815e-07
Other,45-59,White / Caucasian,Master's degree / Professional degree,"$168,000 or more",Republican,8.560924450194043e-06
Other,45-59,White / Caucasian,Master's degree / Professional degree,"$30,000 to $55,999",Democrat,3.2704757044490196e-06
Other,45-59,White / Caucasian,Master's degree / Professional degree,"$30,000 to $55,999",Independent,1.936225664632695e-06
Other,45-59,White / Caucasian,Master's degree / Professional degree,"$30,000 to $55,999",Other,5.059980422413211e-07
Other,45-59,White / Caucasian,Master's degree / Professional degree,"$30,000 to $55,999",Republican,1.9587997872063567e-06
Other,45-59,White / Caucasian,Master's degree / Professional degree,"$56,000 to $99,999",Democrat,5.72504561575947e-06
Other,45-59,White / Caucasian,Master's degree / Professional degree,"$56,000 to $99,999",Independent,5.585000578249426e-06
Other,45-59,White / Caucasian,Master's degree / Professional degree,"$56,000 to $99,999",Other,1.2106472014260037e-06
Other,45-59,White / Caucasian,Master's degree / Professional degree,"$56,000 to $99,999",Republican,5.168893397543399e-06
Other,45-59,White / Caucasian,Master's degree / Professional degree,"Less than $30,000",Democrat,1.9925519393355958e-06
Other,45-59,White / Caucasian,Master's degree / Professional degree,"Less than $30,000",Independent,2.1286108794796807e-06
Other,45-59,White / Caucasian,Master's degree / Professional degree,"Less than $30,000",Other,2.1521438187504162e-07
Other,45-59,White / Caucasian,Master's degree / Professional degree,"Less than $30,000",Republican,1.9123336078253717e-06
Other,45-59,White / Caucasian,Some college or Associate's degree,"$100,000 to $167,999",Democrat,9.128783474086223e-06
Other,45-59,White / Caucasian,Some college or Associate's degree,"$100,000 to $167,999",Independent,1.2776528708272085e-05
Other,45-59,White / Caucasian,Some college or Associate's degree,"$100,000 to $167,999",Other,1.950179970415796e-06
Other,45-59,White / Caucasian,Some college or Associate's degree,"$100,000 to $167,999",Republican,2.2071200687670447e-05
Other,45-59,White / Caucasian,Some college or Associate's degree,"$168,000 or more",Democrat,3.9256485408317004e-06
Other,45-59,White / Caucasian,Some college or Associate's degree,"$168,000 or more",Independent,5.09480350447041e-06
Other,45-59,White / Caucasian,Some college or Associate's degree,"$168,000 or more",Other,5.996437581681292e-07
Other,45-59,White / Caucasian,Some college or Associate's degree,"$168,000 or more",Republican,7.684987995077794e-06
Other,45-59,White / Caucasian,Some college or Associate's degree,"$30,000 to $55,999",Democrat,9.533438943271574e-06
Other,45-59,White / Caucasian,Some college or Associate's degree,"$30,000 to $55,999",Independent,1.0702075902529e-05
Other,45-59,White / Caucasian,Some college or Associate's degree,"$30,000 to $55,999",Other,1.0971839866203218e-06
Other,45-59,White / Caucasian,Some college or Associate's degree,"$30,000 to $55,999",Republican,1.9900089186232712e-05
Other,45-59,White / Caucasian,Some college or Associate's degree,"$56,000 to $99,999",Democrat,1.1734724102664317e-05
Other,45-59,White / Caucasian,Some college or Associate's degree,"$56,000 to $99,999",Independent,1.9170713430125013e-05
Other,45-59,White / Caucasian,Some college or Associate's degree,"$56,000 to $99,999",Other,4.2149869669151766e-06
Other,45-59,White / Caucasian,Some college or Associate's degree,"$56,000 to $99,999",Republican,2.5640032057090637e-05
Other,45-59,White / Caucasian,Some college or Associate's degree,"Less than $30,000",Democrat,1.0271939021038854e-05
Other,45-59,White / Caucasian,Some college or Associate's degree,"Less than $30,000",Independent,1.3741727124758224e-05
Other,45-59,White / Caucasian,Some college or Associate's degree,"Less than $30,000",Other,3.250787761210444e-06
Other,45-59,White / Caucasian,Some college or Associate's degree,"Less than $30,000",Republican,1.2294576545749552e-05
Other,60+,Asian / Asian American,Bachelor's degree,"$100,000 to $167,999",Democrat,5.727335234885217e-07
Other,60+,Asian / Asian American,Bachelor's degree,"$100,000 to $167,999",Independent,3.5200149667881507e-07
Other,60+,Asian / Asian American,Bachelor's degree,"$100,000 to $167,999",Other,6.912294271705002e-08
Other,60+,Asian / Asian American,Bachelor's degree,"$100,000 to $167,999",Republican,3.728059967559207e-07
Other,60+,Asian / Asian American,Bachelor's degree,"$168,000 or more",Democrat,4.43239887828253e-07
Other,60+,Asian / Asian American,Bachelor's degree,"$168,000 or more",Independent,2.7097516786744575e-07
Other,60+,Asian / Asian American,Bachelor's degree,"$168,000 or more",Other,5.3900886861257136e-08
Other,60+,Asian / Asian American,Bachelor's degree,"$168,000 or more",Republican,2.8982001337257885e-07
Other,60+,Asian / Asian American,Bachelor's degree,"$30,000 to $55,999",Democrat,5.914595100991542e-07
Other,60+,Asian / Asian American,Bachelor's degree,"$30,000 to $55,999",Independent,3.649195753830602e-07
Other,60+,Asian / Asian American,Bachelor's degree,"$30,000 to $55,999",Other,7.09851293128827e-08
Other,60+,Asian / Asian American,Bachelor's degree,"$30,000 to $55,999",Republican,3.8371834580517896e-07
Other,60+,Asian / Asian American,Bachelor's degree,"$56,000 to $99,999",Democrat,7.276447652755309e-07
Other,60+,Asian / Asian American,Bachelor's degree,"$56,000 to $99,999",Independent,5.117352101587893e-07
Other,60+,Asian / Asian American,Bachelor's degree,"$56,000 to $99,999",Other,2.1481809440495724e-08
Other,60+,Asian / Asian American,Bachelor's degree,"$56,000 to $99,999",Republican,4.5763859180063035e-07
Other,60+,Asian / Asian American,Bachelor's degree,"Less than $30,000",Democrat,7.546426892238759e-07
Other,60+,Asian / Asian American,Bachelor's degree,"Less than $30,000",Independent,4.6722079697331476e-07
Other,60+,Asian / Asian American,Bachelor's degree,"Less than $30,000",Other,9.01124168095082e-08
Other,60+,Asian / Asian American,Bachelor's degree,"Less than $30,000",Republican,4.88117768984011e-07
Other,60+,Asian / Asian American,Doctorate degree / Ph.D.,"$100,000 to $167,999",Democrat,7.405926952297456e-08
Other,60+,Asian / Asian American,Doctorate degree / Ph.D.,"$100,000 to $167,999",Independent,6.716568063417613e-08
Other,60+,Asian / Asian American,Doctorate degree / Ph.D.,"$100,000 to $167,999",Republican,2.0325334904173938e-08
Other,60+,Asian / Asian American,Doctorate degree / Ph.D.,"$168,000 or more",Democrat,9.838391815965102e-08
Other,60+,Asian / Asian American,Doctorate degree / Ph.D.,"$168,000 or more",Independent,8.922614102479234e-08
Other,60+,Asian / Asian American,Doctorate degree / Ph.D.,"$168,000 or more",Republican,2.7001158648471506e-08
Other,60+,Asian / Asian American,Doctorate degree / Ph.D.,"$30,000 to $55,999",Democrat,4.242819763717919e-08
Other,60+,Asian / Asian American,Doctorate degree / Ph.D.,"$30,000 to $55,999",Independent,3.847889387429685e-08
Other,60+,Asian / Asian American,Doctorate degree / Ph.D.,"$30,000 to $55,999",Republican,1.164428614960383e-08
Other,60+,Asian / Asian American,Doctorate degree / Ph.D.,"$56,000 to $99,999",Democrat,6.981982815314455e-08
Other,60+,Asian / Asian American,Doctorate degree / Ph.D.,"$56,000 to $99,999",Independent,6.332085517279368e-08
Other,60+,Asian / Asian American,Doctorate degree / Ph.D.,"$56,000 to $99,999",Republican,1.9161833478850336e-08
Other,60+,Asian / Asian American,Doctorate degree / Ph.D.,"Less than $30,000",Democrat,5.663856321559198e-08
Other,60+,Asian / Asian American,Doctorate degree / Ph.D.,"Less than $30,000",Independent,5.136652944351447e-08
Other,60+,Asian / Asian American,Doctorate degree / Ph.D.,"Less than $30,000",Republican,1.5544276540440517e-08
Other,60+,Asian / Asian American,High school diploma / GED,"$100,000 to $167,999",Democrat,1.634850090315183e-07
Other,60+,Asian / Asian American,High school diploma / GED,"$100,000 to $167,999",Independent,1.9955114769504714e-07
Other,60+,Asian / Asian American,High school diploma / GED,"$100,000 to $167,999",Other,3.015374683532078e-08
Other,60+,Asian / Asian American,High school diploma / GED,"$100,000 to $167,999",Republican,8.412110552204409e-08
Other,60+,Asian / Asian American,High school diploma / GED,"$168,000 or more",Democrat,8.256636145467363e-08
Other,60+,Asian / Asian American,High school diploma / GED,"$168,000 or more",Independent,1.0000927355491283e-07
Other,60+,Asian / Asian American,High school diploma / GED,"$168,000 or more",Other,1.6401226506204143e-08
Other,60+,Asian / Asian American,High school diploma / GED,"$168,000 or more",Republican,4.172622501887317e-08
Other,60+,Asian / Asian American,High school diploma / GED,"$30,000 to $55,999",Democrat,2.1045060252063218e-07
Other,60+,Asian / Asian American,High school diploma / GED,"$30,000 to $55,999",Independent,2.56465909681798e-07
Other,60+,Asian / Asian American,High school diploma / GED,"$30,000 to $55,999",Other,3.944174335307099e-08
Other,60+,Asian / Asian American,High school diploma / GED,"$30,000 to $55,999",Republican,1.0788268328131309e-07
Other,60+,Asian / Asian American,High school diploma / GED,"$56,000 to $99,999",Democrat,1.3664655279683273e-07
Other,60+,Asian / Asian American,High school diploma / GED,"$56,000 to $99,999",Independent,3.1314366303225084e-07
Other,60+,Asian / Asian American,High school diploma / GED,"$56,000 to $99,999",Other,1.1750795528322939e-07
Other,60+,Asian / Asian American,High school diploma / GED,"$56,000 to $99,999",Republican,1.0213548300864483e-07
Other,60+,Asian / Asian American,High school diploma / GED,"Less than $30,000",Democrat,5.472099055551139e-07
Other,60+,Asian / Asian American,High school diploma / GED,"Less than $30,000",Independent,4.883905821286608e-07
Other,60+,Asian / Asian American,High school diploma / GED,"Less than $30,000",Republican,8.730261443252578e-08
Other,60+,Asian / Asian American,Less than high school,"$100,000 to $167,999",Democrat,1.58425519243514e-07
Other,60+,Asian / Asian American,Less than high school,"$100,000 to $167,999",Independent,2.2714523568984337e-07
Other,60+,Asian / Asian American,Less than high school,"$100,000 to $167,999",Republican,8.919826314780409e-08
Other,60+,Asian / Asian American,Less than high school,"$168,000 or more",Democrat,8.362193501907458e-08
Other,60+,Asian / Asian American,Less than high school,"$168,000 or more",Independent,1.1989434675326845e-07
Other,60+,Asian / Asian American,Less than high school,"$168,000 or more",Republican,4.708162801281374e-08
Other,60+,Asian / Asian American,Less than high school,"$30,000 to $55,999",Democrat,2.6422216225648626e-07
Other,60+,Asian / Asian American,Less than high school,"$30,000 to $55,999",Independent,3.788329405944914e-07
Other,60+,Asian / Asian American,Less than high school,"$30,000 to $55,999",Republican,1.487649090309089e-07
Other,60+,Asian / Asian American,Less than high school,"$56,000 to $99,999",Democrat,2.6069708695030285e-07
Other,60+,Asian / Asian American,Less than high school,"$56,000 to $99,999",Independent,3.737788049661481e-07
Other,60+,Asian / Asian American,Less than high school,"$56,000 to $99,999",Republican,1.4678018714848616e-07
Other,60+,Asian / Asian American,Less than high school,"Less than $30,000",Democrat,5.6502568337356e-07
Other,60+,Asian / Asian American,Less than high school,"Less than $30,000",Independent,8.101150157723505e-07
Other,60+,Asian / Asian American,Less than high school,"Less than $30,000",Republican,3.1812620739058125e-07
Other,60+,Asian / Asian American,Master's degree / Professional degree,"$100,000 to $167,999",Democrat,2.7757641933683515e-07
Other,60+,Asian / Asian American,Master's degree / Professional degree,"$100,000 to $167,999",Independent,2.6358451263915295e-07
Other,60+,Asian / Asian American,Master's degree / Professional degree,"$100,000 to $167,999",Other,3.401266590344699e-09
Other,60+,Asian / Asian American,Master's degree / Professional degree,"$100,000 to $167,999",Republican,1.4240934219098945e-07
Other,60+,Asian / Asian American,Master's degree / Professional degree,"$168,000 or more",Democrat,3.20016980265871e-07
Other,60+,Asian / Asian American,Master's degree / Professional degree,"$168,000 or more",Independent,3.0362219050580765e-07
Other,60+,Asian / Asian American,Master's degree / Professional degree,"$168,000 or more",Other,3.902260000209322e-09
Other,60+,Asian / Asian American,Master's degree / Professional degree,"$168,000 or more",Republican,1.6418784676153316e-07
Other,60+,Asian / Asian American,Master's degree / Professional degree,"$30,000 to $55,999",Democrat,2.2617292444704478e-07
Other,60+,Asian / Asian American,Master's degree / Professional degree,"$30,000 to $55,999",Independent,2.1680957338293598e-07
Other,60+,Asian / Asian American,Master's degree / Professional degree,"$30,000 to $55,999",Other,2.918655972421896e-09
Other,60+,Asian / Asian American,Master's degree / Professional degree,"$30,000 to $55,999",Republican,1.160017249079246e-07
Other,60+,Asian / Asian American,Master's degree / Professional degree,"$56,000 to $99,999",Democrat,3.0598806965535843e-07
Other,60+,Asian / Asian American,Master's degree / Professional degree,"$56,000 to $99,999",Independent,2.9042055365511786e-07
Other,60+,Asian / Asian American,Master's degree / Professional degree,"$56,000 to $99,999",Other,3.739038898960061e-09
Other,60+,Asian / Asian American,Master's degree / Professional degree,"$56,000 to $99,999",Republican,1.5698829674978032e-07
Other,60+,Asian / Asian American,Master's degree / Professional degree,"Less than $30,000",Democrat,2.601644809594346e-07
Other,60+,Asian / Asian American,Master's degree / Professional degree,"Less than $30,000",Independent,2.4233810830664123e-07
Other,60+,Asian / Asian American,Master's degree / Professional degree,"Less than $30,000",Other,2.847331812881697e-09
Other,60+,Asian / Asian American,Master's degree / Professional degree,"Less than $30,000",Republican,1.3355782882544e-07
Other,60+,Asian / Asian American,Some college or Associate's degree,"$100,000 to $167,999",Democrat,2.6552942723557353e-07
Other,60+,Asian / Asian American,Some college or Associate's degree,"$100,000 to $167,999",Independent,2.586278789207883e-07
Other,60+,Asian / Asian American,Some college or Associate's degree,"$100,000 to $167,999",Other,2.211981110274631e-08
Other,60+,Asian / Asian American,Some college or Associate's degree,"$100,000 to $167,999",Republican,2.1339528100596097e-07
Other,60+,Asian / Asian American,Some college or Associate's degree,"$168,000 or more",Democrat,1.5702376885248386e-07
Other,60+,Asian / Asian American,Some college or Associate's degree,"$168,000 or more",Independent,1.5115642469223692e-07
Other,60+,Asian / Asian American,Some college or Associate's degree,"$168,000 or more",Other,1.2724893921345886e-08
Other,60+,Asian / Asian American,Some college or Associate's degree,"$168,000 or more",Republican,1.242041391499675e-07
Other,60+,Asian / Asian American,Some college or Associate's degree,"$30,000 to $55,999",Democrat,3.336763109978774e-07
Other,60+,Asian / Asian American,Some college or Associate's degree,"$30,000 to $55,999",Independent,3.221963839382348e-07
Other,60+,Asian / Asian American,Some college or Associate's degree,"$30,000 to $55,999",Other,2.7237383858614598e-08
Other,60+,Asian / Asian American,Some college or Associate's degree,"$30,000 to $55,999",Republican,2.6503522857575794e-07
Other,60+,Asian / Asian American,Some college or Associate's degree,"$56,000 to $99,999",Democrat,3.910760547642499e-07
Other,60+,Asian / Asian American,Some college or Associate's degree,"$56,000 to $99,999",Independent,3.8024669219514035e-07
Other,60+,Asian / Asian American,Some college or Associate's degree,"$56,000 to $99,999",Other,3.244597317573674e-08
Other,60+,Asian / Asian American,Some college or Associate's degree,"$56,000 to $99,999",Republican,3.135516618310678e-07
Other,60+,Asian / Asian American,Some college or Associate's degree,"Less than $30,000",Democrat,4.59612138029678e-07
Other,60+,Asian / Asian American,Some college or Associate's degree,"Less than $30,000",Independent,4.429717878066327e-07
Other,60+,Asian / Asian American,Some college or Associate's degree,"Less than $30,000",Other,3.735236332141895e-08
Other,60+,Asian / Asian American,Some college or Associate's degree,"Less than $30,000",Republican,3.641426187333556e-07
Other,60+,Black / African American,Bachelor's degree,"$100,000 to $167,999",Democrat,7.13064903934727e-07
Other,60+,Black / African American,Bachelor's degree,"$100,000 to $167,999",Independent,1.911151112067677e-07
Other,60+,Black / African American,Bachelor's degree,"$100,000 to $167,999",Other,2.9551622505090085e-08
Other,60+,Black / African American,Bachelor's degree,"$100,000 to $167,999",Republican,4.020092272464401e-08
Other,60+,Black / African American,Bachelor's degree,"$168,000 or more",Democrat,2.8758368401475733e-07
Other,60+,Black / African American,Bachelor's degree,"$168,000 or more",Independent,7.912756335640552e-08
Other,60+,Black / African American,Bachelor's degree,"$168,000 or more",Other,1.1631431515552692e-08
Other,60+,Black / African American,Bachelor's degree,"$168,000 or more",Republican,1.662354964742235e-08
Other,60+,Black / African American,Bachelor's degree,"$30,000 to $55,999",Democrat,1.1948074711682196e-06
Other,60+,Black / African American,Bachelor's degree,"$30,000 to $55,999",Independent,3.7726684024304325e-07
Other,60+,Black / African American,Bachelor's degree,"$30,000 to $55,999",Other,2.162528300743844e-08
Other,60+,Black / African American,Bachelor's degree,"$30,000 to $55,999",Republican,1.343523079999748e-07
Other,60+,Black / African American,Bachelor's degree,"$56,000 to $99,999",Democrat,1.3702285176686197e-06
Other,60+,Black / African American,Bachelor's degree,"$56,000 to $99,999",Independent,2.8680200880061753e-07
Other,60+,Black / African American,Bachelor's degree,"$56,000 to $99,999",Other,9.265552857545407e-08
Other,60+,Black / African American,Bachelor's degree,"$56,000 to $99,999",Republican,3.594340692662324e-08
Other,60+,Black / African American,Bachelor's degree,"Less than $30,000",Democrat,1.6667511038603397e-06
Other,60+,Black / African American,Bachelor's degree,"Less than $30,000",Independent,4.196783570602139e-07
Other,60+,Black / African American,Bachelor's degree,"Less than $30,000",Other,7.286115095976667e-08
Other,60+,Black / African American,Bachelor's degree,"Less than $30,000",Republican,8.855446255889491e-08
Other,60+,Black / African American,Doctorate degree / Ph.D.,"$100,000 to $167,999",Democrat,6.819825357607114e-08
Other,60+,Black / African American,Doctorate degree / Ph.D.,"$100,000 to $167,999",Independent,2.4886775954831033e-08
Other,60+,Black / African American,Doctorate degree / Ph.D.,"$100,000 to $167,999",Other,4.56390028210627e-09
Other,60+,Black / African American,Doctorate degree / Ph.D.,"$100,000 to $167,999",Republican,1.1200085880362327e-08
Other,60+,Black / African American,Doctorate degree / Ph.D.,"$168,000 or more",Democrat,4.763482217759717e-08
Other,60+,Black / African American,Doctorate degree / Ph.D.,"$168,000 or more",Independent,1.7382807990233144e-08
Other,60+,Black / African American,Doctorate degree / Ph.D.,"$168,000 or more",Other,3.1877733955741274e-09
Other,60+,Black / African American,Doctorate degree / Ph.D.,"$168,000 or more",Republican,7.822987705832854e-09
Other,60+,Black / African American,Doctorate degree / Ph.D.,"$30,000 to $55,999",Democrat,7.466367576052358e-08
Other,60+,Black / African American,Doctorate degree / Ph.D.,"$30,000 to $55,999",Independent,2.7246125423778698e-08
Other,60+,Black / African American,Doctorate degree / Ph.D.,"$30,000 to $55,999",Other,4.996573269819136e-09
Other,60+,Black / African American,Doctorate degree / Ph.D.,"$30,000 to $55,999",Republican,1.2261891424076059e-08
Other,60+,Black / African American,Doctorate degree / Ph.D.,"$56,000 to $99,999",Democrat,8.827379842458713e-08
Other,60+,Black / African American,Doctorate degree / Ph.D.,"$56,000 to $99,999",Independent,3.2212705294926067e-08
Other,60+,Black / African American,Doctorate degree / Ph.D.,"$56,000 to $99,999",Other,5.9073772773841565e-09
Other,60+,Black / African American,Doctorate degree / Ph.D.,"$56,000 to $99,999",Republican,1.4497059257365885e-08
Other,60+,Black / African American,Doctorate degree / Ph.D.,"Less than $30,000",Democrat,8.431344746829788e-08
Other,60+,Black / African American,Doctorate degree / Ph.D.,"Less than $30,000",Independent,3.076750161618764e-08
Other,60+,Black / African American,Doctorate degree / Ph.D.,"Less than $30,000",Other,5.642346343322374e-09
Other,60+,Black / African American,Doctorate degree / Ph.D.,"Less than $30,000",Republican,1.3846657399533295e-08
Other,60+,Black / African American,High school diploma / GED,"$100,000 to $167,999",Democrat,5.017421875977205e-07
Other,60+,Black / African American,High school diploma / GED,"$100,000 to $167,999",Independent,1.2304062962493974e-07
Other,60+,Black / African American,High school diploma / GED,"$100,000 to $167,999",Other,1.7267203319944174e-08
Other,60+,Black / African American,High school diploma / GED,"$100,000 to $167,999",Republican,3.6200234123650626e-08
Other,60+,Black / African American,High school diploma / GED,"$168,000 or more",Democrat,1.6171178381741426e-07
Other,60+,Black / African American,High school diploma / GED,"$168,000 or more",Independent,3.8972851899221694e-08
Other,60+,Black / African American,High school diploma / GED,"$168,000 or more",Other,5.8139703474739505e-09
Other,60+,Black / African American,High school diploma / GED,"$168,000 or more",Republican,1.1757553170025817e-08
Other,60+,Black / African American,High school diploma / GED,"$30,000 to $55,999",Democrat,2.1513887523769145e-06
Other,60+,Black / African American,High school diploma / GED,"$30,000 to $55,999",Independent,5.653627051495859e-07
Other,60+,Black / African American,High school diploma / GED,"$30,000 to $55,999",Other,1.6692120061469954e-07
Other,60+,Black / African American,High school diploma / GED,"$30,000 to $55,999",Republican,1.0515061817125532e-07
Other,60+,Black / African American,High school diploma / GED,"$56,000 to $99,999",Democrat,1.3715278706074774e-06
Other,60+,Black / African American,High school diploma / GED,"$56,000 to $99,999",Independent,4.255336832995401e-07
Other,60+,Black / African American,High school diploma / GED,"$56,000 to $99,999",Other,6.950256966846876e-08
Other,60+,Black / African American,High school diploma / GED,"$56,000 to $99,999",Republican,1.6453853092715854e-07
Other,60+,Black / African American,High school diploma / GED,"Less than $30,000",Democrat,5.096980708674258e-06
Other,60+,Black / African American,High school diploma / GED,"Less than $30,000",Independent,7.119343574637446e-07
Other,60+,Black / African American,High school diploma / GED,"Less than $30,000",Other,1.6688910643180528e-08
Other,60+,Black / African American,High school diploma / GED,"Less than $30,000",Republican,4.265266142477336e-07
Other,60+,Black / African American,Less than high school,"$100,000 to $167,999",Democrat,1.981897057161588e-07
Other,60+,Black / African American,Less than high school,"$100,000 to $167,999",Independent,5.8358117301857184e-08
Other,60+,Black / African American,Less than high school,"$100,000 to $167,999",Other,1.4610211788696007e-08
Other,60+,Black / African American,Less than high school,"$100,000 to $167,999",Republican,2.812421289783958e-08
Other,60+,Black / African American,Less than high school,"$168,000 or more",Democrat,6.250897035345707e-08
Other,60+,Black / African American,Less than high school,"$168,000 or more",Independent,1.8609368581309116e-08
Other,60+,Black / African American,Less than high school,"$168,000 or more",Other,4.2642889585309085e-09
Other,60+,Black / African American,Less than high school,"$168,000 or more",Republican,9.898480619091783e-09
Other,60+,Black / African American,Less than high school,"$30,000 to $55,999",Democrat,1.0404544229710778e-06
Other,60+,Black / African American,Less than high school,"$30,000 to $55,999",Independent,3.095376564901068e-07
Other,60+,Black / African American,Less than high school,"$30,000 to $55,999",Other,7.133900875324487e-08
Other,60+,Black / African American,Less than high school,"$30,000 to $55,999",Republican,1.6368111401057657e-07
Other,60+,Black / African American,Less than high school,"$56,000 to $99,999",Democrat,5.873285433037416e-07
Other,60+,Black / African American,Less than high school,"$56,000 to $99,999",Independent,1.743524499636227e-07
Other,60+,Black / African American,Less than high school,"$56,000 to $99,999",Other,4.091169741515513e-08
Other,60+,Black / African American,Less than high school,"$56,000 to $99,999",Republican,9.047856113669837e-08
Other,60+,Black / African American,Less than high school,"Less than $30,000",Democrat,3.5697545647972927e-06
Other,60+,Black / African American,Less than high school,"Less than $30,000",Independent,9.357600082856368e-07
Other,60+,Black / African American,Less than high school,"Less than $30,000",Other,1.6251358091620377e-09
Other,60+,Black / African American,Less than high school,"Less than $30,000",Republican,6.392379571531879e-07
Other,60+,Black / African American,Master's degree / Professional degree,"$100,000 to $167,999",Democrat,5.359856049019267e-07
Other,60+,Black / African American,Master's degree / Professional degree,"$100,000 to $167,999",Independent,2.1466769111890256e-07
Other,60+,Black / African American,Master's degree / Professional degree,"$100,000 to $167,999",Other,9.107816015694758e-09
Other,60+,Black / African American,Master's degree / Professional degree,"$100,000 to $167,999",Republican,3.0900514550929245e-08
Other,60+,Black / African American,Master's degree / Professional degree,"$168,000 or more",Democrat,2.835631142656681e-07
Other,60+,Black / African American,Master's degree / Professional degree,"$168,000 or more",Independent,1.1862309085401301e-07
Other,60+,Black / African American,Master's degree / Professional degree,"$168,000 or more",Other,5.171107550765623e-09
Other,60+,Black / African American,Master's degree / Professional degree,"$168,000 or more",Republican,1.6923878809944174e-08
Other,60+,Black / African American,Master's degree / Professional degree,"$30,000 to $55,999",Democrat,6.709722963771696e-07
Other,60+,Black / African American,Master's degree / Professional degree,"$30,000 to $55,999",Independent,2.451924535145778e-07
Other,60+,Black / African American,Master's degree / Professional degree,"$30,000 to $55,999",Other,9.759024255947477e-09
Other,60+,Black / African American,Master's degree / Professional degree,"$30,000 to $55,999",Republican,3.599976377642254e-08
Other,60+,Black / African American,Master's degree / Professional degree,"$56,000 to $99,999",Democrat,9.258201651219276e-07
Other,60+,Black / African American,Master's degree / Professional degree,"$56,000 to $99,999",Independent,2.79169412977864e-07
Other,60+,Black / African American,Master's degree / Professional degree,"$56,000 to $99,999",Other,7.839872600978522e-09
Other,60+,Black / African American,Master's degree / Professional degree,"$56,000 to $99,999",Republican,2.0012983592050824e-08
Other,60+,Black / African American,Master's degree / Professional degree,"Less than $30,000",Democrat,7.507248168809205e-07
Other,60+,Black / African American,Master's degree / Professional degree,"Less than $30,000",Independent,2.7584830856425447e-07
Other,60+,Black / African American,Master's degree / Professional degree,"Less than $30,000",Other,1.1024502917707083e-08
Other,60+,Black / African American,Master's degree / Professional degree,"Less than $30,000",Republican,4.045107576978282e-08
Other,60+,Black / African American,Some college or Associate's degree,"$100,000 to $167,999",Democrat,1.0316523650442286e-06
Other,60+,Black / African American,Some college or Associate's degree,"$100,000 to $167,999",Independent,1.653276606024309e-07
Other,60+,Black / African American,Some college or Associate's degree,"$100,000 to $167,999",Other,3.770352379592041e-08
Other,60+,Black / African American,Some college or Associate's degree,"$100,000 to $167,999",Republican,6.733974848657775e-08
Other,60+,Black / African American,Some college or Associate's degree,"$168,000 or more",Democrat,2.639153690941317e-07
Other,60+,Black / African American,Some college or Associate's degree,"$168,000 or more",Independent,7.079078610419326e-08
Other,60+,Black / African American,Some college or Associate's degree,"$168,000 or more",Other,6.734734009057131e-09
Other,60+,Black / African American,Some college or Associate's degree,"$168,000 or more",Republican,2.1908925380675857e-08
Other,60+,Black / African American,Some college or Associate's degree,"$30,000 to $55,999",Democrat,3.0445553801337655e-06
Other,60+,Black / African American,Some college or Associate's degree,"$30,000 to $55,999",Independent,7.488761850813865e-07
Other,60+,Black / African American,Some college or Associate's degree,"$30,000 to $55,999",Other,1.4033537513488005e-07
Other,60+,Black / African American,Some college or Associate's degree,"$30,000 to $55,999",Republican,1.9620297559513966e-07
Other,60+,Black / African American,Some college or Associate's degree,"$56,000 to $99,999",Democrat,2.5100512630716563e-06
Other,60+,Black / African American,Some college or Associate's degree,"$56,000 to $99,999",Independent,5.258926566980772e-07
Other,60+,Black / African American,Some college or Associate's degree,"$56,000 to $99,999",Other,3.7685097235708303e-10
Other,60+,Black / African American,Some college or Associate's degree,"$56,000 to $99,999",Republican,4.0898967444185695e-07
Other,60+,Black / African American,Some college or Associate's degree,"Less than $30,000",Democrat,5.388941016177216e-06
Other,60+,Black / African American,Some college or Associate's degree,"Less than $30,000",Independent,1.4291713871127825e-06
Other,60+,Black / African American,Some college or Associate's degree,"Less than $30,000",Other,1.3864931655470975e-07
Other,60+,Black / African American,Some college or Associate's degree,"Less than $30,000",Republican,1.759703700790904e-07
Other,60+,Hispanic / Latino,Bachelor's degree,"$100,000 to $167,999",Democrat,2.896739302639943e-07
Other,60+,Hispanic / Latino,Bachelor's degree,"$100,000 to $167,999",Independent,2.510457237790289e-07
Other,60+,Hispanic / Latino,Bachelor's degree,"$100,000 to $167,999",Other,3.610040697419578e-08
Other,60+,Hispanic / Latino,Bachelor's degree,"$100,000 to $167,999",Republican,2.520657144954445e-07
Other,60+,Hispanic / Latino,Bachelor's degree,"$168,000 or more",Democrat,1.4327723461012931e-07
Other,60+,Hispanic / Latino,Bachelor's degree,"$168,000 or more",Independent,1.2584657969029089e-07
Other,60+,Hispanic / Latino,Bachelor's degree,"$168,000 or more",Other,1.7210109163016316e-08
Other,60+,Hispanic / Latino,Bachelor's degree,"$168,000 or more",Republican,1.2618582992700774e-07
Other,60+,Hispanic / Latino,Bachelor's degree,"$30,000 to $55,999",Democrat,4.2523559980223267e-07
Other,60+,Hispanic / Latino,Bachelor's degree,"$30,000 to $55,999",Independent,3.6430514660459177e-07
Other,60+,Hispanic / Latino,Bachelor's degree,"$30,000 to $55,999",Other,5.4622984113517814e-08
Other,60+,Hispanic / Latino,Bachelor's degree,"$30,000 to $55,999",Republican,3.6621919235904603e-07
Other,60+,Hispanic / Latino,Bachelor's degree,"$56,000 to $99,999",Democrat,5.096223894633131e-07
Other,60+,Hispanic / Latino,Bachelor's degree,"$56,000 to $99,999",Independent,5.059120425096897e-07
Other,60+,Hispanic / Latino,Bachelor's degree,"$56,000 to $99,999",Other,4.9053486672650633e-08
Other,60+,Hispanic / Latino,Bachelor's degree,"$56,000 to $99,999",Republican,3.1952512732451204e-07
Other,60+,Hispanic / Latino,Bachelor's degree,"Less than $30,000",Democrat,5.698442522525336e-07
Other,60+,Hispanic / Latino,Bachelor's degree,"Less than $30,000",Independent,4.744998455874865e-07
Other,60+,Hispanic / Latino,Bachelor's degree,"Less than $30,000",Other,7.847588528152105e-08
Other,60+,Hispanic / Latino,Bachelor's degree,"Less than $30,000",Republican,4.784154082309667e-07
Other,60+,Hispanic / Latino,Doctorate degree / Ph.D.,"$100,000 to $167,999",Democrat,2.3555600798785356e-08
Other,60+,Hispanic / Latino,Doctorate degree / Ph.D.,"$100,000 to $167,999",Independent,3.981431602571582e-08
Other,60+,Hispanic / Latino,Doctorate degree / Ph.D.,"$100,000 to $167,999",Other,4.162206349713728e-09
Other,60+,Hispanic / Latino,Doctorate degree / Ph.D.,"$100,000 to $167,999",Republican,1.2129474030167626e-08
Other,60+,Hispanic / Latino,Doctorate degree / Ph.D.,"$168,000 or more",Democrat,2.185145950345195e-08
Other,60+,Hispanic / Latino,Doctorate degree / Ph.D.,"$168,000 or more",Independent,3.6933930139384495e-08
Other,60+,Hispanic / Latino,Doctorate degree / Ph.D.,"$168,000 or more",Other,3.861089524851774e-09
Other,60+,Hispanic / Latino,Doctorate degree / Ph.D.,"$168,000 or more",Republican,1.1251961384149765e-08
Other,60+,Hispanic / Latino,Doctorate degree / Ph.D.,"$30,000 to $55,999",Democrat,1.933900334232226e-08
Other,60+,Hispanic / Latino,Doctorate degree / Ph.D.,"$30,000 to $55,999",Independent,3.268730852041338e-08
Other,60+,Hispanic / Latino,Doctorate degree / Ph.D.,"$30,000 to $55,999",Other,3.417145807323211e-09
Other,60+,Hispanic / Latino,Doctorate degree / Ph.D.,"$30,000 to $55,999",Republican,9.95822355853977e-09
Other,60+,Hispanic / Latino,Doctorate degree / Ph.D.,"$56,000 to $99,999",Democrat,2.8712264070361545e-08
Other,60+,Hispanic / Latino,Doctorate degree / Ph.D.,"$56,000 to $99,999",Independent,4.853024829534926e-08
Other,60+,Hispanic / Latino,Doctorate degree / Ph.D.,"$56,000 to $99,999",Other,5.073373795436307e-09
Other,60+,Hispanic / Latino,Doctorate degree / Ph.D.,"$56,000 to $99,999",Republican,1.4784792133458268e-08
Other,60+,Hispanic / Latino,Doctorate degree / Ph.D.,"Less than $30,000",Democrat,2.39535850006712e-08
Other,60+,Hispanic / Latino,Doctorate degree / Ph.D.,"Less than $30,000",Independent,4.048699972936994e-08
Other,60+,Hispanic / Latino,Doctorate degree / Ph.D.,"Less than $30,000",Other,4.232529004029568e-09
Other,60+,Hispanic / Latino,Doctorate degree / Ph.D.,"Less than $30,000",Republican,1.2334407841129467e-08
Other,60+,Hispanic / Latino,High school diploma / GED,"$100,000 to $167,999",Democrat,5.236724976277208e-07
Other,60+,Hispanic / Latino,High school diploma / GED,"$100,000 to $167,999",Independent,8.814192942552068e-08
Other,60+,Hispanic / Latino,High school diploma / GED,"$100,000 to $167,999",Other,7.386196504135066e-09
Other,60+,Hispanic / Latino,High school diploma / GED,"$100,000 to $167,999",Republican,2.534363241120639e-07
Other,60+,Hispanic / Latino,High school diploma / GED,"$168,000 or more",Democrat,1.3216033647466418e-07
Other,60+,Hispanic / Latino,High school diploma / GED,"$168,000 or more",Independent,4.279923773005937e-08
Other,60+,Hispanic / Latino,High school diploma / GED,"$168,000 or more",Other,6.224634206093461e-09
Other,60+,Hispanic / Latino,High school diploma / GED,"$168,000 or more",Republican,9.103096706856818e-08
Other,60+,Hispanic / Latino,High school diploma / GED,"$30,000 to $55,999",Democrat,1.038295788589871e-06
Other,60+,Hispanic / Latino,High school diploma / GED,"$30,000 to $55,999",Independent,4.672391146103854e-07
Other,60+,Hispanic / Latino,High school diploma / GED,"$30,000 to $55,999",Other,7.430468707038176e-08
Other,60+,Hispanic / Latino,High school diploma / GED,"$30,000 to $55,999",Republican,7.26559939128054e-07
Other,60+,Hispanic / Latino,High school diploma / GED,"$56,000 to $99,999",Democrat,8.866121881320524e-07
Other,60+,Hispanic / Latino,High school diploma / GED,"$56,000 to $99,999",Independent,3.216609561276364e-07
Other,60+,Hispanic / Latino,High school diploma / GED,"$56,000 to $99,999",Other,7.099925778558557e-08
Other,60+,Hispanic / Latino,High school diploma / GED,"$56,000 to $99,999",Republican,6.321051537943067e-07
Other,60+,Hispanic / Latino,High school diploma / GED,"Less than $30,000",Democrat,2.133224639428816e-06
Other,60+,Hispanic / Latino,High school diploma / GED,"Less than $30,000",Independent,5.074335053075817e-07
Other,60+,Hispanic / Latino,High school diploma / GED,"Less than $30,000",Other,6.91185121223371e-09
Other,60+,Hispanic / Latino,High school diploma / GED,"Less than $30,000",Republican,1.221606126712282e-06
Other,60+,Hispanic / Latino,Less than high school,"$100,000 to $167,999",Democrat,4.915829421063926e-07
Other,60+,Hispanic / Latino,Less than high school,"$100,000 to $167,999",Independent,3.4865693782367554e-07
Other,60+,Hispanic / Latino,Less than high school,"$100,000 to $167,999",Other,3.38046432812068e-09
Other,60+,Hispanic / Latino,Less than high school,"$100,000 to $167,999",Republican,2.99910767285272e-07
Other,60+,Hispanic / Latino,Less than high school,"$168,000 or more",Democrat,1.3141754709976607e-07
Other,60+,Hispanic / Latino,Less than high school,"$168,000 or more",Independent,9.4094701862046e-08
Other,60+,Hispanic / Latino,Less than high school,"$168,000 or more",Other,9.24430792468654e-10
Other,60+,Hispanic / Latino,Less than high school,"$168,000 or more",Republican,8.134998401273644e-08
Other,60+,Hispanic / Latino,Less than high school,"$30,000 to $55,999",Democrat,1.6261514558191482e-06
Other,60+,Hispanic / Latino,Less than high school,"$30,000 to $55,999",Independent,1.1533153287938587e-06
Other,60+,Hispanic / Latino,Less than high school,"$30,000 to $55,999",Other,1.118164635549606e-08
Other,60+,Hispanic / Latino,Less than high school,"$30,000 to $55,999",Republican,9.92051077417302e-07
Other,60+,Hispanic / Latino,Less than high school,"$56,000 to $99,999",Democrat,1.2967142968206485e-06
Other,60+,Hispanic / Latino,Less than high school,"$56,000 to $99,999",Independent,9.033591356633031e-07
Other,60+,Hispanic / Latino,Less than high school,"$56,000 to $99,999",Other,8.535255367107987e-09
Other,60+,Hispanic / Latino,Less than high school,"$56,000 to $99,999",Republican,7.694864177126416e-07
Other,60+,Hispanic / Latino,Less than high school,"Less than $30,000",Democrat,4.004682141148339e-06
Other,60+,Hispanic / Latino,Less than high school,"Less than $30,000",Independent,2.5349537710035427e-06
Other,60+,Hispanic / Latino,Less than high school,"Less than $30,000",Other,6.371110432387243e-08
Other,60+,Hispanic / Latino,Less than high school,"Less than $30,000",Republican,1.7407105388786311e-06
Other,60+,Hispanic / Latino,Master's degree / Professional degree,"$100,000 to $167,999",Democrat,2.5338448420200483e-07
Other,60+,Hispanic / Latino,Master's degree / Professional degree,"$100,000 to $167,999",Independent,1.49736098467787e-07
Other,60+,Hispanic / Latino,Master's degree / Professional degree,"$100,000 to $167,999",Other,1.045023561717e-08
Other,60+,Hispanic / Latino,Master's degree / Professional degree,"$100,000 to $167,999",Republican,1.1610878692379945e-07
Other,60+,Hispanic / Latino,Master's degree / Professional degree,"$168,000 or more",Democrat,1.7497580533394827e-07
Other,60+,Hispanic / Latino,Master's degree / Professional degree,"$168,000 or more",Independent,1.1283836127195236e-07
Other,60+,Hispanic / Latino,Master's degree / Professional degree,"$168,000 or more",Other,8.574642335835324e-09
Other,60+,Hispanic / Latino,Master's degree / Professional degree,"$168,000 or more",Republican,8.628540134649425e-08
Other,60+,Hispanic / Latino,Master's degree / Professional degree,"$30,000 to $55,999",Democrat,2.9015907762734933e-07
Other,60+,Hispanic / Latino,Master's degree / Professional degree,"$30,000 to $55,999",Independent,1.701343274561274e-07
Other,60+,Hispanic / Latino,Master's degree / Professional degree,"$30,000 to $55,999",Other,1.177500443355845e-08
Other,60+,Hispanic / Latino,Master's degree / Professional degree,"$30,000 to $55,999",Republican,1.3209729974820344e-07
Other,60+,Hispanic / Latino,Master's degree / Professional degree,"$56,000 to $99,999",Democrat,3.445209034811527e-07
Other,60+,Hispanic / Latino,Master's degree / Professional degree,"$56,000 to $99,999",Independent,1.9970135148548935e-07
Other,60+,Hispanic / Latino,Master's degree / Professional degree,"$56,000 to $99,999",Other,1.3648924644155857e-08
Other,60+,Hispanic / Latino,Master's degree / Professional degree,"$56,000 to $99,999",Republican,1.553527382952303e-07
Other,60+,Hispanic / Latino,Master's degree / Professional degree,"Less than $30,000",Democrat,3.7849620223900193e-07
Other,60+,Hispanic / Latino,Master's degree / Professional degree,"Less than $30,000",Independent,2.042566387670957e-07
Other,60+,Hispanic / Latino,Master's degree / Professional degree,"Less than $30,000",Other,1.2816276566804171e-08
Other,60+,Hispanic / Latino,Master's degree / Professional degree,"Less than $30,000",Republican,1.6087851519705037e-07
Other,60+,Hispanic / Latino,Some college or Associate's degree,"$100,000 to $167,999",Democrat,5.197394953217687e-07
Other,60+,Hispanic / Latino,Some college or Associate's degree,"$100,000 to $167,999",Independent,3.0948619063516576e-07
Other,60+,Hispanic / Latino,Some college or Associate's degree,"$100,000 to $167,999",Other,4.7487791366475995e-08
Other,60+,Hispanic / Latino,Some college or Associate's degree,"$100,000 to $167,999",Republican,3.8103111028953134e-07
Other,60+,Hispanic / Latino,Some college or Associate's degree,"$168,000 or more",Democrat,1.7430916641820817e-07
Other,60+,Hispanic / Latino,Some college or Associate's degree,"$168,000 or more",Independent,9.89515534240855e-08
Other,60+,Hispanic / Latino,Some college or Associate's degree,"$168,000 or more",Other,1.973729286410099e-08
Other,60+,Hispanic / Latino,Some college or Associate's degree,"$168,000 or more",Republican,1.2135972159847445e-07
Other,60+,Hispanic / Latino,Some college or Associate's degree,"$30,000 to $55,999",Democrat,1.1163754351410248e-06
Other,60+,Hispanic / Latino,Some college or Associate's degree,"$30,000 to $55,999",Independent,6.508744294710543e-07
Other,60+,Hispanic / Latino,Some college or Associate's degree,"$30,000 to $55,999",Other,1.1236867393768559e-07
Other,60+,Hispanic / Latino,Some college or Associate's degree,"$30,000 to $55,999",Republican,8.756838295036216e-07
Other,60+,Hispanic / Latino,Some college or Associate's degree,"$56,000 to $99,999",Democrat,1.1646694416227086e-06
Other,60+,Hispanic / Latino,Some college or Associate's degree,"$56,000 to $99,999",Independent,5.404101516040549e-07
Other,60+,Hispanic / Latino,Some college or Associate's degree,"$56,000 to $99,999",Other,1.8735415357562932e-07
Other,60+,Hispanic / Latino,Some college or Associate's degree,"$56,000 to $99,999",Republican,7.926076525783546e-07
Other,60+,Hispanic / Latino,Some college or Associate's degree,"Less than $30,000",Democrat,2.221921453067121e-06
Other,60+,Hispanic / Latino,Some college or Associate's degree,"Less than $30,000",Independent,3.360828066145874e-07
Other,60+,Hispanic / Latino,Some college or Associate's degree,"Less than $30,000",Other,8.383702110276051e-08
Other,60+,Hispanic / Latino,Some college or Associate's degree,"Less than $30,000",Republican,1.2483458562773075e-06
Other,60+,Other,Bachelor's degree,"$100,000 to $167,999",Democrat,4.9060936941819115e-08
Other,60+,Other,Bachelor's degree,"$100,000 to $167,999",Independent,8.569282613176508e-08
Other,60+,Other,Bachelor's degree,"$100,000 to $167,999",Other,1.4193356416227965e-08
Other,60+,Other,Bachelor's degree,"$100,000 to $167,999",Republican,5.6731696861728496e-08
Other,60+,Other,Bachelor's degree,"$168,000 or more",Democrat,2.8676423428977775e-08
Other,60+,Other,Bachelor's degree,"$168,000 or more",Independent,5.0696374889069796e-08
Other,60+,Other,Bachelor's degree,"$168,000 or more",Other,8.557820623095912e-09
Other,60+,Other,Bachelor's degree,"$168,000 or more",Republican,3.3361625303833445e-08
Other,60+,Other,Bachelor's degree,"$30,000 to $55,999",Democrat,8.608244436605979e-08
Other,60+,Other,Bachelor's degree,"$30,000 to $55,999",Independent,1.500820587397366e-07
Other,60+,Other,Bachelor's degree,"$30,000 to $55,999",Other,2.4785489106514685e-08
Other,60+,Other,Bachelor's degree,"$30,000 to $55,999",Republican,9.945052397027501e-08
Other,60+,Other,Bachelor's degree,"$56,000 to $99,999",Democrat,9.006184435110903e-08
Other,60+,Other,Bachelor's degree,"$56,000 to $99,999",Independent,1.5497026007324078e-07
Other,60+,Other,Bachelor's degree,"$56,000 to $99,999",Other,2.504949953288467e-08
Other,60+,Other,Bachelor's degree,"$56,000 to $99,999",Republican,1.0336868987690245e-07
Other,60+,Other,Bachelor's degree,"Less than $30,000",Democrat,1.2060820201109116e-07
Other,60+,Other,Bachelor's degree,"Less than $30,000",Independent,1.898322053868296e-07
Other,60+,Other,Bachelor's degree,"Less than $30,000",Other,2.593158628544001e-08
Other,60+,Other,Bachelor's degree,"Less than $30,000",Republican,1.3256342653972352e-07
Other,60+,Other,Doctorate degree / Ph.D.,"$100,000 to $167,999",Democrat,8.847757183871865e-09
Other,60+,Other,Doctorate degree / Ph.D.,"$100,000 to $167,999",Independent,1.0965651821435223e-08
Other,60+,Other,Doctorate degree / Ph.D.,"$100,000 to $167,999",Other,3.147861082863977e-09
Other,60+,Other,Doctorate degree / Ph.D.,"$100,000 to $167,999",Republican,4.090569706062511e-09
Other,60+,Other,Doctorate degree / Ph.D.,"$168,000 or more",Democrat,9.810647533948865e-09
Other,60+,Other,Doctorate degree / Ph.D.,"$168,000 or more",Independent,1.2159029996461461e-08
Other,60+,Other,Doctorate degree / Ph.D.,"$168,000 or more",Other,3.4904388680678686e-09
Other,60+,Other,Doctorate degree / Ph.D.,"$168,000 or more",Republican,4.535741291858817e-09
Other,60+,Other,Doctorate degree / Ph.D.,"$30,000 to $55,999",Democrat,9.383965182312234e-09
Other,60+,Other,Doctorate degree / Ph.D.,"$30,000 to $55,999",Independent,1.163021235271698e-08
Other,60+,Other,Doctorate degree / Ph.D.,"$30,000 to $55,999",Other,3.3386335301105617e-09
Other,60+,Other,Doctorate degree / Ph.D.,"$30,000 to $55,999",Republican,4.3384739092392e-09
Other,60+,Other,Doctorate degree / Ph.D.,"$56,000 to $99,999",Democrat,1.3151616152713842e-08
Other,60+,Other,Doctorate degree / Ph.D.,"$56,000 to $99,999",Independent,1.62997289169178e-08
Other,60+,Other,Doctorate degree / Ph.D.,"$56,000 to $99,999",Other,4.679090960967838e-09
Other,60+,Other,Doctorate degree / Ph.D.,"$56,000 to $99,999",Republican,6.0803660749323666e-09
Other,60+,Other,Doctorate degree / Ph.D.,"Less than $30,000",Democrat,1.9360756700350834e-08
Other,60+,Other,Doctorate degree / Ph.D.,"Less than $30,000",Independent,2.3995156350195006e-08
Other,60+,Other,Doctorate degree / Ph.D.,"Less than $30,000",Other,6.888183218107056e-09
Other,60+,Other,Doctorate degree / Ph.D.,"Less than $30,000",Republican,8.951028288758334e-09
Other,60+,Other,High school diploma / GED,"$100,000 to $167,999",Democrat,2.3079757698033933e-08
Other,60+,Other,High school diploma / GED,"$100,000 to $167,999",Independent,4.345334122021136e-08
Other,60+,Other,High school diploma / GED,"$100,000 to $167,999",Other,1.8491472062709484e-08
Other,60+,Other,High school diploma / GED,"$100,000 to $167,999",Republican,4.9638218561693164e-08
Other,60+,Other,High school diploma / GED,"$168,000 or more",Democrat,9.453042194384075e-09
Other,60+,Other,High school diploma / GED,"$168,000 or more",Independent,1.7357288350082364e-08
Other,60+,Other,High school diploma / GED,"$168,000 or more",Other,7.020032947869005e-09
Other,60+,Other,High school diploma / GED,"$168,000 or more",Republican,2.029873946179346e-08
Other,60+,Other,High school diploma / GED,"$30,000 to $55,999",Democrat,7.565127015104231e-08
Other,60+,Other,High school diploma / GED,"$30,000 to $55,999",Independent,1.401180704424359e-07
Other,60+,Other,High school diploma / GED,"$30,000 to $55,999",Other,5.770204608181709e-08
Other,60+,Other,High school diploma / GED,"$30,000 to $55,999",Republican,1.625361246548676e-07
Other,60+,Other,High school diploma / GED,"$56,000 to $99,999",Democrat,5.6377597553245496e-08
Other,60+,Other,High school diploma / GED,"$56,000 to $99,999",Independent,1.0461287866232429e-07
Other,60+,Other,High school diploma / GED,"$56,000 to $99,999",Other,4.324357053942409e-08
Other,60+,Other,High school diploma / GED,"$56,000 to $99,999",Republican,1.211408691946082e-07
Other,60+,Other,High school diploma / GED,"Less than $30,000",Democrat,2.2247421483150992e-07
Other,60+,Other,High school diploma / GED,"Less than $30,000",Independent,1.871439729592618e-07
Other,60+,Other,High school diploma / GED,"Less than $30,000",Other,8.030205704522113e-08
Other,60+,Other,High school diploma / GED,"Less than $30,000",Republican,3.0619684755721726e-07
Other,60+,Other,Less than high school,"$100,000 to $167,999",Democrat,2.0380471641813386e-09
Other,60+,Other,Less than high school,"$100,000 to $167,999",Independent,1.9431654207441357e-08
Other,60+,Other,Less than high school,"$100,000 to $167,999",Other,7.04621117926494e-09
Other,60+,Other,Less than high school,"$100,000 to $167,999",Republican,2.0427215810948385e-08
Other,60+,Other,Less than high school,"$168,000 or more",Democrat,9.774597378488725e-10
Other,60+,Other,Less than high school,"$168,000 or more",Independent,9.319538802334393e-09
Other,60+,Other,Less than high school,"$168,000 or more",Other,3.3794054687044924e-09
Other,60+,Other,Less than high school,"$168,000 or more",Republican,9.79701616452649e-09
Other,60+,Other,Less than high school,"$30,000 to $55,999",Democrat,9.325137573728653e-09
Other,60+,Other,Less than high school,"$30,000 to $55,999",Independent,8.89100369972552e-08
Other,60+,Other,Less than high school,"$30,000 to $55,999",Other,3.2240121708166725e-08
Other,60+,Other,Less than high school,"$30,000 to $55,999",Republican,9.346525489357625e-08
Other,60+,Other,Less than high school,"$56,000 to $99,999",Democrat,6.170251065511953e-09
Other,60+,Other,Less than high school,"$56,000 to $99,999",Independent,5.882993641429623e-08
Other,60+,Other,Less than high school,"$56,000 to $99,999",Other,2.1332623111372354e-08
Other,60+,Other,Less than high school,"$56,000 to $99,999",Republican,6.184403007845807e-08
Other,60+,Other,Less than high school,"Less than $30,000",Democrat,2.7510810579199223e-08
Other,60+,Other,Less than high school,"Less than $30,000",Independent,2.6230038614251317e-07
Other,60+,Other,Less than high school,"Less than $30,000",Other,9.511408001770164e-08
Other,60+,Other,Less than high school,"Less than $30,000",Republican,2.7573908725569747e-07
Other,60+,Other,Master's degree / Professional degree,"$100,000 to $167,999",Democrat,3.581326830058703e-08
Other,60+,Other,Master's degree / Professional degree,"$100,000 to $167,999",Independent,5.339724484912573e-08
Other,60+,Other,Master's degree / Professional degree,"$100,000 to $167,999",Other,2.6013835761423967e-08
Other,60+,Other,Master's degree / Professional degree,"$100,000 to $167,999",Republican,2.6506989844972427e-08
Other,60+,Other,Master's degree / Professional degree,"$168,000 or more",Democrat,2.8585488213416215e-08
Other,60+,Other,Master's degree / Professional degree,"$168,000 or more",Independent,4.6403259773274935e-08
Other,60+,Other,Master's degree / Professional degree,"$168,000 or more",Other,2.1962851906530016e-08
Other,60+,Other,Master's degree / Professional degree,"$168,000 or more",Republican,2.314154272084571e-08
Other,60+,Other,Master's degree / Professional degree,"$30,000 to $55,999",Democrat,4.355968135579973e-08
Other,60+,Other,Master's degree / Professional degree,"$30,000 to $55,999",Independent,5.99044062278972e-08
Other,60+,Other,Master's degree / Professional degree,"$30,000 to $55,999",Other,3.004208411239196e-08
Other,60+,Other,Master's degree / Professional degree,"$30,000 to $55,999",Republican,2.959531170984898e-08
Other,60+,Other,Master's degree / Professional degree,"$56,000 to $99,999",Democrat,6.143572802657716e-08
Other,60+,Other,Master's degree / Professional degree,"$56,000 to $99,999",Independent,8.25829544501117e-08
Other,60+,Other,Master's degree / Professional degree,"$56,000 to $99,999",Other,4.1766860914596174e-08
Other,60+,Other,Master's degree / Professional degree,"$56,000 to $99,999",Republican,4.0741351172344454e-08
Other,60+,Other,Master's degree / Professional degree,"Less than $30,000",Democrat,7.29634907065216e-08
Other,60+,Other,Master's degree / Professional degree,"Less than $30,000",Independent,9.337540535079851e-08
Other,60+,Other,Master's degree / Professional degree,"Less than $30,000",Other,4.811298314454319e-08
Other,60+,Other,Master's degree / Professional degree,"Less than $30,000",Republican,4.5918873261735105e-08
Other,60+,Other,Some college or Associate's degree,"$100,000 to $167,999",Democrat,5.7074654837345625e-08
Other,60+,Other,Some college or Associate's degree,"$100,000 to $167,999",Independent,1.1203348224484437e-07
Other,60+,Other,Some college or Associate's degree,"$100,000 to $167,999",Other,3.5660408446293084e-08
Other,60+,Other,Some college or Associate's degree,"$100,000 to $167,999",Republican,7.767926823584777e-08
Other,60+,Other,Some college or Associate's degree,"$168,000 or more",Democrat,2.0760828955635374e-08
Other,60+,Other,Some college or Associate's degree,"$168,000 or more",Independent,4.32845345683544e-08
Other,60+,Other,Some college or Associate's degree,"$168,000 or more",Other,1.4421683529308419e-08
Other,60+,Other,Some college or Associate's degree,"$168,000 or more",Republican,2.9068145700480547e-08
Other,60+,Other,Some college or Associate's degree,"$30,000 to $55,999",Democrat,1.372684192839331e-07
Other,60+,Other,Some college or Associate's degree,"$30,000 to $55,999",Independent,2.536366500588774e-07
Other,60+,Other,Some college or Associate's degree,"$30,000 to $55,999",Other,1.3200579804988974e-07
Other,60+,Other,Some college or Associate's degree,"$30,000 to $55,999",Republican,2.437323437051565e-07
Other,60+,Other,Some college or Associate's degree,"$56,000 to $99,999",Democrat,1.748840085668315e-07
Other,60+,Other,Some college or Associate's degree,"$56,000 to $99,999",Independent,2.6910059955188e-07
Other,60+,Other,Some college or Associate's degree,"$56,000 to $99,999",Other,6.909568509288428e-08
Other,60+,Other,Some college or Associate's degree,"$56,000 to $99,999",Republican,1.547008576348547e-07
Other,60+,Other,Some college or Associate's degree,"Less than $30,000",Democrat,3.5977148346132244e-07
Other,60+,Other,Some college or Associate's degree,"Less than $30,000",Independent,4.910683230154963e-07
Other,60+,Other,Some college or Associate's degree,"Less than $30,000",Other,1.1183903671474928e-07
Other,60+,Other,Some college or Associate's degree,"Less than $30,000",Republican,3.107699943654688e-07
Other,60+,White / Caucasian,Bachelor's degree,"$100,000 to $167,999",Democrat,4.002769957217431e-06
Other,60+,White / Caucasian,Bachelor's degree,"$100,000 to $167,999",Independent,3.7255328049555295e-06
Other,60+,White / Caucasian,Bachelor's degree,"$100,000 to $167,999",Other,4.217954263502016e-07
Other,60+,White / Caucasian,Bachelor's degree,"$100,000 to $167,999",Republican,5.909700211167442e-06
Other,60+,White / Caucasian,Bachelor's degree,"$168,000 or more",Democrat,2.483774767480067e-06
Other,60+,White / Caucasian,Bachelor's degree,"$168,000 or more",Independent,2.4016526059427156e-06
Other,60+,White / Caucasian,Bachelor's degree,"$168,000 or more",Other,2.2556353516066598e-07
Other,60+,White / Caucasian,Bachelor's degree,"$168,000 or more",Republican,3.677557944569934e-06
Other,60+,White / Caucasian,Bachelor's degree,"$30,000 to $55,999",Democrat,5.779746850656398e-06
Other,60+,White / Caucasian,Bachelor's degree,"$30,000 to $55,999",Independent,5.162260032702446e-06
Other,60+,White / Caucasian,Bachelor's degree,"$30,000 to $55,999",Other,7.971873142786326e-07
Other,60+,White / Caucasian,Bachelor's degree,"$30,000 to $55,999",Republican,7.774444809218218e-06
Other,60+,White / Caucasian,Bachelor's degree,"$56,000 to $99,999",Democrat,6.67270541703589e-06
Other,60+,White / Caucasian,Bachelor's degree,"$56,000 to $99,999",Independent,6.293265022006356e-06
Other,60+,White / Caucasian,Bachelor's degree,"$56,000 to $99,999",Other,1.0206340762726942e-06
Other,60+,White / Caucasian,Bachelor's degree,"$56,000 to $99,999",Republican,9.723016932336924e-06
Other,60+,White / Caucasian,Bachelor's degree,"Less than $30,000",Democrat,5.609378413032108e-06
Other,60+,White / Caucasian,Bachelor's degree,"Less than $30,000",Independent,4.278223848255047e-06
Other,60+,White / Caucasian,Bachelor's degree,"Less than $30,000",Other,1.272997395468958e-06
Other,60+,White / Caucasian,Bachelor's degree,"Less than $30,000",Republican,7.98222750715604e-06
Other,60+,White / Caucasian,Doctorate degree / Ph.D.,"$100,000 to $167,999",Democrat,5.016577032641889e-07
Other,60+,White / Caucasian,Doctorate degree / Ph.D.,"$100,000 to $167,999",Independent,4.3843130210702055e-07
Other,60+,White / Caucasian,Doctorate degree / Ph.D.,"$100,000 to $167,999",Other,6.66528296256567e-08
Other,60+,White / Caucasian,Doctorate degree / Ph.D.,"$100,000 to $167,999",Republican,6.855145484366782e-07
Other,60+,White / Caucasian,Doctorate degree / Ph.D.,"$168,000 or more",Democrat,6.36255394517469e-07
Other,60+,White / Caucasian,Doctorate degree / Ph.D.,"$168,000 or more",Independent,5.087251765387752e-07
Other,60+,White / Caucasian,Doctorate degree / Ph.D.,"$168,000 or more",Other,4.247394252748701e-08
Other,60+,White / Caucasian,Doctorate degree / Ph.D.,"$168,000 or more",Republican,4.916216892355828e-07
Other,60+,White / Caucasian,Doctorate degree / Ph.D.,"$30,000 to $55,999",Democrat,4.5892623415704144e-07
Other,60+,White / Caucasian,Doctorate degree / Ph.D.,"$30,000 to $55,999",Independent,3.5751064081323773e-07
Other,60+,White / Caucasian,Doctorate degree / Ph.D.,"$30,000 to $55,999",Other,2.762239389082147e-08
Other,60+,White / Caucasian,Doctorate degree / Ph.D.,"$30,000 to $55,999",Republican,3.404759858216901e-07
Other,60+,White / Caucasian,Doctorate degree / Ph.D.,"$56,000 to $99,999",Democrat,7.628859035263374e-07
Other,60+,White / Caucasian,Doctorate degree / Ph.D.,"$56,000 to $99,999",Independent,7.068572815524825e-07
Other,60+,White / Caucasian,Doctorate degree / Ph.D.,"$56,000 to $99,999",Other,2.0997745356179722e-08
Other,60+,White / Caucasian,Doctorate degree / Ph.D.,"$56,000 to $99,999",Republican,3.041165339804884e-07
Other,60+,White / Caucasian,Doctorate degree / Ph.D.,"Less than $30,000",Democrat,4.2098055833171733e-07
Other,60+,White / Caucasian,Doctorate degree / Ph.D.,"Less than $30,000",Independent,3.248336677425928e-07
Other,60+,White / Caucasian,Doctorate degree / Ph.D.,"Less than $30,000",Other,2.4342299603665754e-08
Other,60+,White / Caucasian,Doctorate degree / Ph.D.,"Less than $30,000",Republican,3.0765458965392505e-07
Other,60+,White / Caucasian,High school diploma / GED,"$100,000 to $167,999",Democrat,1.2135708240173518e-06
Other,60+,White / Caucasian,High school diploma / GED,"$100,000 to $167,999",Independent,1.4441223578416113e-06
Other,60+,White / Caucasian,High school diploma / GED,"$100,000 to $167,999",Other,1.695425559209191e-07
Other,60+,White / Caucasian,High school diploma / GED,"$100,000 to $167,999",Republican,3.380714722785144e-06
Other,60+,White / Caucasian,High school diploma / GED,"$168,000 or more",Democrat,4.3051919589141034e-07
Other,60+,White / Caucasian,High school diploma / GED,"$168,000 or more",Independent,4.2662552256325204e-07
Other,60+,White / Caucasian,High school diploma / GED,"$168,000 or more",Other,4.550936613224166e-08
Other,60+,White / Caucasian,High school diploma / GED,"$168,000 or more",Republican,1.1809873119340804e-06
Other,60+,White / Caucasian,High school diploma / GED,"$30,000 to $55,999",Democrat,5.320520959027455e-06
Other,60+,White / Caucasian,High school diploma / GED,"$30,000 to $55,999",Independent,5.711393318857424e-06
Other,60+,White / Caucasian,High school diploma / GED,"$30,000 to $55,999",Other,1.380244223604037e-06
Other,60+,White / Caucasian,High school diploma / GED,"$30,000 to $55,999",Republican,1.2972329885583653e-05
Other,60+,White / Caucasian,High school diploma / GED,"$56,000 to $99,999",Democrat,4.293874153917048e-06
Other,60+,White / Caucasian,High school diploma / GED,"$56,000 to $99,999",Independent,3.6740988857727306e-06
Other,60+,White / Caucasian,High school diploma / GED,"$56,000 to $99,999",Other,4.642717823781982e-07
Other,60+,White / Caucasian,High school diploma / GED,"$56,000 to $99,999",Republican,1.0008163595478813e-05
Other,60+,White / Caucasian,High school diploma / GED,"Less than $30,000",Democrat,8.1216318732823e-06
Other,60+,White / Caucasian,High school diploma / GED,"Less than $30,000",Independent,8.174066757250657e-06
Other,60+,White / Caucasian,High school diploma / GED,"Less than $30,000",Other,1.0857700511195987e-06
Other,60+,White / Caucasian,High school diploma / GED,"Less than $30,000",Republican,1.6357466135470405e-05
Other,60+,White / Caucasian,Less than high school,"$100,000 to $167,999",Democrat,1.242207831855577e-07
Other,60+,White / Caucasian,Less than high school,"$100,000 to $167,999",Independent,3.811266726694301e-07
Other,60+,White / Caucasian,Less than high school,"$100,000 to $167,999",Other,2.1447870855759647e-07
Other,60+,White / Caucasian,Less than high school,"$100,000 to $167,999",Republican,4.136124047902206e-07
Other,60+,White / Caucasian,Less than high school,"$168,000 or more",Democrat,6.227678019754761e-08
Other,60+,White / Caucasian,Less than high school,"$168,000 or more",Independent,1.0649248969049415e-07
Other,60+,White / Caucasian,Less than high school,"$168,000 or more",Other,1.584809435641699e-08
Other,60+,White / Caucasian,Less than high school,"$168,000 or more",Republican,1.806309232300816e-07
Other,60+,White / Caucasian,Less than high school,"$30,000 to $55,999",Democrat,9.788980736862226e-07
Other,60+,White / Caucasian,Less than high school,"$30,000 to $55,999",Independent,1.809432530256552e-06
Other,60+,White / Caucasian,Less than high school,"$30,000 to $55,999",Other,3.9546047605826306e-07
Other,60+,White / Caucasian,Less than high school,"$30,000 to $55,999",Republican,3.2755410490532004e-06
Other,60+,White / Caucasian,Less than high school,"$56,000 to $99,999",Democrat,4.022827090998522e-07
Other,60+,White / Caucasian,Less than high school,"$56,000 to $99,999",Independent,7.711727790171881e-07
Other,60+,White / Caucasian,Less than high school,"$56,000 to $99,999",Republican,2.3828329725548075e-06
Other,60+,White / Caucasian,Less than high school,"Less than $30,000",Democrat,2.9077588110921717e-06
Other,60+,White / Caucasian,Less than high school,"Less than $30,000",Independent,4.03835362488028e-06
Other,60+,White / Caucasian,Less than high school,"Less than $30,000",Other,4.5942463366323293e-07
Other,60+,White / Caucasian,Less than high school,"Less than $30,000",Republican,6.893184795806008e-06
Other,60+,White / Caucasian,Master's degree / Professional degree,"$100,000 to $167,999",Democrat,4.324053245049061e-06
Other,60+,White / Caucasian,Master's degree / Professional degree,"$100,000 to $167,999",Independent,2.532037827570193e-06
Other,60+,White / Caucasian,Master's degree / Professional degree,"$100,000 to $167,999",Other,4.539406744433007e-07
Other,60+,White / Caucasian,Master's degree / Professional degree,"$100,000 to $167,999",Republican,3.486267740935899e-06
Other,60+,White / Caucasian,Master's degree / Professional degree,"$168,000 or more",Democrat,3.707551871710203e-06
Other,60+,White / Caucasian,Master's degree / Professional degree,"$168,000 or more",Independent,1.8457209917341482e-06
Other,60+,White / Caucasian,Master's degree / Professional degree,"$168,000 or more",Other,1.7190874230770129e-07
Other,60+,White / Caucasian,Master's degree / Professional degree,"$168,000 or more",Republican,2.8508493933276144e-06
Other,60+,White / Caucasian,Master's degree / Professional degree,"$30,000 to $55,999",Democrat,4.228528519581286e-06
Other,60+,White / Caucasian,Master's degree / Professional degree,"$30,000 to $55,999",Independent,2.8422643196402313e-06
Other,60+,White / Caucasian,Master's degree / Professional degree,"$30,000 to $55,999",Other,3.0100161791145033e-07
Other,60+,White / Caucasian,Master's degree / Professional degree,"$30,000 to $55,999",Republican,3.072376432341136e-06
Other,60+,White / Caucasian,Master's degree / Professional degree,"$56,000 to $99,999",Democrat,5.883833446322566e-06
Other,60+,White / Caucasian,Master's degree / Professional degree,"$56,000 to $99,999",Independent,4.128693274788715e-06
Other,60+,White / Caucasian,Master's degree / Professional degree,"$56,000 to $99,999",Other,3.818208000491943e-07
Other,60+,White / Caucasian,Master's degree / Professional degree,"$56,000 to $99,999",Republican,5.011441307240247e-06
Other,60+,White / Caucasian,Master's degree / Professional degree,"Less than $30,000",Democrat,3.358774179158522e-06
Other,60+,White / Caucasian,Master's degree / Professional degree,"Less than $30,000",Independent,2.3134954655671965e-06
Other,60+,White / Caucasian,Master's degree / Professional degree,"Less than $30,000",Other,4.74153357884623e-07
Other,60+,White / Caucasian,Master's degree / Professional degree,"Less than $30,000",Republican,3.2460929633970057e-06
Other,60+,White / Caucasian,Some college or Associate's degree,"$100,000 to $167,999",Democrat,2.9652576358152755e-06
Other,60+,White / Caucasian,Some college or Associate's degree,"$100,000 to $167,999",Independent,3.291795794450251e-06
Other,60+,White / Caucasian,Some college or Associate's degree,"$100,000 to $167,999",Other,7.591314556642128e-07
Other,60+,White / Caucasian,Some college or Associate's degree,"$100,000 to $167,999",Republican,6.124390976849222e-06
Other,60+,White / Caucasian,Some college or Associate's degree,"$168,000 or more",Democrat,1.2443358894734613e-06
Other,60+,White / Caucasian,Some college or Associate's degree,"$168,000 or more",Independent,1.1019747025131024e-06
Other,60+,White / Caucasian,Some college or Associate's degree,"$168,000 or more",Other,1.577935977937168e-07
Other,60+,White / Caucasian,Some college or Associate's degree,"$168,000 or more",Republican,2.4107646649425977e-06
Other,60+,White / Caucasian,Some college or Associate's degree,"$30,000 to $55,999",Democrat,8.602376428810331e-06
Other,60+,White / Caucasian,Some college or Associate's degree,"$30,000 to $55,999",Independent,9.108989407146309e-06
Other,60+,White / Caucasian,Some college or Associate's degree,"$30,000 to $55,999",Other,1.5941858754611246e-06
Other,60+,White / Caucasian,Some college or Associate's degree,"$30,000 to $55,999",Republican,1.4286667858165079e-05
Other,60+,White / Caucasian,Some college or Associate's degree,"$56,000 to $99,999",Democrat,7.741091309046174e-06
Other,60+,White / Caucasian,Some college or Associate's degree,"$56,000 to $99,999",Independent,7.906446250606543e-06
Other,60+,White / Caucasian,Some college or Associate's degree,"$56,000 to $99,999",Other,8.221490360307176e-07
Other,60+,White / Caucasian,Some college or Associate's degree,"$56,000 to $99,999",Republican,1.4376227608104892e-05
Other,60+,White / Caucasian,Some college or Associate's degree,"Less than $30,000",Democrat,1.1510221492995135e-05
Other,60+,White / Caucasian,Some college or Associate's degree,"Less than $30,000",Independent,9.178649387854241e-06
Other,60+,White / Caucasian,Some college or Associate's degree,"Less than $30,000",Other,1.4480519537033637e-06
Other,60+,White / Caucasian,Some college or Associate's degree,"Less than $30,000",Republican,1.5563881676418858e-05
