gender,age_band,race,education,income,party,weight
Female,18-29,Asian / Asian American,Bachelor's degree,"$100,000 to $167,999",Democrat,0.00015873908665989297
Female,18-29,Asian / Asian American,Bachelor's degree,"$100,000 to $167,999",Independent,0.0002177243242903798
Female,18-29,Asian / Asian American,Bachelor's degree,"$100,000 to $167,999",Other,1.8018235590614816e-05
Female,18-29,Asian / Asian American,Bachelor's degree,"$100,000 to $167,999",Republican,8.176290464116337e-05
Female,18-29,Asian / Asian American,Bachelor's degree,"$168,000 or more",Democrat,0.000100498590295011
Female,18-29,Asian / Asian American,Bachelor's degree,"$168,000 or more",Independent,0.00013675681045236017
Female,18-29,Asian / Asian American,Bachelor's degree,"$168,000 or more",Other,1.1411389942619244e-05
Female,18-29,Asian / Asian American,Bachelor's degree,"$168,000 or more",Republican,4.7660397113050384e-05
Female,18-29,Asian / Asian American,Bachelor's degree,"$30,000 to $55,999",Democrat,0.00011643944269530854
Female,18-29,Asian / Asian American,Bachelor's degree,"$30,000 to $55,999",Independent,0.0001651401068667886
Female,18-29,Asian / Asian American,Bachelor's degree,"$30,000 to $55,999",Other,1.4412093718990097e-05
Female,18-29,Asian / Asian American,Bachelor's degree,"$30,000 to $55,999",Republican,6.283692192208188e-05
Female,18-29,Asian / Asian American,Bachelor's degree,"$56,000 to $99,999",Democrat,0.0001761045308825417
Female,18-29,Asian / Asian American,Bachelor's degree,"$56,000 to $99,999",Independent,0.00024226633531683912
Female,18-29,Asian / Asian American,Bachelor's degree,"$56,000 to $99,999",Other,1.870245545432839e-05
Female,18-29,Asian / Asian American,Bachelor's degree,"$56,000 to $99,999",Republican,9.448519554129408e-05
Female,18-29,Asian / Asian American,Bachelor's degree,"Less than $30,000",Democrat,0.00020312357837862325
Female,18-29,Asian / Asian American,Bachelor's degree,"Less than $30,000",Independent,0.0003565868787395381
Female,18-29,Asian / Asian American,Bachelor's degree,"Less than $30,000",Other,2.3737537429324086e-05
Female,18-29,Asian / Asian American,Bachelor's degree,"Less than $30,000",Republican,0.00010663113002945253
Female,18-29,Asian / Asian American,Doctorate degree / Ph.D.,"$100,000 to $167,999",Democrat,7.3643753359924e-06
Female,18-29,Asian / Asian American,Doctorate degree / Ph.D.,"$100,000 to $167,999",Independent,4.4281607136230956e-06
Female,18-29,Asian / Asian American,Doctorate degree / Ph.D.,"$100,000 to $167,999",Republican,1.757995670368918e-06
Female,18-29,Asian / Asian American,Doctorate degree / Ph.D.,"$168,000 or more",Democrat,7.4840111703504534e-06
Female,18-29,Asian / Asian American,Doctorate degree / Ph.D.,"$168,000 or more",Independent,4.464653981512174e-06
Female,18-29,Asian / Asian American,Doctorate degree / Ph.D.,"$168,000 or more",Republican,1.6449078219700363e-06
Female,18-29,Asian / Asian American,Doctorate degree / Ph.D.,"$30,000 to $55,999",Democrat,1.0733921286227945e-05
Female,18-29,Asian / Asian American,Doctorate degree / Ph.D.,"$30,000 to $55,999",Independent,6.67383146054661e-06
Female,18-29,Asian / Asian American,Doctorate degree / Ph.D.,"$30,000 to $55,999",Republican,2.684618897785329e-06
Female,18-29,Asian / Asian American,Doctorate degree / Ph.D.,"$56,000 to $99,999",Democrat,8.75979955377277e-06
Female,18-29,Asian / Asian American,Doctorate degree / Ph.D.,"$56,000 to $99,999",Independent,5.283005881454044e-06
Female,18-29,Asian / Asian American,Doctorate degree / Ph.D.,"$56,000 to $99,999",Republican,2.178195502369743e-06
Female,18-29,Asian / Asian American,Doctorate degree / Ph.D.,"Less than $30,000",Democrat,1.1016130352926903e-05
Female,18-29,Asian / Asian American,Doctorate degree / Ph.D.,"Less than $30,000",Independent,8.478098763229034e-06
Female,18-29,Asian / Asian American,Doctorate degree / Ph.D.,"Less than $30,000",Republican,2.680169071149228e-06
Female,18-29,Asian / Asian American,High school diploma / GED,"$100,000 to $167,999",Democrat,3.407202248681888e-05
Female,18-29,Asian / Asian American,High school diploma / GED,"$100,000 to $167,999",Independent,3.118849869851709e-05
Female,18-29,Asian / Asian American,High school diploma / GED,"$100,000 to $167,999",Other,6.153942922706331e-06
Female,18-29,Asian / Asian American,High school diploma / GED,"$100,000 to $167,999",Republican,3.5803728799380124e-06
Female,18-29,Asian / Asian American,High school diploma / GED,"$168,000 or more",Democrat,1.634602658622666e-05
Female,18-29,Asian / Asian American,High school diploma / GED,"$168,000 or more",Independent,1.4844811125508174e-05
Female,18-29,Asian / Asian American,High school diploma / GED,"$168,000 or more",Other,2.9533705735239753e-06
Female,18-29,Asian / Asian American,High school diploma / GED,"$168,000 or more",Republican,1.5814949101930443e-06
Female,18-29,Asian / Asian American,High school diploma / GED,"$30,000 to $55,999",Democrat,4.618773646147465e-05
Female,18-29,Asian / Asian American,High school diploma / GED,"$30,000 to $55,999",Independent,4.371722675857471e-05
Female,18-29,Asian / Asian American,High school diploma / GED,"$30,000 to $55,999",Other,9.096635749276825e-06
Female,18-29,Asian / Asian American,High school diploma / GED,"$30,000 to $55,999",Republican,5.085098558578006e-06
Female,18-29,Asian / Asian American,High school diploma / GED,"$56,000 to $99,999",Democrat,4.7533464289401576e-05
Female,18-29,Asian / Asian American,High school diploma / GED,"$56,000 to $99,999",Independent,4.3641079972681944e-05
Female,18-29,Asian / Asian American,High school diploma / GED,"$56,000 to $99,999",Other,8.032573955928478e-06
Female,18-29,Asian / Asian American,High school diploma / GED,"$56,000 to $99,999",Republican,5.202961527185859e-06
Female,18-29,Asian / Asian American,High school diploma / GED,"Less than $30,000",Democrat,6.838197286394138e-05
Female,18-29,Asian / Asian American,High school diploma / GED,"Less than $30,000",Independent,8.011616051261269e-05
Female,18-29,Asian / Asian American,High school diploma / GED,"Less than $30,000",Other,1.2715812526923585e-05
Female,18-29,Asian / Asian American,High school diploma / GED,"Less than $30,000",Republican,7.323576291702769e-06
Female,18-29,Asian / Asian American,Less than high school,"$100,000 to $167,999",Democrat,7.322214035209088e-06
Female,18-29,Asian / Asian American,Less than high school,"$100,000 to $167,999",Independent,1.2962632010359466e-05
Female,18-29,Asian / Asian American,Less than high school,"$168,000 or more",Democrat,4.9942749602295845e-06
Female,18-29,Asian / Asian American,Less than high school,"$168,000 or more",Independent,8.77180847453507e-06
Female,18-29,Asian / Asian American,Less than high school,"$30,000 to $55,999",Democrat,1.552920390789292e-05
Female,18-29,Asian / Asian American,Less than high school,"$30,000 to $55,999",Independent,2.842688903012213e-05
Female,18-29,Asian / Asian American,Less than high school,"$56,000 to $99,999",Democrat,1.5952612121398564e-05
Female,18-29,Asian / Asian American,Less than high school,"$56,000 to $99,999",Independent,2.8325790860935338e-05
Female,18-29,Asian / Asian American,Less than high school,"Less than $30,000",Democrat,1.5570345558071207e-05
Female,18-29,Asian / Asian American,Less than high school,"Less than $30,000",Independent,3.528019438025462e-05
Female,18-29,Asian / Asian American,Master's degree / Professional degree,"$100,000 to $167,999",Democrat,0.00010333287593558556
Female,18-29,Asian / Asian American,Master's degree / Professional degree,"$100,000 to $167,999",Independent,6.28686415202147e-05
Female,18-29,Asian / Asian American,Master's degree / Professional degree,"$100,000 to $167,999",Other,7.213491979534469e-06
Female,18-29,Asian / Asian American,Master's degree / Professional degree,"$100,000 to $167,999",Republican,1.7484510511330716e-05
Female,18-29,Asian / Asian American,Master's degree / Professional degree,"$168,000 or more",Democrat,6.969573620655621e-05
Female,18-29,Asian / Asian American,Master's degree / Professional degree,"$168,000 or more",Independent,4.206953275177751e-05
Female,18-29,Asian / Asian American,Master's degree / Professional degree,"$168,000 or more",Other,4.86702344987882e-06
Female,18-29,Asian / Asian American,Master's degree / Professional degree,"$168,000 or more",Republican,1.0857914666683398e-05
Female,18-29,Asian / Asian American,Master's degree / Professional degree,"$30,000 to $55,999",Democrat,8.862717202141117e-05
Female,18-29,Asian / Asian American,Master's degree / Professional degree,"$30,000 to $55,999",Independent,5.575602704440293e-05
Female,18-29,Asian / Asian American,Master's degree / Professional degree,"$30,000 to $55,999",Other,6.7464064697931125e-06
Female,18-29,Asian / Asian American,Master's degree / Professional degree,"$30,000 to $55,999",Republican,1.571173711458853e-05
Female,18-29,Asian / Asian American,Master's degree / Professional degree,"$56,000 to $99,999",Democrat,0.00012537832031601898
Female,18-29,Asian / Asian American,Master's degree / Professional degree,"$56,000 to $99,999",Independent,7.650987151130004e-05
Female,18-29,Asian / Asian American,Master's degree / Professional degree,"$56,000 to $99,999",Other,8.188968473759322e-06
Female,18-29,Asian / Asian American,Master's degree / Professional degree,"$56,000 to $99,999",Republican,2.209826672629928e-05
Female,18-29,Asian / Asian American,Master's degree / Professional degree,"Less than $30,000",Democrat,0.00011322673760591807
Female,18-29,Asian / Asian American,Master's degree / Professional degree,"Less than $30,000",Independent,8.817114874051483e-05
Female,18-29,Asian / Asian American,Master's degree / Professional degree,"Less than $30,000",Other,8.137724269284824e-06
Female,18-29,Asian / Asian American,Master's degree / Professional degree,"Less than $30,000",Republican,1.9526085856411816e-05
Female,18-29,Asian / Asian American,Some college or Associate's degree,"$100,000 to $167,999",Democrat,0.00011211546961881101
Female,18-29,Asian / Asian American,Some college or Associate's degree,"$100,000 to $167,999",Independent,0.00011178593669178322
Female,18-29,Asian / Asian American,Some college or Associate's degree,"$100,000 to $167,999",Other,1.7092836725918327e-06
Female,18-29,Asian / Asian American,Some college or Associate's degree,"$100,000 to $167,999",Republican,2.17814279179297e-05
Female,18-29,Asian / Asian American,Some college or Associate's degree,"$168,000 or more",Democrat,5.8372272769486986e-05
Female,18-29,Asian / Asian American,Some college or Associate's degree,"$168,000 or more",Independent,5.774230977184107e-05
Female,18-29,Asian / Asian American,Some college or Associate's degree,"$168,000 or more",Other,8.902365055931006e-07
Female,18-29,Asian / Asian American,Some college or Associate's degree,"$168,000 or more",Republican,1.0441254041852093e-05
Female,18-29,Asian / Asian American,Some college or Associate's degree,"$30,000 to $55,999",Democrat,0.0001443236395945291
Female,18-29,Asian / Asian American,Some college or Associate's degree,"$30,000 to $55,999",Independent,0.00014879504576309518
Female,18-29,Asian / Asian American,Some college or Associate's degree,"$30,000 to $55,999",Other,2.3993005403869394e-06
Female,18-29,Asian / Asian American,Some college or Associate's degree,"$30,000 to $55,999",Republican,2.9376539122221907e-05
Female,18-29,Asian / Asian American,Some college or Associate's degree,"$56,000 to $99,999",Democrat,0.00014959893271431824
Female,18-29,Asian / Asian American,Some college or Associate's degree,"$56,000 to $99,999",Independent,0.00014960619963210684
Female,18-29,Asian / Asian American,Some college or Associate's degree,"$56,000 to $99,999",Other,2.1339135161609264e-06
Female,18-29,Asian / Asian American,Some college or Associate's degree,"$56,000 to $99,999",Republican,3.0274020740271014e-05
Female,18-29,Asian / Asian American,Some college or Associate's degree,"Less than $30,000",Democrat,0.00023726622839592346
Female,18-29,Asian / Asian American,Some college or Associate's degree,"Less than $30,000",Independent,0.00030278858754410784
Female,18-29,Asian / Asian American,Some college or Associate's degree,"Less than $30,000",Other,3.7241869192237246e-06
Female,18-29,Asian / Asian American,Some college or Associate's degree,"Less than $30,000",Republican,4.697945477362751e-05
Female,18-29,Black / African American,Bachelor's degree,"$100,000 to $167,999",Democrat,0.00021244561491013826
Female,18-29,Black / African American,Bachelor's degree,"$100,000 to $167,999",Independent,0.00014544574925159592
Female,18-29,Black / African American,Bachelor's degree,"$100,000 to $167,999",Other,4.513705601874139e-06
Female,18-29,Black / African American,Bachelor's degree,"$100,000 to $167,999",Republican,4.612147453963736e-05
Female,18-29,Black / African American,Bachelor's degree,"$168,000 or more",Democrat,8.367362429369994e-05
Female,18-29,Black / African American,Bachelor's degree,"$168,000 or more",Independent,5.6833939659864956e-05
Female,18-29,Black / African American,Bachelor's degree,"$168,000 or more",Other,1.7783786313112044e-06
Female,18-29,Black / African American,Bachelor's degree,"$168,000 or more",Republican,1.672512011708583e-05
Female,18-29,Black / African American,Bachelor's degree,"$30,000 to $55,999",Democrat,0.00031841187348775977
Female,18-29,Black / African American,Bachelor's degree,"$30,000 to $55,999",Independent,0.00014846048481339212
Female,18-29,Black / African American,Bachelor's degree,"$30,000 to $55,999",Republican,0.00013369802593152003
Female,18-29,Black / African American,Bachelor's degree,"$56,000 to $99,999",Democrat,0.00034537561828438943
Female,18-29,Black / African American,Bachelor's degree,"$56,000 to $99,999",Independent,0.0002702019863583217
Female,18-29,Black / African American,Bachelor's degree,"$56,000 to $99,999",Other,1.3613406279781468e-05
Female,18-29,Black / African American,Bachelor's degree,"$56,000 to $99,999",Republican,5.416601727781695e-05
Female,18-29,Black / African American,Bachelor's degree,"Less than $30,000",Democrat,0.0002888775590932287
Female,18-29,Black / African American,Bachelor's degree,"Less than $30,000",Independent,0.0002531331440035402
Female,18-29,Black / African American,Bachelor's degree,"Less than $30,000",Other,6.3189686978751886e-06
Female,18-29,Black / African American,Bachelor's degree,"Less than $30,000",Republican,6.391759958578395e-05
Female,18-29,Black / African American,Doctorate degree / Ph.D.,"$100,000 to $167,999",Democrat,4.666695898778644e-06
Female,18-29,Black / African American,Doctorate degree / Ph.D.,"$100,000 to $167,999",Independent,1.3504506000257201e-06
Female,18-29,Black / African American,Doctorate degree / Ph.D.,"$100,000 to $167,999",Other,2.480385566418323e-07
Female,18-29,Black / African American,Doctorate degree / Ph.D.,"$100,000 to $167,999",Republican,6.366360096279796e-07
Female,18-29,Black / African American,Doctorate degree / Ph.D.,"$168,000 or more",Democrat,2.7806811688013476e-06
Female,18-29,Black / African American,Doctorate degree / Ph.D.,"$168,000 or more",Independent,7.983371066816862e-07
Female,18-29,Black / African American,Doctorate degree / Ph.D.,"$168,000 or more",Other,1.4784651167197168e-07
Female,18-29,Black / African American,Doctorate degree / Ph.D.,"$168,000 or more",Republican,3.492674766303191e-07
Female,18-29,Black / African American,Doctorate degree / Ph.D.,"$30,000 to $55,999",Democrat,1.6019029788969252e-06
Female,18-29,Black / African American,Doctorate degree / Ph.D.,"$30,000 to $55,999",Independent,4.793301849067909e-07
Female,18-29,Black / African American,Doctorate degree / Ph.D.,"$30,000 to $55,999",Other,9.284199811861739e-08
Female,18-29,Black / African American,Doctorate degree / Ph.D.,"$30,000 to $55,999",Republican,2.2896033812909877e-07
Female,18-29,Black / African American,Doctorate degree / Ph.D.,"$56,000 to $99,999",Democrat,4.984320974094864e-06
Female,18-29,Black / African American,Doctorate degree / Ph.D.,"$56,000 to $99,999",Independent,1.4466872981649547e-06
Female,18-29,Black / African American,Doctorate degree / Ph.D.,"$56,000 to $99,999",Other,2.4786511697760914e-07
Female,18-29,Black / African American,Doctorate degree / Ph.D.,"$56,000 to $99,999",Republican,7.08285746446452e-07
Female,18-29,Black / African American,Doctorate degree / Ph.D.,"Less than $30,000",Democrat,1.3309389071302597e-06
Female,18-29,Black / African American,Doctorate degree / Ph.D.,"Less than $30,000",Independent,4.929572601322046e-07
Female,18-29,Black / African American,Doctorate degree / Ph.D.,"Less than $30,000",Other,7.283074540184842e-08
Female,18-29,Black / African American,Doctorate degree / Ph.D.,"Less than $30,000",Republican,1.850508387285777e-07
Female,18-29,Black / African American,High school diploma / GED,"$100,000 to $167,999",Democrat,6.589144790097203e-05
Female,18-29,Black / African American,High school diploma / GED,"$100,000 to $167,999",Independent,9.639250478825528e-05
Female,18-29,Black / African American,High school diploma / GED,"$100,000 to $167,999",Other,1.1746245249860128e-05
Female,18-29,Black / African American,High school diploma / GED,"$100,000 to $167,999",Republican,9.01679101195855e-06
Female,18-29,Black / African American,High school diploma / GED,"$168,000 or more",Democrat,1.895541982836876e-05
Female,18-29,Black / African American,High school diploma / GED,"$168,000 or more",Independent,2.7511453869857003e-05
Female,18-29,Black / African American,High school diploma / GED,"$168,000 or more",Other,3.3802872968611248e-06
Female,18-29,Black / African American,High school diploma / GED,"$168,000 or more",Republican,2.388260045565955e-06
Female,18-29,Black / African American,High school diploma / GED,"$30,000 to $55,999",Democrat,0.0002685159901583632
Female,18-29,Black / African American,High school diploma / GED,"$30,000 to $55,999",Independent,0.0003641771770449393
Female,18-29,Black / African American,High school diploma / GED,"$30,000 to $55,999",Other,2.444355157825171e-05
Female,18-29,Black / African American,High school diploma / GED,"$30,000 to $55,999",Republican,5.920398797255267e-05
Female,18-29,Black / African American,High school diploma / GED,"$56,000 to $99,999",Democrat,0.00018216657258576308
Female,18-29,Black / African American,High school diploma / GED,"$56,000 to $99,999",Independent,0.00026728978891008795
Female,18-29,Black / African American,High school diploma / GED,"$56,000 to $99,999",Other,3.0383543052981032e-05
Female,18-29,Black / African American,High school diploma / GED,"$56,000 to $99,999",Republican,2.5966441822412527e-05
Female,18-29,Black / African American,High school diploma / GED,"Less than $30,000",Democrat,0.0005726126690175187
Female,18-29,Black / African American,High school diploma / GED,"Less than $30,000",Independent,0.0009050353620023796
Female,18-29,Black / African American,High school diploma / GED,"Less than $30,000",Other,4.272267933310498e-05
Female,18-29,Black / African American,High school diploma / GED,"Less than $30,000",Republican,7.438617609027545e-05
Female,18-29,Black / African American,Less than high school,"$100,000 to $167,999",Democrat,2.328113664141441e-06
Female,18-29,Black / African American,Less than high school,"$100,000 to $167,999",Independent,4.3682304300153116e-05
Female,18-29,Black / African American,Less than high school,"$100,000 to $167,999",Republican,5.566072381976997e-06
Female,18-29,Black / African American,Less than high school,"$168,000 or more",Democrat,6.26412492432911e-07
Female,18-29,Black / African American,Less than high school,"$168,000 or more",Independent,1.1660782355770639e-05
Female,18-29,Black / African American,Less than high school,"$168,000 or more",Republican,1.3788922557858463e-06
Female,18-29,Black / African American,Less than high school,"$30,000 to $55,999",Democrat,9.179257024830143e-06
Female,18-29,Black / African American,Less than high school,"$30,000 to $55,999",Independent,0.00017808947744524017
Female,18-29,Black / African American,Less than high school,"$30,000 to $55,999",Republican,2.2992942373863293e-05
Female,18-29,Black / African American,Less than high school,"$56,000 to $99,999",Democrat,5.591163506029046e-06
Female,18-29,Black / African American,Less than high school,"$56,000 to $99,999",Independent,0.00010522114388840408
Female,18-29,Black / African American,Less than high school,"$56,000 to $99,999",Republican,1.3924117029032792e-05
Female,18-29,Black / African American,Less than high school,"Less than $30,000",Democrat,2.2972157617285397e-05
Female,18-29,Black / African American,Less than high school,"Less than $30,000",Independent,0.0005516772729327552
Female,18-29,Black / African American,Less than high school,"Less than $30,000",Republican,5.597546317580524e-05
Female,18-29,Black / African American,Master's degree / Professional degree,"$100,000 to $167,999",Democrat,3.269069737457032e-05
Female,18-29,Black / African American,Master's degree / Professional degree,"$100,000 to $167,999",Independent,5.366683142344773e-05
Female,18-29,Black / African American,Master's degree / Professional degree,"$100,000 to $167,999",Republican,7.716856376635552e-06
Female,18-29,Black / African American,Master's degree / Professional degree,"$168,000 or more",Democrat,1.3037397719641404e-05
Female,18-29,Black / African American,Master's degree / Professional degree,"$168,000 or more",Independent,2.123433197773318e-05
Female,18-29,Black / African American,Master's degree / Professional degree,"$168,000 or more",Republican,2.8335599069881426e-06
Female,18-29,Black / African American,Master's degree / Professional degree,"$30,000 to $55,999",Democrat,5.101229356978448e-05
Female,18-29,Black / African American,Master's degree / Professional degree,"$30,000 to $55,999",Independent,8.659363856927029e-05
Female,18-29,Black / African American,Master's degree / Professional degree,"$30,000 to $55,999",Republican,1.2616341410980964e-05
Female,18-29,Black / African American,Master's degree / Professional degree,"$56,000 to $99,999",Democrat,4.9600221452876415e-05
Female,18-29,Black / African American,Master's degree / Professional degree,"$56,000 to $99,999",Independent,8.167043161056394e-05
Female,18-29,Black / African American,Master's degree / Professional degree,"$56,000 to $99,999",Republican,1.2196090820217596e-05
Female,18-29,Black / African American,Master's degree / Professional degree,"Less than $30,000",Democrat,2.5240080769760884e-05
Female,18-29,Black / African American,Master's degree / Professional degree,"Less than $30,000",Independent,5.3034008652225116e-05
Female,18-29,Black / African American,Master's degree / Professional degree,"Less than $30,000",Republican,6.0723697913077236e-06
Female,18-29,Black / African American,Some college or Associate's degree,"$100,000 to $167,999",Democrat,0.0002365664332618498
Female,18-29,Black / African American,Some college or Associate's degree,"$100,000 to $167,999",Independent,0.0002628553706706499
Female,18-29,Black / African American,Some college or Associate's degree,"$100,000 to $167,999",Other,7.254033908507697e-06
Female,18-29,Black / African American,Some college or Associate's degree,"$100,000 to $167,999",Republican,1.0023281677620526e-05
Female,18-29,Black / African American,Some college or Associate's degree,"$168,000 or more",Democrat,7.174164435590589e-05
Female,18-29,Black / African American,Some college or Associate's degree,"$168,000 or more",Independent,7.908624919147516e-05
Female,18-29,Black / African American,Some college or Associate's degree,"$168,000 or more",Other,2.2006348092341327e-06
Female,18-29,Black / African American,Some college or Associate's degree,"$168,000 or more",Republican,2.7986809544689362e-06
Female,18-29,Black / African American,Some college or Associate's degree,"$30,000 to $55,999",Democrat,0.00042373947375840817
Female,18-29,Black / African American,Some college or Associate's degree,"$30,000 to $55,999",Independent,0.0011750150197475892
Female,18-29,Black / African American,Some college or Associate's degree,"$30,000 to $55,999",Republican,0.00011741755256765217
Female,18-29,Black / African American,Some college or Associate's degree,"$56,000 to $99,999",Democrat,0.00021164870370137323
Female,18-29,Black / African American,Some college or Associate's degree,"$56,000 to $99,999",Independent,0.000864475690380636
Female,18-29,Black / African American,Some college or Associate's degree,"$56,000 to $99,999",Other,0.00012445504188416686
Female,18-29,Black / African American,Some college or Associate's degree,"$56,000 to $99,999",Republican,3.342581767272384e-05
Female,18-29,Black / African American,Some college or Associate's degree,"Less than $30,000",Democrat,0.0013855785156531826
Female,18-29,Black / African American,Some college or Associate's degree,"Less than $30,000",Independent,0.0013333186499806802
Female,18-29,Black / African American,Some college or Associate's degree,"Less than $30,000",Other,6.640807040583659e-08
Female,18-29,Black / African American,Some college or Associate's degree,"Less than $30,000",Republican,8.844095624428791e-06
Female,18-29,Hispanic / Latino,Bachelor's degree,"$100,000 to $167,999",Democrat,0.00040448324962440315
Female,18-29,Hispanic / Latino,Bachelor's degree,"$100,000 to $167,999",Independent,0.00018103411180539218
Female,18-29,Hispanic / Latino,Bachelor's degree,"$100,000 to $167,999",Other,1.4908171606688148e-05
Female,18-29,Hispanic / Latino,Bachelor's degree,"$100,000 to $167,999",Republican,7.630804231739734e-05
Female,18-29,Hispanic / Latino,Bachelor's degree,"$168,000 or more",Democrat,0.00016505745036487606
Female,18-29,Hispanic / Latino,Bachelor's degree,"$168,000 or more",Independent,7.329273457575808e-05
Female,18-29,Hispanic / Latino,Bachelor's degree,"$168,000 or more",Other,6.085680756972937e-06
Female,18-29,Hispanic / Latino,Bachelor's degree,"$168,000 or more",Republican,2.8670162546819356e-05
Female,18-29,Hispanic / Latino,Bachelor's degree,"$30,000 to $55,999",Democrat,0.0004960287930579438
Female,18-29,Hispanic / Latino,Bachelor's degree,"$30,000 to $55,999",Independent,0.0001036638176546588
Female,18-29,Hispanic / Latino,Bachelor's degree,"$30,000 to $55,999",Other,1.5937223387320394e-05
Female,18-29,Hispanic / Latino,Bachelor's degree,"$30,000 to $55,999",Republican,0.00016407862337182235
Female,18-29,Hispanic / Latino,Bachelor's degree,"$56,000 to $99,999",Democrat,0.0006446949104328551
Female,18-29,Hispanic / Latino,Bachelor's degree,"$56,000 to $99,999",Independent,0.00039391558434853207
Female,18-29,Hispanic / Latino,Bachelor's degree,"$56,000 to $99,999",Other,4.9542556451245834e-05
Female,18-29,Hispanic / Latino,Bachelor's degree,"$56,000 to $99,999",Republican,1.0933208206834765e-05
Female,18-29,Hispanic / Latino,Bachelor's degree,"Less than $30,000",Democrat,0.0003272995112066114
Female,18-29,Hispanic / Latino,Bachelor's degree,"Less than $30,000",Independent,0.00019998853735127856
Female,18-29,Hispanic / Latino,Bachelor's degree,"Less than $30,000",Republican,5.825450592953617e-05
Female,18-29,Hispanic / Latino,Doctorate degree / Ph.D.,"$100,000 to $167,999",Democrat,2.054461974548854e-06
Female,18-29,Hispanic / Latino,Doctorate degree / Ph.D.,"$100,000 to $167,999",Independent,2.8437035536331436e-06
Female,18-29,Hispanic / Latino,Doctorate degree / Ph.D.,"$100,000 to $167,999",Other,3.081786725699271e-07
Female,18-29,Hispanic / Latino,Doctorate degree / Ph.D.,"$100,000 to $167,999",Republican,9.304026597728311e-07
Female,18-29,Hispanic / Latino,Doctorate degree / Ph.D.,"$168,000 or more",Democrat,8.901765463573951e-07
Female,18-29,Hispanic / Latino,Doctorate degree / Ph.D.,"$168,000 or more",Independent,1.2224420488476259e-06
Female,18-29,Hispanic / Latino,Doctorate degree / Ph.D.,"$168,000 or more",Other,1.335767315539575e-07
Female,18-29,Hispanic / Latino,Doctorate degree / Ph.D.,"$168,000 or more",Republican,3.711711700376147e-07
Female,18-29,Hispanic / Latino,Doctorate degree / Ph.D.,"$30,000 to $55,999",Democrat,2.1550898840449064e-06
Female,18-29,Hispanic / Latino,Doctorate degree / Ph.D.,"$30,000 to $55,999",Independent,3.084472982625267e-06
Female,18-29,Hispanic / Latino,Doctorate degree / Ph.D.,"$30,000 to $55,999",Other,3.525075609440963e-07
Female,18-29,Hispanic / Latino,Doctorate degree / Ph.D.,"$30,000 to $55,999",Republican,1.0225406327967653e-06
Female,18-29,Hispanic / Latino,Doctorate degree / Ph.D.,"$56,000 to $99,999",Democrat,1.877794351259695e-06
Female,18-29,Hispanic / Latino,Doctorate degree / Ph.D.,"$56,000 to $99,999",Independent,2.606956037341373e-06
Female,18-29,Hispanic / Latino,Doctorate degree / Ph.D.,"$56,000 to $99,999",Other,2.635434435829587e-07
Female,18-29,Hispanic / Latino,Doctorate degree / Ph.D.,"$56,000 to $99,999",Republican,8.858122180223092e-07
Female,18-29,Hispanic / Latino,Doctorate degree / Ph.D.,"Less than $30,000",Democrat,3.466246092365148e-06
Female,18-29,Hispanic / Latino,Doctorate degree / Ph.D.,"Less than $30,000",Independent,6.140836744495853e-06
Female,18-29,Hispanic / Latino,Doctorate degree / Ph.D.,"Less than $30,000",Other,5.353167166581151e-07
Female,18-29,Hispanic / Latino,Doctorate degree / Ph.D.,"Less than $30,000",Republican,1.5998654785564198e-06
Female,18-29,Hispanic / Latino,High school diploma / GED,"$100,000 to $167,999",Democrat,0.0001248962613754013
Female,18-29,Hispanic / Latino,High school diploma / GED,"$100,000 to $167,999",Independent,0.00028742374343002634
Female,18-29,Hispanic / Latino,High school diploma / GED,"$100,000 to $167,999",Other,5.680203651151225e-06
Female,18-29,Hispanic / Latino,High school diploma / GED,"$100,000 to $167,999",Republican,0.00010922721758697875
Female,18-29,Hispanic / Latino,High school diploma / GED,"$168,000 or more",Democrat,3.241777332248811e-05
Female,18-29,Hispanic / Latino,High school diploma / GED,"$168,000 or more",Independent,7.401543625388531e-05
Female,18-29,Hispanic / Latino,High school diploma / GED,"$168,000 or more",Other,1.4748499629490731e-06
Female,18-29,Hispanic / Latino,High school diploma / GED,"$168,000 or more",Republican,2.6102966493070748e-05
Female,18-29,Hispanic / Latino,High school diploma / GED,"$30,000 to $55,999",Democrat,0.0002964029082262738
Female,18-29,Hispanic / Latino,High school diploma / GED,"$30,000 to $55,999",Independent,0.0006702641594730354
Female,18-29,Hispanic / Latino,High school diploma / GED,"$30,000 to $55,999",Other,4.8623442316709266e-05
Female,18-29,Hispanic / Latino,High school diploma / GED,"$30,000 to $55,999",Republican,0.00031335325328796096
Female,18-29,Hispanic / Latino,High school diploma / GED,"$56,000 to $99,999",Democrat,0.00036535280390111646
Female,18-29,Hispanic / Latino,High school diploma / GED,"$56,000 to $99,999",Independent,0.0005797618901543054
Female,18-29,Hispanic / Latino,High school diploma / GED,"$56,000 to $99,999",Other,1.3175220755583286e-05
Female,18-29,Hispanic / Latino,High school diploma / GED,"$56,000 to $99,999",Republican,0.0002704552434634055
Female,18-29,Hispanic / Latino,High school diploma / GED,"Less than $30,000",Democrat,0.00030115063909576354
Female,18-29,Hispanic / Latino,High school diploma / GED,"Less than $30,000",Independent,0.0009383095083687735
Female,18-29,Hispanic / Latino,High school diploma / GED,"Less than $30,000",Republican,0.0002852970897488294
Female,18-29,Hispanic / Latino,Less than high school,"$100,000 to $167,999",Democrat,7.45753124320785e-06
Female,18-29,Hispanic / Latino,Less than high school,"$100,000 to $167,999",Independent,9.056177489953084e-05
Female,18-29,Hispanic / Latino,Less than high school,"$100,000 to $167,999",Republican,5.166265334296159e-05
Female,18-29,Hispanic / Latino,Less than high school,"$168,000 or more",Democrat,2.5691299587022027e-06
Female,18-29,Hispanic / Latino,Less than high school,"$168,000 or more",Independent,3.095293507142195e-05
Female,18-29,Hispanic / Latino,Less than high school,"$168,000 or more",Republican,1.638675466746433e-05
Female,18-29,Hispanic / Latino,Less than high school,"$30,000 to $55,999",Democrat,3.0160729204791554e-05
Female,18-29,Hispanic / Latino,Less than high school,"$30,000 to $55,999",Independent,0.00037872245025541266
Female,18-29,Hispanic / Latino,Less than high school,"$30,000 to $55,999",Republican,0.00021891010722687197
Female,18-29,Hispanic / Latino,Less than high school,"$56,000 to $99,999",Democrat,2.0480643516241932e-05
Female,18-29,Hispanic / Latino,Less than high school,"$56,000 to $99,999",Independent,0.00024945539925657294
Female,18-29,Hispanic / Latino,Less than high school,"$56,000 to $99,999",Republican,0.00014779033253264733
Female,18-29,Hispanic / Latino,Less than high school,"Less than $30,000",Democrat,4.22191785698954e-05
Female,18-29,Hispanic / Latino,Less than high school,"Less than $30,000",Independent,0.000656208072718784
Female,18-29,Hispanic / Latino,Less than high school,"Less than $30,000",Republican,0.0002980867305940419
Female,18-29,Hispanic / Latino,Master's degree / Professional degree,"$100,000 to $167,999",Democrat,9.852963995952785e-05
Female,18-29,Hispanic / Latino,Master's degree / Professional degree,"$100,000 to $167,999",Independent,2.4895784673360835e-05
Female,18-29,Hispanic / Latino,Master's degree / Professional degree,"$100,000 to $167,999",Republican,2.3780991374976946e-05
Female,18-29,Hispanic / Latino,Master's degree / Professional degree,"$168,000 or more",Democrat,3.711159161272254e-05
Female,18-29,Hispanic / Latino,Master's degree / Professional degree,"$168,000 or more",Independent,9.303244242290955e-06
Female,18-29,Hispanic / Latino,Master's degree / Professional degree,"$168,000 or more",Republican,8.24703603984402e-06
Female,18-29,Hispanic / Latino,Master's degree / Professional degree,"$30,000 to $55,999",Democrat,6.601801169509306e-05
Female,18-29,Hispanic / Latino,Master's degree / Professional degree,"$30,000 to $55,999",Independent,1.724847614760307e-05
Female,18-29,Hispanic / Latino,Master's degree / Professional degree,"$30,000 to $55,999",Republican,1.669428603591123e-05
Female,18-29,Hispanic / Latino,Master's degree / Professional degree,"$56,000 to $99,999",Democrat,0.00011263077635931582
Female,18-29,Hispanic / Latino,Master's degree / Professional degree,"$56,000 to $99,999",Independent,2.8544041679395314e-05
Female,18-29,Hispanic / Latino,Master's degree / Professional degree,"$56,000 to $99,999",Republican,2.831658913604227e-05
Female,18-29,Hispanic / Latino,Master's degree / Professional degree,"Less than $30,000",Democrat,6.305219746998904e-05
Female,18-29,Hispanic / Latino,Master's degree / Professional degree,"Less than $30,000",Independent,2.039112071841644e-05
Female,18-29,Hispanic / Latino,Master's degree / Professional degree,"Less than $30,000",Republican,1.551009740462801e-05
Female,18-29,Hispanic / Latino,Some college or Associate's degree,"$100,000 to $167,999",Democrat,0.0006545104971939346
Female,18-29,Hispanic / Latino,Some college or Associate's degree,"$100,000 to $167,999",Independent,0.0002630970873616267
Female,18-29,Hispanic / Latino,Some college or Associate's degree,"$100,000 to $167,999",Republican,0.0003875020761698515
Female,18-29,Hispanic / Latino,Some college or Associate's degree,"$168,000 or more",Democrat,0.0001692878485225716
Female,18-29,Hispanic / Latino,Some college or Associate's degree,"$168,000 or more",Independent,0.00013239979649836615
Female,18-29,Hispanic / Latino,Some college or Associate's degree,"$168,000 or more",Other,6.817794529650752e-06
Female,18-29,Hispanic / Latino,Some college or Associate's degree,"$168,000 or more",Republican,6.842627827636052e-05
Female,18-29,Hispanic / Latino,Some college or Associate's degree,"$30,000 to $55,999",Democrat,0.00111804801871043
Female,18-29,Hispanic / Latino,Some college or Associate's degree,"$30,000 to $55,999",Independent,0.0009690235885667874
Female,18-29,Hispanic / Latino,Some college or Associate's degree,"$30,000 to $55,999",Other,0.00010955851977639437
Female,18-29,Hispanic / Latino,Some college or Associate's degree,"$30,000 to $55,999",Republican,0.00040140737684780416
Female,18-29,Hispanic / Latino,Some college or Associate's degree,"$56,000 to $99,999",Democrat,0.0017391163462042514
Female,18-29,Hispanic / Latino,Some college or Associate's degree,"$56,000 to $99,999",Independent,0.0006588386977391758
Female,18-29,Hispanic / Latino,Some college or Associate's degree,"$56,000 to $99,999",Other,5.2845786623161145e-06
Female,18-29,Hispanic / Latino,Some college or Associate's degree,"$56,000 to $99,999",Republican,0.00029747613601640714
Female,18-29,Hispanic / Latino,Some college or Associate's degree,"Less than $30,000",Democrat,0.0006746592691957278
Female,18-29,Hispanic / Latino,Some college or Associate's degree,"Less than $30,000",Independent,0.0013332523847105235
Female,18-29,Hispanic / Latino,Some college or Associate's degree,"Less than $30,000",Other,3.334192234901598e-05
Female,18-29,Hispanic / Latino,Some college or Associate's degree,"Less than $30,000",Republican,0.0007569679732948344
Female,18-29,Other,Bachelor's degree,"$100,000 to $167,999",Democrat,8.319169722495126e-05
Female,18-29,Other,Bachelor's degree,"$100,000 to $167,999",Independent,6.152512105633437e-05
Female,18-29,Other,Bachelor's degree,"$100,000 to $167,999",Other,1.1039388551632784e-05
Female,18-29,Other,Bachelor's degree,"$100,000 to $167,999",Republican,3.48390023309309e-05
Female,18-29,Other,Bachelor's degree,"$168,000 or more",Democrat,4.0930455206606875e-05
Female,18-29,Other,Bachelor's degree,"$168,000 or more",Independent,3.0032050539501156e-05
Female,18-29,Other,Bachelor's degree,"$168,000 or more",Other,5.433276435406701e-06
Female,18-29,Other,Bachelor's degree,"$168,000 or more",Republican,1.5781836956256565e-05
Female,18-29,Other,Bachelor's degree,"$30,000 to $55,999",Democrat,0.00010034580882129632
Female,18-29,Other,Bachelor's degree,"$30,000 to $55,999",Independent,7.67363431399791e-05
Female,18-29,Other,Bachelor's degree,"$30,000 to $55,999",Other,1.4519874018501378e-05
Female,18-29,Other,Bachelor's degree,"$30,000 to $55,999",Republican,4.4027833310370134e-05
Female,18-29,Other,Bachelor's degree,"$56,000 to $99,999",Democrat,4.049991186249019e-05
Female,18-29,Other,Bachelor's degree,"$56,000 to $99,999",Independent,9.278210942536691e-05
Female,18-29,Other,Bachelor's degree,"$56,000 to $99,999",Other,1.9388905401245037e-05
Female,18-29,Other,Bachelor's degree,"$56,000 to $99,999",Republican,9.705082220843193e-05
Female,18-29,Other,Bachelor's degree,"Less than $30,000",Democrat,7.837863173569863e-05
Female,18-29,Other,Bachelor's degree,"Less than $30,000",Independent,7.419115214096531e-05
Female,18-29,Other,Bachelor's degree,"Less than $30,000",Other,1.0708031802088066e-05
Female,18-29,Other,Bachelor's degree,"Less than $30,000",Republican,3.345296695383315e-05
Female,18-29,Other,Doctorate degree / Ph.D.,"$100,000 to $167,999",Democrat,1.6972397235217478e-06
Female,18-29,Other,Doctorate degree / Ph.D.,"$100,000 to $167,999",Independent,1.891842465338561e-06
Female,18-29,Other,Doctorate degree / Ph.D.,"$100,000 to $167,999",Other,5.039854372931236e-07
Female,18-29,Other,Doctorate degree / Ph.D.,"$100,000 to $167,999",Republican,7.780679050859642e-07
Female,18-29,Other,Doctorate degree / Ph.D.,"$168,000 or more",Democrat,7.140446525322744e-07
Female,18-29,Other,Doctorate degree / Ph.D.,"$168,000 or more",Independent,7.89647149766031e-07
Female,18-29,Other,Doctorate degree / Ph.D.,"$168,000 or more",Other,2.1210473472159978e-07
Female,18-29,Other,Doctorate degree / Ph.D.,"$168,000 or more",Republican,3.013872924612729e-07
Female,18-29,Other,Doctorate degree / Ph.D.,"$30,000 to $55,999",Democrat,2.467211291204085e-07
Female,18-29,Other,Doctorate degree / Ph.D.,"$30,000 to $55,999",Independent,2.8436588584759035e-07
Female,18-29,Other,Doctorate degree / Ph.D.,"$30,000 to $55,999",Other,7.988766348911109e-08
Female,18-29,Other,Doctorate degree / Ph.D.,"$30,000 to $55,999",Republican,1.185012708416744e-07
Female,18-29,Other,Doctorate degree / Ph.D.,"$56,000 to $99,999",Democrat,2.0498909412526645e-06
Female,18-29,Other,Doctorate degree / Ph.D.,"$56,000 to $99,999",Independent,2.291775139526397e-06
Female,18-29,Other,Doctorate degree / Ph.D.,"$56,000 to $99,999",Other,5.695151367897129e-07
Female,18-29,Other,Doctorate degree / Ph.D.,"$56,000 to $99,999",Republican,9.788719230430839e-07
Female,18-29,Other,Doctorate degree / Ph.D.,"Less than $30,000",Democrat,3.7591878073690084e-07
Female,18-29,Other,Doctorate degree / Ph.D.,"Less than $30,000",Independent,5.363122918482692e-07
Female,18-29,Other,Doctorate degree / Ph.D.,"Less than $30,000",Other,1.1492533096760593e-07
Female,18-29,Other,Doctorate degree / Ph.D.,"Less than $30,000",Republican,1.7563844178359967e-07
Female,18-29,Other,High school diploma / GED,"$100,000 to $167,999",Democrat,2.385452303277349e-05
Female,18-29,Other,High school diploma / GED,"$100,000 to $167,999",Independent,5.385699075586881e-05
Female,18-29,Other,High school diploma / GED,"$100,000 to $167,999",Republican,7.546941322912909e-06
Female,18-29,Other,High school diploma / GED,"$168,000 or more",Democrat,1.002626579484342e-05
Female,18-29,Other,High school diploma / GED,"$168,000 or more",Independent,2.2458279322297887e-05
Female,18-29,Other,High school diploma / GED,"$168,000 or more",Republican,2.9205503780657054e-06
Female,18-29,Other,High school diploma / GED,"$30,000 to $55,999",Democrat,6.510276077421895e-05
Female,18-29,Other,High school diploma / GED,"$30,000 to $55,999",Independent,0.00015198478767448345
Female,18-29,Other,High school diploma / GED,"$30,000 to $55,999",Republican,2.1579530536121597e-05
Female,18-29,Other,High school diploma / GED,"$56,000 to $99,999",Democrat,4.974619763731848e-05
Female,18-29,Other,High school diploma / GED,"$56,000 to $99,999",Independent,0.00011264987215664985
Female,18-29,Other,High school diploma / GED,"$56,000 to $99,999",Republican,1.6393848944572735e-05
Female,18-29,Other,High school diploma / GED,"Less than $30,000",Democrat,2.145492565956271e-05
Female,18-29,Other,High school diploma / GED,"Less than $30,000",Independent,0.00024090378246266283
Female,18-29,Other,High school diploma / GED,"Less than $30,000",Republican,8.323902628418177e-06
Female,18-29,Other,Less than high school,"$100,000 to $167,999",Democrat,1.0181454306883645e-06
Female,18-29,Other,Less than high school,"$100,000 to $167,999",Independent,1.4206161596342406e-05
Female,18-29,Other,Less than high school,"$100,000 to $167,999",Other,2.8654710279625137e-07
Female,18-29,Other,Less than high school,"$100,000 to $167,999",Republican,5.735945961108333e-06
Female,18-29,Other,Less than high school,"$168,000 or more",Democrat,3.7823410817235156e-07
Female,18-29,Other,Less than high school,"$168,000 or more",Independent,5.235926518107282e-06
Female,18-29,Other,Less than high school,"$168,000 or more",Other,1.0648712143084885e-07
Female,18-29,Other,Less than high school,"$168,000 or more",Republican,1.961919468884117e-06
Female,18-29,Other,Less than high school,"$30,000 to $55,999",Democrat,3.5721336836511434e-06
Female,18-29,Other,Less than high school,"$30,000 to $55,999",Independent,5.1537578163423595e-05
Female,18-29,Other,Less than high school,"$30,000 to $55,999",Other,1.096257264637197e-06
Female,18-29,Other,Less than high school,"$30,000 to $55,999",Republican,2.1084596228005684e-05
Female,18-29,Other,Less than high school,"$56,000 to $99,999",Democrat,3.3338029870985105e-06
Female,18-29,Other,Less than high school,"$56,000 to $99,999",Independent,4.6655874194830524e-05
Female,18-29,Other,Less than high school,"$56,000 to $99,999",Other,8.778611950771255e-07
Female,18-29,Other,Less than high school,"$56,000 to $99,999",Republican,1.956392404763118e-05
Female,18-29,Other,Less than high school,"Less than $30,000",Democrat,5.077158805172224e-06
Female,18-29,Other,Less than high school,"Less than $30,000",Independent,9.067125502694655e-05
Female,18-29,Other,Less than high school,"Less than $30,000",Other,1.471139622945632e-06
Female,18-29,Other,Less than high school,"Less than $30,000",Republican,2.9151923851239815e-05
Female,18-29,Other,Master's degree / Professional degree,"$100,000 to $167,999",Democrat,1.6710061160009926e-05
Female,18-29,Other,Master's degree / Professional degree,"$100,000 to $167,999",Independent,1.995306331404839e-05
Female,18-29,Other,Master's degree / Professional degree,"$100,000 to $167,999",Other,5.4112140607598094e-06
Female,18-29,Other,Master's degree / Professional degree,"$100,000 to $167,999",Republican,1.0407466147637885e-05
Female,18-29,Other,Master's degree / Professional degree,"$168,000 or more",Democrat,7.455754447742803e-06
Female,18-29,Other,Master's degree / Professional degree,"$168,000 or more",Independent,8.832610037673623e-06
Female,18-29,Other,Master's degree / Professional degree,"$168,000 or more",Other,2.415229827506413e-06
Female,18-29,Other,Master's degree / Professional degree,"$168,000 or more",Republican,4.27546953497105e-06
Female,18-29,Other,Master's degree / Professional degree,"$30,000 to $55,999",Democrat,1.459676705315453e-05
Female,18-29,Other,Master's degree / Professional degree,"$30,000 to $55,999",Independent,1.8022605953797394e-05
Female,18-29,Other,Master's degree / Professional degree,"$30,000 to $55,999",Other,5.154326528100313e-06
Female,18-29,Other,Master's degree / Professional degree,"$30,000 to $55,999",Republican,9.525022170547966e-06
Female,18-29,Other,Master's degree / Professional degree,"$56,000 to $99,999",Democrat,2.34446809665263e-05
Female,18-29,Other,Master's degree / Professional degree,"$56,000 to $99,999",Independent,2.807859252021886e-05
Female,18-29,Other,Master's degree / Professional degree,"$56,000 to $99,999",Other,7.103309168079431e-06
Female,18-29,Other,Master's degree / Professional degree,"$56,000 to $99,999",Republican,1.5210100963295753e-05
Female,18-29,Other,Master's degree / Professional degree,"Less than $30,000",Democrat,9.194437870433079e-06
Female,18-29,Other,Master's degree / Professional degree,"Less than $30,000",Independent,1.4052017084864145e-05
Female,18-29,Other,Master's degree / Professional degree,"Less than $30,000",Other,3.0654116055752887e-06
Female,18-29,Other,Master's degree / Professional degree,"Less than $30,000",Republican,5.836377689003287e-06
Female,18-29,Other,Some college or Associate's degree,"$100,000 to $167,999",Democrat,5.696747974068144e-05
Female,18-29,Other,Some college or Associate's degree,"$100,000 to $167,999",Independent,0.00010747511851703828
Female,18-29,Other,Some college or Associate's degree,"$100,000 to $167,999",Other,6.23065496142915e-07
Female,18-29,Other,Some college or Associate's degree,"$100,000 to $167,999",Republican,4.94539084113608e-05
Female,18-29,Other,Some college or Associate's degree,"$168,000 or more",Democrat,2.580080574050676e-05
Female,18-29,Other,Some college or Associate's degree,"$168,000 or more",Independent,4.829254733805041e-05
Female,18-29,Other,Some college or Associate's degree,"$168,000 or more",Other,2.8228653071899585e-07
Female,18-29,Other,Some college or Associate's degree,"$168,000 or more",Republican,2.0622064218865052e-05
Female,18-29,Other,Some college or Associate's degree,"$30,000 to $55,999",Democrat,0.00013651301363737974
Female,18-29,Other,Some college or Associate's degree,"$30,000 to $55,999",Independent,0.0002663080835434841
Female,18-29,Other,Some college or Associate's degree,"$30,000 to $55,999",Other,1.6280934343121389e-06
Female,18-29,Other,Some college or Associate's degree,"$30,000 to $55,999",Republican,0.0001241623770064823
Female,18-29,Other,Some college or Associate's degree,"$56,000 to $99,999",Democrat,0.00011856498611820554
Female,18-29,Other,Some college or Associate's degree,"$56,000 to $99,999",Independent,0.00022435556522585142
Female,18-29,Other,Some college or Associate's degree,"$56,000 to $99,999",Other,1.2132851030612364e-06
Female,18-29,Other,Some college or Associate's degree,"$56,000 to $99,999",Republican,0.00010721384479839398
Female,18-29,Other,Some college or Associate's degree,"Less than $30,000",Democrat,0.00013896715973730773
Female,18-29,Other,Some college or Associate's degree,"Less than $30,000",Independent,0.0003939262936153495
Female,18-29,Other,Some college or Associate's degree,"Less than $30,000",Other,1.4475580159004246e-06
Female,18-29,Other,Some college or Associate's degree,"Less than $30,000",Republican,9.328922465100547e-05
Female,18-29,White / Caucasian,Bachelor's degree,"$100,000 to $167,999",Democrat,0.0014676177635772703
Female,18-29,White / Caucasian,Bachelor's degree,"$100,000 to $167,999",Independent,0.0008151332458915167
Female,18-29,White / Caucasian,Bachelor's degree,"$100,000 to $167,999",Other,7.373017565837565e-05
Female,18-29,White / Caucasian,Bachelor's degree,"$100,000 to $167,999",Republican,0.001181286498788091
Female,18-29,White / Caucasian,Bachelor's degree,"$168,000 or more",Democrat,0.0008642172996463563
Female,18-29,White / Caucasian,Bachelor's degree,"$168,000 or more",Independent,0.0002518144875490708
Female,18-29,White / Caucasian,Bachelor's degree,"$168,000 or more",Republican,0.0005400288797298761
Female,18-29,White / Caucasian,Bachelor's degree,"$30,000 to $55,999",Democrat,0.0017120238935743866
Female,18-29,White / Caucasian,Bachelor's degree,"$30,000 to $55,999",Independent,0.0010725932975896217
Female,18-29,White / Caucasian,Bachelor's degree,"$30,000 to $55,999",Other,3.896805345796879e-05
Female,18-29,White / Caucasian,Bachelor's degree,"$30,000 to $55,999",Republican,0.00046588586363441873
Female,18-29,White / Caucasian,Bachelor's degree,"$56,000 to $99,999",Democrat,0.0020400887667617247
Female,18-29,White / Caucasian,Bachelor's degree,"$56,000 to $99,999",Independent,0.0008174664262549592
Female,18-29,White / Caucasian,Bachelor's degree,"$56,000 to $99,999",Other,2.5184565375146516e-06
Female,18-29,White / Caucasian,Bachelor's degree,"$56,000 to $99,999",Republican,0.0021354944066096985
Female,18-29,White / Caucasian,Bachelor's degree,"Less than $30,000",Democrat,0.0008834395729875635
Female,18-29,White / Caucasian,Bachelor's degree,"Less than $30,000",Independent,0.0014359816594376352
Female,18-29,White / Caucasian,Bachelor's degree,"Less than $30,000",Other,0.00011299957368298029
Female,18-29,White / Caucasian,Bachelor's degree,"Less than $30,000",Republican,0.0003734099082641371
Female,18-29,White / Caucasian,Doctorate degree / Ph.D.,"$100,000 to $167,999",Democrat,1.4097233416945636e-05
Female,18-29,White / Caucasian,Doctorate degree / Ph.D.,"$100,000 to $167,999",Independent,4.847952394572068e-05
Female,18-29,White / Caucasian,Doctorate degree / Ph.D.,"$100,000 to $167,999",Other,2.75181455208156e-06
Female,18-29,White / Caucasian,Doctorate degree / Ph.D.,"$100,000 to $167,999",Republican,8.42633844857554e-06
Female,18-29,White / Caucasian,Doctorate degree / Ph.D.,"$168,000 or more",Democrat,7.532863466720778e-06
Female,18-29,White / Caucasian,Doctorate degree / Ph.D.,"$168,000 or more",Independent,2.5701026589196153e-05
Female,18-29,White / Caucasian,Doctorate degree / Ph.D.,"$168,000 or more",Other,1.470942039965219e-06
Female,18-29,White / Caucasian,Doctorate degree / Ph.D.,"$168,000 or more",Republican,4.145628263051672e-06
Female,18-29,White / Caucasian,Doctorate degree / Ph.D.,"$30,000 to $55,999",Democrat,6.260186660577534e-06
Female,18-29,White / Caucasian,Doctorate degree / Ph.D.,"$30,000 to $55,999",Independent,2.2260817417377503e-05
Female,18-29,White / Caucasian,Doctorate degree / Ph.D.,"$30,000 to $55,999",Other,1.3325120056004705e-06
Female,18-29,White / Caucasian,Doctorate degree / Ph.D.,"$30,000 to $55,999",Republican,3.9204384633546265e-06
Female,18-29,White / Caucasian,Doctorate degree / Ph.D.,"$56,000 to $99,999",Democrat,1.5338299235721357e-05
Female,18-29,White / Caucasian,Doctorate degree / Ph.D.,"$56,000 to $99,999",Independent,5.2905537126259387e-05
Female,18-29,White / Caucasian,Doctorate degree / Ph.D.,"$56,000 to $99,999",Other,2.8013165931391956e-06
Female,18-29,White / Caucasian,Doctorate degree / Ph.D.,"$56,000 to $99,999",Republican,9.549992190352369e-06
Female,18-29,White / Caucasian,Doctorate degree / Ph.D.,"Less than $30,000",Democrat,6.008315279411611e-06
Female,18-29,White / Caucasian,Doctorate degree / Ph.D.,"Less than $30,000",Independent,2.6445946498889226e-05
Female,18-29,White / Caucasian,Doctorate degree / Ph.D.,"Less than $30,000",Other,1.2074938453027428e-06
Female,18-29,White / Caucasian,Doctorate degree / Ph.D.,"Less than $30,000",Republican,3.6602349234005393e-06
Female,18-29,White / Caucasian,High school diploma / GED,"$100,000 to $167,999",Democrat,0.0005633041866236724
Female,18-29,White / Caucasian,High school diploma / GED,"$100,000 to $167,999",Independent,0.00018254056906451794
Female,18-29,White / Caucasian,High school diploma / GED,"$100,000 to $167,999",Republican,0.000361261087908135
Female,18-29,White / Caucasian,High school diploma / GED,"$168,000 or more",Democrat,7.854362887162408e-05
Female,18-29,White / Caucasian,High school diploma / GED,"$168,000 or more",Independent,0.00018853346235026642
Female,18-29,White / Caucasian,High school diploma / GED,"$168,000 or more",Other,7.044848557604803e-06
Female,18-29,White / Caucasian,High school diploma / GED,"$168,000 or more",Republican,0.00011782583298209322
Female,18-29,White / Caucasian,High school diploma / GED,"$30,000 to $55,999",Democrat,0.0002982760239936971
Female,18-29,White / Caucasian,High school diploma / GED,"$30,000 to $55,999",Independent,0.0010803838970615358
Female,18-29,White / Caucasian,High school diploma / GED,"$30,000 to $55,999",Other,1.908545621716702e-05
Female,18-29,White / Caucasian,High school diploma / GED,"$30,000 to $55,999",Republican,0.0006710783114477556
Female,18-29,White / Caucasian,High school diploma / GED,"$56,000 to $99,999",Democrat,0.000455661425649584
Female,18-29,White / Caucasian,High school diploma / GED,"$56,000 to $99,999",Independent,0.0008333403584636267
Female,18-29,White / Caucasian,High school diploma / GED,"$56,000 to $99,999",Other,6.36891970940937e-05
Female,18-29,White / Caucasian,High school diploma / GED,"$56,000 to $99,999",Republican,0.0007503332036686743
Female,18-29,White / Caucasian,High school diploma / GED,"Less than $30,000",Democrat,0.00031049608337782906
Female,18-29,White / Caucasian,High school diploma / GED,"Less than $30,000",Independent,0.0013334102518966194
Female,18-29,White / Caucasian,High school diploma / GED,"Less than $30,000",Other,4.21742517463173e-05
Female,18-29,White / Caucasian,High school diploma / GED,"Less than $30,000",Republican,0.0006494033275000431
Female,18-29,White / Caucasian,Less than high school,"$100,000 to $167,999",Democrat,5.7880787531159685e-05
Female,18-29,White / Caucasian,Less than high school,"$100,000 to $167,999",Independent,0.00016484757344761868
Female,18-29,White / Caucasian,Less than high school,"$100,000 to $167,999",Other,1.4127025492848445e-05
Female,18-29,White / Caucasian,Less than high school,"$100,000 to $167,999",Republican,8.372072154332744e-05
Female,18-29,White / Caucasian,Less than high school,"$168,000 or more",Democrat,2.8652012999646023e-05
Female,18-29,White / Caucasian,Less than high school,"$168,000 or more",Independent,8.095975512065334e-05
Female,18-29,White / Caucasian,Less than high school,"$168,000 or more",Other,6.995546200020447e-06
Female,18-29,White / Caucasian,Less than high school,"$168,000 or more",Republican,3.815741303306267e-05
Female,18-29,White / Caucasian,Less than high school,"$30,000 to $55,999",Democrat,0.00010794372538927113
Female,18-29,White / Caucasian,Less than high school,"$30,000 to $55,999",Independent,0.0003178885596958326
Female,18-29,White / Caucasian,Less than high school,"$30,000 to $55,999",Other,2.872845532185541e-05
Female,18-29,White / Caucasian,Less than high school,"$30,000 to $55,999",Republican,0.00016358304349529368
Female,18-29,White / Caucasian,Less than high school,"$56,000 to $99,999",Democrat,9.587661608047039e-05
Female,18-29,White / Caucasian,Less than high school,"$56,000 to $99,999",Independent,0.0002738799819091511
Female,18-29,White / Caucasian,Less than high school,"$56,000 to $99,999",Other,2.1894181300431706e-05
Female,18-29,White / Caucasian,Less than high school,"$56,000 to $99,999",Republican,0.00014445481772854134
Female,18-29,White / Caucasian,Less than high school,"Less than $30,000",Democrat,9.473539068187911e-05
Female,18-29,White / Caucasian,Less than high school,"Less than $30,000",Independent,0.0005699970266835157
Female,18-29,White / Caucasian,Less than high school,"Less than $30,000",Other,5.08394331210914e-05
Female,18-29,White / Caucasian,Less than high school,"Less than $30,000",Republican,0.00018378889415772242
Female,18-29,White / Caucasian,Master's degree / Professional degree,"$100,000 to $167,999",Democrat,0.0004615321216869708
Female,18-29,White / Caucasian,Master's degree / Professional degree,"$100,000 to $167,999",Independent,0.00019844969148994466
Female,18-29,White / Caucasian,Master's degree / Professional degree,"$100,000 to $167,999",Republican,0.0002672357097436251
Female,18-29,White / Caucasian,Master's degree / Professional degree,"$168,000 or more",Democrat,0.00020496445303634422
Female,18-29,White / Caucasian,Master's degree / Professional degree,"$168,000 or more",Independent,9.760625139641427e-05
Female,18-29,White / Caucasian,Master's degree / Professional degree,"$168,000 or more",Other,4.91142919709903e-06
Female,18-29,White / Caucasian,Master's degree / Professional degree,"$168,000 or more",Republican,0.00011059271321685549
Female,18-29,White / Caucasian,Master's degree / Professional degree,"$30,000 to $55,999",Democrat,0.00032811574146727936
Female,18-29,White / Caucasian,Master's degree / Professional degree,"$30,000 to $55,999",Independent,0.00016562814255246156
Female,18-29,White / Caucasian,Master's degree / Professional degree,"$30,000 to $55,999",Other,8.985906651393706e-06
Female,18-29,White / Caucasian,Master's degree / Professional degree,"$30,000 to $55,999",Republican,0.00020265753701367555
Female,18-29,White / Caucasian,Master's degree / Professional degree,"$56,000 to $99,999",Democrat,0.0003626043205282411
Female,18-29,White / Caucasian,Master's degree / Professional degree,"$56,000 to $99,999",Independent,0.00035513013006013134
Female,18-29,White / Caucasian,Master's degree / Professional degree,"$56,000 to $99,999",Other,2.8180547855465574e-05
Female,18-29,White / Caucasian,Master's degree / Professional degree,"$56,000 to $99,999",Republican,0.0003107451382332885
Female,18-29,White / Caucasian,Master's degree / Professional degree,"Less than $30,000",Democrat,0.00020523417320229189
Female,18-29,White / Caucasian,Master's degree / Professional degree,"Less than $30,000",Independent,0.000126085396449602
Female,18-29,White / Caucasian,Master's degree / Professional degree,"Less than $30,000",Other,5.061459468609879e-06
Female,18-29,White / Caucasian,Master's degree / Professional degree,"Less than $30,000",Republican,0.0001225811319022566
Female,18-29,White / Caucasian,Some college or Associate's degree,"$100,000 to $167,999",Democrat,0.0011460625619112122
Female,18-29,White / Caucasian,Some college or Associate's degree,"$100,000 to $167,999",Independent,0.0009546138479887881
Female,18-29,White / Caucasian,Some college or Associate's degree,"$100,000 to $167,999",Other,1.781948890353834e-05
Female,18-29,White / Caucasian,Some college or Associate's degree,"$100,000 to $167,999",Republican,0.0007431979972453138
Female,18-29,White / Caucasian,Some college or Associate's degree,"$168,000 or more",Democrat,0.0005475268729139992
Female,18-29,White / Caucasian,Some college or Associate's degree,"$168,000 or more",Independent,0.0002752965704414536
Female,18-29,White / Caucasian,Some college or Associate's degree,"$168,000 or more",Other,1.8296740521628703e-05
Female,18-29,White / Caucasian,Some college or Associate's degree,"$168,000 or more",Republican,0.0002857877274674619
Female,18-29,White / Caucasian,Some college or Associate's degree,"$30,000 to $55,999",Democrat,0.0009941661483708036
Female,18-29,White / Caucasian,Some college or Associate's degree,"$30,000 to $55,999",Independent,0.0019904849164782703
Female,18-29,White / Caucasian,Some college or Associate's degree,"$30,000 to $55,999",Other,0.0002628407904962101
Female,18-29,White / Caucasian,Some college or Associate's degree,"$30,000 to $55,999",Republican,0.0017719373929367612
Female,18-29,White / Caucasian,Some college or Associate's degree,"$56,000 to $99,999",Democrat,0.0012308743643559467
Female,18-29,White / Caucasian,Some college or Associate's degree,"$56,000 to $99,999",Independent,0.0018737424161411863
Female,18-29,White / Caucasian,Some college or Associate's degree,"$56,000 to $99,999",Other,3.5458519323655034e-05
Female,18-29,White / Caucasian,Some college or Associate's degree,"$56,000 to $99,999",Republican,0.002422818850386231
Female,18-29,White / Caucasian,Some college or Associate's degree,"Less than $30,000",Democrat,0.0017358113209415987
Female,18-29,White / Caucasian,Some college or Associate's degree,"Less than $30,000",Independent,0.0028690780629740164
Female,18-29,White / Caucasian,Some college or Associate's degree,"Less than $30,000",Other,8.697938301070569e-05
Female,18-29,White / Caucasian,Some college or Associate's degree,"Less than $30,000",Republican,0.00157698314004361
Female,30-44,Asian / Asian American,Bachelor's degree,"$100,000 to $167,999",Democrat,0.0007844653672217003
Female,30-44,Asian / Asian American,Bachelor's degree,"$100,000 to $167,999",Independent,0.00019160392329608007
Female,30-44,Asian / Asian American,Bachelor's degree,"$100,000 to $167,999",Other,8.653902008620753e-06
Female,30-44,Asian / Asian American,Bachelor's degree,"$100,000 to $167,999",Republican,0.00012268046695564436
Female,30-44,Asian / Asian American,Bachelor's degree,"$168,000 or more",Democrat,0.0004245671018395531
Female,30-44,Asian / Asian American,Bachelor's degree,"$168,000 or more",Independent,0.00040893265712927616
Female,30-44,Asian / Asian American,Bachelor's degree,"$30,000 to $55,999",Democrat,0.0002476402059116454
Female,30-44,Asian / Asian American,Bachelor's degree,"$30,000 to $55,999",Independent,0.00019250602535735822
Female,30-44,Asian / Asian American,Bachelor's degree,"$30,000 to $55,999",Other,8.42768083511884e-07
Female,30-44,Asian / Asian American,Bachelor's degree,"$30,000 to $55,999",Republican,3.48024221045639e-05
Female,30-44,Asian / Asian American,Bachelor's degree,"$56,000 to $99,999",Democrat,0.00046487295250253785
Female,30-44,Asian / Asian American,Bachelor's degree,"$56,000 to $99,999",Independent,0.0003598453325752872
Female,30-44,Asian / Asian American,Bachelor's degree,"$56,000 to $99,999",Republican,6.959108559836454e-05
Female,30-44,Asian / Asian American,Bachelor's degree,"Less than $30,000",Democrat,0.00021749565054325122
Female,30-44,Asian / Asian American,Bachelor's degree,"Less than $30,000",Independent,0.00020927932397323822
Female,30-44,Asian / Asian American,Bachelor's degree,"Less than $30,000",Other,6.988530490655386e-07
Female,30-44,Asian / Asian American,Bachelor's degree,"Less than $30,000",Republican,2.9733619411705468e-05
Female,30-44,Asian / Asian American,Doctorate degree / Ph.D.,"$100,000 to $167,999",Democrat,5.005912086884517e-05
Female,30-44,Asian / Asian American,Doctorate degree / Ph.D.,"$100,000 to $167,999",Independent,4.080428766979368e-05
Female,30-44,Asian / Asian American,Doctorate degree / Ph.D.,"$100,000 to $167,999",Republican,1.619126890226689e-05
Female,30-44,Asian / Asian American,Doctorate degree / Ph.D.,"$168,000 or more",Democrat,6.537371717042042e-05
Female,30-44,Asian / Asian American,Doctorate degree / Ph.D.,"$168,000 or more",Independent,5.286785391921724e-05
Female,30-44,Asian / Asian American,Doctorate degree / Ph.D.,"$168,000 or more",Republican,1.946821346096489e-05
Female,30-44,Asian / Asian American,Doctorate degree / Ph.D.,"$30,000 to $55,999",Democrat,2.3752048835830815e-05
Female,30-44,Asian / Asian American,Doctorate degree / Ph.D.,"$30,000 to $55,999",Independent,2.001949088813006e-05
Female,30-44,Asian / Asian American,Doctorate degree / Ph.D.,"$30,000 to $55,999",Republican,8.048984576997632e-06
Female,30-44,Asian / Asian American,Doctorate degree / Ph.D.,"$56,000 to $99,999",Democrat,4.001318916857283e-05
Female,30-44,Asian / Asian American,Doctorate degree / Ph.D.,"$56,000 to $99,999",Independent,3.271336471686655e-05
Female,30-44,Asian / Asian American,Doctorate degree / Ph.D.,"$56,000 to $99,999",Republican,1.3480985346932494e-05
Female,30-44,Asian / Asian American,Doctorate degree / Ph.D.,"Less than $30,000",Democrat,2.1881992406487035e-05
Female,30-44,Asian / Asian American,Doctorate degree / Ph.D.,"Less than $30,000",Independent,2.282923668938855e-05
Female,30-44,Asian / Asian American,Doctorate degree / Ph.D.,"Less than $30,000",Republican,7.213329465254564e-06
Female,30-44,Asian / Asian American,High school diploma / GED,"$100,000 to $167,999",Democrat,2.682622479995783e-05
Female,30-44,Asian / Asian American,High school diploma / GED,"$100,000 to $167,999",Independent,2.866689861271669e-05
Female,30-44,Asian / Asian American,High school diploma / GED,"$100,000 to $167,999",Republican,3.913909305195811e-05
Female,30-44,Asian / Asian American,High school diploma / GED,"$168,000 or more",Democrat,1.0393053693564042e-05
Female,30-44,Asian / Asian American,High school diploma / GED,"$168,000 or more",Independent,1.1018697008136932e-05
Female,30-44,Asian / Asian American,High school diploma / GED,"$168,000 or more",Republican,1.3961099478030308e-05
Female,30-44,Asian / Asian American,High school diploma / GED,"$30,000 to $55,999",Democrat,5.3050902619356674e-05
Female,30-44,Asian / Asian American,High school diploma / GED,"$30,000 to $55,999",Independent,5.861966028578304e-05
Female,30-44,Asian / Asian American,High school diploma / GED,"$30,000 to $55,999",Republican,8.109355249539352e-05
Female,30-44,Asian / Asian American,High school diploma / GED,"$56,000 to $99,999",Democrat,5.050233916713639e-05
Female,30-44,Asian / Asian American,High school diploma / GED,"$56,000 to $99,999",Independent,5.412926262943991e-05
Female,30-44,Asian / Asian American,High school diploma / GED,"$56,000 to $99,999",Republican,7.675090313024655e-05
Female,30-44,Asian / Asian American,High school diploma / GED,"Less than $30,000",Democrat,4.570422959854319e-05
Female,30-44,Asian / Asian American,High school diploma / GED,"Less than $30,000",Independent,6.251143795014843e-05
Female,30-44,Asian / Asian American,High school diploma / GED,"Less than $30,000",Republican,6.796085430820392e-05
Female,30-44,Asian / Asian American,Less than high school,"$100,000 to $167,999",Democrat,1.380607395495627e-05
Female,30-44,Asian / Asian American,Less than high school,"$100,000 to $167,999",Independent,1.9164560682254915e-05
Female,30-44,Asian / Asian American,Less than high school,"$100,000 to $167,999",Republican,9.311825631844742e-06
Female,30-44,Asian / Asian American,Less than high school,"$168,000 or more",Democrat,6.202817092064e-06
Female,30-44,Asian / Asian American,Less than high school,"$168,000 or more",Independent,8.54247205640872e-06
Female,30-44,Asian / Asian American,Less than high school,"$168,000 or more",Republican,3.851934263824891e-06
Female,30-44,Asian / Asian American,Less than high school,"$30,000 to $55,999",Democrat,4.517757644509064e-05
Female,30-44,Asian / Asian American,Less than high school,"$30,000 to $55,999",Independent,6.484566839968501e-05
Female,30-44,Asian / Asian American,Less than high school,"$30,000 to $55,999",Republican,3.192492748673716e-05
Female,30-44,Asian / Asian American,Less than high school,"$56,000 to $99,999",Democrat,2.7706289344718295e-05
Female,30-44,Asian / Asian American,Less than high school,"$56,000 to $99,999",Independent,3.857505056471132e-05
Female,30-44,Asian / Asian American,Less than high school,"$56,000 to $99,999",Republican,1.9465421266493637e-05
Female,30-44,Asian / Asian American,Less than high school,"Less than $30,000",Democrat,4.467296155538718e-05
Female,30-44,Asian / Asian American,Less than high school,"Less than $30,000",Independent,7.936981404621437e-05
Female,30-44,Asian / Asian American,Less than high school,"Less than $30,000",Republican,3.07086428015711e-05
Female,30-44,Asian / Asian American,Master's degree / Professional degree,"$100,000 to $167,999",Democrat,0.00046153423299887723
Female,30-44,Asian / Asian American,Master's degree / Professional degree,"$100,000 to $167,999",Independent,0.00022279222682433636
Female,30-44,Asian / Asian American,Master's degree / Professional degree,"$100,000 to $167,999",Republican,3.131389482218221e-05
Female,30-44,Asian / Asian American,Master's degree / Professional degree,"$168,000 or more",Democrat,0.0008212773707584532
Female,30-44,Asian / Asian American,Master's degree / Professional degree,"$168,000 or more",Independent,9.084564737681729e-05
Female,30-44,Asian / Asian American,Master's degree / Professional degree,"$30,000 to $55,999",Democrat,0.00014648053994985698
Female,30-44,Asian / Asian American,Master's degree / Professional degree,"$30,000 to $55,999",Independent,7.311482019517055e-05
Female,30-44,Asian / Asian American,Master's degree / Professional degree,"$30,000 to $55,999",Republican,1.0412510492434118e-05
Female,30-44,Asian / Asian American,Master's degree / Professional degree,"$56,000 to $99,999",Democrat,0.00024555609451475834
Female,30-44,Asian / Asian American,Master's degree / Professional degree,"$56,000 to $99,999",Independent,0.00025585605765455436
Female,30-44,Asian / Asian American,Master's degree / Professional degree,"$56,000 to $99,999",Republican,5.8252327112906854e-05
Female,30-44,Asian / Asian American,Master's degree / Professional degree,"Less than $30,000",Democrat,0.00013446731475836267
Female,30-44,Asian / Asian American,Master's degree / Professional degree,"Less than $30,000",Independent,8.307967577413333e-05
Female,30-44,Asian / Asian American,Master's degree / Professional degree,"Less than $30,000",Republican,9.298248320643907e-06
Female,30-44,Asian / Asian American,Some college or Associate's degree,"$100,000 to $167,999",Democrat,0.00011830822995402305
Female,30-44,Asian / Asian American,Some college or Associate's degree,"$100,000 to $167,999",Independent,9.669401199751784e-05
Female,30-44,Asian / Asian American,Some college or Associate's degree,"$100,000 to $167,999",Republican,7.968702288406232e-05
Female,30-44,Asian / Asian American,Some college or Associate's degree,"$168,000 or more",Democrat,5.807159677183722e-05
Female,30-44,Asian / Asian American,Some college or Associate's degree,"$168,000 or more",Independent,4.708844081752764e-05
Female,30-44,Asian / Asian American,Some college or Associate's degree,"$168,000 or more",Republican,3.6013196054468974e-05
Female,30-44,Asian / Asian American,Some college or Associate's degree,"$30,000 to $55,999",Democrat,0.00013679303577573555
Female,30-44,Asian / Asian American,Some college or Associate's degree,"$30,000 to $55,999",Independent,0.00011560536256441756
Female,30-44,Asian / Asian American,Some college or Associate's degree,"$30,000 to $55,999",Republican,9.653370685497507e-05
Female,30-44,Asian / Asian American,Some college or Associate's degree,"$56,000 to $99,999",Democrat,0.00019237889907639967
Female,30-44,Asian / Asian American,Some college or Associate's degree,"$56,000 to $99,999",Independent,0.00015770356987802604
Female,30-44,Asian / Asian American,Some college or Associate's degree,"$56,000 to $99,999",Republican,0.00013497423734883934
Female,30-44,Asian / Asian American,Some college or Associate's degree,"Less than $30,000",Democrat,0.00010331397178595876
Female,30-44,Asian / Asian American,Some college or Associate's degree,"Less than $30,000",Independent,0.00010807509518529955
Female,30-44,Asian / Asian American,Some college or Associate's degree,"Less than $30,000",Republican,7.092232126395917e-05
Female,30-44,Black / African American,Bachelor's degree,"$100,000 to $167,999",Democrat,0.00036714482819922114
Female,30-44,Black / African American,Bachelor's degree,"$100,000 to $167,999",Independent,0.00023365103176342585
Female,30-44,Black / African American,Bachelor's degree,"$100,000 to $167,999",Other,1.868003203649448e-05
Female,30-44,Black / African American,Bachelor's degree,"$100,000 to $167,999",Republican,2.2179925945306898e-05
Female,30-44,Black / African American,Bachelor's degree,"$168,000 or more",Democrat,0.00010550884763770743
Female,30-44,Black / African American,Bachelor's degree,"$168,000 or more",Independent,7.452068126161027e-05
Female,30-44,Black / African American,Bachelor's degree,"$30,000 to $55,999",Democrat,0.00045353363812977336
Female,30-44,Black / African American,Bachelor's degree,"$30,000 to $55,999",Independent,0.0003725093924196732
Female,30-44,Black / African American,Bachelor's degree,"$30,000 to $55,999",Other,6.779154415801908e-05
Female,30-44,Black / African American,Bachelor's degree,"$56,000 to $99,999",Democrat,0.0006070880225408083
Female,30-44,Black / African American,Bachelor's degree,"$56,000 to $99,999",Independent,0.00038750866557981864
Female,30-44,Black / African American,Bachelor's degree,"$56,000 to $99,999",Other,2.88995833658609e-05
Female,30-44,Black / African American,Bachelor's degree,"$56,000 to $99,999",Republican,3.820279549427885e-05
Female,30-44,Black / African American,Bachelor's degree,"Less than $30,000",Democrat,0.00017827644935451174
Female,30-44,Black / African American,Bachelor's degree,"Less than $30,000",Independent,0.0003593367245083282
Female,30-44,Black / African American,Bachelor's degree,"Less than $30,000",Republican,0.00010725595977175162
Female,30-44,Black / African American,Doctorate degree / Ph.D.,"$100,000 to $167,999",Democrat,2.904917450473895e-05
Female,30-44,Black / African American,Doctorate degree / Ph.D.,"$100,000 to $167,999",Independent,8.191651701696421e-06
Female,30-44,Black / African American,Doctorate degree / Ph.D.,"$100,000 to $167,999",Other,1.610350626000411e-06
Female,30-44,Black / African American,Doctorate degree / Ph.D.,"$100,000 to $167,999",Republican,3.875508846041932e-06
Female,30-44,Black / African American,Doctorate degree / Ph.D.,"$168,000 or more",Democrat,1.6646861085107636e-05
Female,30-44,Black / African American,Doctorate degree / Ph.D.,"$168,000 or more",Independent,4.6573186982026155e-06
Female,30-44,Black / African American,Doctorate degree / Ph.D.,"$168,000 or more",Other,9.231434629027237e-07
Female,30-44,Black / African American,Doctorate degree / Ph.D.,"$168,000 or more",Republican,2.04480804396259e-06
Female,30-44,Black / African American,Doctorate degree / Ph.D.,"$30,000 to $55,999",Democrat,1.240169564017646e-05
Female,30-44,Black / African American,Doctorate degree / Ph.D.,"$30,000 to $55,999",Independent,3.6161640190383234e-06
Female,30-44,Black / African American,Doctorate degree / Ph.D.,"$30,000 to $55,999",Other,7.496633775625272e-07
Female,30-44,Black / African American,Doctorate degree / Ph.D.,"$30,000 to $55,999",Republican,1.7334780878196277e-06
Female,30-44,Black / African American,Doctorate degree / Ph.D.,"$56,000 to $99,999",Democrat,2.44655637360229e-05
Female,30-44,Black / African American,Doctorate degree / Ph.D.,"$56,000 to $99,999",Independent,6.9197814158987446e-06
Female,30-44,Black / African American,Doctorate degree / Ph.D.,"$56,000 to $99,999",Other,1.2689414781792383e-06
Female,30-44,Black / African American,Doctorate degree / Ph.D.,"$56,000 to $99,999",Republican,3.399937756602346e-06
Female,30-44,Black / African American,Doctorate degree / Ph.D.,"Less than $30,000",Democrat,7.625950878078297e-06
Female,30-44,Black / African American,Doctorate degree / Ph.D.,"Less than $30,000",Independent,2.7524131992829313e-06
Female,30-44,Black / African American,Doctorate degree / Ph.D.,"Less than $30,000",Other,4.3523879002157274e-07
Female,30-44,Black / African American,Doctorate degree / Ph.D.,"Less than $30,000",Republican,1.036907890064999e-06
Female,30-44,Black / African American,High school diploma / GED,"$100,000 to $167,999",Democrat,9.061888309440547e-05
Female,30-44,Black / African American,High school diploma / GED,"$100,000 to $167,999",Independent,4.342115284042588e-05
Female,30-44,Black / African American,High school diploma / GED,"$100,000 to $167,999",Other,3.5758814196314037e-06
Female,30-44,Black / African American,High school diploma / GED,"$100,000 to $167,999",Republican,1.5266724911568018e-05
Female,30-44,Black / African American,High school diploma / GED,"$168,000 or more",Democrat,2.4685736460517805e-05
Female,30-44,Black / African American,High school diploma / GED,"$168,000 or more",Independent,1.1735312319076314e-05
Female,30-44,Black / African American,High school diploma / GED,"$168,000 or more",Other,9.744525223045046e-07
Female,30-44,Black / African American,High school diploma / GED,"$168,000 or more",Republican,3.829115935340696e-06
Female,30-44,Black / African American,High school diploma / GED,"$30,000 to $55,999",Democrat,0.00046256890254734237
Female,30-44,Black / African American,High school diploma / GED,"$30,000 to $55,999",Independent,0.00018843021883684834
Female,30-44,Black / African American,High school diploma / GED,"$30,000 to $55,999",Other,3.279502451984955e-05
Female,30-44,Black / African American,High school diploma / GED,"$30,000 to $55,999",Republican,6.526188703327222e-05
Female,30-44,Black / African American,High school diploma / GED,"$56,000 to $99,999",Democrat,0.0002954666286575918
Female,30-44,Black / African American,High school diploma / GED,"$56,000 to $99,999",Independent,0.0001420007203550871
Female,30-44,Black / African American,High school diploma / GED,"$56,000 to $99,999",Other,1.0908688880232815e-05
Female,30-44,Black / African American,High school diploma / GED,"$56,000 to $99,999",Republican,5.185091372959664e-05
Female,30-44,Black / African American,High school diploma / GED,"Less than $30,000",Democrat,0.0008750551848164561
Female,30-44,Black / African American,High school diploma / GED,"Less than $30,000",Independent,0.0004564158444092249
Female,30-44,Black / African American,High school diploma / GED,"Less than $30,000",Other,3.769578213784409e-05
Female,30-44,Black / African American,High school diploma / GED,"Less than $30,000",Republican,0.00017652378937666315
Female,30-44,Black / African American,Less than high school,"$100,000 to $167,999",Democrat,1.227426373632283e-05
Female,30-44,Black / African American,Less than high school,"$100,000 to $167,999",Independent,1.2136298433672853e-05
Female,30-44,Black / African American,Less than high school,"$100,000 to $167,999",Republican,8.451497817904562e-06
Female,30-44,Black / African American,Less than high school,"$168,000 or more",Democrat,3.314567776628638e-06
Female,30-44,Black / African American,Less than high school,"$168,000 or more",Independent,3.251498961949768e-06
Female,30-44,Black / African American,Less than high school,"$168,000 or more",Republican,2.1013112679170987e-06
Female,30-44,Black / African American,Less than high school,"$30,000 to $55,999",Democrat,7.442636581186502e-05
Female,30-44,Black / African American,Less than high school,"$30,000 to $55,999",Independent,7.60933980868391e-05
Female,30-44,Black / African American,Less than high school,"$30,000 to $55,999",Republican,5.369172988439276e-05
Female,30-44,Black / African American,Less than high school,"$56,000 to $99,999",Democrat,4.059843519833972e-05
Female,30-44,Black / African American,Less than high school,"$56,000 to $99,999",Independent,4.026239054699235e-05
Female,30-44,Black / African American,Less than high school,"$56,000 to $99,999",Republican,2.9118455122925754e-05
Female,30-44,Black / African American,Less than high school,"Less than $30,000",Democrat,0.00019056103882496156
Female,30-44,Black / African American,Less than high school,"Less than $30,000",Independent,0.00046145087932357914
Female,30-44,Black / African American,Less than high school,"Less than $30,000",Republican,2.8964348851495755e-05
Female,30-44,Black / African American,Master's degree / Professional degree,"$100,000 to $167,999",Democrat,0.00025352214394878405
Female,30-44,Black / African American,Master's degree / Professional degree,"$100,000 to $167,999",Independent,0.00024112116583153902
Female,30-44,Black / African American,Master's degree / Professional degree,"$100,000 to $167,999",Other,1.567268476384112e-05
Female,30-44,Black / African American,Master's degree / Professional degree,"$100,000 to $167,999",Republican,7.3629357205179575e-06
Female,30-44,Black / African American,Master's degree / Professional degree,"$168,000 or more",Democrat,9.296365028788388e-05
Female,30-44,Black / African American,Master's degree / Professional degree,"$168,000 or more",Independent,0.00012797210930942288
Female,30-44,Black / African American,Master's degree / Professional degree,"$168,000 or more",Republican,7.896176978163262e-07
Female,30-44,Black / African American,Master's degree / Professional degree,"$30,000 to $55,999",Democrat,0.00021359065831889074
Female,30-44,Black / African American,Master's degree / Professional degree,"$30,000 to $55,999",Independent,0.00021005404985543452
Female,30-44,Black / African American,Master's degree / Professional degree,"$30,000 to $55,999",Other,1.4398204226367708e-05
Female,30-44,Black / African American,Master's degree / Professional degree,"$30,000 to $55,999",Republican,6.499197204788272e-06
Female,30-44,Black / African American,Master's degree / Professional degree,"$56,000 to $99,999",Democrat,0.00021406566470223346
Female,30-44,Black / African American,Master's degree / Professional degree,"$56,000 to $99,999",Independent,0.00039342294264747065
Female,30-44,Black / African American,Master's degree / Professional degree,"$56,000 to $99,999",Other,3.683157710056783e-05
Female,30-44,Black / African American,Master's degree / Professional degree,"$56,000 to $99,999",Republican,3.1284713689589225e-05
Female,30-44,Black / African American,Master's degree / Professional degree,"Less than $30,000",Democrat,0.00011059953182782974
Female,30-44,Black / African American,Master's degree / Professional degree,"Less than $30,000",Independent,0.00013463397552128056
Female,30-44,Black / African American,Master's degree / Professional degree,"Less than $30,000",Other,7.039271694164198e-06
Female,30-44,Black / African American,Master's degree / Professional degree,"Less than $30,000",Republican,3.2737057210828678e-06
Female,30-44,Black / African American,Some college or Associate's degree,"$100,000 to $167,999",Democrat,0.00027506164144316296
Female,30-44,Black / African American,Some college or Associate's degree,"$100,000 to $167,999",Independent,0.00018620008611863493
Female,30-44,Black / African American,Some college or Associate's degree,"$100,000 to $167,999",Other,2.8097185143626283e-05
Female,30-44,Black / African American,Some college or Associate's degree,"$100,000 to $167,999",Republican,1.1584440850611141e-05
Female,30-44,Black / African American,Some college or Associate's degree,"$168,000 or more",Democrat,6.610138969829011e-05
Female,30-44,Black / African American,Some college or Associate's degree,"$168,000 or more",Independent,4.439421248871574e-05
Female,30-44,Black / African American,Some college or Associate's degree,"$168,000 or more",Other,6.754505586394345e-06
Female,30-44,Black / African American,Some college or Associate's degree,"$168,000 or more",Republican,2.563190522610605e-06
Female,30-44,Black / African American,Some college or Associate's degree,"$30,000 to $55,999",Democrat,0.0007919493886709056
Female,30-44,Black / African American,Some college or Associate's degree,"$30,000 to $55,999",Independent,0.0008124001700844431
Female,30-44,Black / African American,Some college or Associate's degree,"$30,000 to $55,999",Other,0.00018603768864246524
Female,30-44,Black / African American,Some college or Associate's degree,"$30,000 to $55,999",Republican,0.00011716145557556998
Female,30-44,Black / African American,Some college or Associate's degree,"$56,000 to $99,999",Democrat,0.0010938708514593176
Female,30-44,Black / African American,Some college or Associate's degree,"$56,000 to $99,999",Independent,0.0003442005253310752
Female,30-44,Black / African American,Some college or Associate's degree,"$56,000 to $99,999",Other,4.7674404348190535e-05
Female,30-44,Black / African American,Some college or Associate's degree,"$56,000 to $99,999",Republican,1.1437041219199065e-05
Female,30-44,Black / African American,Some college or Associate's degree,"Less than $30,000",Democrat,0.0009452143966628153
Female,30-44,Black / African American,Some college or Associate's degree,"Less than $30,000",Independent,0.0014858066672752573
Female,30-44,Black / African American,Some college or Associate's degree,"Less than $30,000",Other,0.00013007114488548295
Female,30-44,Black / African American,Some college or Associate's degree,"Less than $30,000",Republican,4.949970059620513e-05
Female,30-44,Hispanic / Latino,Bachelor's degree,"$100,000 to $167,999",Democrat,0.00046052572034001326
Female,30-44,Hispanic / Latino,Bachelor's degree,"$100,000 to $167,999",Independent,0.00047609242065282123
Female,30-44,Hispanic / Latino,Bachelor's degree,"$100,000 to $167,999",Other,4.088915899553056e-05
Female,30-44,Hispanic / Latino,Bachelor's degree,"$100,000 to $167,999",Republican,0.00014958628502007688
Female,30-44,Hispanic / Latino,Bachelor's degree,"$168,000 or more",Democrat,0.0001854955865396385
Female,30-44,Hispanic / Latino,Bachelor's degree,"$168,000 or more",Independent,0.0001902553496520328
Female,30-44,Hispanic / Latino,Bachelor's degree,"$168,000 or more",Other,1.6475479413578186e-05
Female,30-44,Hispanic / Latino,Bachelor's degree,"$168,000 or more",Republican,5.547492445554527e-05
Female,30-44,Hispanic / Latino,Bachelor's degree,"$30,000 to $55,999",Democrat,0.0004332864564250685
Female,30-44,Hispanic / Latino,Bachelor's degree,"$30,000 to $55,999",Independent,0.0003493257069757201
Female,30-44,Hispanic / Latino,Bachelor's degree,"$30,000 to $55,999",Other,2.2999136767959992e-05
Female,30-44,Hispanic / Latino,Bachelor's degree,"$30,000 to $55,999",Republican,0.00021256002108564493
Female,30-44,Hispanic / Latino,Bachelor's degree,"$56,000 to $99,999",Democrat,0.00043587534468247067
Female,30-44,Hispanic / Latino,Bachelor's degree,"$56,000 to $99,999",Independent,0.0006966755445946552
Female,30-44,Hispanic / Latino,Bachelor's degree,"$56,000 to $99,999",Other,6.270160185217668e-05
Female,30-44,Hispanic / Latino,Bachelor's degree,"$56,000 to $99,999",Republican,0.00026103381223329384
Female,30-44,Hispanic / Latino,Bachelor's degree,"Less than $30,000",Democrat,0.00028442728711738246
Female,30-44,Hispanic / Latino,Bachelor's degree,"Less than $30,000",Independent,0.0003763488397875077
Female,30-44,Hispanic / Latino,Bachelor's degree,"Less than $30,000",Other,2.599994842111866e-05
Female,30-44,Hispanic / Latino,Bachelor's degree,"Less than $30,000",Republican,9.415868479473047e-05
Female,30-44,Hispanic / Latino,Doctorate degree / Ph.D.,"$100,000 to $167,999",Democrat,1.0110104318288176e-05
Female,30-44,Hispanic / Latino,Doctorate degree / Ph.D.,"$100,000 to $167,999",Independent,2.285050668154193e-05
Female,30-44,Hispanic / Latino,Doctorate degree / Ph.D.,"$100,000 to $167,999",Republican,1.9608856540553134e-06
Female,30-44,Hispanic / Latino,Doctorate degree / Ph.D.,"$168,000 or more",Democrat,1.0205826305197852e-05
Female,30-44,Hispanic / Latino,Doctorate degree / Ph.D.,"$168,000 or more",Independent,2.2885177730391658e-05
Female,30-44,Hispanic / Latino,Doctorate degree / Ph.D.,"$168,000 or more",Republican,1.8225105777421517e-06
Female,30-44,Hispanic / Latino,Doctorate degree / Ph.D.,"$30,000 to $55,999",Democrat,5.883505899337733e-06
Female,30-44,Hispanic / Latino,Doctorate degree / Ph.D.,"$30,000 to $55,999",Independent,1.375009693605336e-05
Female,30-44,Hispanic / Latino,Doctorate degree / Ph.D.,"$30,000 to $55,999",Republican,1.1955704604558946e-06
Female,30-44,Hispanic / Latino,Doctorate degree / Ph.D.,"$56,000 to $99,999",Democrat,8.96795116005422e-06
Female,30-44,Hispanic / Latino,Doctorate degree / Ph.D.,"$56,000 to $99,999",Independent,2.0329790255549927e-05
Female,30-44,Hispanic / Latino,Doctorate degree / Ph.D.,"$56,000 to $99,999",Republican,1.8118017256601484e-06
Female,30-44,Hispanic / Latino,Doctorate degree / Ph.D.,"Less than $30,000",Democrat,5.3247384396142e-06
Female,30-44,Hispanic / Latino,Doctorate degree / Ph.D.,"Less than $30,000",Independent,1.5403535807796208e-05
Female,30-44,Hispanic / Latino,Doctorate degree / Ph.D.,"Less than $30,000",Republican,1.0525582761398684e-06
Female,30-44,Hispanic / Latino,High school diploma / GED,"$100,000 to $167,999",Democrat,0.00015290000863061676
Female,30-44,Hispanic / Latino,High school diploma / GED,"$100,000 to $167,999",Independent,0.00024396332199619418
Female,30-44,Hispanic / Latino,High school diploma / GED,"$100,000 to $167,999",Other,4.215716707817812e-06
Female,30-44,Hispanic / Latino,High school diploma / GED,"$100,000 to $167,999",Republican,7.809599708485385e-05
Female,30-44,Hispanic / Latino,High school diploma / GED,"$168,000 or more",Democrat,3.460578708215145e-05
Female,30-44,Hispanic / Latino,High school diploma / GED,"$168,000 or more",Independent,5.4781217364914794e-05
Female,30-44,Hispanic / Latino,High school diploma / GED,"$168,000 or more",Other,9.544712089826119e-07
Female,30-44,Hispanic / Latino,High school diploma / GED,"$168,000 or more",Republican,1.6274035086952475e-05
Female,30-44,Hispanic / Latino,High school diploma / GED,"$30,000 to $55,999",Democrat,0.0006021427473747497
Female,30-44,Hispanic / Latino,High school diploma / GED,"$30,000 to $55,999",Independent,0.0006203744588235053
Female,30-44,Hispanic / Latino,High school diploma / GED,"$30,000 to $55,999",Other,3.0388400846950767e-05
Female,30-44,Hispanic / Latino,High school diploma / GED,"$30,000 to $55,999",Republican,0.00029256644845335997
Female,30-44,Hispanic / Latino,High school diploma / GED,"$56,000 to $99,999",Democrat,0.0003532036940006275
Female,30-44,Hispanic / Latino,High school diploma / GED,"$56,000 to $99,999",Independent,0.0006469562215118063
Female,30-44,Hispanic / Latino,High school diploma / GED,"$56,000 to $99,999",Other,5.850951183522653e-07
Female,30-44,Hispanic / Latino,High school diploma / GED,"$56,000 to $99,999",Republican,0.0001838510505176035
Female,30-44,Hispanic / Latino,High school diploma / GED,"Less than $30,000",Democrat,0.00043603171059902767
Female,30-44,Hispanic / Latino,High school diploma / GED,"Less than $30,000",Independent,0.0010136441335477535
Female,30-44,Hispanic / Latino,High school diploma / GED,"Less than $30,000",Other,1.3987380668678735e-05
Female,30-44,Hispanic / Latino,High school diploma / GED,"Less than $30,000",Republican,0.0002702394150198368
Female,30-44,Hispanic / Latino,Less than high school,"$100,000 to $167,999",Democrat,4.0991173156495504e-05
Female,30-44,Hispanic / Latino,Less than high school,"$100,000 to $167,999",Independent,0.00012065860194705284
Female,30-44,Hispanic / Latino,Less than high school,"$100,000 to $167,999",Other,1.2812277770133848e-05
Female,30-44,Hispanic / Latino,Less than high school,"$100,000 to $167,999",Republican,7.412879104757599e-05
Female,30-44,Hispanic / Latino,Less than high school,"$168,000 or more",Democrat,9.210211814264972e-06
Female,30-44,Hispanic / Latino,Less than high school,"$168,000 or more",Independent,2.6896977414984938e-05
Female,30-44,Hispanic / Latino,Less than high school,"$168,000 or more",Other,2.879756770917982e-06
Female,30-44,Hispanic / Latino,Less than high school,"$168,000 or more",Republican,1.533527046762432e-05
Female,30-44,Hispanic / Latino,Less than high school,"$30,000 to $55,999",Democrat,0.00025247769889235
Female,30-44,Hispanic / Latino,Less than high school,"$30,000 to $55,999",Independent,0.0007684583488306646
Female,30-44,Hispanic / Latino,Less than high school,"$30,000 to $55,999",Other,8.605133187672741e-05
Female,30-44,Hispanic / Latino,Less than high school,"$30,000 to $55,999",Republican,0.00047836780511307993
Female,30-44,Hispanic / Latino,Less than high school,"$56,000 to $99,999",Democrat,0.00015009216971937825
Female,30-44,Hispanic / Latino,Less than high school,"$56,000 to $99,999",Independent,0.0004431241737054173
Female,30-44,Hispanic / Latino,Less than high school,"$56,000 to $99,999",Other,4.389284675747709e-05
Female,30-44,Hispanic / Latino,Less than high school,"$56,000 to $99,999",Republican,0.0002827322877681979
Female,30-44,Hispanic / Latino,Less than high school,"Less than $30,000",Democrat,0.00028303197961972225
Female,30-44,Hispanic / Latino,Less than high school,"Less than $30,000",Independent,0.0013642877097135473
Female,30-44,Hispanic / Latino,Less than high school,"Less than $30,000",Republican,0.0005277564524587733
Female,30-44,Hispanic / Latino,Master's degree / Professional degree,"$100,000 to $167,999",Democrat,0.00017760341637680717
Female,30-44,Hispanic / Latino,Master's degree / Professional degree,"$100,000 to $167,999",Independent,0.00017445481170721156
Female,30-44,Hispanic / Latino,Master's degree / Professional degree,"$100,000 to $167,999",Other,1.563886564336362e-05
Female,30-44,Hispanic / Latino,Master's degree / Professional degree,"$100,000 to $167,999",Republican,0.0002033477434397715
Female,30-44,Hispanic / Latino,Master's degree / Professional degree,"$168,000 or more",Democrat,0.00018791601441681363
Female,30-44,Hispanic / Latino,Master's degree / Professional degree,"$168,000 or more",Independent,0.00011338283736545067
Female,30-44,Hispanic / Latino,Master's degree / Professional degree,"$168,000 or more",Other,4.058939802258952e-06
Female,30-44,Hispanic / Latino,Master's degree / Professional degree,"$168,000 or more",Republican,5.167443500505172e-05
Female,30-44,Hispanic / Latino,Master's degree / Professional degree,"$30,000 to $55,999",Democrat,0.00015566148346061792
Female,30-44,Hispanic / Latino,Master's degree / Professional degree,"$30,000 to $55,999",Independent,9.788770418067622e-05
Female,30-44,Hispanic / Latino,Master's degree / Professional degree,"$30,000 to $55,999",Other,3.6650370214201025e-06
Female,30-44,Hispanic / Latino,Master's degree / Professional degree,"$30,000 to $55,999",Republican,4.870911143420969e-05
Female,30-44,Hispanic / Latino,Master's degree / Professional degree,"$56,000 to $99,999",Democrat,0.0003497187951956546
Female,30-44,Hispanic / Latino,Master's degree / Professional degree,"$56,000 to $99,999",Independent,0.00015300751408677755
Female,30-44,Hispanic / Latino,Master's degree / Professional degree,"$56,000 to $99,999",Other,4.894408231049392e-06
Female,30-44,Hispanic / Latino,Master's degree / Professional degree,"$56,000 to $99,999",Republican,2.547710893727098e-05
Female,30-44,Hispanic / Latino,Master's degree / Professional degree,"Less than $30,000",Democrat,0.00012963001607155323
Female,30-44,Hispanic / Latino,Master's degree / Professional degree,"Less than $30,000",Independent,0.00010090324409778035
Female,30-44,Hispanic / Latino,Master's degree / Professional degree,"Less than $30,000",Other,2.8817157497258095e-06
Female,30-44,Hispanic / Latino,Master's degree / Professional degree,"Less than $30,000",Republican,3.9458766526081765e-05
Female,30-44,Hispanic / Latino,Some college or Associate's degree,"$100,000 to $167,999",Democrat,0.00029543432529741614
Female,30-44,Hispanic / Latino,Some college or Associate's degree,"$100,000 to $167,999",Independent,0.00030912089539760846
Female,30-44,Hispanic / Latino,Some college or Associate's degree,"$100,000 to $167,999",Other,2.8026129744971198e-05
Female,30-44,Hispanic / Latino,Some college or Associate's degree,"$100,000 to $167,999",Republican,0.0005059733051831066
Female,30-44,Hispanic / Latino,Some college or Associate's degree,"$168,000 or more",Democrat,8.951360436986613e-05
Female,30-44,Hispanic / Latino,Some college or Associate's degree,"$168,000 or more",Independent,0.0001093066492535699
Female,30-44,Hispanic / Latino,Some college or Associate's degree,"$168,000 or more",Other,1.2139228208567474e-05
Female,30-44,Hispanic / Latino,Some college or Associate's degree,"$168,000 or more",Republican,6.488809484192768e-05
Female,30-44,Hispanic / Latino,Some college or Associate's degree,"$30,000 to $55,999",Democrat,0.00069893954641257
Female,30-44,Hispanic / Latino,Some college or Associate's degree,"$30,000 to $55,999",Independent,0.0007679329973291364
Female,30-44,Hispanic / Latino,Some college or Associate's degree,"$30,000 to $55,999",Other,8.143387458245126e-05
Female,30-44,Hispanic / Latino,Some college or Associate's degree,"$30,000 to $55,999",Republican,0.0005294869080901641
Female,30-44,Hispanic / Latino,Some college or Associate's degree,"$56,000 to $99,999",Democrat,0.0007312210966109205
Female,30-44,Hispanic / Latino,Some college or Associate's degree,"$56,000 to $99,999",Independent,0.0009160387319968745
Female,30-44,Hispanic / Latino,Some college or Associate's degree,"$56,000 to $99,999",Other,8.628683932275547e-05
Female,30-44,Hispanic / Latino,Some college or Associate's degree,"$56,000 to $99,999",Republican,0.00048671238131814263
Female,30-44,Hispanic / Latino,Some college or Associate's degree,"Less than $30,000",Democrat,0.0006099814039943265
Female,30-44,Hispanic / Latino,Some college or Associate's degree,"Less than $30,000",Independent,0.0011666740277249783
Female,30-44,Hispanic / Latino,Some college or Associate's degree,"Less than $30,000",Other,0.00012963707018080807
Female,30-44,Hispanic / Latino,Some college or Associate's degree,"Less than $30,000",Republican,0.00024199122708152356
Female,30-44,Other,Bachelor's degree,"$100,000 to $167,999",Democrat,0.00010425169785168112
Female,30-44,Other,Bachelor's degree,"$100,000 to $167,999",Independent,8.675528402445469e-05
Female,30-44,Other,Bachelor's degree,"$100,000 to $167,999",Other,3.4317916174624085e-05
Female,30-44,Other,Bachelor's degree,"$100,000 to $167,999",Republican,5.0969234843574836e-05
Female,30-44,Other,Bachelor's degree,"$168,000 or more",Democrat,5.0677969303527325e-05
Female,30-44,Other,Bachelor's degree,"$168,000 or more",Independent,4.1840601814145555e-05
Female,30-44,Other,Bachelor's degree,"$168,000 or more",Other,1.6688110578189593e-05
Female,30-44,Other,Bachelor's degree,"$168,000 or more",Republican,2.2812318888315925e-05
Female,30-44,Other,Bachelor's degree,"$30,000 to $55,999",Democrat,7.973433684160091e-05
Female,30-44,Other,Bachelor's degree,"$30,000 to $55,999",Independent,6.86100213919199e-05
Female,30-44,Other,Bachelor's degree,"$30,000 to $55,999",Other,2.8620797734392985e-05
Female,30-44,Other,Bachelor's degree,"$30,000 to $55,999",Republican,4.084253729352325e-05
Female,30-44,Other,Bachelor's degree,"$56,000 to $99,999",Democrat,0.00012204228530098934
Female,30-44,Other,Bachelor's degree,"$56,000 to $99,999",Independent,0.00010186443873838938
Female,30-44,Other,Bachelor's degree,"$56,000 to $99,999",Other,3.7587878915263036e-05
Female,30-44,Other,Bachelor's degree,"$56,000 to $99,999",Republican,6.215214345301007e-05
Female,30-44,Other,Bachelor's degree,"Less than $30,000",Democrat,6.225309213368974e-05
Female,30-44,Other,Bachelor's degree,"Less than $30,000",Independent,6.630643410695633e-05
Female,30-44,Other,Bachelor's degree,"Less than $30,000",Other,2.10982114282745e-05
Female,30-44,Other,Bachelor's degree,"Less than $30,000",Republican,3.1019667891703534e-05
Female,30-44,Other,Doctorate degree / Ph.D.,"$100,000 to $167,999",Democrat,7.107696944229607e-06
Female,30-44,Other,Doctorate degree / Ph.D.,"$100,000 to $167,999",Independent,7.720388696719057e-06
Female,30-44,Other,Doctorate degree / Ph.D.,"$100,000 to $167,999",Other,2.2013072246499525e-06
Female,30-44,Other,Doctorate degree / Ph.D.,"$100,000 to $167,999",Republican,3.1865185748785817e-06
Female,30-44,Other,Doctorate degree / Ph.D.,"$168,000 or more",Democrat,5.89264879194623e-06
Female,30-44,Other,Doctorate degree / Ph.D.,"$168,000 or more",Independent,6.350190305520599e-06
Female,30-44,Other,Doctorate degree / Ph.D.,"$168,000 or more",Other,1.8256289182715344e-06
Female,30-44,Other,Doctorate degree / Ph.D.,"$168,000 or more",Republican,2.4323348487084602e-06
Female,30-44,Other,Doctorate degree / Ph.D.,"$30,000 to $55,999",Democrat,2.7163894392915236e-06
Female,30-44,Other,Doctorate degree / Ph.D.,"$30,000 to $55,999",Independent,3.0509259459996283e-06
Female,30-44,Other,Doctorate degree / Ph.D.,"$30,000 to $55,999",Other,9.173654204376328e-07
Female,30-44,Other,Doctorate degree / Ph.D.,"$30,000 to $55,999",Republican,1.2759155666749286e-06
Female,30-44,Other,Doctorate degree / Ph.D.,"$56,000 to $99,999",Democrat,5.302230537434208e-06
Female,30-44,Other,Doctorate degree / Ph.D.,"$56,000 to $99,999",Independent,5.7765473363211435e-06
Female,30-44,Other,Doctorate degree / Ph.D.,"$56,000 to $99,999",Other,1.536420448612494e-06
Female,30-44,Other,Doctorate degree / Ph.D.,"$56,000 to $99,999",Republican,2.4760930488197226e-06
Female,30-44,Other,Doctorate degree / Ph.D.,"Less than $30,000",Democrat,9.81665205121513e-07
Female,30-44,Other,Doctorate degree / Ph.D.,"Less than $30,000",Independent,1.3647578696607441e-06
Female,30-44,Other,Doctorate degree / Ph.D.,"Less than $30,000",Other,3.130127977680868e-07
Female,30-44,Other,Doctorate degree / Ph.D.,"Less than $30,000",Republican,4.4854104303604013e-07
Female,30-44,Other,High school diploma / GED,"$100,000 to $167,999",Democrat,8.626117537921756e-06
Female,30-44,Other,High school diploma / GED,"$100,000 to $167,999",Independent,2.095897595877708e-05
Female,30-44,Other,High school diploma / GED,"$100,000 to $167,999",Other,4.766442975122193e-06
Female,30-44,Other,High school diploma / GED,"$100,000 to $167,999",Republican,1.560512256864538e-05
Female,30-44,Other,High school diploma / GED,"$168,000 or more",Democrat,2.70122381717229e-06
Female,30-44,Other,High school diploma / GED,"$168,000 or more",Independent,6.511501988462725e-06
Female,30-44,Other,High school diploma / GED,"$168,000 or more",Other,1.4931030845606965e-06
Female,30-44,Other,High school diploma / GED,"$168,000 or more",Republican,4.499224204879829e-06
Female,30-44,Other,High school diploma / GED,"$30,000 to $55,999",Democrat,2.60139936503026e-05
Female,30-44,Other,High school diploma / GED,"$30,000 to $55,999",Independent,6.535684616387623e-05
Female,30-44,Other,High school diploma / GED,"$30,000 to $55,999",Other,1.5674172987823765e-05
Female,30-44,Other,High school diploma / GED,"$30,000 to $55,999",Republican,4.930616140334721e-05
Female,30-44,Other,High school diploma / GED,"$56,000 to $99,999",Democrat,2.244792659118709e-05
Female,30-44,Other,High school diploma / GED,"$56,000 to $99,999",Independent,5.4705423871095455e-05
Female,30-44,Other,High school diploma / GED,"$56,000 to $99,999",Other,1.1605262784259425e-05
Female,30-44,Other,High school diploma / GED,"$56,000 to $99,999",Republican,4.23008260390691e-05
Female,30-44,Other,High school diploma / GED,"Less than $30,000",Democrat,3.194465958061827e-05
Female,30-44,Other,High school diploma / GED,"Less than $30,000",Independent,9.222360998875836e-05
Female,30-44,Other,High school diploma / GED,"Less than $30,000",Other,5.372491190272755e-06
Female,30-44,Other,High school diploma / GED,"Less than $30,000",Republican,7.362338028333391e-05
Female,30-44,Other,Less than high school,"$100,000 to $167,999",Democrat,7.014332710061467e-07
Female,30-44,Other,Less than high school,"$100,000 to $167,999",Independent,5.86997572402859e-06
Female,30-44,Other,Less than high school,"$100,000 to $167,999",Other,4.987275451044284e-06
Female,30-44,Other,Less than high school,"$100,000 to $167,999",Republican,1.9507409145619507e-06
Female,30-44,Other,Less than high school,"$168,000 or more",Democrat,1.5542614158839142e-07
Female,30-44,Other,Less than high school,"$168,000 or more",Independent,1.290446275132157e-06
Female,30-44,Other,Less than high school,"$168,000 or more",Other,1.1054809206970733e-06
Female,30-44,Other,Less than high school,"$168,000 or more",Republican,3.9798119283951596e-07
Female,30-44,Other,Less than high school,"$30,000 to $55,999",Democrat,3.4842260002694144e-06
Female,30-44,Other,Less than high school,"$30,000 to $55,999",Independent,3.0149882885172898e-05
Female,30-44,Other,Less than high school,"$30,000 to $55,999",Other,2.7013564010374602e-05
Female,30-44,Other,Less than high school,"$30,000 to $55,999",Republican,1.0152240532345581e-05
Female,30-44,Other,Less than high school,"$56,000 to $99,999",Democrat,1.9413085029664803e-06
Female,30-44,Other,Less than high school,"$56,000 to $99,999",Independent,1.6294609834107966e-05
Female,30-44,Other,Less than high school,"$56,000 to $99,999",Other,1.2914311734423464e-05
Female,30-44,Other,Less than high school,"$56,000 to $99,999",Republican,5.623783457196929e-06
Female,30-44,Other,Less than high school,"Less than $30,000",Democrat,5.765084056735943e-06
Female,30-44,Other,Less than high school,"Less than $30,000",Independent,6.175008113952436e-05
Female,30-44,Other,Less than high school,"Less than $30,000",Other,4.220166416331671e-05
Female,30-44,Other,Less than high school,"Less than $30,000",Republican,1.6340679555612922e-05
Female,30-44,Other,Master's degree / Professional degree,"$100,000 to $167,999",Democrat,6.224886372481066e-05
Female,30-44,Other,Master's degree / Professional degree,"$100,000 to $167,999",Independent,4.609547535367135e-05
Female,30-44,Other,Master's degree / Professional degree,"$100,000 to $167,999",Other,4.864827670004621e-06
Female,30-44,Other,Master's degree / Professional degree,"$100,000 to $167,999",Republican,3.471164635032872e-05
Female,30-44,Other,Master's degree / Professional degree,"$168,000 or more",Democrat,5.18872577225559e-05
Female,30-44,Other,Master's degree / Professional degree,"$168,000 or more",Independent,3.8120054011766354e-05
Female,30-44,Other,Master's degree / Professional degree,"$168,000 or more",Other,4.056457619953293e-06
Female,30-44,Other,Master's degree / Professional degree,"$168,000 or more",Republican,2.6639726090181436e-05
Female,30-44,Other,Master's degree / Professional degree,"$30,000 to $55,999",Democrat,3.449735521478125e-05
Female,30-44,Other,Master's degree / Professional degree,"$30,000 to $55,999",Independent,2.641447839579431e-05
Female,30-44,Other,Master's degree / Professional degree,"$30,000 to $55,999",Other,2.939817754212456e-06
Female,30-44,Other,Master's degree / Professional degree,"$30,000 to $55,999",Republican,2.0154495669795543e-05
Female,30-44,Other,Master's degree / Professional degree,"$56,000 to $99,999",Democrat,7.087398192475109e-05
Female,30-44,Other,Master's degree / Professional degree,"$56,000 to $99,999",Independent,5.263967133231038e-05
Female,30-44,Other,Master's degree / Professional degree,"$56,000 to $99,999",Other,5.182300365467527e-06
Female,30-44,Other,Master's degree / Professional degree,"$56,000 to $99,999",Republican,4.116720856881071e-05
Female,30-44,Other,Master's degree / Professional degree,"Less than $30,000",Democrat,1.990062936187735e-05
Female,30-44,Other,Master's degree / Professional degree,"Less than $30,000",Independent,1.8861473872966933e-05
Female,30-44,Other,Master's degree / Professional degree,"Less than $30,000",Other,1.6012154921955404e-06
Female,30-44,Other,Master's degree / Professional degree,"Less than $30,000",Republican,1.130997992406445e-05
Female,30-44,Other,Some college or Associate's degree,"$100,000 to $167,999",Democrat,7.09055267318844e-05
Female,30-44,Other,Some college or Associate's degree,"$100,000 to $167,999",Independent,8.45933308358487e-05
Female,30-44,Other,Some college or Associate's degree,"$100,000 to $167,999",Other,1.2863339432511953e-05
Female,30-44,Other,Some college or Associate's degree,"$100,000 to $167,999",Republican,4.5169363443299775e-05
Female,30-44,Other,Some college or Associate's degree,"$168,000 or more",Democrat,2.1001318372162585e-05
Female,30-44,Other,Some college or Associate's degree,"$168,000 or more",Independent,2.485813348591153e-05
Female,30-44,Other,Some college or Associate's degree,"$168,000 or more",Other,3.8112759392093437e-06
Female,30-44,Other,Some college or Associate's degree,"$168,000 or more",Republican,1.2317872197630953e-05
Female,30-44,Other,Some college or Associate's degree,"$30,000 to $55,999",Democrat,0.00012740622977381523
Female,30-44,Other,Some college or Associate's degree,"$30,000 to $55,999",Independent,0.00015717232262904806
Female,30-44,Other,Some college or Associate's degree,"$30,000 to $55,999",Other,2.5203617612821565e-05
Female,30-44,Other,Some college or Associate's degree,"$30,000 to $55,999",Republican,8.503483969035437e-05
Female,30-44,Other,Some college or Associate's degree,"$56,000 to $99,999",Democrat,0.0002521076941370909
Female,30-44,Other,Some college or Associate's degree,"$56,000 to $99,999",Independent,6.975135061044503e-05
Female,30-44,Other,Some college or Associate's degree,"$56,000 to $99,999",Other,7.5994995134273324e-06
Female,30-44,Other,Some college or Associate's degree,"$56,000 to $99,999",Republican,8.734605118566824e-05
Female,30-44,Other,Some college or Associate's degree,"Less than $30,000",Democrat,0.00013846492858390224
Female,30-44,Other,Some college or Associate's degree,"Less than $30,000",Independent,0.00021143543296835648
Female,30-44,Other,Some college or Associate's degree,"Less than $30,000",Other,2.5861896424714293e-05
Female,30-44,Other,Some college or Associate's degree,"Less than $30,000",Republican,8.989900961462203e-05
Female,30-44,White / Caucasian,Bachelor's degree,"$100,000 to $167,999",Democrat,0.002441974714600181
Female,30-44,White / Caucasian,Bachelor's degree,"$100,000 to $167,999",Independent,0.001924478158131556
Female,30-44,White / Caucasian,Bachelor's degree,"$100,000 to $167,999",Other,0.00021225833418154027
Female,30-44,White / Caucasian,Bachelor's degree,"$100,000 to $167,999",Republican,0.0023302169585993687
Female,30-44,White / Caucasian,Bachelor's degree,"$168,000 or more",Democrat,0.0013748341785271864
Female,30-44,White / Caucasian,Bachelor's degree,"$168,000 or more",Independent,0.0010641241930662338
Female,30-44,White / Caucasian,Bachelor's degree,"$168,000 or more",Republican,0.0010444017671060912
Female,30-44,White / Caucasian,Bachelor's degree,"$30,000 to $55,999",Democrat,0.0010703052081048328
Female,30-44,White / Caucasian,Bachelor's degree,"$30,000 to $55,999",Independent,0.0012082778884744759
Female,30-44,White / Caucasian,Bachelor's degree,"$30,000 to $55,999",Other,0.00017096583563956422
Female,30-44,White / Caucasian,Bachelor's degree,"$30,000 to $55,999",Republican,0.0011640221150770306
Female,30-44,White / Caucasian,Bachelor's degree,"$56,000 to $99,999",Democrat,0.002793984848237695
Female,30-44,White / Caucasian,Bachelor's degree,"$56,000 to $99,999",Independent,0.0014139239062873298
Female,30-44,White / Caucasian,Bachelor's degree,"$56,000 to $99,999",Other,0.00018435171518414446
Female,30-44,White / Caucasian,Bachelor's degree,"$56,000 to $99,999",Republican,0.002804173688070682
Female,30-44,White / Caucasian,Bachelor's degree,"Less than $30,000",Democrat,0.0005994467729828614
Female,30-44,White / Caucasian,Bachelor's degree,"Less than $30,000",Independent,0.0005859223410204882
Female,30-44,White / Caucasian,Bachelor's degree,"Less than $30,000",Other,0.00016672185866596745
Female,30-44,White / Caucasian,Bachelor's degree,"Less than $30,000",Republican,0.0005793732640031995
Female,30-44,White / Caucasian,Doctorate degree / Ph.D.,"$100,000 to $167,999",Democrat,0.00027465724908535877
Female,30-44,White / Caucasian,Doctorate degree / Ph.D.,"$100,000 to $167,999",Independent,8.731233727320664e-05
Female,30-44,White / Caucasian,Doctorate degree / Ph.D.,"$100,000 to $167,999",Other,1.2860942128178595e-06
Female,30-44,White / Caucasian,Doctorate degree / Ph.D.,"$100,000 to $167,999",Republican,9.49782761098139e-05
Female,30-44,White / Caucasian,Doctorate degree / Ph.D.,"$168,000 or more",Democrat,0.00020702915185924882
Female,30-44,White / Caucasian,Doctorate degree / Ph.D.,"$168,000 or more",Independent,0.00010334783403383146
Female,30-44,White / Caucasian,Doctorate degree / Ph.D.,"$168,000 or more",Other,7.465690843311387e-06
Female,30-44,White / Caucasian,Doctorate degree / Ph.D.,"$168,000 or more",Republican,7.83890585628485e-05
Female,30-44,White / Caucasian,Doctorate degree / Ph.D.,"$30,000 to $55,999",Democrat,5.59947012326338e-05
Female,30-44,White / Caucasian,Doctorate degree / Ph.D.,"$30,000 to $55,999",Independent,2.9132667872006883e-05
Female,30-44,White / Caucasian,Doctorate degree / Ph.D.,"$30,000 to $55,999",Other,2.2010697935866516e-06
Female,30-44,White / Caucasian,Doctorate degree / Ph.D.,"$30,000 to $55,999",Republican,2.4126147326596956e-05
Female,30-44,White / Caucasian,Doctorate degree / Ph.D.,"$56,000 to $99,999",Democrat,5.309433856332275e-05
Female,30-44,White / Caucasian,Doctorate degree / Ph.D.,"$56,000 to $99,999",Independent,0.00013877873657541778
Female,30-44,White / Caucasian,Doctorate degree / Ph.D.,"$56,000 to $99,999",Other,1.230120267961689e-05
Female,30-44,White / Caucasian,Doctorate degree / Ph.D.,"$56,000 to $99,999",Republican,5.7329636193365675e-05
Female,30-44,White / Caucasian,Doctorate degree / Ph.D.,"Less than $30,000",Democrat,2.7532193486280505e-05
Female,30-44,White / Caucasian,Doctorate degree / Ph.D.,"Less than $30,000",Independent,1.7730734038049485e-05
Female,30-44,White / Caucasian,Doctorate degree / Ph.D.,"Less than $30,000",Other,1.0218239067705895e-06
Female,30-44,White / Caucasian,Doctorate degree / Ph.D.,"Less than $30,000",Republican,1.1539599730233419e-05
Female,30-44,White / Caucasian,High school diploma / GED,"$100,000 to $167,999",Democrat,0.00033336710470702137
Female,30-44,White / Caucasian,High school diploma / GED,"$100,000 to $167,999",Independent,0.00032417011381230624
Female,30-44,White / Caucasian,High school diploma / GED,"$100,000 to $167,999",Other,4.0249363899019256e-05
Female,30-44,White / Caucasian,High school diploma / GED,"$100,000 to $167,999",Republican,0.0003904861103439211
Female,30-44,White / Caucasian,High school diploma / GED,"$168,000 or more",Democrat,5.0418652548893865e-05
Female,30-44,White / Caucasian,High school diploma / GED,"$168,000 or more",Independent,9.556704538133388e-05
Female,30-44,White / Caucasian,High school diploma / GED,"$168,000 or more",Other,1.0407256472142867e-05
Female,30-44,White / Caucasian,High school diploma / GED,"$168,000 or more",Republican,9.447247843348808e-05
Female,30-44,White / Caucasian,High school diploma / GED,"$30,000 to $55,999",Democrat,0.0002663566929264267
Female,30-44,White / Caucasian,High school diploma / GED,"$30,000 to $55,999",Independent,0.0010167562540611445
Female,30-44,White / Caucasian,High school diploma / GED,"$30,000 to $55,999",Other,0.0001309410890613967
Female,30-44,White / Caucasian,High school diploma / GED,"$30,000 to $55,999",Republican,0.000811979807798788
Female,30-44,White / Caucasian,High school diploma / GED,"$56,000 to $99,999",Democrat,0.0003929364793604114
Female,30-44,White / Caucasian,High school diploma / GED,"$56,000 to $99,999",Independent,0.0007992043900819724
Female,30-44,White / Caucasian,High school diploma / GED,"$56,000 to $99,999",Other,0.0001537537784615365
Female,30-44,White / Caucasian,High school diploma / GED,"$56,000 to $99,999",Republican,0.0011542753793140803
Female,30-44,White / Caucasian,High school diploma / GED,"Less than $30,000",Democrat,0.00046576896243650726
Female,30-44,White / Caucasian,High school diploma / GED,"Less than $30,000",Independent,0.0010819983556047848
Female,30-44,White / Caucasian,High school diploma / GED,"Less than $30,000",Other,3.673075378467036e-05
Female,30-44,White / Caucasian,High school diploma / GED,"Less than $30,000",Republican,0.0008497894744391525
Female,30-44,White / Caucasian,Less than high school,"$100,000 to $167,999",Democrat,2.0027922794833395e-05
Female,30-44,White / Caucasian,Less than high school,"$100,000 to $167,999",Independent,7.534672131297606e-05
Female,30-44,White / Caucasian,Less than high school,"$100,000 to $167,999",Other,4.726460121723197e-06
Female,30-44,White / Caucasian,Less than high school,"$100,000 to $167,999",Republican,5.355477518188975e-05
Female,30-44,White / Caucasian,Less than high school,"$168,000 or more",Democrat,6.009444936761232e-06
Female,30-44,White / Caucasian,Less than high school,"$168,000 or more",Independent,2.2429971908048563e-05
Female,30-44,White / Caucasian,Less than high school,"$168,000 or more",Other,1.4186806389083297e-06
Female,30-44,White / Caucasian,Less than high school,"$168,000 or more",Republican,1.4795236257269355e-05
Female,30-44,White / Caucasian,Less than high school,"$30,000 to $55,999",Democrat,0.00014562498171544278
Female,30-44,White / Caucasian,Less than high school,"$30,000 to $55,999",Independent,0.00022060562888903164
Female,30-44,White / Caucasian,Less than high school,"$30,000 to $55,999",Republican,0.0002660369314482749
Female,30-44,White / Caucasian,Less than high school,"$56,000 to $99,999",Democrat,5.405698215448236e-05
Female,30-44,White / Caucasian,Less than high school,"$56,000 to $99,999",Independent,0.00020397630147942576
Female,30-44,White / Caucasian,Less than high school,"$56,000 to $99,999",Other,1.1935801878215882e-05
Female,30-44,White / Caucasian,Less than high school,"$56,000 to $99,999",Republican,0.00015056876585183848
Female,30-44,White / Caucasian,Less than high school,"Less than $30,000",Democrat,6.392165845660407e-05
Female,30-44,White / Caucasian,Less than high school,"Less than $30,000",Independent,0.0006663041397802762
Female,30-44,White / Caucasian,Less than high school,"Less than $30,000",Other,4.879542429230844e-05
Female,30-44,White / Caucasian,Less than high school,"Less than $30,000",Republican,0.0002689037814568811
Female,30-44,White / Caucasian,Master's degree / Professional degree,"$100,000 to $167,999",Democrat,0.002540657039863234
Female,30-44,White / Caucasian,Master's degree / Professional degree,"$100,000 to $167,999",Independent,0.0006631638792102492
Female,30-44,White / Caucasian,Master's degree / Professional degree,"$100,000 to $167,999",Other,0.00011163611568504592
Female,30-44,White / Caucasian,Master's degree / Professional degree,"$100,000 to $167,999",Republican,0.0011935471043742726
Female,30-44,White / Caucasian,Master's degree / Professional degree,"$168,000 or more",Democrat,0.001379223499150273
Female,30-44,White / Caucasian,Master's degree / Professional degree,"$168,000 or more",Independent,0.000972080459575069
Female,30-44,White / Caucasian,Master's degree / Professional degree,"$168,000 or more",Other,0.00016123199346419208
Female,30-44,White / Caucasian,Master's degree / Professional degree,"$168,000 or more",Republican,0.0005335144307853993
Female,30-44,White / Caucasian,Master's degree / Professional degree,"$30,000 to $55,999",Democrat,0.0005927724107712232
Female,30-44,White / Caucasian,Master's degree / Professional degree,"$30,000 to $55,999",Independent,0.0003818377979799435
Female,30-44,White / Caucasian,Master's degree / Professional degree,"$30,000 to $55,999",Other,0.00021229456613313348
Female,30-44,White / Caucasian,Master's degree / Professional degree,"$30,000 to $55,999",Republican,0.0002502826705153842
Female,30-44,White / Caucasian,Master's degree / Professional degree,"$56,000 to $99,999",Democrat,0.0017299449899629874
Female,30-44,White / Caucasian,Master's degree / Professional degree,"$56,000 to $99,999",Independent,0.0007712222947429923
Female,30-44,White / Caucasian,Master's degree / Professional degree,"$56,000 to $99,999",Other,0.0002669499993441865
Female,30-44,White / Caucasian,Master's degree / Professional degree,"$56,000 to $99,999",Republican,0.0006891674740600553
Female,30-44,White / Caucasian,Master's degree / Professional degree,"Less than $30,000",Democrat,0.00032025784484368205
Female,30-44,White / Caucasian,Master's degree / Professional degree,"Less than $30,000",Independent,0.00018768710188221232
Female,30-44,White / Caucasian,Master's degree / Professional degree,"Less than $30,000",Other,3.5599504675012016e-05
Female,30-44,White / Caucasian,Master's degree / Professional degree,"Less than $30,000",Republican,0.00014358036368160697
Female,30-44,White / Caucasian,Some college or Associate's degree,"$100,000 to $167,999",Democrat,0.0011786187096953248
Female,30-44,White / Caucasian,Some college or Associate's degree,"$100,000 to $167,999",Independent,0.0012785525835987232
Female,30-44,White / Caucasian,Some college or Associate's degree,"$100,000 to $167,999",Other,0.00013856840987013676
Female,30-44,White / Caucasian,Some college or Associate's degree,"$100,000 to $167,999",Republican,0.0015612285538977198
Female,30-44,White / Caucasian,Some college or Associate's degree,"$168,000 or more",Democrat,0.0004923266500408077
Female,30-44,White / Caucasian,Some college or Associate's degree,"$168,000 or more",Independent,0.00031790335543424895
Female,30-44,White / Caucasian,Some college or Associate's degree,"$168,000 or more",Other,1.7985036959951475e-05
Female,30-44,White / Caucasian,Some college or Associate's degree,"$168,000 or more",Republican,0.000190514052538586
Female,30-44,White / Caucasian,Some college or Associate's degree,"$30,000 to $55,999",Democrat,0.001629916154834738
Female,30-44,White / Caucasian,Some college or Associate's degree,"$30,000 to $55,999",Independent,0.0018827892955985623
Female,30-44,White / Caucasian,Some college or Associate's degree,"$30,000 to $55,999",Other,8.566128493893104e-05
Female,30-44,White / Caucasian,Some college or Associate's degree,"$30,000 to $55,999",Republican,0.0018343341043426998
Female,30-44,White / Caucasian,Some college or Associate's degree,"$56,000 to $99,999",Democrat,0.002046611513992904
Female,30-44,White / Caucasian,Some college or Associate's degree,"$56,000 to $99,999",Independent,0.0022186712297155887
Female,30-44,White / Caucasian,Some college or Associate's degree,"$56,000 to $99,999",Other,9.513494767443617e-05
Female,30-44,White / Caucasian,Some college or Associate's degree,"$56,000 to $99,999",Republican,0.0030998262063398245
Female,30-44,White / Caucasian,Some college or Associate's degree,"Less than $30,000",Democrat,0.0013184135632052726
Female,30-44,White / Caucasian,Some college or Associate's degree,"Less than $30,000",Independent,0.0016723769060784123
Female,30-44,White / Caucasian,Some college or Associate's degree,"Less than $30,000",Other,0.0002977749974618196
Female,30-44,White / Caucasian,Some college or Associate's degree,"Less than $30,000",Republican,0.0014251204235456749
Female,45-59,Asian / Asian American,Bachelor's degree,"$100,000 to $167,999",Democrat,0.0004984077638776049
Female,45-59,Asian / Asian American,Bachelor's degree,"$100,000 to $167,999",Independent,0.000174118577370692
Female,45-59,Asian / Asian American,Bachelor's degree,"$100,000 to $167,999",Republican,6.736930618747885e-05
Female,45-59,Asian / Asian American,Bachelor's degree,"$168,000 or more",Democrat,0.00025436032961505847
Female,45-59,Asian / Asian American,Bachelor's degree,"$168,000 or more",Independent,0.00024134679788809956
Female,45-59,Asian / Asian American,Bachelor's degree,"$168,000 or more",Other,8.59242280909904e-06
Female,45-59,Asian / Asian American,Bachelor's degree,"$168,000 or more",Republican,0.00012828182920983082
Female,45-59,Asian / Asian American,Bachelor's degree,"$30,000 to $55,999",Democrat,0.00015547323262305666
Female,45-59,Asian / Asian American,Bachelor's degree,"$30,000 to $55,999",Independent,0.00015374862495220177
Female,45-59,Asian / Asian American,Bachelor's degree,"$30,000 to $55,999",Other,5.72493120279013e-06
Female,45-59,Asian / Asian American,Bachelor's degree,"$30,000 to $55,999",Republican,8.92253975255511e-05
Female,45-59,Asian / Asian American,Bachelor's degree,"$56,000 to $99,999",Democrat,0.0001383845296843444
Female,45-59,Asian / Asian American,Bachelor's degree,"$56,000 to $99,999",Independent,0.0003126576609993443
Female,45-59,Asian / Asian American,Bachelor's degree,"$56,000 to $99,999",Other,2.2256617725567504e-05
Female,45-59,Asian / Asian American,Bachelor's degree,"$56,000 to $99,999",Republican,0.00019181266572909113
Female,45-59,Asian / Asian American,Bachelor's degree,"Less than $30,000",Democrat,0.00014664691865919465
Female,45-59,Asian / Asian American,Bachelor's degree,"Less than $30,000",Independent,0.00017950689314762613
Female,45-59,Asian / Asian American,Bachelor's degree,"Less than $30,000",Other,5.098423999781126e-06
Female,45-59,Asian / Asian American,Bachelor's degree,"Less than $30,000",Republican,8.186809656382918e-05
Female,45-59,Asian / Asian American,Doctorate degree / Ph.D.,"$100,000 to $167,999",Democrat,2.7776374875544367e-05
Female,45-59,Asian / Asian American,Doctorate degree / Ph.D.,"$100,000 to $167,999",Independent,1.5973349101807217e-05
Female,45-59,Asian / Asian American,Doctorate degree / Ph.D.,"$100,000 to $167,999",Republican,6.088999247233741e-06
Female,45-59,Asian / Asian American,Doctorate degree / Ph.D.,"$168,000 or more",Democrat,5.734527891956747e-05
Female,45-59,Asian / Asian American,Doctorate degree / Ph.D.,"$168,000 or more",Independent,3.271779350873498e-05
Female,45-59,Asian / Asian American,Doctorate degree / Ph.D.,"$168,000 or more",Republican,1.1574261156715454e-05
Female,45-59,Asian / Asian American,Doctorate degree / Ph.D.,"$30,000 to $55,999",Democrat,1.5143189604448528e-05
Female,45-59,Asian / Asian American,Doctorate degree / Ph.D.,"$30,000 to $55,999",Independent,9.00465643947529e-06
Female,45-59,Asian / Asian American,Doctorate degree / Ph.D.,"$30,000 to $55,999",Republican,3.4780039112352036e-06
Female,45-59,Asian / Asian American,Doctorate degree / Ph.D.,"$56,000 to $99,999",Democrat,1.9585769821554782e-05
Female,45-59,Asian / Asian American,Doctorate degree / Ph.D.,"$56,000 to $99,999",Independent,1.1296932417759388e-05
Female,45-59,Asian / Asian American,Doctorate degree / Ph.D.,"$56,000 to $99,999",Republican,4.47230901783144e-06
Female,45-59,Asian / Asian American,Doctorate degree / Ph.D.,"Less than $30,000",Democrat,8.255248754022824e-06
Female,45-59,Asian / Asian American,Doctorate degree / Ph.D.,"Less than $30,000",Independent,6.076206547043446e-06
Female,45-59,Asian / Asian American,Doctorate degree / Ph.D.,"Less than $30,000",Republican,1.8443857512797605e-06
Female,45-59,Asian / Asian American,High school diploma / GED,"$100,000 to $167,999",Democrat,5.712582848574452e-05
Female,45-59,Asian / Asian American,High school diploma / GED,"$100,000 to $167,999",Independent,9.91420478616274e-05
Female,45-59,Asian / Asian American,High school diploma / GED,"$100,000 to $167,999",Republican,4.848777293331079e-06
Female,45-59,Asian / Asian American,High school diploma / GED,"$168,000 or more",Democrat,2.085290712247805e-05
Female,45-59,Asian / Asian American,High school diploma / GED,"$168,000 or more",Independent,3.590524560788521e-05
Female,45-59,Asian / Asian American,High school diploma / GED,"$168,000 or more",Republican,1.6296396658383399e-06
Female,45-59,Asian / Asian American,High school diploma / GED,"$30,000 to $55,999",Democrat,7.662799073520934e-05
Female,45-59,Asian / Asian American,High school diploma / GED,"$30,000 to $55,999",Independent,0.00013751250097123613
Female,45-59,Asian / Asian American,High school diploma / GED,"$30,000 to $55,999",Republican,6.814429677501707e-06
Female,45-59,Asian / Asian American,High school diploma / GED,"$56,000 to $99,999",Democrat,9.009636153782997e-05
Female,45-59,Asian / Asian American,High school diploma / GED,"$56,000 to $99,999",Independent,0.00015683106526999586
Female,45-59,Asian / Asian American,High school diploma / GED,"$56,000 to $99,999",Republican,7.965770326766023e-06
Female,45-59,Asian / Asian American,High school diploma / GED,"Less than $30,000",Democrat,6.595050597354646e-05
Female,45-59,Asian / Asian American,High school diploma / GED,"Less than $30,000",Independent,0.0001464958935342579
Female,45-59,Asian / Asian American,High school diploma / GED,"Less than $30,000",Republican,5.7051766494545275e-06
Female,45-59,Asian / Asian American,Less than high school,"$100,000 to $167,999",Democrat,3.167075260327443e-05
Female,45-59,Asian / Asian American,Less than high school,"$100,000 to $167,999",Independent,4.314709224325569e-05
Female,45-59,Asian / Asian American,Less than high school,"$100,000 to $167,999",Republican,2.005849080998396e-05
Female,45-59,Asian / Asian American,Less than high school,"$168,000 or more",Democrat,1.328492139863031e-05
Female,45-59,Asian / Asian American,Less than high school,"$168,000 or more",Independent,1.795634982746333e-05
Female,45-59,Asian / Asian American,Less than high school,"$168,000 or more",Republican,7.746831533820687e-06
Female,45-59,Asian / Asian American,Less than high school,"$30,000 to $55,999",Democrat,7.126253352078092e-05
Female,45-59,Asian / Asian American,Less than high school,"$30,000 to $55,999",Independent,0.00010038845644209408
Female,45-59,Asian / Asian American,Less than high school,"$30,000 to $55,999",Republican,4.728718690774282e-05
Female,45-59,Asian / Asian American,Less than high school,"$56,000 to $99,999",Democrat,6.458817560859194e-05
Female,45-59,Asian / Asian American,Less than high school,"$56,000 to $99,999",Independent,8.82562829909339e-05
Female,45-59,Asian / Asian American,Less than high school,"$56,000 to $99,999",Republican,4.26102114703098e-05
Female,45-59,Asian / Asian American,Less than high school,"Less than $30,000",Democrat,6.587754273157334e-05
Female,45-59,Asian / Asian American,Less than high school,"Less than $30,000",Independent,0.00011487155133749193
Female,45-59,Asian / Asian American,Less than high school,"Less than $30,000",Republican,4.25234507545047e-05
Female,45-59,Asian / Asian American,Master's degree / Professional degree,"$100,000 to $167,999",Democrat,0.00017635701053293296
Female,45-59,Asian / Asian American,Master's degree / Professional degree,"$100,000 to $167,999",Independent,7.161657184134493e-05
Female,45-59,Asian / Asian American,Master's degree / Professional degree,"$100,000 to $167,999",Other,1.738999044902006e-05
Female,45-59,Asian / Asian American,Master's degree / Professional degree,"$100,000 to $167,999",Republican,6.206213422854385e-05
Female,45-59,Asian / Asian American,Master's degree / Professional degree,"$168,000 or more",Democrat,0.0003264370620899477
Female,45-59,Asian / Asian American,Master's degree / Professional degree,"$168,000 or more",Independent,0.00015479248706236595
Female,45-59,Asian / Asian American,Master's degree / Professional degree,"$168,000 or more",Other,1.017362735343365e-05
Female,45-59,Asian / Asian American,Master's degree / Professional degree,"$168,000 or more",Republican,5.744952204205679e-05
Female,45-59,Asian / Asian American,Master's degree / Professional degree,"$30,000 to $55,999",Democrat,7.004026121133318e-05
Female,45-59,Asian / Asian American,Master's degree / Professional degree,"$30,000 to $55,999",Independent,3.4614783881081374e-05
Female,45-59,Asian / Asian American,Master's degree / Professional degree,"$30,000 to $55,999",Other,2.3794276597853674e-06
Female,45-59,Asian / Asian American,Master's degree / Professional degree,"$30,000 to $55,999",Republican,1.4026580690304353e-05
Female,45-59,Asian / Asian American,Master's degree / Professional degree,"$56,000 to $99,999",Democrat,0.00014592682582934992
Female,45-59,Asian / Asian American,Master's degree / Professional degree,"$56,000 to $99,999",Independent,6.995505464640467e-05
Female,45-59,Asian / Asian American,Master's degree / Professional degree,"$56,000 to $99,999",Other,4.253642869866223e-06
Female,45-59,Asian / Asian American,Master's degree / Professional degree,"$56,000 to $99,999",Republican,2.905478357937894e-05
Female,45-59,Asian / Asian American,Master's degree / Professional degree,"Less than $30,000",Democrat,6.914085295182032e-05
Female,45-59,Asian / Asian American,Master's degree / Professional degree,"Less than $30,000",Independent,4.2296183029884356e-05
Female,45-59,Asian / Asian American,Master's degree / Professional degree,"Less than $30,000",Other,2.217725784501777e-06
Female,45-59,Asian / Asian American,Master's degree / Professional degree,"Less than $30,000",Republican,1.346938226058434e-05
Female,45-59,Asian / Asian American,Some college or Associate's degree,"$100,000 to $167,999",Democrat,0.0001673242632499167
Female,45-59,Asian / Asian American,Some college or Associate's degree,"$100,000 to $167,999",Independent,9.492156895480771e-05
Female,45-59,Asian / Asian American,Some college or Associate's degree,"$100,000 to $167,999",Other,2.6352922082352436e-06
Female,45-59,Asian / Asian American,Some college or Associate's degree,"$100,000 to $167,999",Republican,6.476525667750842e-05
Female,45-59,Asian / Asian American,Some college or Associate's degree,"$168,000 or more",Democrat,9.479595202205295e-05
Female,45-59,Asian / Asian American,Some college or Associate's degree,"$168,000 or more",Independent,5.33533505855986e-05
Female,45-59,Asian / Asian American,Some college or Associate's degree,"$168,000 or more",Other,1.4935158683051643e-06
Female,45-59,Asian / Asian American,Some college or Associate's degree,"$168,000 or more",Republican,3.3783000106670076e-05
Female,45-59,Asian / Asian American,Some college or Associate's degree,"$30,000 to $55,999",Democrat,0.00017182727196759427
Female,45-59,Asian / Asian American,Some college or Associate's degree,"$30,000 to $55,999",Independent,0.00010079232205198819
Female,45-59,Asian / Asian American,Some college or Associate's degree,"$30,000 to $55,999",Other,2.950941004292271e-06
Female,45-59,Asian / Asian American,Some college or Associate's degree,"$30,000 to $55,999",Republican,6.968151992568403e-05
Female,45-59,Asian / Asian American,Some college or Associate's degree,"$56,000 to $99,999",Democrat,0.00021794321049985646
Female,45-59,Asian / Asian American,Some college or Associate's degree,"$56,000 to $99,999",Independent,0.0001240077411372706
Female,45-59,Asian / Asian American,Some college or Associate's degree,"$56,000 to $99,999",Other,3.211536897341542e-06
Female,45-59,Asian / Asian American,Some college or Associate's degree,"$56,000 to $99,999",Republican,8.78713534858641e-05
Female,45-59,Asian / Asian American,Some college or Associate's degree,"Less than $30,000",Democrat,0.0001375252454109064
Female,45-59,Asian / Asian American,Some college or Associate's degree,"Less than $30,000",Independent,9.985512523709543e-05
Female,45-59,Asian / Asian American,Some college or Associate's degree,"Less than $30,000",Other,2.229971050031116e-06
Female,45-59,Asian / Asian American,Some college or Associate's degree,"Less than $30,000",Republican,5.4252135385938315e-05
Female,45-59,Black / African American,Bachelor's degree,"$100,000 to $167,999",Democrat,0.00046606026850621755
Female,45-59,Black / African American,Bachelor's degree,"$100,000 to $167,999",Independent,0.0001152475089746046
Female,45-59,Black / African American,Bachelor's degree,"$100,000 to $167,999",Other,1.3452997058026576e-05
Female,45-59,Black / African American,Bachelor's degree,"$100,000 to $167,999",Republican,5.351559170122541e-05
Female,45-59,Black / African American,Bachelor's degree,"$168,000 or more",Democrat,0.00017476403408325385
Female,45-59,Black / African American,Bachelor's degree,"$168,000 or more",Independent,4.287532708541176e-05
Female,45-59,Black / African American,Bachelor's degree,"$168,000 or more",Other,5.046371505661181e-06
Female,45-59,Black / African American,Bachelor's degree,"$168,000 or more",Republican,1.8476323770008678e-05
Female,45-59,Black / African American,Bachelor's degree,"$30,000 to $55,999",Democrat,0.0004773437733635476
Female,45-59,Black / African American,Bachelor's degree,"$30,000 to $55,999",Independent,0.00012205346039831616
Female,45-59,Black / African American,Bachelor's degree,"$30,000 to $55,999",Other,1.5024734402774122e-05
Female,45-59,Black / African American,Bachelor's degree,"$30,000 to $55,999",Republican,5.7426435863463996e-05
Female,45-59,Black / African American,Bachelor's degree,"$56,000 to $99,999",Democrat,0.000643778806487455
Female,45-59,Black / African American,Bachelor's degree,"$56,000 to $99,999",Independent,0.00013179243847113325
Female,45-59,Black / African American,Bachelor's degree,"$56,000 to $99,999",Republican,0.00013041545159740058
Female,45-59,Black / African American,Bachelor's degree,"Less than $30,000",Democrat,0.000402949125047013
Female,45-59,Black / African American,Bachelor's degree,"Less than $30,000",Independent,0.00012753272183187202
Female,45-59,Black / African American,Bachelor's degree,"Less than $30,000",Other,1.197496142564051e-05
Female,45-59,Black / African American,Bachelor's degree,"Less than $30,000",Republican,4.7156298300233385e-05
Female,45-59,Black / African American,Doctorate degree / Ph.D.,"$100,000 to $167,999",Democrat,2.6439523716645425e-05
Female,45-59,Black / African American,Doctorate degree / Ph.D.,"$100,000 to $167,999",Independent,7.317382999289668e-06
Female,45-59,Black / African American,Doctorate degree / Ph.D.,"$100,000 to $167,999",Other,1.5895753758203465e-06
Female,45-59,Black / African American,Doctorate degree / Ph.D.,"$100,000 to $167,999",Republican,3.3122552335912186e-06
Female,45-59,Black / African American,Doctorate degree / Ph.D.,"$168,000 or more",Democrat,2.3259775480220534e-05
Female,45-59,Black / African American,Doctorate degree / Ph.D.,"$168,000 or more",Independent,6.386657063960062e-06
Female,45-59,Black / African American,Doctorate degree / Ph.D.,"$168,000 or more",Other,1.398888853066326e-06
Female,45-59,Black / African American,Doctorate degree / Ph.D.,"$168,000 or more",Republican,2.6828780867310844e-06
Female,45-59,Black / African American,Doctorate degree / Ph.D.,"$30,000 to $55,999",Democrat,8.697361133254169e-06
Female,45-59,Black / African American,Doctorate degree / Ph.D.,"$30,000 to $55,999",Independent,2.488966388262125e-06
Female,45-59,Black / African American,Doctorate degree / Ph.D.,"$30,000 to $55,999",Other,5.701820982561185e-07
Female,45-59,Black / African American,Doctorate degree / Ph.D.,"$30,000 to $55,999",Republican,1.141563360537721e-06
Female,45-59,Black / African American,Doctorate degree / Ph.D.,"$56,000 to $99,999",Democrat,2.7699094040518093e-05
Female,45-59,Black / African American,Doctorate degree / Ph.D.,"$56,000 to $99,999",Independent,7.688952716888069e-06
Female,45-59,Black / African American,Doctorate degree / Ph.D.,"$56,000 to $99,999",Other,1.5580908568353672e-06
Female,45-59,Black / African American,Doctorate degree / Ph.D.,"$56,000 to $99,999",Republican,3.6145691230118644e-06
Female,45-59,Black / African American,Doctorate degree / Ph.D.,"Less than $30,000",Democrat,8.862805814730429e-06
Female,45-59,Black / African American,Doctorate degree / Ph.D.,"Less than $30,000",Independent,3.139462782624554e-06
Female,45-59,Black / African American,Doctorate degree / Ph.D.,"Less than $30,000",Other,5.485872033681135e-07
Female,45-59,Black / African American,Doctorate degree / Ph.D.,"Less than $30,000",Republican,1.1315992216988716e-06
Female,45-59,Black / African American,High school diploma / GED,"$100,000 to $167,999",Democrat,0.00015465203887324547
Female,45-59,Black / African American,High school diploma / GED,"$100,000 to $167,999",Independent,5.1378039083963064e-05
Female,45-59,Black / African American,High school diploma / GED,"$100,000 to $167,999",Other,1.7281375790913947e-05
Female,45-59,Black / African American,High school diploma / GED,"$100,000 to $167,999",Republican,1.2849418185265088e-05
Female,45-59,Black / African American,High school diploma / GED,"$168,000 or more",Democrat,3.745507267100377e-05
Female,45-59,Black / African American,High school diploma / GED,"$168,000 or more",Independent,1.2345208751363813e-05
Female,45-59,Black / African American,High school diploma / GED,"$168,000 or more",Other,4.186812388547436e-06
Female,45-59,Black / African American,High school diploma / GED,"$168,000 or more",Republican,2.865257843221721e-06
Female,45-59,Black / African American,High school diploma / GED,"$30,000 to $55,999",Democrat,0.0005662101225770749
Female,45-59,Black / African American,High school diploma / GED,"$30,000 to $55,999",Independent,0.00016470281743558132
Female,45-59,Black / African American,High school diploma / GED,"$30,000 to $55,999",Other,7.02369062981287e-05
Female,45-59,Black / African American,High school diploma / GED,"$30,000 to $55,999",Republican,8.753897955571122e-05
Female,45-59,Black / African American,High school diploma / GED,"$56,000 to $99,999",Democrat,0.00042662798229844794
Female,45-59,Black / African American,High school diploma / GED,"$56,000 to $99,999",Independent,0.0001421577948000247
Female,45-59,Black / African American,High school diploma / GED,"$56,000 to $99,999",Other,4.4603785309195425e-05
Female,45-59,Black / African American,High school diploma / GED,"$56,000 to $99,999",Republican,3.6923082685465475e-05
Female,45-59,Black / African American,High school diploma / GED,"Less than $30,000",Democrat,0.0010018631918515962
Female,45-59,Black / African American,High school diploma / GED,"Less than $30,000",Independent,0.0003611847367122413
Female,45-59,Black / African American,High school diploma / GED,"Less than $30,000",Other,0.0001570471511970674
Female,45-59,Black / African American,High school diploma / GED,"Less than $30,000",Republican,8.57507099094797e-05
Female,45-59,Black / African American,Less than high school,"$100,000 to $167,999",Democrat,2.9679624142143874e-05
Female,45-59,Black / African American,Less than high school,"$100,000 to $167,999",Independent,1.2433900092428487e-05
Female,45-59,Black / African American,Less than high school,"$100,000 to $167,999",Other,6.91946070404602e-06
Female,45-59,Black / African American,Less than high school,"$100,000 to $167,999",Republican,1.4078589575704563e-06
Female,45-59,Black / African American,Less than high school,"$168,000 or more",Democrat,8.717008046776017e-06
Female,45-59,Black / African American,Less than high school,"$168,000 or more",Independent,3.6231168658903745e-06
Female,45-59,Black / African American,Less than high school,"$168,000 or more",Other,2.0329724327667836e-06
Female,45-59,Black / African American,Less than high school,"$168,000 or more",Republican,3.807092693168639e-07
Female,45-59,Black / African American,Less than high school,"$30,000 to $55,999",Democrat,0.00015580662978974166
Female,45-59,Black / African American,Less than high school,"$30,000 to $55,999",Independent,6.749386199341142e-05
Female,45-59,Black / African American,Less than high school,"$30,000 to $55,999",Other,3.960940873703809e-05
Female,45-59,Black / African American,Less than high school,"$30,000 to $55,999",Republican,7.743352599225705e-06
Female,45-59,Black / African American,Less than high school,"$56,000 to $99,999",Democrat,9.187557243131289e-05
Female,45-59,Black / African American,Less than high school,"$56,000 to $99,999",Independent,3.8605439457368973e-05
Female,45-59,Black / African American,Less than high school,"$56,000 to $99,999",Other,2.004073400305369e-05
Female,45-59,Black / African American,Less than high school,"$56,000 to $99,999",Republican,4.5396420659230806e-06
Female,45-59,Black / African American,Less than high school,"Less than $30,000",Democrat,0.0004918327589738776
Female,45-59,Black / African American,Less than high school,"Less than $30,000",Independent,0.0002742087880408792
Female,45-59,Black / African American,Less than high school,"Less than $30,000",Republican,2.8785419975160845e-05
Female,45-59,Black / African American,Master's degree / Professional degree,"$100,000 to $167,999",Democrat,0.0003511821790607612
Female,45-59,Black / African American,Master's degree / Professional degree,"$100,000 to $167,999",Independent,8.097960982227518e-05
Female,45-59,Black / African American,Master's degree / Professional degree,"$100,000 to $167,999",Other,4.722806783562039e-06
Female,45-59,Black / African American,Master's degree / Professional degree,"$100,000 to $167,999",Republican,2.775450313673144e-05
Female,45-59,Black / African American,Master's degree / Professional degree,"$168,000 or more",Democrat,0.00019661110873118044
Female,45-59,Black / African American,Master's degree / Professional degree,"$168,000 or more",Independent,4.497976499815641e-05
Female,45-59,Black / African American,Master's degree / Professional degree,"$168,000 or more",Other,2.6450016884999462e-06
Female,45-59,Black / African American,Master's degree / Professional degree,"$168,000 or more",Republican,1.4306529424278587e-05
Female,45-59,Black / African American,Master's degree / Professional degree,"$30,000 to $55,999",Democrat,0.00022607743198038423
Female,45-59,Black / African American,Master's degree / Professional degree,"$30,000 to $55,999",Independent,5.3905091920541525e-05
Female,45-59,Black / African American,Master's degree / Professional degree,"$30,000 to $55,999",Other,3.3153050563980635e-06
Female,45-59,Black / African American,Master's degree / Professional degree,"$30,000 to $55,999",Republican,1.8719771769201587e-05
Female,45-59,Black / African American,Master's degree / Professional degree,"$56,000 to $99,999",Democrat,0.0004095480940578292
Female,45-59,Black / African American,Master's degree / Professional degree,"$56,000 to $99,999",Independent,9.472128600423965e-05
Female,45-59,Black / African American,Master's degree / Professional degree,"$56,000 to $99,999",Other,5.1531446521504005e-06
Female,45-59,Black / African American,Master's degree / Professional degree,"$56,000 to $99,999",Republican,3.371527442603352e-05
Female,45-59,Black / African American,Master's degree / Professional degree,"Less than $30,000",Democrat,0.00015009742425614069
Female,45-59,Black / African American,Master's degree / Professional degree,"Less than $30,000",Independent,4.429945626696142e-05
Female,45-59,Black / African American,Master's degree / Professional degree,"Less than $30,000",Other,2.0782026225607543e-06
Female,45-59,Black / African American,Master's degree / Professional degree,"Less than $30,000",Republican,1.2089976756540068e-05
Female,45-59,Black / African American,Some college or Associate's degree,"$100,000 to $167,999",Democrat,0.0005944881026470095
Female,45-59,Black / African American,Some college or Associate's degree,"$100,000 to $167,999",Independent,7.479502070096907e-05
Female,45-59,Black / African American,Some college or Associate's degree,"$100,000 to $167,999",Republican,5.706545491036562e-07
Female,45-59,Black / African American,Some college or Associate's degree,"$168,000 or more",Democrat,0.00011295251965971809
Female,45-59,Black / African American,Some college or Associate's degree,"$168,000 or more",Independent,3.922146446930947e-05
Female,45-59,Black / African American,Some college or Associate's degree,"$168,000 or more",Other,2.672011912332743e-06
Female,45-59,Black / African American,Some college or Associate's degree,"$168,000 or more",Republican,4.849191154772883e-06
Female,45-59,Black / African American,Some college or Associate's degree,"$30,000 to $55,999",Democrat,0.0010883655825437738
Female,45-59,Black / African American,Some college or Associate's degree,"$30,000 to $55,999",Independent,0.0005002764171898403
Female,45-59,Black / African American,Some college or Associate's degree,"$30,000 to $55,999",Other,6.621184614504488e-08
Female,45-59,Black / African American,Some college or Associate's degree,"$30,000 to $55,999",Republican,2.792011137207454e-05
Female,45-59,Black / African American,Some college or Associate's degree,"$56,000 to $99,999",Democrat,0.0009998635712975543
Female,45-59,Black / African American,Some college or Associate's degree,"$56,000 to $99,999",Independent,0.0003811880425882106
Female,45-59,Black / African American,Some college or Associate's degree,"$56,000 to $99,999",Other,6.154998616247353e-05
Female,45-59,Black / African American,Some college or Associate's degree,"$56,000 to $99,999",Republican,2.996711325744512e-05
Female,45-59,Black / African American,Some college or Associate's degree,"Less than $30,000",Democrat,0.0014199823407521537
Female,45-59,Black / African American,Some college or Associate's degree,"Less than $30,000",Independent,0.0006395587093097687
Female,45-59,Black / African American,Some college or Associate's degree,"Less than $30,000",Other,5.2361353036570906e-05
Female,45-59,Black / African American,Some college or Associate's degree,"Less than $30,000",Republican,7.718930879113406e-05
Female,45-59,Hispanic / Latino,Bachelor's degree,"$100,000 to $167,999",Democrat,0.00021206669335960748
Female,45-59,Hispanic / Latino,Bachelor's degree,"$100,000 to $167,999",Independent,0.00021680285111773064
Female,45-59,Hispanic / Latino,Bachelor's degree,"$100,000 to $167,999",Other,2.8826724767181692e-06
Female,45-59,Hispanic / Latino,Bachelor's degree,"$100,000 to $167,999",Republican,0.0002681739460292783
Female,45-59,Hispanic / Latino,Bachelor's degree,"$168,000 or more",Democrat,0.00012396491299755634
Female,45-59,Hispanic / Latino,Bachelor's degree,"$168,000 or more",Independent,0.0001339613108067855
Female,45-59,Hispanic / Latino,Bachelor's degree,"$168,000 or more",Other,2.742258179785158e-06
Female,45-59,Hispanic / Latino,Bachelor's degree,"$168,000 or more",Republican,0.00012391164590616431
Female,45-59,Hispanic / Latino,Bachelor's degree,"$30,000 to $55,999",Democrat,0.0002008171986958317
Female,45-59,Hispanic / Latino,Bachelor's degree,"$30,000 to $55,999",Independent,0.00022617518949984256
Female,45-59,Hispanic / Latino,Bachelor's degree,"$30,000 to $55,999",Other,4.842379792115133e-06
Female,45-59,Hispanic / Latino,Bachelor's degree,"$30,000 to $55,999",Republican,0.00022841853846671906
Female,45-59,Hispanic / Latino,Bachelor's degree,"$56,000 to $99,999",Democrat,0.0003927737623434673
Female,45-59,Hispanic / Latino,Bachelor's degree,"$56,000 to $99,999",Independent,0.00024502319155017777
Female,45-59,Hispanic / Latino,Bachelor's degree,"$56,000 to $99,999",Other,1.115451520874726e-05
Female,45-59,Hispanic / Latino,Bachelor's degree,"$56,000 to $99,999",Republican,0.0002714520980303973
Female,45-59,Hispanic / Latino,Bachelor's degree,"Less than $30,000",Democrat,0.00015736765539930568
Female,45-59,Hispanic / Latino,Bachelor's degree,"Less than $30,000",Independent,0.00021938761615846594
Female,45-59,Hispanic / Latino,Bachelor's degree,"Less than $30,000",Other,3.5827935411884585e-06
Female,45-59,Hispanic / Latino,Bachelor's degree,"Less than $30,000",Republican,0.00017412246484162827
Female,45-59,Hispanic / Latino,Doctorate degree / Ph.D.,"$100,000 to $167,999",Democrat,1.1945981625135084e-05
Female,45-59,Hispanic / Latino,Doctorate degree / Ph.D.,"$100,000 to $167,999",Independent,1.58139737820916e-05
Female,45-59,Hispanic / Latino,Doctorate degree / Ph.D.,"$100,000 to $167,999",Other,2.0269550602865676e-06
Female,45-59,Hispanic / Latino,Doctorate degree / Ph.D.,"$100,000 to $167,999",Republican,4.968017847939226e-06
Female,45-59,Hispanic / Latino,Doctorate degree / Ph.D.,"$168,000 or more",Democrat,9.82105989109351e-06
Female,45-59,Hispanic / Latino,Doctorate degree / Ph.D.,"$168,000 or more",Independent,1.2898626008245342e-05
Female,45-59,Hispanic / Latino,Doctorate degree / Ph.D.,"$168,000 or more",Other,1.6669816891141087e-06
Female,45-59,Hispanic / Latino,Doctorate degree / Ph.D.,"$168,000 or more",Republican,3.760494145881242e-06
Female,45-59,Hispanic / Latino,Doctorate degree / Ph.D.,"$30,000 to $55,999",Democrat,6.72218823331594e-06
Female,45-59,Hispanic / Latino,Doctorate degree / Ph.D.,"$30,000 to $55,999",Independent,9.201512285710828e-06
Female,45-59,Hispanic / Latino,Doctorate degree / Ph.D.,"$30,000 to $55,999",Other,1.2437455002213618e-06
Female,45-59,Hispanic / Latino,Doctorate degree / Ph.D.,"$30,000 to $55,999",Republican,2.9289659626940184e-06
Female,45-59,Hispanic / Latino,Doctorate degree / Ph.D.,"$56,000 to $99,999",Democrat,9.835464081291059e-06
Female,45-59,Hispanic / Latino,Doctorate degree / Ph.D.,"$56,000 to $99,999",Independent,1.3059107432070755e-05
Female,45-59,Hispanic / Latino,Doctorate degree / Ph.D.,"$56,000 to $99,999",Other,1.5614096159652688e-06
Female,45-59,Hispanic / Latino,Doctorate degree / Ph.D.,"$56,000 to $99,999",Republican,4.260660832634543e-06
Female,45-59,Hispanic / Latino,Doctorate degree / Ph.D.,"Less than $30,000",Democrat,5.090873321896776e-06
Female,45-59,Hispanic / Latino,Doctorate degree / Ph.D.,"Less than $30,000",Independent,8.62568130200766e-06
Female,45-59,Hispanic / Latino,Doctorate degree / Ph.D.,"Less than $30,000",Other,8.893270619074761e-07
Female,45-59,Hispanic / Latino,Doctorate degree / Ph.D.,"Less than $30,000",Republican,2.1577684269030057e-06
Female,45-59,Hispanic / Latino,High school diploma / GED,"$100,000 to $167,999",Democrat,0.0002445251598696082
Female,45-59,Hispanic / Latino,High school diploma / GED,"$100,000 to $167,999",Independent,0.00019544287439145344
Female,45-59,Hispanic / Latino,High school diploma / GED,"$100,000 to $167,999",Other,2.7480704747551187e-06
Female,45-59,Hispanic / Latino,High school diploma / GED,"$100,000 to $167,999",Republican,0.00010069205543415122
Female,45-59,Hispanic / Latino,High school diploma / GED,"$168,000 or more",Democrat,6.698097819331538e-05
Female,45-59,Hispanic / Latino,High school diploma / GED,"$168,000 or more",Independent,5.311457301623857e-05
Female,45-59,Hispanic / Latino,High school diploma / GED,"$168,000 or more",Other,7.530191008566921e-07
Female,45-59,Hispanic / Latino,High school diploma / GED,"$168,000 or more",Republican,2.5395010273861606e-05
Female,45-59,Hispanic / Latino,High school diploma / GED,"$30,000 to $55,999",Democrat,0.0005324921092442689
Female,45-59,Hispanic / Latino,High school diploma / GED,"$30,000 to $55,999",Independent,0.000412714912439034
Female,45-59,Hispanic / Latino,High school diploma / GED,"$30,000 to $55,999",Other,1.7356401139868538e-06
Female,45-59,Hispanic / Latino,High school diploma / GED,"$30,000 to $55,999",Republican,0.00012243242656087588
Female,45-59,Hispanic / Latino,High school diploma / GED,"$56,000 to $99,999",Democrat,0.0005544572504406518
Female,45-59,Hispanic / Latino,High school diploma / GED,"$56,000 to $99,999",Independent,0.0003152082892149251
Female,45-59,Hispanic / Latino,High school diploma / GED,"$56,000 to $99,999",Republican,0.00020180978593705337
Female,45-59,Hispanic / Latino,High school diploma / GED,"Less than $30,000",Democrat,0.0004827980294642758
Female,45-59,Hispanic / Latino,High school diploma / GED,"Less than $30,000",Independent,0.00048237419302773934
Female,45-59,Hispanic / Latino,High school diploma / GED,"Less than $30,000",Other,4.984327568957936e-07
Female,45-59,Hispanic / Latino,High school diploma / GED,"Less than $30,000",Republican,0.0002587137767164375
Female,45-59,Hispanic / Latino,Less than high school,"$100,000 to $167,999",Democrat,0.00021293162097208948
Female,45-59,Hispanic / Latino,Less than high school,"$100,000 to $167,999",Independent,0.0001300758128036318
Female,45-59,Hispanic / Latino,Less than high school,"$100,000 to $167,999",Other,7.144396102557463e-06
Female,45-59,Hispanic / Latino,Less than high school,"$100,000 to $167,999",Republican,9.465800498749352e-05
Female,45-59,Hispanic / Latino,Less than high school,"$168,000 or more",Democrat,5.016043909080758e-05
Female,45-59,Hispanic / Latino,Less than high school,"$168,000 or more",Independent,3.0400703718623728e-05
Female,45-59,Hispanic / Latino,Less than high school,"$168,000 or more",Other,1.6835921279393561e-06
Female,45-59,Hispanic / Latino,Less than high school,"$168,000 or more",Republican,2.053070055608393e-05
Female,45-59,Hispanic / Latino,Less than high school,"$30,000 to $55,999",Democrat,0.0006402091467928785
Female,45-59,Hispanic / Latino,Less than high school,"$30,000 to $55,999",Independent,0.0004043967268156106
Female,45-59,Hispanic / Latino,Less than high school,"$30,000 to $55,999",Other,2.3423177791563843e-05
Female,45-59,Hispanic / Latino,Less than high school,"$30,000 to $55,999",Republican,0.00029818199217714183
Female,45-59,Hispanic / Latino,Less than high school,"$56,000 to $99,999",Democrat,0.0009461902605858283
Female,45-59,Hispanic / Latino,Less than high school,"$56,000 to $99,999",Independent,0.00022760242344320298
Female,45-59,Hispanic / Latino,Less than high school,"$56,000 to $99,999",Republican,1.9601685939914045e-05
Female,45-59,Hispanic / Latino,Less than high school,"Less than $30,000",Democrat,0.0006909016826477418
Female,45-59,Hispanic / Latino,Less than high school,"Less than $30,000",Independent,0.0008012370851100549
Female,45-59,Hispanic / Latino,Less than high school,"Less than $30,000",Other,6.292162244575625e-05
Female,45-59,Hispanic / Latino,Less than high school,"Less than $30,000",Republican,0.0002571381391155836
Female,45-59,Hispanic / Latino,Master's degree / Professional degree,"$100,000 to $167,999",Democrat,0.00012977800357899026
Female,45-59,Hispanic / Latino,Master's degree / Professional degree,"$100,000 to $167,999",Independent,9.027408700705076e-05
Female,45-59,Hispanic / Latino,Master's degree / Professional degree,"$100,000 to $167,999",Other,1.0117943056349776e-06
Female,45-59,Hispanic / Latino,Master's degree / Professional degree,"$100,000 to $167,999",Republican,0.0001095148738904394
Female,45-59,Hispanic / Latino,Master's degree / Professional degree,"$168,000 or more",Democrat,0.00011983647068624878
Female,45-59,Hispanic / Latino,Master's degree / Professional degree,"$168,000 or more",Independent,8.270217764011586e-05
Female,45-59,Hispanic / Latino,Master's degree / Professional degree,"$168,000 or more",Other,9.346098294368729e-07
Female,45-59,Hispanic / Latino,Master's degree / Professional degree,"$168,000 or more",Republican,9.310784629492345e-05
Female,45-59,Hispanic / Latino,Master's degree / Professional degree,"$30,000 to $55,999",Democrat,8.747793628898761e-05
Female,45-59,Hispanic / Latino,Master's degree / Professional degree,"$30,000 to $55,999",Independent,6.292017382965339e-05
Female,45-59,Hispanic / Latino,Master's degree / Professional degree,"$30,000 to $55,999",Other,7.436836719879688e-07
Female,45-59,Hispanic / Latino,Master's degree / Professional degree,"$30,000 to $55,999",Republican,7.734155469050358e-05
Female,45-59,Hispanic / Latino,Master's degree / Professional degree,"$56,000 to $99,999",Democrat,0.00015212364269360463
Female,45-59,Hispanic / Latino,Master's degree / Professional degree,"$56,000 to $99,999",Independent,0.00010613489585851393
Female,45-59,Hispanic / Latino,Master's degree / Professional degree,"$56,000 to $99,999",Other,1.1096539757705827e-06
Female,45-59,Hispanic / Latino,Master's degree / Professional degree,"$56,000 to $99,999",Republican,0.00013371789671926478
Female,45-59,Hispanic / Latino,Master's degree / Professional degree,"Less than $30,000",Democrat,6.820267904712556e-05
Female,45-59,Hispanic / Latino,Master's degree / Professional degree,"Less than $30,000",Independent,6.072190607747461e-05
Female,45-59,Hispanic / Latino,Master's degree / Professional degree,"Less than $30,000",Other,5.47443767896941e-07
Female,45-59,Hispanic / Latino,Master's degree / Professional degree,"Less than $30,000",Republican,5.865765426124837e-05
Female,45-59,Hispanic / Latino,Some college or Associate's degree,"$100,000 to $167,999",Democrat,0.00043608312598853545
Female,45-59,Hispanic / Latino,Some college or Associate's degree,"$100,000 to $167,999",Independent,0.00024145596053122429
Female,45-59,Hispanic / Latino,Some college or Associate's degree,"$100,000 to $167,999",Other,8.88632340087108e-05
Female,45-59,Hispanic / Latino,Some college or Associate's degree,"$100,000 to $167,999",Republican,0.0002004730862923534
Female,45-59,Hispanic / Latino,Some college or Associate's degree,"$168,000 or more",Democrat,0.00015286478052560908
Female,45-59,Hispanic / Latino,Some college or Associate's degree,"$168,000 or more",Independent,8.397345165674757e-05
Female,45-59,Hispanic / Latino,Some college or Associate's degree,"$168,000 or more",Other,3.1160933654533873e-05
Female,45-59,Hispanic / Latino,Some college or Associate's degree,"$168,000 or more",Republican,6.470226495565333e-05
Female,45-59,Hispanic / Latino,Some college or Associate's degree,"$30,000 to $55,999",Democrat,0.0006665285432164889
Female,45-59,Hispanic / Latino,Some college or Associate's degree,"$30,000 to $55,999",Independent,0.00034355720931907507
Female,45-59,Hispanic / Latino,Some college or Associate's degree,"$30,000 to $55,999",Other,4.490091561891327e-05
Female,45-59,Hispanic / Latino,Some college or Associate's degree,"$30,000 to $55,999",Republican,0.00028803442936736664
Female,45-59,Hispanic / Latino,Some college or Associate's degree,"$56,000 to $99,999",Democrat,0.0005242959548247443
Female,45-59,Hispanic / Latino,Some college or Associate's degree,"$56,000 to $99,999",Independent,0.0004107979092391737
Female,45-59,Hispanic / Latino,Some college or Associate's degree,"$56,000 to $99,999",Other,0.0003413287423857759
Female,45-59,Hispanic / Latino,Some college or Associate's degree,"$56,000 to $99,999",Republican,0.0002809168378996934
Female,45-59,Hispanic / Latino,Some college or Associate's degree,"Less than $30,000",Democrat,0.000742595528451441
Female,45-59,Hispanic / Latino,Some college or Associate's degree,"Less than $30,000",Independent,0.00035108803643249146
Female,45-59,Hispanic / Latino,Some college or Associate's degree,"Less than $30,000",Other,3.255678494136067e-05
Female,45-59,Hispanic / Latino,Some college or Associate's degree,"Less than $30,000",Republican,0.00029173029890782457
Female,45-59,Other,Bachelor's degree,"$100,000 to $167,999",Democrat,4.599418681400982e-05
Female,45-59,Other,Bachelor's degree,"$100,000 to $167,999",Independent,6.016970813986262e-05
Female,45-59,Other,Bachelor's degree,"$100,000 to $167,999",Other,2.0097302245922484e-05
Female,45-59,Other,Bachelor's degree,"$100,000 to $167,999",Republican,2.9366672482327917e-05
Female,45-59,Other,Bachelor's degree,"$168,000 or more",Democrat,2.900235236367172e-05
Female,45-59,Other,Bachelor's degree,"$168,000 or more",Independent,3.764212251831001e-05
Female,45-59,Other,Bachelor's degree,"$168,000 or more",Other,1.2677050957805523e-05
Female,45-59,Other,Bachelor's degree,"$168,000 or more",Republican,1.704944601073171e-05
Female,45-59,Other,Bachelor's degree,"$30,000 to $55,999",Democrat,3.620828864206338e-05
Female,45-59,Other,Bachelor's degree,"$30,000 to $55,999",Independent,4.8979272220359345e-05
Female,45-59,Other,Bachelor's degree,"$30,000 to $55,999",Other,1.7252077219344194e-05
Female,45-59,Other,Bachelor's degree,"$30,000 to $55,999",Republican,2.422156186170699e-05
Female,45-59,Other,Bachelor's degree,"$56,000 to $99,999",Democrat,5.361130618793377e-05
Female,45-59,Other,Bachelor's degree,"$56,000 to $99,999",Independent,7.034460810265175e-05
Female,45-59,Other,Bachelor's degree,"$56,000 to $99,999",Other,2.191749534286962e-05
Female,45-59,Other,Bachelor's degree,"$56,000 to $99,999",Republican,3.565570151538916e-05
Female,45-59,Other,Bachelor's degree,"Less than $30,000",Democrat,3.524868473146893e-05
Female,45-59,Other,Bachelor's degree,"Less than $30,000",Independent,5.902008381261753e-05
Female,45-59,Other,Bachelor's degree,"Less than $30,000",Other,1.5857133238504818e-05
Female,45-59,Other,Bachelor's degree,"Less than $30,000",Republican,2.29374930411765e-05
Female,45-59,Other,Doctorate degree / Ph.D.,"$100,000 to $167,999",Democrat,5.0097898044152144e-06
Female,45-59,Other,Doctorate degree / Ph.D.,"$100,000 to $167,999",Independent,5.340651572332284e-06
Female,45-59,Other,Doctorate degree / Ph.D.,"$100,000 to $167,999",Other,1.682720979360743e-06
Female,45-59,Other,Doctorate degree / Ph.D.,"$100,000 to $167,999",Republican,2.1090277166550896e-06
Female,45-59,Other,Doctorate degree / Ph.D.,"$168,000 or more",Democrat,4.170018209555337e-06
Female,45-59,Other,Doctorate degree / Ph.D.,"$168,000 or more",Independent,4.410406416215197e-06
Female,45-59,Other,Doctorate degree / Ph.D.,"$168,000 or more",Other,1.4011374735129002e-06
Female,45-59,Other,Doctorate degree / Ph.D.,"$168,000 or more",Republican,1.6163149374500303e-06
Female,45-59,Other,Doctorate degree / Ph.D.,"$30,000 to $55,999",Democrat,2.2104593506136635e-06
Female,45-59,Other,Doctorate degree / Ph.D.,"$30,000 to $55,999",Independent,2.436613479536218e-06
Female,45-59,Other,Doctorate degree / Ph.D.,"$30,000 to $55,999",Other,8.096059908113921e-07
Female,45-59,Other,Doctorate degree / Ph.D.,"$30,000 to $55,999",Republican,9.74961948244621e-07
Female,45-59,Other,Doctorate degree / Ph.D.,"$56,000 to $99,999",Democrat,3.991880919017893e-06
Female,45-59,Other,Doctorate degree / Ph.D.,"$56,000 to $99,999",Independent,4.2682690175215275e-06
Female,45-59,Other,Doctorate degree / Ph.D.,"$56,000 to $99,999",Other,1.2544977812230927e-06
Female,45-59,Other,Doctorate degree / Ph.D.,"$56,000 to $99,999",Republican,1.7504961593346747e-06
Female,45-59,Other,Doctorate degree / Ph.D.,"Less than $30,000",Democrat,2.002680102455151e-06
Female,45-59,Other,Doctorate degree / Ph.D.,"Less than $30,000",Independent,2.732550954312491e-06
Female,45-59,Other,Doctorate degree / Ph.D.,"Less than $30,000",Other,6.92549990322192e-07
Female,45-59,Other,Doctorate degree / Ph.D.,"Less than $30,000",Republican,8.592619964977024e-07
Female,45-59,Other,High school diploma / GED,"$100,000 to $167,999",Democrat,1.597295133068955e-05
Female,45-59,Other,High school diploma / GED,"$100,000 to $167,999",Independent,2.1170733221911042e-05
Female,45-59,Other,High school diploma / GED,"$100,000 to $167,999",Other,6.823567374822217e-06
Female,45-59,Other,High school diploma / GED,"$100,000 to $167,999",Republican,1.655653359202668e-05
Female,45-59,Other,High school diploma / GED,"$168,000 or more",Democrat,6.077883193915858e-06
Female,45-59,Other,High school diploma / GED,"$168,000 or more",Independent,7.992248886404972e-06
Female,45-59,Other,High school diploma / GED,"$168,000 or more",Other,2.597340320098777e-06
Female,45-59,Other,High school diploma / GED,"$168,000 or more",Republican,5.800452145219284e-06
Female,45-59,Other,High school diploma / GED,"$30,000 to $55,999",Democrat,3.574584739345412e-05
Female,45-59,Other,High school diploma / GED,"$30,000 to $55,999",Independent,4.898980344855282e-05
Female,45-59,Other,High school diploma / GED,"$30,000 to $55,999",Other,1.6651389824520724e-05
Female,45-59,Other,High school diploma / GED,"$30,000 to $55,999",Republican,3.881970168224715e-05
Female,45-59,Other,High school diploma / GED,"$56,000 to $99,999",Democrat,3.070864396220655e-05
Female,45-59,Other,High school diploma / GED,"$56,000 to $99,999",Independent,4.082355640820736e-05
Female,45-59,Other,High school diploma / GED,"$56,000 to $99,999",Other,1.227401557962114e-05
Female,45-59,Other,High school diploma / GED,"$56,000 to $99,999",Republican,3.3156271527891865e-05
Female,45-59,Other,High school diploma / GED,"Less than $30,000",Democrat,4.9291187413174e-05
Female,45-59,Other,High school diploma / GED,"Less than $30,000",Independent,0.00010542487133222465
Female,45-59,Other,High school diploma / GED,"Less than $30,000",Other,2.814610940008183e-05
Female,45-59,Other,High school diploma / GED,"Less than $30,000",Republican,1.908892440817099e-05
Female,45-59,Other,Less than high school,"$100,000 to $167,999",Democrat,4.1254377575774274e-06
Female,45-59,Other,Less than high school,"$100,000 to $167,999",Independent,6.847998927488542e-06
Female,45-59,Other,Less than high school,"$100,000 to $167,999",Other,5.0555594049250845e-06
Female,45-59,Other,Less than high school,"$100,000 to $167,999",Republican,5.049836042158306e-06
Female,45-59,Other,Less than high school,"$168,000 or more",Democrat,1.4735328064209347e-06
Female,45-59,Other,Less than high school,"$168,000 or more",Independent,2.4267183440107163e-06
Female,45-59,Other,Less than high school,"$168,000 or more",Other,1.8063802671268384e-06
Female,45-59,Other,Less than high school,"$168,000 or more",Republican,1.6607042625533813e-06
Female,45-59,Other,Less than high school,"$30,000 to $55,999",Democrat,1.125816112262683e-05
Female,45-59,Other,Less than high school,"$30,000 to $55,999",Independent,1.9323708314793525e-05
Female,45-59,Other,Less than high school,"$30,000 to $55,999",Other,1.5044065449933486e-05
Female,45-59,Other,Less than high school,"$30,000 to $55,999",Republican,1.4438332830816838e-05
Female,45-59,Other,Less than high school,"$56,000 to $99,999",Democrat,7.4272918640936795e-06
Female,45-59,Other,Less than high school,"$56,000 to $99,999",Independent,1.2365839370855201e-05
Female,45-59,Other,Less than high school,"$56,000 to $99,999",Other,8.515877086926829e-06
Female,45-59,Other,Less than high school,"$56,000 to $99,999",Republican,9.470186483855207e-06
Female,45-59,Other,Less than high school,"Less than $30,000",Democrat,2.7275537382863352e-05
Female,45-59,Other,Less than high school,"Less than $30,000",Independent,5.794939494868796e-05
Female,45-59,Other,Less than high school,"Less than $30,000",Other,3.441275435875281e-05
Female,45-59,Other,Less than high school,"Less than $30,000",Republican,3.4027637144404786e-05
Female,45-59,Other,Master's degree / Professional degree,"$100,000 to $167,999",Democrat,2.863741135370945e-05
Female,45-59,Other,Master's degree / Professional degree,"$100,000 to $167,999",Independent,3.379253781866955e-05
Female,45-59,Other,Master's degree / Professional degree,"$100,000 to $167,999",Other,1.3238261288586822e-05
Female,45-59,Other,Master's degree / Professional degree,"$100,000 to $167,999",Republican,1.374551746543756e-05
Female,45-59,Other,Master's degree / Professional degree,"$168,000 or more",Democrat,2.9113125970148985e-05
Female,45-59,Other,Master's degree / Professional degree,"$168,000 or more",Independent,3.408331350946342e-05
Female,45-59,Other,Master's degree / Professional degree,"$168,000 or more",Other,1.3462825683991628e-05
Female,45-59,Other,Master's degree / Professional degree,"$168,000 or more",Republican,1.286593722633899e-05
Female,45-59,Other,Master's degree / Professional degree,"$30,000 to $55,999",Democrat,1.7452402305719447e-05
Female,45-59,Other,Master's degree / Professional degree,"$30,000 to $55,999",Independent,2.1294705349255606e-05
Female,45-59,Other,Master's degree / Professional degree,"$30,000 to $55,999",Other,8.797331999533863e-06
Female,45-59,Other,Master's degree / Professional degree,"$30,000 to $55,999",Republican,8.77657164097054e-06
Female,45-59,Other,Master's degree / Professional degree,"$56,000 to $99,999",Democrat,2.8836191014777864e-05
Female,45-59,Other,Master's degree / Professional degree,"$56,000 to $99,999",Independent,3.412906655093616e-05
Female,45-59,Other,Master's degree / Professional degree,"$56,000 to $99,999",Other,1.2471962598771757e-05
Female,45-59,Other,Master's degree / Professional degree,"$56,000 to $99,999",Republican,1.4417369595945834e-05
Female,45-59,Other,Master's degree / Professional degree,"Less than $30,000",Democrat,1.9486711373430136e-05
Female,45-59,Other,Master's degree / Professional degree,"Less than $30,000",Independent,2.9431171457050333e-05
Female,45-59,Other,Master's degree / Professional degree,"Less than $30,000",Other,9.274332955367058e-06
Female,45-59,Other,Master's degree / Professional degree,"Less than $30,000",Republican,9.53272637725125e-06
Female,45-59,Other,Some college or Associate's degree,"$100,000 to $167,999",Democrat,3.735537006665381e-05
Female,45-59,Other,Some college or Associate's degree,"$100,000 to $167,999",Independent,8.007519715247209e-05
Female,45-59,Other,Some college or Associate's degree,"$100,000 to $167,999",Other,1.1113458785605376e-05
Female,45-59,Other,Some college or Associate's degree,"$100,000 to $167,999",Republican,4.7044777779908545e-05
Female,45-59,Other,Some college or Associate's degree,"$168,000 or more",Democrat,1.5206200152258525e-05
Female,45-59,Other,Some college or Associate's degree,"$168,000 or more",Independent,3.233937297945875e-05
Female,45-59,Other,Some college or Associate's degree,"$168,000 or more",Other,4.52550547805821e-06
Female,45-59,Other,Some college or Associate's degree,"$168,000 or more",Republican,1.763211189798019e-05
Female,45-59,Other,Some college or Associate's degree,"$30,000 to $55,999",Democrat,6.50994399632478e-05
Female,45-59,Other,Some college or Associate's degree,"$30,000 to $55,999",Independent,0.00014429510376443784
Female,45-59,Other,Some college or Associate's degree,"$30,000 to $55,999",Other,2.1118935707575126e-05
Female,45-59,Other,Some college or Associate's degree,"$30,000 to $55,999",Republican,8.589699704577874e-05
Female,45-59,Other,Some college or Associate's degree,"$56,000 to $99,999",Democrat,6.857171859543831e-05
Female,45-59,Other,Some college or Associate's degree,"$56,000 to $99,999",Independent,0.000147431224821538
Female,45-59,Other,Some college or Associate's degree,"$56,000 to $99,999",Other,1.9087143983232342e-05
Female,45-59,Other,Some college or Associate's degree,"$56,000 to $99,999",Republican,8.995477354829969e-05
Female,45-59,Other,Some college or Associate's degree,"Less than $30,000",Democrat,8.286803290330021e-05
Female,45-59,Other,Some college or Associate's degree,"Less than $30,000",Independent,0.00022735994143767882
Female,45-59,Other,Some college or Associate's degree,"Less than $30,000",Other,2.538225306274162e-05
Female,45-59,Other,Some college or Associate's degree,"Less than $30,000",Republican,0.0001063644862378914
Female,45-59,White / Caucasian,Bachelor's degree,"$100,000 to $167,999",Democrat,0.001255710070529649
Female,45-59,White / Caucasian,Bachelor's degree,"$100,000 to $167,999",Independent,0.001669695693897128
Female,45-59,White / Caucasian,Bachelor's degree,"$100,000 to $167,999",Other,4.403550148635859e-05
Female,45-59,White / Caucasian,Bachelor's degree,"$100,000 to $167,999",Republican,0.003258338563867842
Female,45-59,White / Caucasian,Bachelor's degree,"$168,000 or more",Democrat,0.0009990617918110027
Female,45-59,White / Caucasian,Bachelor's degree,"$168,000 or more",Independent,0.0013568200098306525
Female,45-59,White / Caucasian,Bachelor's degree,"$168,000 or more",Other,4.4457281653941867e-05
Female,45-59,White / Caucasian,Bachelor's degree,"$168,000 or more",Republican,0.002529736128235864
Female,45-59,White / Caucasian,Bachelor's degree,"$30,000 to $55,999",Democrat,0.0007537260593376762
Female,45-59,White / Caucasian,Bachelor's degree,"$30,000 to $55,999",Independent,0.0010771197704331026
Female,45-59,White / Caucasian,Bachelor's degree,"$30,000 to $55,999",Other,7.751991473283562e-05
Female,45-59,White / Caucasian,Bachelor's degree,"$30,000 to $55,999",Republican,0.0011955174993898228
Female,45-59,White / Caucasian,Bachelor's degree,"$56,000 to $99,999",Democrat,0.0015502626027081956
Female,45-59,White / Caucasian,Bachelor's degree,"$56,000 to $99,999",Independent,0.001421046681411591
Female,45-59,White / Caucasian,Bachelor's degree,"$56,000 to $99,999",Other,0.0001386055228110435
Female,45-59,White / Caucasian,Bachelor's degree,"$56,000 to $99,999",Republican,0.002731897548510155
Female,45-59,White / Caucasian,Bachelor's degree,"Less than $30,000",Democrat,0.0011153541201667826
Female,45-59,White / Caucasian,Bachelor's degree,"Less than $30,000",Independent,0.0005940063038870891
Female,45-59,White / Caucasian,Bachelor's degree,"Less than $30,000",Other,0.00011942682625426824
Female,45-59,White / Caucasian,Bachelor's degree,"Less than $30,000",Republican,0.000787993208581169
Female,45-59,White / Caucasian,Doctorate degree / Ph.D.,"$100,000 to $167,999",Democrat,0.00011556002662123635
Female,45-59,White / Caucasian,Doctorate degree / Ph.D.,"$100,000 to $167,999",Independent,6.737155379534162e-05
Female,45-59,White / Caucasian,Doctorate degree / Ph.D.,"$100,000 to $167,999",Other,7.611854061126438e-06
Female,45-59,White / Caucasian,Doctorate degree / Ph.D.,"$100,000 to $167,999",Republican,0.00012624491774396873
Female,45-59,White / Caucasian,Doctorate degree / Ph.D.,"$168,000 or more",Democrat,0.00015375052893931202
Female,45-59,White / Caucasian,Doctorate degree / Ph.D.,"$168,000 or more",Independent,8.893065030739859e-05
Female,45-59,White / Caucasian,Doctorate degree / Ph.D.,"$168,000 or more",Other,1.0130937374051479e-05
Female,45-59,White / Caucasian,Doctorate degree / Ph.D.,"$168,000 or more",Republican,0.00015464936512494767
Female,45-59,White / Caucasian,Doctorate degree / Ph.D.,"$30,000 to $55,999",Democrat,2.6712155319499562e-05
Female,45-59,White / Caucasian,Doctorate degree / Ph.D.,"$30,000 to $55,999",Independent,1.6103016229735744e-05
Female,45-59,White / Caucasian,Doctorate degree / Ph.D.,"$30,000 to $55,999",Other,1.918626005755521e-06
Female,45-59,White / Caucasian,Doctorate degree / Ph.D.,"$30,000 to $55,999",Republican,3.057437248436739e-05
Female,45-59,White / Caucasian,Doctorate degree / Ph.D.,"$56,000 to $99,999",Democrat,8.047818343750521e-05
Female,45-59,White / Caucasian,Doctorate degree / Ph.D.,"$56,000 to $99,999",Independent,4.705941901849956e-05
Female,45-59,White / Caucasian,Doctorate degree / Ph.D.,"$56,000 to $99,999",Other,4.9597604383373565e-06
Female,45-59,White / Caucasian,Doctorate degree / Ph.D.,"$56,000 to $99,999",Republican,9.158096964875442e-05
Female,45-59,White / Caucasian,Doctorate degree / Ph.D.,"Less than $30,000",Democrat,3.6988814495636876e-05
Female,45-59,White / Caucasian,Doctorate degree / Ph.D.,"Less than $30,000",Independent,2.760077572297098e-05
Female,45-59,White / Caucasian,Doctorate degree / Ph.D.,"Less than $30,000",Other,2.508419521828874e-06
Female,45-59,White / Caucasian,Doctorate degree / Ph.D.,"Less than $30,000",Republican,4.1183942734552825e-05
Female,45-59,White / Caucasian,High school diploma / GED,"$100,000 to $167,999",Democrat,0.0002901415504833031
Female,45-59,White / Caucasian,High school diploma / GED,"$100,000 to $167,999",Independent,0.0005612011436018128
Female,45-59,White / Caucasian,High school diploma / GED,"$100,000 to $167,999",Other,5.682605616791465e-05
Female,45-59,White / Caucasian,High school diploma / GED,"$100,000 to $167,999",Republican,0.0013722380793004037
Female,45-59,White / Caucasian,High school diploma / GED,"$168,000 or more",Democrat,0.00013040752823585913
Female,45-59,White / Caucasian,High school diploma / GED,"$168,000 or more",Independent,0.00019148144605830782
Female,45-59,White / Caucasian,High school diploma / GED,"$168,000 or more",Other,1.500702286182866e-05
Female,45-59,White / Caucasian,High school diploma / GED,"$168,000 or more",Republican,0.00032654253026615686
Female,45-59,White / Caucasian,High school diploma / GED,"$30,000 to $55,999",Democrat,0.0009626755569918542
Female,45-59,White / Caucasian,High school diploma / GED,"$30,000 to $55,999",Independent,0.0007923120637853076
Female,45-59,White / Caucasian,High school diploma / GED,"$30,000 to $55,999",Other,0.0001011268534092924
Female,45-59,White / Caucasian,High school diploma / GED,"$30,000 to $55,999",Republican,0.001795632023904787
Female,45-59,White / Caucasian,High school diploma / GED,"$56,000 to $99,999",Democrat,0.0006585137664029343
Female,45-59,White / Caucasian,High school diploma / GED,"$56,000 to $99,999",Independent,0.0009180512660079498
Female,45-59,White / Caucasian,High school diploma / GED,"$56,000 to $99,999",Other,6.27476190734656e-05
Female,45-59,White / Caucasian,High school diploma / GED,"$56,000 to $99,999",Republican,0.0026355096880842747
Female,45-59,White / Caucasian,High school diploma / GED,"Less than $30,000",Democrat,0.0006204859167762928
Female,45-59,White / Caucasian,High school diploma / GED,"Less than $30,000",Independent,0.001787244377643147
Female,45-59,White / Caucasian,High school diploma / GED,"Less than $30,000",Other,8.250686886043821e-05
Female,45-59,White / Caucasian,High school diploma / GED,"Less than $30,000",Republican,0.0016293344998642304
Female,45-59,White / Caucasian,Less than high school,"$100,000 to $167,999",Democrat,4.428315691707187e-05
Female,45-59,White / Caucasian,Less than high school,"$100,000 to $167,999",Independent,0.00012201282858815062
Female,45-59,White / Caucasian,Less than high school,"$100,000 to $167,999",Other,6.361971281894487e-06
Female,45-59,White / Caucasian,Less than high school,"$100,000 to $167,999",Republican,8.778222265425822e-05
Female,45-59,White / Caucasian,Less than high school,"$168,000 or more",Democrat,1.3025522302100309e-05
Female,45-59,White / Caucasian,Less than high school,"$168,000 or more",Independent,3.560639353181915e-05
Female,45-59,White / Caucasian,Less than high school,"$168,000 or more",Other,1.8719682113971462e-06
Female,45-59,White / Caucasian,Less than high school,"$168,000 or more",Republican,2.3773241294888344e-05
Female,45-59,White / Caucasian,Less than high school,"$30,000 to $55,999",Democrat,0.00016127027088886563
Female,45-59,White / Caucasian,Less than high school,"$30,000 to $55,999",Independent,0.00027693713584295504
Female,45-59,White / Caucasian,Less than high school,"$30,000 to $55,999",Republican,0.00040990742996676693
Female,45-59,White / Caucasian,Less than high school,"$56,000 to $99,999",Democrat,0.00011122786906965887
Female,45-59,White / Caucasian,Less than high school,"$56,000 to $99,999",Independent,0.0003073831128655768
Female,45-59,White / Caucasian,Less than high school,"$56,000 to $99,999",Other,1.4950869914640755e-05
Female,45-59,White / Caucasian,Less than high school,"$56,000 to $99,999",Republican,0.00022966902051914349
Female,45-59,White / Caucasian,Less than high school,"Less than $30,000",Democrat,0.0002786817767628874
Female,45-59,White / Caucasian,Less than high school,"Less than $30,000",Independent,0.0009509635917476818
Female,45-59,White / Caucasian,Less than high school,"Less than $30,000",Other,9.202783918374747e-07
Female,45-59,White / Caucasian,Less than high school,"Less than $30,000",Republican,0.00043034465934360373
Female,45-59,White / Caucasian,Master's degree / Professional degree,"$100,000 to $167,999",Democrat,0.0012004940429056873
Female,45-59,White / Caucasian,Master's degree / Professional degree,"$100,000 to $167,999",Independent,0.0010125990421190648
Female,45-59,White / Caucasian,Master's degree / Professional degree,"$100,000 to $167,999",Other,0.00011141207363457426
Female,45-59,White / Caucasian,Master's degree / Professional degree,"$100,000 to $167,999",Republican,0.0012110913426368014
Female,45-59,White / Caucasian,Master's degree / Professional degree,"$168,000 or more",Democrat,0.0010538880863863282
Female,45-59,White / Caucasian,Master's degree / Professional degree,"$168,000 or more",Independent,0.0014359184149329537
Female,45-59,White / Caucasian,Master's degree / Professional degree,"$168,000 or more",Other,2.732310328658171e-05
Female,45-59,White / Caucasian,Master's degree / Professional degree,"$168,000 or more",Republican,0.0010593323281212965
Female,45-59,White / Caucasian,Master's degree / Professional degree,"$30,000 to $55,999",Democrat,0.0006383459584912143
Female,45-59,White / Caucasian,Master's degree / Professional degree,"$30,000 to $55,999",Independent,0.00026308959849586066
Female,45-59,White / Caucasian,Master's degree / Professional degree,"$30,000 to $55,999",Other,3.433682582352e-05
Female,45-59,White / Caucasian,Master's degree / Professional degree,"$30,000 to $55,999",Republican,0.0002888771156446732
Female,45-59,White / Caucasian,Master's degree / Professional degree,"$56,000 to $99,999",Democrat,0.0009604803960606291
Female,45-59,White / Caucasian,Master's degree / Professional degree,"$56,000 to $99,999",Independent,0.0008891996008750632
Female,45-59,White / Caucasian,Master's degree / Professional degree,"$56,000 to $99,999",Other,5.373885773021806e-05
Female,45-59,White / Caucasian,Master's degree / Professional degree,"$56,000 to $99,999",Republican,0.0008941034211861245
Female,45-59,White / Caucasian,Master's degree / Professional degree,"Less than $30,000",Democrat,0.0003014086553421041
Female,45-59,White / Caucasian,Master's degree / Professional degree,"Less than $30,000",Independent,0.0003661402493719789
Female,45-59,White / Caucasian,Master's degree / Professional degree,"Less than $30,000",Other,1.649412480150339e-05
Female,45-59,White / Caucasian,Master's degree / Professional degree,"Less than $30,000",Republican,0.00028186041168794913
Female,45-59,White / Caucasian,Some college or Associate's degree,"$100,000 to $167,999",Democrat,0.0011449815751295286
Female,45-59,White / Caucasian,Some college or Associate's degree,"$100,000 to $167,999",Independent,0.0014577342534079236
Female,45-59,White / Caucasian,Some college or Associate's degree,"$100,000 to $167,999",Other,0.00021439356367619438
Female,45-59,White / Caucasian,Some college or Associate's degree,"$100,000 to $167,999",Republican,0.0031549269838753906
Female,45-59,White / Caucasian,Some college or Associate's degree,"$168,000 or more",Democrat,0.0005849023595398925
Female,45-59,White / Caucasian,Some college or Associate's degree,"$168,000 or more",Independent,0.000478450295041291
Female,45-59,White / Caucasian,Some college or Associate's degree,"$168,000 or more",Other,2.410198789444101e-05
Female,45-59,White / Caucasian,Some college or Associate's degree,"$168,000 or more",Republican,0.0012052593548460048
Female,45-59,White / Caucasian,Some college or Associate's degree,"$30,000 to $55,999",Democrat,0.0016370204180806993
Female,45-59,White / Caucasian,Some college or Associate's degree,"$30,000 to $55,999",Independent,0.0013410104185023173
Female,45-59,White / Caucasian,Some college or Associate's degree,"$30,000 to $55,999",Other,0.00014626495882075143
Female,45-59,White / Caucasian,Some college or Associate's degree,"$30,000 to $55,999",Republican,0.0030864820974599878
Female,45-59,White / Caucasian,Some college or Associate's degree,"$56,000 to $99,999",Democrat,0.0015825013291504897
Female,45-59,White / Caucasian,Some college or Associate's degree,"$56,000 to $99,999",Independent,0.002682308299315687
Female,45-59,White / Caucasian,Some college or Associate's degree,"$56,000 to $99,999",Other,0.0005406382359994336
Female,45-59,White / Caucasian,Some college or Associate's degree,"$56,000 to $99,999",Republican,0.0036236054949714963
Female,45-59,White / Caucasian,Some college or Associate's degree,"Less than $30,000",Democrat,0.001509189582540756
Female,45-59,White / Caucasian,Some college or Associate's degree,"Less than $30,000",Independent,0.0025958915529632836
Female,45-59,White / Caucasian,Some college or Associate's degree,"Less than $30,000",Other,0.0002583794430157238
Female,45-59,White / Caucasian,Some college or Associate's degree,"Less than $30,000",Republican,0.001862194000717017
Female,60+,Asian / Asian American,Bachelor's degree,"$100,000 to $167,999",Democrat,0.0001902234783285735
Female,60+,Asian / Asian American,Bachelor's degree,"$100,000 to $167,999",Independent,8.428327719495996e-05
Female,60+,Asian / Asian American,Bachelor's degree,"$100,000 to $167,999",Other,3.4024831009734467e-05
Female,60+,Asian / Asian American,Bachelor's degree,"$100,000 to $167,999",Republican,0.0001533871610239554
Female,60+,Asian / Asian American,Bachelor's degree,"$168,000 or more",Democrat,0.00015475861102745374
Female,60+,Asian / Asian American,Bachelor's degree,"$168,000 or more",Independent,6.802961884143668e-05
Female,60+,Asian / Asian American,Bachelor's degree,"$168,000 or more",Other,2.769088740104287e-05
Female,60+,Asian / Asian American,Bachelor's degree,"$168,000 or more",Republican,0.00011489601506709493
Female,60+,Asian / Asian American,Bachelor's degree,"$30,000 to $55,999",Democrat,0.00018829749501878183
Female,60+,Asian / Asian American,Bachelor's degree,"$30,000 to $55,999",Independent,8.626829340343429e-05
Female,60+,Asian / Asian American,Bachelor's degree,"$30,000 to $55,999",Other,3.67261138533467e-05
Female,60+,Asian / Asian American,Bachelor's degree,"$30,000 to $55,999",Republican,0.00015907860856465415
Female,60+,Asian / Asian American,Bachelor's degree,"$56,000 to $99,999",Democrat,0.00024267549142111453
Female,60+,Asian / Asian American,Bachelor's degree,"$56,000 to $99,999",Independent,0.00014493588385755375
Female,60+,Asian / Asian American,Bachelor's degree,"$56,000 to $99,999",Republican,0.00019251831605908665
Female,60+,Asian / Asian American,Bachelor's degree,"Less than $30,000",Democrat,0.00022309157332721377
Female,60+,Asian / Asian American,Bachelor's degree,"Less than $30,000",Independent,0.00012651511280530858
Female,60+,Asian / Asian American,Bachelor's degree,"Less than $30,000",Other,4.108298248156922e-05
Female,60+,Asian / Asian American,Bachelor's degree,"Less than $30,000",Republican,0.00018334087326105962
Female,60+,Asian / Asian American,Doctorate degree / Ph.D.,"$100,000 to $167,999",Democrat,8.868138727550449e-06
Female,60+,Asian / Asian American,Doctorate degree / Ph.D.,"$100,000 to $167,999",Independent,7.075364290445315e-06
Female,60+,Asian / Asian American,Doctorate degree / Ph.D.,"$100,000 to $167,999",Republican,2.382024150324298e-06
Female,60+,Asian / Asian American,Doctorate degree / Ph.D.,"$168,000 or more",Democrat,1.4803309765825356e-05
Female,60+,Asian / Asian American,Doctorate degree / Ph.D.,"$168,000 or more",Independent,1.1717664880788387e-05
Female,60+,Asian / Asian American,Doctorate degree / Ph.D.,"$168,000 or more",Republican,3.660983415088295e-06
Female,60+,Asian / Asian American,Doctorate degree / Ph.D.,"$30,000 to $55,999",Democrat,6.979562030488067e-06
Female,60+,Asian / Asian American,Doctorate degree / Ph.D.,"$30,000 to $55,999",Independent,5.75802925864521e-06
Female,60+,Asian / Asian American,Doctorate degree / Ph.D.,"$30,000 to $55,999",Republican,1.9641932028377006e-06
Female,60+,Asian / Asian American,Doctorate degree / Ph.D.,"$56,000 to $99,999",Democrat,1.4959864613136004e-05
Female,60+,Asian / Asian American,Doctorate degree / Ph.D.,"$56,000 to $99,999",Independent,1.197135903862353e-05
Female,60+,Asian / Asian American,Doctorate degree / Ph.D.,"$56,000 to $99,999",Republican,4.185642646634192e-06
Female,60+,Asian / Asian American,Doctorate degree / Ph.D.,"Less than $30,000",Democrat,1.1229734403594713e-05
Female,60+,Asian / Asian American,Doctorate degree / Ph.D.,"Less than $30,000",Independent,1.146747381989326e-05
Female,60+,Asian / Asian American,Doctorate degree / Ph.D.,"Less than $30,000",Republican,3.0742161900036607e-06
Female,60+,Asian / Asian American,High school diploma / GED,"$100,000 to $167,999",Democrat,5.7312346773655583e-05
Female,60+,Asian / Asian American,High school diploma / GED,"$100,000 to $167,999",Independent,5.921004365835754e-05
Female,60+,Asian / Asian American,High school diploma / GED,"$100,000 to $167,999",Other,2.2681866493396655e-05
Female,60+,Asian / Asian American,High school diploma / GED,"$100,000 to $167,999",Republican,2.5716307047568437e-05
Female,60+,Asian / Asian American,High school diploma / GED,"$168,000 or more",Democrat,3.220576990439592e-05
Female,60+,Asian / Asian American,High school diploma / GED,"$168,000 or more",Independent,3.301009653083574e-05
Female,60+,Asian / Asian American,High school diploma / GED,"$168,000 or more",Other,1.2750125980427098e-05
Female,60+,Asian / Asian American,High school diploma / GED,"$168,000 or more",Republican,1.3305136940676274e-05
Female,60+,Asian / Asian American,High school diploma / GED,"$30,000 to $55,999",Democrat,7.279417091173669e-05
Female,60+,Asian / Asian American,High school diploma / GED,"$30,000 to $55,999",Independent,7.776302785351837e-05
Female,60+,Asian / Asian American,High school diploma / GED,"$30,000 to $55,999",Other,3.1414183587626195e-05
Female,60+,Asian / Asian American,High school diploma / GED,"$30,000 to $55,999",Republican,3.422152548431377e-05
Female,60+,Asian / Asian American,High school diploma / GED,"$56,000 to $99,999",Democrat,2.621600853796092e-05
Female,60+,Asian / Asian American,High school diploma / GED,"$56,000 to $99,999",Independent,0.00010180900030873107
Female,60+,Asian / Asian American,High school diploma / GED,"$56,000 to $99,999",Other,8.171942635524787e-05
Female,60+,Asian / Asian American,High school diploma / GED,"$56,000 to $99,999",Republican,2.792512239649245e-05
Female,60+,Asian / Asian American,High school diploma / GED,"Less than $30,000",Democrat,0.00022260381537437645
Female,60+,Asian / Asian American,High school diploma / GED,"Less than $30,000",Independent,0.00019213659981682024
Female,60+,Asian / Asian American,Less than high school,"$100,000 to $167,999",Democrat,5.7827728169541395e-05
Female,60+,Asian / Asian American,Less than high school,"$100,000 to $167,999",Independent,7.823431874065419e-05
Female,60+,Asian / Asian American,Less than high school,"$100,000 to $167,999",Republican,3.966124703473749e-05
Female,60+,Asian / Asian American,Less than high school,"$168,000 or more",Democrat,3.113652554232143e-05
Female,60+,Asian / Asian American,Less than high school,"$168,000 or more",Independent,4.1792393302348056e-05
Female,60+,Asian / Asian American,Less than high school,"$168,000 or more",Republican,1.966190691787248e-05
Female,60+,Asian / Asian American,Less than high school,"$30,000 to $55,999",Democrat,9.23017283647201e-05
Female,60+,Asian / Asian American,Less than high school,"$30,000 to $55,999",Independent,0.00012912203930533678
Female,60+,Asian / Asian American,Less than high school,"$30,000 to $55,999",Republican,6.632578796100047e-05
Female,60+,Asian / Asian American,Less than high school,"$56,000 to $99,999",Democrat,9.038883809814324e-05
Female,60+,Asian / Asian American,Less than high school,"$56,000 to $99,999",Independent,0.0001226522286477591
Female,60+,Asian / Asian American,Less than high school,"$56,000 to $99,999",Republican,6.45752119474112e-05
Female,60+,Asian / Asian American,Less than high school,"Less than $30,000",Democrat,0.00018214295603572326
Female,60+,Asian / Asian American,Less than high school,"Less than $30,000",Independent,0.00031539550555535815
Female,60+,Asian / Asian American,Less than high school,"Less than $30,000",Republican,0.00012731918605492844
Female,60+,Asian / Asian American,Master's degree / Professional degree,"$100,000 to $167,999",Democrat,7.537044841983279e-05
Female,60+,Asian / Asian American,Master's degree / Professional degree,"$100,000 to $167,999",Independent,5.596063855005679e-05
Female,60+,Asian / Asian American,Master's degree / Professional degree,"$100,000 to $167,999",Republican,4.124182132614675e-05
Female,60+,Asian / Asian American,Master's degree / Professional degree,"$168,000 or more",Democrat,9.027772479098307e-05
Female,60+,Asian / Asian American,Master's degree / Professional degree,"$168,000 or more",Independent,6.650098634157172e-05
Female,60+,Asian / Asian American,Master's degree / Professional degree,"$168,000 or more",Republican,4.548231849031546e-05
Female,60+,Asian / Asian American,Master's degree / Professional degree,"$30,000 to $55,999",Democrat,5.596102016722939e-05
Female,60+,Asian / Asian American,Master's degree / Professional degree,"$30,000 to $55,999",Independent,4.296319338717864e-05
Female,60+,Asian / Asian American,Master's degree / Professional degree,"$30,000 to $55,999",Republican,3.2082242027334205e-05
Female,60+,Asian / Asian American,Master's degree / Professional degree,"$56,000 to $99,999",Democrat,8.236328217536814e-05
Female,60+,Asian / Asian American,Master's degree / Professional degree,"$56,000 to $99,999",Independent,6.133589024876238e-05
Female,60+,Asian / Asian American,Master's degree / Professional degree,"$56,000 to $99,999",Republican,4.694519899264506e-05
Female,60+,Asian / Asian American,Master's degree / Professional degree,"Less than $30,000",Democrat,7.243639066272311e-05
Female,60+,Asian / Asian American,Master's degree / Professional degree,"Less than $30,000",Independent,6.883674244783997e-05
Female,60+,Asian / Asian American,Master's degree / Professional degree,"Less than $30,000",Republican,4.03965966643893e-05
Female,60+,Asian / Asian American,Some college or Associate's degree,"$100,000 to $167,999",Democrat,9.323418085011122e-05
Female,60+,Asian / Asian American,Some college or Associate's degree,"$100,000 to $167,999",Independent,7.324406645146655e-05
Female,60+,Asian / Asian American,Some college or Associate's degree,"$100,000 to $167,999",Other,6.396829054711937e-06
Female,60+,Asian / Asian American,Some college or Associate's degree,"$100,000 to $167,999",Republican,6.478214293379776e-05
Female,60+,Asian / Asian American,Some college or Associate's degree,"$168,000 or more",Democrat,6.027926280316022e-05
Female,60+,Asian / Asian American,Some college or Associate's degree,"$168,000 or more",Independent,4.698196100256005e-05
Female,60+,Asian / Asian American,Some college or Associate's degree,"$168,000 or more",Other,4.137211375886587e-06
Female,60+,Asian / Asian American,Some college or Associate's degree,"$168,000 or more",Republican,3.8563224022894565e-05
Female,60+,Asian / Asian American,Some college or Associate's degree,"$30,000 to $55,999",Democrat,0.00011867012339872127
Female,60+,Asian / Asian American,Some college or Associate's degree,"$30,000 to $55,999",Independent,9.639800618016096e-05
Female,60+,Asian / Asian American,Some college or Associate's degree,"$30,000 to $55,999",Other,8.878294668232777e-06
Female,60+,Asian / Asian American,Some college or Associate's degree,"$30,000 to $55,999",Republican,8.639008372844298e-05
Female,60+,Asian / Asian American,Some college or Associate's degree,"$56,000 to $99,999",Democrat,0.00013687002709354083
Female,60+,Asian / Asian American,Some college or Associate's degree,"$56,000 to $99,999",Independent,0.00010784626467279915
Female,60+,Asian / Asian American,Some college or Associate's degree,"$56,000 to $99,999",Other,8.786130591756008e-06
Female,60+,Asian / Asian American,Some college or Associate's degree,"$56,000 to $99,999",Republican,9.906250500141842e-05
Female,60+,Asian / Asian American,Some college or Associate's degree,"Less than $30,000",Democrat,0.00015494792843003417
Female,60+,Asian / Asian American,Some college or Associate's degree,"Less than $30,000",Independent,0.0001557991228586523
Female,60+,Asian / Asian American,Some college or Associate's degree,"Less than $30,000",Other,1.094516466496098e-05
Female,60+,Asian / Asian American,Some college or Associate's degree,"Less than $30,000",Republican,0.00010972792420194906
Female,60+,Black / African American,Bachelor's degree,"$100,000 to $167,999",Democrat,0.00024369949470420024
Female,60+,Black / African American,Bachelor's degree,"$100,000 to $167,999",Independent,3.9196282976692516e-05
Female,60+,Black / African American,Bachelor's degree,"$100,000 to $167,999",Other,1.0457848644897389e-05
Female,60+,Black / African American,Bachelor's degree,"$100,000 to $167,999",Republican,9.00725602510007e-06
Female,60+,Black / African American,Bachelor's degree,"$168,000 or more",Democrat,9.36720025863896e-05
Female,60+,Black / African American,Bachelor's degree,"$168,000 or more",Independent,1.49474111245352e-05
Female,60+,Black / African American,Bachelor's degree,"$168,000 or more",Other,4.021126359791024e-06
Female,60+,Black / African American,Bachelor's degree,"$168,000 or more",Republican,3.1876669243803825e-06
Female,60+,Black / African American,Bachelor's degree,"$30,000 to $55,999",Democrat,0.0004427232488940088
Female,60+,Black / African American,Bachelor's degree,"$30,000 to $55,999",Independent,0.00010761334936760939
Female,60+,Black / African American,Bachelor's degree,"$30,000 to $55,999",Other,4.916591741427807e-06
Female,60+,Black / African American,Bachelor's degree,"$30,000 to $55,999",Republican,5.398624747468692e-05
Female,60+,Black / African American,Bachelor's degree,"$56,000 to $99,999",Democrat,0.0005265530566828961
Female,60+,Black / African American,Bachelor's degree,"$56,000 to $99,999",Independent,5.465210566822619e-05
Female,60+,Black / African American,Bachelor's degree,"$56,000 to $99,999",Other,3.668084029539582e-05
Female,60+,Black / African American,Bachelor's degree,"Less than $30,000",Democrat,0.0006114298857217365
Female,60+,Black / African American,Bachelor's degree,"Less than $30,000",Independent,0.00012586902372005752
Female,60+,Black / African American,Bachelor's degree,"Less than $30,000",Other,2.7013529146919045e-05
Female,60+,Black / African American,Bachelor's degree,"Less than $30,000",Republican,2.303221892292289e-05
Female,60+,Black / African American,Doctorate degree / Ph.D.,"$100,000 to $167,999",Democrat,1.877670247206094e-05
Female,60+,Black / African American,Doctorate degree / Ph.D.,"$100,000 to $167,999",Independent,5.160472987610419e-06
Female,60+,Black / African American,Doctorate degree / Ph.D.,"$100,000 to $167,999",Other,1.0967664128378856e-06
Female,60+,Black / African American,Doctorate degree / Ph.D.,"$100,000 to $167,999",Republican,2.5472985976172258e-06
Female,60+,Black / African American,Doctorate degree / Ph.D.,"$168,000 or more",Democrat,1.2184127299744624e-05
Female,60+,Black / African American,Doctorate degree / Ph.D.,"$168,000 or more",Independent,3.3222363937635607e-06
Female,60+,Black / African American,Doctorate degree / Ph.D.,"$168,000 or more",Other,7.119335139997466e-07
Female,60+,Black / African American,Doctorate degree / Ph.D.,"$168,000 or more",Republican,1.5218793075627376e-06
Female,60+,Black / African American,Doctorate degree / Ph.D.,"$30,000 to $55,999",Democrat,2.820075127858525e-05
Female,60+,Black / African American,Doctorate degree / Ph.D.,"$30,000 to $55,999",Independent,8.014201019339478e-06
Female,60+,Black / African American,Doctorate degree / Ph.D.,"$30,000 to $55,999",Other,1.7961974328106978e-06
Female,60+,Black / African American,Doctorate degree / Ph.D.,"$30,000 to $55,999",Republican,4.00833084335386e-06
Female,60+,Black / African American,Doctorate degree / Ph.D.,"$56,000 to $99,999",Democrat,3.0066756833766857e-05
Female,60+,Black / African American,Doctorate degree / Ph.D.,"$56,000 to $99,999",Independent,8.288123915032746e-06
Female,60+,Black / African American,Doctorate degree / Ph.D.,"$56,000 to $99,999",Other,1.6431647819546312e-06
Female,60+,Black / African American,Doctorate degree / Ph.D.,"$56,000 to $99,999",Republican,4.2488159541561005e-06
Female,60+,Black / African American,Doctorate degree / Ph.D.,"Less than $30,000",Democrat,2.2942690845143826e-05
Female,60+,Black / African American,Doctorate degree / Ph.D.,"Less than $30,000",Independent,8.07042643079391e-06
Female,60+,Black / African American,Doctorate degree / Ph.D.,"Less than $30,000",Other,1.379704594123459e-06
Female,60+,Black / African American,Doctorate degree / Ph.D.,"Less than $30,000",Republican,3.1721675886763436e-06
Female,60+,Black / African American,High school diploma / GED,"$100,000 to $167,999",Democrat,0.00015539512026459053
Female,60+,Black / African American,High school diploma / GED,"$100,000 to $167,999",Independent,2.35251233638566e-05
Female,60+,Black / African American,High school diploma / GED,"$100,000 to $167,999",Other,7.884143043748746e-06
Female,60+,Black / African American,High school diploma / GED,"$100,000 to $167,999",Republican,1.0765758416782753e-05
Female,60+,Black / African American,High school diploma / GED,"$168,000 or more",Democrat,5.5789372551059884e-05
Female,60+,Black / African American,High school diploma / GED,"$168,000 or more",Independent,8.379380828423879e-06
Female,60+,Black / African American,High school diploma / GED,"$168,000 or more",Other,2.83151448427344e-06
Female,60+,Black / African American,High school diploma / GED,"$168,000 or more",Republican,3.558639398407995e-06
Female,60+,Black / African American,High school diploma / GED,"$30,000 to $55,999",Democrat,0.0007112282341152755
Female,60+,Black / African American,High school diploma / GED,"$30,000 to $55,999",Independent,0.00014860068627123332
Female,60+,Black / African American,High school diploma / GED,"$30,000 to $55,999",Other,7.846278454584833e-05
Female,60+,Black / African American,High school diploma / GED,"$30,000 to $55,999",Republican,2.6540263247471632e-05
Female,60+,Black / African American,High school diploma / GED,"$56,000 to $99,999",Democrat,0.0004152051091013065
Female,60+,Black / African American,High school diploma / GED,"$56,000 to $99,999",Independent,9.800625012364117e-05
Female,60+,Black / African American,High school diploma / GED,"$56,000 to $99,999",Other,3.360471623294333e-05
Female,60+,Black / African American,High school diploma / GED,"$56,000 to $99,999",Republican,5.2466897448480326e-05
Female,60+,Black / African American,High school diploma / GED,"Less than $30,000",Democrat,0.0017714059696620171
Female,60+,Black / African American,High school diploma / GED,"Less than $30,000",Independent,0.00020176254707345218
Female,60+,Black / African American,High school diploma / GED,"Less than $30,000",Other,1.2930228973761117e-06
Female,60+,Black / African American,High school diploma / GED,"Less than $30,000",Republican,0.00017266812715371457
Female,60+,Black / African American,Less than high school,"$100,000 to $167,999",Democrat,6.623817106421448e-05
Female,60+,Black / African American,Less than high school,"$100,000 to $167,999",Independent,1.4254705981918141e-05
Female,60+,Black / African American,Less than high school,"$100,000 to $167,999",Other,1.2994004442950537e-05
Female,60+,Black / African American,Less than high school,"$168,000 or more",Democrat,1.997325738225892e-05
Female,60+,Black / African American,Less than high school,"$168,000 or more",Independent,4.264466913569241e-06
Female,60+,Black / African American,Less than high school,"$168,000 or more",Other,3.919527981885728e-06
Female,60+,Black / African American,Less than high school,"$30,000 to $55,999",Democrat,0.0003140598978140889
Female,60+,Black / African American,Less than high school,"$30,000 to $55,999",Independent,6.988625773686783e-05
Female,60+,Black / African American,Less than high school,"$30,000 to $55,999",Other,6.718088784980089e-05
Female,60+,Black / African American,Less than high school,"$56,000 to $99,999",Democrat,0.00018328213649721687
Female,60+,Black / African American,Less than high school,"$56,000 to $99,999",Independent,3.956120726125915e-05
Female,60+,Black / African American,Less than high school,"$56,000 to $99,999",Other,3.3639887329592115e-05
Female,60+,Black / African American,Less than high school,"Less than $30,000",Democrat,0.0013044534148813202
Female,60+,Black / African American,Less than high school,"Less than $30,000",Independent,0.000272893324416063
Female,60+,Black / African American,Less than high school,"Less than $30,000",Other,1.3577251171213583e-06
Female,60+,Black / African American,Master's degree / Professional degree,"$100,000 to $167,999",Democrat,0.00019936352368269786
Female,60+,Black / African American,Master's degree / Professional degree,"$100,000 to $167,999",Independent,4.372453710263575e-05
Female,60+,Black / African American,Master's degree / Professional degree,"$100,000 to $167,999",Other,1.462912936742137e-06
Female,60+,Black / African American,Master's degree / Professional degree,"$100,000 to $167,999",Republican,7.615953250402274e-06
Female,60+,Black / African American,Master's degree / Professional degree,"$168,000 or more",Democrat,0.00010023951989294686
Female,60+,Black / African American,Master's degree / Professional degree,"$168,000 or more",Independent,2.1811443898869246e-05
Female,60+,Black / African American,Master's degree / Professional degree,"$168,000 or more",Other,7.358036698136177e-07
Female,60+,Black / African American,Master's degree / Professional degree,"$168,000 or more",Republican,3.5256792430894972e-06
Female,60+,Black / African American,Master's degree / Professional degree,"$30,000 to $55,999",Democrat,0.00028055197666672154
Female,60+,Black / African American,Master's degree / Professional degree,"$30,000 to $55,999",Independent,6.362418339056686e-05
Female,60+,Black / African American,Master's degree / Professional degree,"$30,000 to $55,999",Other,2.2448363589098083e-06
Female,60+,Black / African American,Master's degree / Professional degree,"$30,000 to $55,999",Republican,1.1228823407626179e-05
Female,60+,Black / African American,Master's degree / Professional degree,"$56,000 to $99,999",Democrat,0.0004002499959344646
Female,60+,Black / African American,Master's degree / Professional degree,"$56,000 to $99,999",Independent,6.161417352567902e-05
Female,60+,Black / African American,Master's degree / Professional degree,"Less than $30,000",Democrat,0.0002926413183684411
Female,60+,Black / African American,Master's degree / Professional degree,"Less than $30,000",Independent,8.214802176796073e-05
Female,60+,Black / African American,Master's degree / Professional degree,"Less than $30,000",Other,2.210830075175978e-06
Female,60+,Black / African American,Master's degree / Professional degree,"Less than $30,000",Republican,1.139371761929868e-05
Female,60+,Black / African American,Some college or Associate's degree,"$100,000 to $167,999",Democrat,0.0003169257552505687
Female,60+,Black / African American,Some college or Associate's degree,"$100,000 to $167,999",Independent,4.373776877810013e-05
Female,60+,Black / African American,Some college or Associate's degree,"$100,000 to $167,999",Other,7.16951659187239e-06
Female,60+,Black / African American,Some college or Associate's degree,"$100,000 to $167,999",Republican,2.0256980803471376e-05
Female,60+,Black / African American,Some college or Associate's degree,"$168,000 or more",Democrat,9.09187755890643e-05
Female,60+,Black / African American,Some college or Associate's degree,"$168,000 or more",Independent,1.244854483944813e-05
Female,60+,Black / African American,Some college or Associate's degree,"$168,000 or more",Other,2.0574823145630078e-06
Female,60+,Black / African American,Some college or Associate's degree,"$168,000 or more",Republican,5.350520267028966e-06
Female,60+,Black / African American,Some college or Associate's degree,"$30,000 to $55,999",Democrat,0.001075878873068111
Female,60+,Black / African American,Some college or Associate's degree,"$30,000 to $55,999",Independent,0.00018499711510335196
Female,60+,Black / African American,Some college or Associate's degree,"$30,000 to $55,999",Other,5.170588362226251e-05
Female,60+,Black / African American,Some college or Associate's degree,"$30,000 to $55,999",Republican,0.00010366340089885372
Female,60+,Black / African American,Some college or Associate's degree,"$56,000 to $99,999",Democrat,0.0008937999187008926
Female,60+,Black / African American,Some college or Associate's degree,"$56,000 to $99,999",Independent,0.00010064424622538159
Female,60+,Black / African American,Some college or Associate's degree,"$56,000 to $99,999",Republican,9.615236557880315e-05
Female,60+,Black / African American,Some college or Associate's degree,"Less than $30,000",Democrat,0.002099716843294264
Female,60+,Black / African American,Some college or Associate's degree,"Less than $30,000",Independent,0.00036292205036424566
Female,60+,Black / African American,Some college or Associate's degree,"Less than $30,000",Other,5.1419248415553214e-05
Female,60+,Black / African American,Some college or Associate's degree,"Less than $30,000",Republican,7.732341801621916e-05
Female,60+,Hispanic / Latino,Bachelor's degree,"$100,000 to $167,999",Democrat,9.657647776674068e-05
Female,60+,Hispanic / Latino,Bachelor's degree,"$100,000 to $167,999",Independent,5.7520406694561686e-05
Female,60+,Hispanic / Latino,Bachelor's degree,"$100,000 to $167,999",Other,1.593107446667374e-05
Female,60+,Hispanic / Latino,Bachelor's degree,"$100,000 to $167,999",Republican,6.501762472606349e-05
Female,60+,Hispanic / Latino,Bachelor's degree,"$168,000 or more",Democrat,4.600847439397413e-05
Female,60+,Hispanic / Latino,Bachelor's degree,"$168,000 or more",Independent,2.7186564956188826e-05
Female,60+,Hispanic / Latino,Bachelor's degree,"$168,000 or more",Other,7.592096687120192e-06
Female,60+,Hispanic / Latino,Bachelor's degree,"$168,000 or more",Republican,2.851824674634724e-05
Female,60+,Hispanic / Latino,Bachelor's degree,"$30,000 to $55,999",Democrat,0.00014558611787342295
Female,60+,Hispanic / Latino,Bachelor's degree,"$30,000 to $55,999",Independent,8.966024479346103e-05
Female,60+,Hispanic / Latino,Bachelor's degree,"$30,000 to $55,999",Other,2.618739183378607e-05
Female,60+,Hispanic / Latino,Bachelor's degree,"$30,000 to $55,999",Republican,0.00010268855749870904
Female,60+,Hispanic / Latino,Bachelor's degree,"$56,000 to $99,999",Democrat,0.00016386471143225266
Female,60+,Hispanic / Latino,Bachelor's degree,"$56,000 to $99,999",Independent,9.788936003020598e-05
Female,60+,Hispanic / Latino,Bachelor's degree,"$56,000 to $99,999",Other,2.5290584013684777e-05
Female,60+,Hispanic / Latino,Bachelor's degree,"$56,000 to $99,999",Republican,0.00011491215701821329
Female,60+,Hispanic / Latino,Bachelor's degree,"Less than $30,000",Democrat,0.00020743783878998182
Female,60+,Hispanic / Latino,Bachelor's degree,"Less than $30,000",Independent,0.00015813227182578726
Female,60+,Hispanic / Latino,Bachelor's degree,"Less than $30,000",Other,3.522967399057443e-05
Female,60+,Hispanic / Latino,Bachelor's degree,"Less than $30,000",Republican,0.00014233082113745746
Female,60+,Hispanic / Latino,Doctorate degree / Ph.D.,"$100,000 to $167,999",Democrat,8.156158072101659e-06
Female,60+,Hispanic / Latino,Doctorate degree / Ph.D.,"$100,000 to $167,999",Independent,1.0721926629676644e-05
Female,60+,Hispanic / Latino,Doctorate degree / Ph.D.,"$100,000 to $167,999",Other,1.3445446541803212e-06
Female,60+,Hispanic / Latino,Doctorate degree / Ph.D.,"$100,000 to $167,999",Republican,3.6731384933552374e-06
Female,60+,Hispanic / Latino,Doctorate degree / Ph.D.,"$168,000 or more",Democrat,6.837054031747224e-06
Female,60+,Hispanic / Latino,Doctorate degree / Ph.D.,"$168,000 or more",Independent,8.917069018491822e-06
Female,60+,Hispanic / Latino,Doctorate degree / Ph.D.,"$168,000 or more",Other,1.1274798797470212e-06
Female,60+,Hispanic / Latino,Doctorate degree / Ph.D.,"$168,000 or more",Republican,2.8349534608358827e-06
Female,60+,Hispanic / Latino,Doctorate degree / Ph.D.,"$30,000 to $55,999",Democrat,6.678981200985956e-06
Female,60+,Hispanic / Latino,Doctorate degree / Ph.D.,"$30,000 to $55,999",Independent,9.078765255006404e-06
Female,60+,Hispanic / Latino,Doctorate degree / Ph.D.,"$30,000 to $55,999",Other,1.200600148721136e-06
Female,60+,Hispanic / Latino,Doctorate degree / Ph.D.,"$30,000 to $55,999",Republican,3.1514051534784978e-06
Female,60+,Hispanic / Latino,Doctorate degree / Ph.D.,"$56,000 to $99,999",Democrat,7.535711718731982e-06
Female,60+,Hispanic / Latino,Doctorate degree / Ph.D.,"$56,000 to $99,999",Independent,9.935985265943971e-06
Female,60+,Hispanic / Latino,Doctorate degree / Ph.D.,"$56,000 to $99,999",Other,1.1622875545308883e-06
Female,60+,Hispanic / Latino,Doctorate degree / Ph.D.,"$56,000 to $99,999",Republican,3.5350596585974147e-06
Female,60+,Hispanic / Latino,Doctorate degree / Ph.D.,"Less than $30,000",Democrat,7.929106539116603e-06
Female,60+,Hispanic / Latino,Doctorate degree / Ph.D.,"Less than $30,000",Independent,1.3341153946972559e-05
Female,60+,Hispanic / Latino,Doctorate degree / Ph.D.,"Less than $30,000",Other,1.345738847258196e-06
Female,60+,Hispanic / Latino,Doctorate degree / Ph.D.,"Less than $30,000",Republican,3.639377964547976e-06
Female,60+,Hispanic / Latino,High school diploma / GED,"$100,000 to $167,999",Democrat,0.00015884550306096207
Female,60+,Hispanic / Latino,High school diploma / GED,"$100,000 to $167,999",Independent,2.9516131025437238e-05
Female,60+,Hispanic / Latino,High school diploma / GED,"$100,000 to $167,999",Other,4.7879109830460075e-06
Female,60+,Hispanic / Latino,High school diploma / GED,"$100,000 to $167,999",Republican,0.00010140525511728942
Female,60+,Hispanic / Latino,High school diploma / GED,"$168,000 or more",Democrat,5.304813377637234e-05
Female,60+,Hispanic / Latino,High school diploma / GED,"$168,000 or more",Independent,9.779587447576719e-06
Female,60+,Hispanic / Latino,High school diploma / GED,"$168,000 or more",Other,1.599526521135855e-06
Female,60+,Hispanic / Latino,High school diploma / GED,"$168,000 or more",Republican,3.118034384714391e-05
Female,60+,Hispanic / Latino,High school diploma / GED,"$30,000 to $55,999",Democrat,0.0004867307556111263
Female,60+,Hispanic / Latino,High school diploma / GED,"$30,000 to $55,999",Independent,4.744455514886001e-05
Female,60+,Hispanic / Latino,High school diploma / GED,"$30,000 to $55,999",Other,3.2389379552687434e-05
Female,60+,Hispanic / Latino,High school diploma / GED,"$30,000 to $55,999",Republican,0.00020942860280698356
Female,60+,Hispanic / Latino,High school diploma / GED,"$56,000 to $99,999",Democrat,0.00026646130063825876
Female,60+,Hispanic / Latino,High school diploma / GED,"$56,000 to $99,999",Independent,7.99378463184829e-05
Female,60+,Hispanic / Latino,High school diploma / GED,"$56,000 to $99,999",Other,1.2481278895667765e-05
Female,60+,Hispanic / Latino,High school diploma / GED,"$56,000 to $99,999",Republican,0.00026914157284148814
Female,60+,Hispanic / Latino,High school diploma / GED,"Less than $30,000",Democrat,0.0007174907558821858
Female,60+,Hispanic / Latino,High school diploma / GED,"Less than $30,000",Independent,0.00022657703494464982
Female,60+,Hispanic / Latino,High school diploma / GED,"Less than $30,000",Other,4.208770875728277e-06
Female,60+,Hispanic / Latino,High school diploma / GED,"Less than $30,000",Republican,0.0004013245807721657
Female,60+,Hispanic / Latino,Less than high school,"$100,000 to $167,999",Democrat,0.00021702605325094748
Female,60+,Hispanic / Latino,Less than high school,"$100,000 to $167,999",Independent,7.513156248862414e-05
Female,60+,Hispanic / Latino,Less than high school,"$100,000 to $167,999",Republican,5.211206615013811e-05
Female,60+,Hispanic / Latino,Less than high school,"$168,000 or more",Democrat,5.951535303817322e-05
Female,60+,Hispanic / Latino,Less than high school,"$168,000 or more",Independent,2.0441157361105235e-05
Female,60+,Hispanic / Latino,Less than high school,"$168,000 or more",Republican,1.3157721401226077e-05
Female,60+,Hispanic / Latino,Less than high school,"$30,000 to $55,999",Democrat,0.000697140663309712
Female,60+,Hispanic / Latino,Less than high school,"$30,000 to $55,999",Independent,0.00024955158495048316
Female,60+,Hispanic / Latino,Less than high school,"$30,000 to $55,999",Republican,0.00017538368293159115
Female,60+,Hispanic / Latino,Less than high school,"$56,000 to $99,999",Democrat,0.0005731851327120328
Female,60+,Hispanic / Latino,Less than high school,"$56,000 to $99,999",Independent,0.00019902376207316043
Female,60+,Hispanic / Latino,Less than high school,"$56,000 to $99,999",Republican,0.0001433646699348676
Female,60+,Hispanic / Latino,Less than high school,"Less than $30,000",Democrat,0.0015471226138904991
Female,60+,Hispanic / Latino,Less than high school,"Less than $30,000",Independent,0.0010461312168095025
Female,60+,Hispanic / Latino,Less than high school,"Less than $30,000",Republican,3.7931984111414294e-05
Female,60+,Hispanic / Latino,Master's degree / Professional degree,"$100,000 to $167,999",Democrat,0.00010520960850130036
Female,60+,Hispanic / Latino,Master's degree / Professional degree,"$100,000 to $167,999",Independent,2.7958844332191307e-05
Female,60+,Hispanic / Latino,Master's degree / Professional degree,"$100,000 to $167,999",Other,1.7350528287892602e-07
Female,60+,Hispanic / Latino,Master's degree / Professional degree,"$100,000 to $167,999",Republican,2.7938297191404823e-05
Female,60+,Hispanic / Latino,Master's degree / Professional degree,"$168,000 or more",Democrat,6.771539026322764e-05
Female,60+,Hispanic / Latino,Master's degree / Professional degree,"$168,000 or more",Independent,1.7853243010833007e-05
Female,60+,Hispanic / Latino,Master's degree / Professional degree,"$168,000 or more",Other,1.1171072649179887e-07
Female,60+,Hispanic / Latino,Master's degree / Professional degree,"$168,000 or more",Republican,1.6556066665711395e-05
Female,60+,Hispanic / Latino,Master's degree / Professional degree,"$30,000 to $55,999",Democrat,0.00011796434572442046
Female,60+,Hispanic / Latino,Master's degree / Professional degree,"$30,000 to $55,999",Independent,3.2414844588435605e-05
Female,60+,Hispanic / Latino,Master's degree / Professional degree,"$30,000 to $55,999",Other,2.1213222001694e-07
Female,60+,Hispanic / Latino,Master's degree / Professional degree,"$30,000 to $55,999",Republican,3.281992936467738e-05
Female,60+,Hispanic / Latino,Master's degree / Professional degree,"$56,000 to $99,999",Democrat,0.00014425141425720636
Female,60+,Hispanic / Latino,Master's degree / Professional degree,"$56,000 to $99,999",Independent,3.8448850221647516e-05
Female,60+,Hispanic / Latino,Master's degree / Professional degree,"$56,000 to $99,999",Other,2.225753644593234e-07
Female,60+,Hispanic / Latino,Master's degree / Professional degree,"$56,000 to $99,999",Republican,3.9901149756107285e-05
Female,60+,Hispanic / Latino,Master's degree / Professional degree,"Less than $30,000",Democrat,0.0001567338957562357
Female,60+,Hispanic / Latino,Master's degree / Professional degree,"Less than $30,000",Independent,5.331000036213087e-05
Female,60+,Hispanic / Latino,Master's degree / Professional degree,"Less than $30,000",Other,2.6611365902559107e-07
Female,60+,Hispanic / Latino,Master's degree / Professional degree,"Less than $30,000",Republican,4.241883095589105e-05
Female,60+,Hispanic / Latino,Some college or Associate's degree,"$100,000 to $167,999",Democrat,0.0001643755029434144
Female,60+,Hispanic / Latino,Some college or Associate's degree,"$100,000 to $167,999",Independent,7.138584845787344e-05
Female,60+,Hispanic / Latino,Some college or Associate's degree,"$100,000 to $167,999",Other,1.4183578491393839e-05
Female,60+,Hispanic / Latino,Some college or Associate's degree,"$100,000 to $167,999",Republican,0.00010150312133463305
Female,60+,Hispanic / Latino,Some college or Associate's degree,"$168,000 or more",Democrat,6.55178308490623e-05
Female,60+,Hispanic / Latino,Some college or Associate's degree,"$168,000 or more",Independent,2.8229322851672344e-05
Female,60+,Hispanic / Latino,Some college or Associate's degree,"$168,000 or more",Other,5.655336152457662e-06
Female,60+,Hispanic / Latino,Some college or Associate's degree,"$168,000 or more",Republican,3.725006764415569e-05
Female,60+,Hispanic / Latino,Some college or Associate's degree,"$30,000 to $55,999",Democrat,0.0004254140067253607
Female,60+,Hispanic / Latino,Some college or Associate's degree,"$30,000 to $55,999",Independent,0.00025097528127690353
Female,60+,Hispanic / Latino,Some college or Associate's degree,"$30,000 to $55,999",Other,6.904818452287466e-06
Female,60+,Hispanic / Latino,Some college or Associate's degree,"$30,000 to $55,999",Republican,0.00016675898674884762
Female,60+,Hispanic / Latino,Some college or Associate's degree,"$56,000 to $99,999",Democrat,0.00040627708019502377
Female,60+,Hispanic / Latino,Some college or Associate's degree,"$56,000 to $99,999",Independent,7.189214140064176e-05
Female,60+,Hispanic / Latino,Some college or Associate's degree,"$56,000 to $99,999",Other,8.196727489132162e-05
Female,60+,Hispanic / Latino,Some college or Associate's degree,"$56,000 to $99,999",Republican,0.00027091566393879066
Female,60+,Hispanic / Latino,Some college or Associate's degree,"Less than $30,000",Democrat,0.0006888122836469225
Female,60+,Hispanic / Latino,Some college or Associate's degree,"Less than $30,000",Independent,8.076911560834669e-05
Female,60+,Hispanic / Latino,Some college or Associate's degree,"Less than $30,000",Other,2.1937856069618267e-05
Female,60+,Hispanic / Latino,Some college or Associate's degree,"Less than $30,000",Republican,0.0005611303410748565
Female,60+,Other,Bachelor's degree,"$100,000 to $167,999",Democrat,1.8874881104975025e-05
Female,60+,Other,Bachelor's degree,"$100,000 to $167,999",Independent,2.0278329843674802e-05
Female,60+,Other,Bachelor's degree,"$100,000 to $167,999",Other,6.925289312170332e-07
Female,60+,Other,Bachelor's degree,"$100,000 to $167,999",Republican,1.8909160283841485e-05
Female,60+,Other,Bachelor's degree,"$168,000 or more",Democrat,1.1179977936765722e-05
Female,60+,Other,Bachelor's degree,"$168,000 or more",Independent,1.1916667559389317e-05
Female,60+,Other,Bachelor's degree,"$168,000 or more",Other,4.103409271382951e-07
Female,60+,Other,Bachelor's degree,"$168,000 or more",Republican,1.0312268624975939e-05
Female,60+,Other,Bachelor's degree,"$30,000 to $55,999",Democrat,3.2251061409054985e-05
Female,60+,Other,Bachelor's degree,"$30,000 to $55,999",Independent,3.5827898849545895e-05
Female,60+,Other,Bachelor's degree,"$30,000 to $55,999",Other,1.2903165995491168e-06
Female,60+,Other,Bachelor's degree,"$30,000 to $55,999",Republican,3.385122435643915e-05
Female,60+,Other,Bachelor's degree,"$56,000 to $99,999",Democrat,3.5038786924134645e-05
Female,60+,Other,Bachelor's degree,"$56,000 to $99,999",Independent,3.7756913613094455e-05
Female,60+,Other,Bachelor's degree,"$56,000 to $99,999",Other,1.20282507739959e-06
Female,60+,Other,Bachelor's degree,"$56,000 to $99,999",Republican,3.656435212882768e-05
Female,60+,Other,Bachelor's degree,"Less than $30,000",Democrat,4.8924897969745275e-05
Female,60+,Other,Bachelor's degree,"Less than $30,000",Independent,6.72759489568437e-05
Female,60+,Other,Bachelor's degree,"Less than $30,000",Other,1.8481216945655415e-06
Female,60+,Other,Bachelor's degree,"Less than $30,000",Republican,4.995387534591048e-05
Female,60+,Other,Doctorate degree / Ph.D.,"$100,000 to $167,999",Democrat,1.3431865867655483e-06
Female,60+,Other,Doctorate degree / Ph.D.,"$100,000 to $167,999",Independent,1.4219329291545825e-06
Female,60+,Other,Doctorate degree / Ph.D.,"$100,000 to $167,999",Other,4.383250283361872e-07
Female,60+,Other,Doctorate degree / Ph.D.,"$100,000 to $167,999",Republican,6.123355774609444e-07
Female,60+,Other,Doctorate degree / Ph.D.,"$168,000 or more",Democrat,2.6025500214249587e-06
Female,60+,Other,Doctorate degree / Ph.D.,"$168,000 or more",Independent,2.733428826546937e-06
Female,60+,Other,Doctorate degree / Ph.D.,"$168,000 or more",Other,8.495896265241592e-07
Female,60+,Other,Doctorate degree / Ph.D.,"$168,000 or more",Republican,1.0923894190975798e-06
Female,60+,Other,Doctorate degree / Ph.D.,"$30,000 to $55,999",Democrat,2.5765012753544078e-06
Female,60+,Other,Doctorate degree / Ph.D.,"$30,000 to $55,999",Independent,2.820346684398879e-06
Female,60+,Other,Doctorate degree / Ph.D.,"$30,000 to $55,999",Other,9.168300950814657e-07
Female,60+,Other,Doctorate degree / Ph.D.,"$30,000 to $55,999",Republican,1.2306253563217152e-06
Female,60+,Other,Doctorate degree / Ph.D.,"$56,000 to $99,999",Democrat,3.1555961205356783e-06
Female,60+,Other,Doctorate degree / Ph.D.,"$56,000 to $99,999",Independent,3.350608183542964e-06
Female,60+,Other,Doctorate degree / Ph.D.,"$56,000 to $99,999",Other,9.634763353560768e-07
Female,60+,Other,Doctorate degree / Ph.D.,"$56,000 to $99,999",Republican,1.4984952221845352e-06
Female,60+,Other,Doctorate degree / Ph.D.,"Less than $30,000",Democrat,7.660085852573338e-06
Female,60+,Other,Doctorate degree / Ph.D.,"Less than $30,000",Independent,1.0379067780229448e-05
Female,60+,Other,Doctorate degree / Ph.D.,"Less than $30,000",Other,2.5735967550218755e-06
Female,60+,Other,Doctorate degree / Ph.D.,"Less than $30,000",Republican,3.5590822346426508e-06
Female,60+,Other,High school diploma / GED,"$100,000 to $167,999",Democrat,8.46737603918283e-06
Female,60+,Other,High school diploma / GED,"$100,000 to $167,999",Independent,1.1037728157438555e-05
Female,60+,Other,High school diploma / GED,"$100,000 to $167,999",Other,2.4699576446462897e-06
Female,60+,Other,High school diploma / GED,"$100,000 to $167,999",Republican,1.8833311679402245e-05
Female,60+,Other,High school diploma / GED,"$168,000 or more",Democrat,3.828487461567018e-06
Female,60+,Other,High school diploma / GED,"$168,000 or more",Independent,4.9513541956511935e-06
Female,60+,Other,High school diploma / GED,"$168,000 or more",Other,1.1171669519845186e-06
Female,60+,Other,High school diploma / GED,"$168,000 or more",Republican,7.840257524359123e-06
Female,60+,Other,High school diploma / GED,"$30,000 to $55,999",Democrat,2.816325089050538e-05
Female,60+,Other,High school diploma / GED,"$30,000 to $55,999",Independent,3.796146807840192e-05
Female,60+,Other,High school diploma / GED,"$30,000 to $55,999",Other,8.958226071725777e-06
Female,60+,Other,High school diploma / GED,"$30,000 to $55,999",Republican,6.56300871469665e-05
Female,60+,Other,High school diploma / GED,"$56,000 to $99,999",Democrat,2.125523186036045e-05
Female,60+,Other,High school diploma / GED,"$56,000 to $99,999",Independent,2.7790487111976626e-05
Female,60+,Other,High school diploma / GED,"$56,000 to $99,999",Other,5.80104481655384e-06
Female,60+,Other,High school diploma / GED,"$56,000 to $99,999",Republican,4.9245266866366076e-05
Female,60+,Other,High school diploma / GED,"Less than $30,000",Democrat,5.949883647727895e-05
Female,60+,Other,High school diploma / GED,"Less than $30,000",Independent,6.984538898510756e-05
Female,60+,Other,High school diploma / GED,"Less than $30,000",Other,1.0719961945223004e-05
Female,60+,Other,High school diploma / GED,"Less than $30,000",Republican,0.00013849726890523539
Female,60+,Other,Less than high school,"$100,000 to $167,999",Democrat,6.125794687044027e-07
Female,60+,Other,Less than high school,"$100,000 to $167,999",Independent,5.350986302612903e-06
Female,60+,Other,Less than high school,"$100,000 to $167,999",Other,3.6032988569293992e-06
Female,60+,Other,Less than high school,"$100,000 to $167,999",Republican,7.53535137506008e-06
Female,60+,Other,Less than high school,"$168,000 or more",Democrat,3.6595371660339673e-07
Female,60+,Other,Less than high school,"$168,000 or more",Independent,3.1714910035406096e-06
Female,60+,Other,Less than high school,"$168,000 or more",Other,2.153347901821845e-06
Female,60+,Other,Less than high school,"$168,000 or more",Republican,4.144694131287723e-06
Female,60+,Other,Less than high school,"$30,000 to $55,999",Democrat,2.8284257292812623e-06
Female,60+,Other,Less than high school,"$30,000 to $55,999",Independent,2.5547331923539043e-05
Female,60+,Other,Less than high school,"$30,000 to $55,999",Other,1.8141834545942248e-05
Female,60+,Other,Less than high school,"$30,000 to $55,999",Republican,3.6452574080228135e-05
Female,60+,Other,Less than high school,"$56,000 to $99,999",Democrat,1.867264727335259e-06
Female,60+,Other,Less than high school,"$56,000 to $99,999",Independent,1.6359753730826675e-05
Female,60+,Other,Less than high school,"$56,000 to $99,999",Other,1.0276458099991264e-05
Female,60+,Other,Less than high school,"$56,000 to $99,999",Republican,2.392587156509096e-05
Female,60+,Other,Less than high school,"Less than $30,000",Democrat,7.527888494952956e-06
Female,60+,Other,Less than high school,"Less than $30,000",Independent,8.416403057915381e-05
Female,60+,Other,Less than high school,"Less than $30,000",Other,4.5588779400390044e-05
Female,60+,Other,Less than high school,"Less than $30,000",Republican,9.437685214056503e-05
Female,60+,Other,Master's degree / Professional degree,"$100,000 to $167,999",Democrat,1.5151594683390586e-05
Female,60+,Other,Master's degree / Professional degree,"$100,000 to $167,999",Independent,1.0457469750555176e-05
Female,60+,Other,Master's degree / Professional degree,"$100,000 to $167,999",Other,7.322085983411248e-06
Female,60+,Other,Master's degree / Professional degree,"$100,000 to $167,999",Republican,5.662622494042863e-06
Female,60+,Other,Master's degree / Professional degree,"$168,000 or more",Democrat,1.1685557106224489e-05
Female,60+,Other,Master's degree / Professional degree,"$168,000 or more",Independent,8.001724862450852e-06
Female,60+,Other,Master's degree / Professional degree,"$168,000 or more",Other,5.649058793525634e-06
Female,60+,Other,Master's degree / Professional degree,"$168,000 or more",Republican,4.020998769869319e-06
Female,60+,Other,Master's degree / Professional degree,"$30,000 to $55,999",Democrat,1.890835521841887e-05
Female,60+,Other,Master's degree / Professional degree,"$30,000 to $55,999",Independent,1.349433210807258e-05
Female,60+,Other,Master's degree / Professional degree,"$30,000 to $55,999",Other,9.963887341014932e-06
Female,60+,Other,Master's degree / Professional degree,"$30,000 to $55,999",Republican,7.403811764492813e-06
Female,60+,Other,Master's degree / Professional degree,"$56,000 to $99,999",Democrat,2.7527530245788957e-05
Female,60+,Other,Master's degree / Professional degree,"$56,000 to $99,999",Independent,1.905614230399512e-05
Female,60+,Other,Master's degree / Professional degree,"$56,000 to $99,999",Other,1.244639111706762e-05
Female,60+,Other,Master's degree / Professional degree,"$56,000 to $99,999",Republican,1.0716360533993487e-05
Female,60+,Other,Master's degree / Professional degree,"Less than $30,000",Democrat,3.107505926387649e-05
Female,60+,Other,Master's degree / Professional degree,"Less than $30,000",Independent,2.745125372810833e-05
Female,60+,Other,Master's degree / Professional degree,"Less than $30,000",Other,1.5460921880336698e-05
Female,60+,Other,Master's degree / Professional degree,"Less than $30,000",Republican,1.183647730875424e-05
Female,60+,Other,Some college or Associate's degree,"$100,000 to $167,999",Democrat,2.2207608628152e-05
Female,60+,Other,Some college or Associate's degree,"$100,000 to $167,999",Independent,2.800253288945e-05
Female,60+,Other,Some college or Associate's degree,"$100,000 to $167,999",Other,6.350165376565798e-06
Female,60+,Other,Some college or Associate's degree,"$100,000 to $167,999",Republican,2.7843946871948542e-05
Female,60+,Other,Some college or Associate's degree,"$168,000 or more",Democrat,7.481063911250939e-06
Female,60+,Other,Some college or Associate's degree,"$168,000 or more",Independent,9.358899959935756e-06
Female,60+,Other,Some college or Associate's degree,"$168,000 or more",Other,2.139916354067249e-06
Female,60+,Other,Some college or Associate's degree,"$168,000 or more",Republican,8.636099128825994e-06
Female,60+,Other,Some college or Associate's degree,"$30,000 to $55,999",Democrat,5.07121124659999e-05
Female,60+,Other,Some college or Associate's degree,"$30,000 to $55,999",Independent,5.59523671818842e-05
Female,60+,Other,Some college or Associate's degree,"$30,000 to $55,999",Other,4.163194014128596e-05
Female,60+,Other,Some college or Associate's degree,"$30,000 to $55,999",Republican,0.0001014430114792803
Female,60+,Other,Some college or Associate's degree,"$56,000 to $99,999",Democrat,6.605884945913233e-05
Female,60+,Other,Some college or Associate's degree,"$56,000 to $99,999",Independent,7.285928517693942e-05
Female,60+,Other,Some college or Associate's degree,"$56,000 to $99,999",Other,1.0644457853284908e-05
Female,60+,Other,Some college or Associate's degree,"$56,000 to $99,999",Republican,5.567099248699912e-05
Female,60+,Other,Some college or Associate's degree,"Less than $30,000",Democrat,0.00015364234451098948
Female,60+,Other,Some college or Associate's degree,"Less than $30,000",Independent,0.0001692271384846838
Female,60+,Other,Some college or Associate's degree,"Less than $30,000",Other,1.2201081584662625e-05
Female,60+,Other,Some college or Associate's degree,"Less than $30,000",Republican,0.00010995075611679627
Female,60+,White / Caucasian,Bachelor's degree,"$100,000 to $167,999",Democrat,0.0012888559790502378
Female,60+,White / Caucasian,Bachelor's degree,"$100,000 to $167,999",Independent,0.0008446956335555376
Female,60+,White / Caucasian,Bachelor's degree,"$100,000 to $167,999",Other,3.169201028878386e-05
Female,60+,White / Caucasian,Bachelor's degree,"$100,000 to $167,999",Republican,0.0015664605507865724
Female,60+,White / Caucasian,Bachelor's degree,"$168,000 or more",Democrat,0.0008684186861279727
Female,60+,White / Caucasian,Bachelor's degree,"$168,000 or more",Independent,0.00044783798843401603
Female,60+,White / Caucasian,Bachelor's degree,"$168,000 or more",Other,3.674671911237939e-05
Female,60+,White / Caucasian,Bachelor's degree,"$168,000 or more",Republican,0.000952085142134952
Female,60+,White / Caucasian,Bachelor's degree,"$30,000 to $55,999",Democrat,0.002135318001850446
Female,60+,White / Caucasian,Bachelor's degree,"$30,000 to $55,999",Independent,0.0013731843381525023
Female,60+,White / Caucasian,Bachelor's degree,"$30,000 to $55,999",Other,0.00022150437469196279
Female,60+,White / Caucasian,Bachelor's degree,"$30,000 to $55,999",Republican,0.0021662974160228657
Female,60+,White / Caucasian,Bachelor's degree,"$56,000 to $99,999",Democrat,0.0021317505148474047
Female,60+,White / Caucasian,Bachelor's degree,"$56,000 to $99,999",Independent,0.0015022182328895605
Female,60+,White / Caucasian,Bachelor's degree,"$56,000 to $99,999",Other,0.00017393473636515558
Female,60+,White / Caucasian,Bachelor's degree,"$56,000 to $99,999",Republican,0.0029069112545728835
Female,60+,White / Caucasian,Bachelor's degree,"Less than $30,000",Democrat,0.001977955383933957
Female,60+,White / Caucasian,Bachelor's degree,"Less than $30,000",Independent,0.0011292471588887328
Female,60+,White / Caucasian,Bachelor's degree,"Less than $30,000",Other,0.00017684631874198708
Female,60+,White / Caucasian,Bachelor's degree,"Less than $30,000",Republican,0.002809573506218301
Female,60+,White / Caucasian,Doctorate degree / Ph.D.,"$100,000 to $167,999",Democrat,0.00014279404357124315
Female,60+,White / Caucasian,Doctorate degree / Ph.D.,"$100,000 to $167,999",Independent,5.876103458148424e-05
Female,60+,White / Caucasian,Doctorate degree / Ph.D.,"$100,000 to $167,999",Republican,0.00013049246424057823
Female,60+,White / Caucasian,Doctorate degree / Ph.D.,"$168,000 or more",Democrat,0.00016471843075338994
Female,60+,White / Caucasian,Doctorate degree / Ph.D.,"$168,000 or more",Independent,8.8835248006208e-05
Female,60+,White / Caucasian,Doctorate degree / Ph.D.,"$168,000 or more",Other,9.648617952029231e-07
Female,60+,White / Caucasian,Doctorate degree / Ph.D.,"$168,000 or more",Republican,6.851334047960763e-05
Female,60+,White / Caucasian,Doctorate degree / Ph.D.,"$30,000 to $55,999",Democrat,0.0001297132095034826
Female,60+,White / Caucasian,Doctorate degree / Ph.D.,"$30,000 to $55,999",Independent,7.291061776163619e-05
Female,60+,White / Caucasian,Doctorate degree / Ph.D.,"$30,000 to $55,999",Other,8.282386683277378e-07
Female,60+,White / Caucasian,Doctorate degree / Ph.D.,"$30,000 to $55,999",Republican,6.139517616769278e-05
Female,60+,White / Caucasian,Doctorate degree / Ph.D.,"$56,000 to $99,999",Democrat,0.00017919948648219435
Female,60+,White / Caucasian,Doctorate degree / Ph.D.,"$56,000 to $99,999",Independent,9.77042444102346e-05
Female,60+,White / Caucasian,Doctorate degree / Ph.D.,"$56,000 to $99,999",Other,9.81768735966996e-07
Female,60+,White / Caucasian,Doctorate degree / Ph.D.,"$56,000 to $99,999",Republican,8.432672949095907e-05
Female,60+,White / Caucasian,Doctorate degree / Ph.D.,"Less than $30,000",Democrat,0.0001174082917735645
Female,60+,White / Caucasian,Doctorate degree / Ph.D.,"Less than $30,000",Independent,8.168793518581337e-05
Female,60+,White / Caucasian,Doctorate degree / Ph.D.,"Less than $30,000",Other,7.078128310194345e-07
Female,60+,White / Caucasian,Doctorate degree / Ph.D.,"Less than $30,000",Republican,5.4057717220589804e-05
Female,60+,White / Caucasian,High school diploma / GED,"$100,000 to $167,999",Democrat,0.00043776871690394674
Female,60+,White / Caucasian,High school diploma / GED,"$100,000 to $167,999",Independent,0.00036605433756833357
Female,60+,White / Caucasian,High school diploma / GED,"$100,000 to $167,999",Republican,0.0011678976342423888
Female,60+,White / Caucasian,High school diploma / GED,"$168,000 or more",Democrat,0.00018938583306280833
Female,60+,White / Caucasian,High school diploma / GED,"$168,000 or more",Independent,0.00013447661761039888
Female,60+,White / Caucasian,High school diploma / GED,"$168,000 or more",Other,2.0851871509523298e-05
Female,60+,White / Caucasian,High school diploma / GED,"$168,000 or more",Republican,0.0003642386027811718
Female,60+,White / Caucasian,High school diploma / GED,"$30,000 to $55,999",Democrat,0.00206788893159277
Female,60+,White / Caucasian,High school diploma / GED,"$30,000 to $55,999",Independent,0.0016393179515353825
Female,60+,White / Caucasian,High school diploma / GED,"$30,000 to $55,999",Other,0.0004534989141344843
Female,60+,White / Caucasian,High school diploma / GED,"$30,000 to $55,999",Republican,0.004320034933241893
Female,60+,White / Caucasian,High school diploma / GED,"$56,000 to $99,999",Democrat,0.0017016837196992575
Female,60+,White / Caucasian,High school diploma / GED,"$56,000 to $99,999",Independent,0.0008232593309961463
Female,60+,White / Caucasian,High school diploma / GED,"$56,000 to $99,999",Other,0.00011329369077274603
Female,60+,White / Caucasian,High school diploma / GED,"$56,000 to $99,999",Republican,0.003311601747555137
Female,60+,White / Caucasian,High school diploma / GED,"Less than $30,000",Democrat,0.0030137374639297933
Female,60+,White / Caucasian,High school diploma / GED,"Less than $30,000",Independent,0.003236564288773606
Female,60+,White / Caucasian,High school diploma / GED,"Less than $30,000",Other,0.0002182972948953171
Female,60+,White / Caucasian,High school diploma / GED,"Less than $30,000",Republican,0.00618393171939405
Female,60+,White / Caucasian,Less than high school,"$100,000 to $167,999",Democrat,4.78285531438815e-05
Female,60+,White / Caucasian,Less than high school,"$100,000 to $167,999",Independent,0.0001016617979584576
Female,60+,White / Caucasian,Less than high school,"$100,000 to $167,999",Other,1.430203126115443e-05
Female,60+,White / Caucasian,Less than high school,"$100,000 to $167,999",Republican,0.00018004104722357038
Female,60+,White / Caucasian,Less than high school,"$168,000 or more",Democrat,1.7290448562346733e-05
Female,60+,White / Caucasian,Less than high school,"$168,000 or more",Independent,3.646218769602991e-05
Female,60+,White / Caucasian,Less than high school,"$168,000 or more",Other,5.172100226473931e-06
Female,60+,White / Caucasian,Less than high school,"$168,000 or more",Republican,5.9926070348910706e-05
Female,60+,White / Caucasian,Less than high school,"$30,000 to $55,999",Democrat,0.00024101636249726648
Female,60+,White / Caucasian,Less than high school,"$30,000 to $55,999",Independent,0.00040181987173115616
Female,60+,White / Caucasian,Less than high school,"$30,000 to $55,999",Other,0.00022077119503684234
Female,60+,White / Caucasian,Less than high school,"$30,000 to $55,999",Republican,0.0011473741584790494
Female,60+,White / Caucasian,Less than high school,"$56,000 to $99,999",Democrat,7.560885874720307e-05
Female,60+,White / Caucasian,Less than high school,"$56,000 to $99,999",Independent,8.96307252301116e-05
Female,60+,White / Caucasian,Less than high school,"$56,000 to $99,999",Republican,0.0009636830756340428
Female,60+,White / Caucasian,Less than high school,"Less than $30,000",Democrat,0.0006569516613929502
Female,60+,White / Caucasian,Less than high school,"Less than $30,000",Independent,0.0019848706381690507
Female,60+,White / Caucasian,Less than high school,"Less than $30,000",Other,0.0001319919285326177
Female,60+,White / Caucasian,Less than high school,"Less than $30,000",Republican,0.0020910882262272067
Female,60+,White / Caucasian,Master's degree / Professional degree,"$100,000 to $167,999",Democrat,0.0012032157699488452
Female,60+,White / Caucasian,Master's degree / Professional degree,"$100,000 to $167,999",Independent,0.0006396571672711158
Female,60+,White / Caucasian,Master's degree / Professional degree,"$100,000 to $167,999",Other,0.0001259135000804724
Female,60+,White / Caucasian,Master's degree / Professional degree,"$100,000 to $167,999",Republican,0.0010045794825003147
Female,60+,White / Caucasian,Master's degree / Professional degree,"$168,000 or more",Democrat,0.0010903107260071348
Female,60+,White / Caucasian,Master's degree / Professional degree,"$168,000 or more",Independent,0.00023165836640496177
Female,60+,White / Caucasian,Master's degree / Professional degree,"$168,000 or more",Other,1.3727312931623039e-05
Female,60+,White / Caucasian,Master's degree / Professional degree,"$168,000 or more",Republican,0.0007242102558834581
Female,60+,White / Caucasian,Master's degree / Professional degree,"$30,000 to $55,999",Democrat,0.0012697060164240988
Female,60+,White / Caucasian,Master's degree / Professional degree,"$30,000 to $55,999",Independent,0.0008265024319920438
Female,60+,White / Caucasian,Master's degree / Professional degree,"$30,000 to $55,999",Other,0.00011542346205882619
Female,60+,White / Caucasian,Master's degree / Professional degree,"$30,000 to $55,999",Republican,0.0010897382216806127
Female,60+,White / Caucasian,Master's degree / Professional degree,"$56,000 to $99,999",Democrat,0.0019014833965582134
Female,60+,White / Caucasian,Master's degree / Professional degree,"$56,000 to $99,999",Independent,0.0010120206347858983
Female,60+,White / Caucasian,Master's degree / Professional degree,"$56,000 to $99,999",Other,8.823567766356462e-05
Female,60+,White / Caucasian,Master's degree / Professional degree,"$56,000 to $99,999",Republican,0.0016530523421726439
Female,60+,White / Caucasian,Master's degree / Professional degree,"Less than $30,000",Democrat,0.001014226723726512
Female,60+,White / Caucasian,Master's degree / Professional degree,"Less than $30,000",Independent,0.0007636150732054257
Female,60+,White / Caucasian,Master's degree / Professional degree,"Less than $30,000",Other,0.00017805858530534348
Female,60+,White / Caucasian,Master's degree / Professional degree,"Less than $30,000",Republican,0.0010766227446897673
Female,60+,White / Caucasian,Some college or Associate's degree,"$100,000 to $167,999",Democrat,0.0011187629070834987
Female,60+,White / Caucasian,Some college or Associate's degree,"$100,000 to $167,999",Independent,0.0007905782069250333
Female,60+,White / Caucasian,Some college or Associate's degree,"$100,000 to $167,999",Other,0.00018289887494727327
Female,60+,White / Caucasian,Some college or Associate's degree,"$100,000 to $167,999",Republican,0.0017689304666247566
Female,60+,White / Caucasian,Some college or Associate's degree,"$168,000 or more",Democrat,0.0004481384948357773
Female,60+,White / Caucasian,Some college or Associate's degree,"$168,000 or more",Independent,0.00029291930963855773
Female,60+,White / Caucasian,Some college or Associate's degree,"$168,000 or more",Other,2.9753040492693936e-05
Female,60+,White / Caucasian,Some college or Associate's degree,"$168,000 or more",Republican,0.0007512226812074327
Female,60+,White / Caucasian,Some college or Associate's degree,"$30,000 to $55,999",Democrat,0.0030877691270233894
Female,60+,White / Caucasian,Some college or Associate's degree,"$30,000 to $55,999",Independent,0.002531301015169474
Female,60+,White / Caucasian,Some college or Associate's degree,"$30,000 to $55,999",Other,0.0004934125282967997
Female,60+,White / Caucasian,Some college or Associate's degree,"$30,000 to $55,999",Republican,0.004853376577018288
Female,60+,White / Caucasian,Some college or Associate's degree,"$56,000 to $99,999",Democrat,0.00284693388177431
Female,60+,White / Caucasian,Some college or Associate's degree,"$56,000 to $99,999",Independent,0.0018345983631927066
Female,60+,White / Caucasian,Some college or Associate's degree,"$56,000 to $99,999",Other,0.00014276716367457305
Female,60+,White / Caucasian,Some college or Associate's degree,"$56,000 to $99,999",Republican,0.004607371869097728
Female,60+,White / Caucasian,Some college or Associate's degree,"Less than $30,000",Democrat,0.004277599514688568
Female,60+,White / Caucasian,Some college or Associate's degree,"Less than $30,000",Independent,0.0034608046429082297
Female,60+,White / Caucasian,Some college or Associate's degree,"Less than $30,000",Other,0.00039017722237718266
Female,60+,White / Caucasian,Some college or Associate's degree,"Less than $30,000",Republican,0.005493477540185577
Male,18-29,Asian / Asian American,Bachelor's degree,"$100,000 to $167,999",Democrat,0.00010955224350286687
Male,18-29,Asian / Asian American,Bachelor's degree,"$100,000 to $167,999",Independent,0.00022048851022937735
Male,18-29,Asian / Asian American,Bachelor's degree,"$100,000 to $167,999",Other,1.2263502382725512e-06
Male,18-29,Asian / Asian American,Bachelor's degree,"$100,000 to $167,999",Republican,4.983529119492011e-05
Male,18-29,Asian / Asian American,Bachelor's degree,"$168,000 or more",Democrat,8.227646526122889e-05
Male,18-29,Asian / Asian American,Bachelor's degree,"$168,000 or more",Independent,0.00016428814720936867
Male,18-29,Asian / Asian American,Bachelor's degree,"$168,000 or more",Other,9.2133816517559e-07
Male,18-29,Asian / Asian American,Bachelor's degree,"$168,000 or more",Republican,3.446010546284828e-05
Male,18-29,Asian / Asian American,Bachelor's degree,"$30,000 to $55,999",Democrat,8.953369724438026e-05
Male,18-29,Asian / Asian American,Bachelor's degree,"$30,000 to $55,999",Independent,0.00018632905226729512
Male,18-29,Asian / Asian American,Bachelor's degree,"$30,000 to $55,999",Other,1.0928947464661586e-06
Male,18-29,Asian / Asian American,Bachelor's degree,"$30,000 to $55,999",Republican,4.2672156753196395e-05
Male,18-29,Asian / Asian American,Bachelor's degree,"$56,000 to $99,999",Democrat,0.0001407552508507726
Male,18-29,Asian / Asian American,Bachelor's degree,"$56,000 to $99,999",Independent,0.00028413763300041777
Male,18-29,Asian / Asian American,Bachelor's degree,"$56,000 to $99,999",Other,1.4742039291422888e-06
Male,18-29,Asian / Asian American,Bachelor's degree,"$56,000 to $99,999",Republican,6.669620627223516e-05
Male,18-29,Asian / Asian American,Bachelor's degree,"Less than $30,000",Democrat,0.00015560913039979244
Male,18-29,Asian / Asian American,Bachelor's degree,"Less than $30,000",Independent,0.0004008498343297935
Male,18-29,Asian / Asian American,Bachelor's degree,"Less than $30,000",Other,1.7933921297141654e-06
Male,18-29,Asian / Asian American,Bachelor's degree,"Less than $30,000",Republican,7.214430246693521e-05
Male,18-29,Asian / Asian American,Doctorate degree / Ph.D.,"$100,000 to $167,999",Democrat,6.962502048888975e-06
Male,18-29,Asian / Asian American,Doctorate degree / Ph.D.,"$100,000 to $167,999",Independent,4.352527260441923e-06
Male,18-29,Asian / Asian American,Doctorate degree / Ph.D.,"$100,000 to $167,999",Republican,1.7356341571754054e-06
Male,18-29,Asian / Asian American,Doctorate degree / Ph.D.,"$168,000 or more",Democrat,3.8932443198914325e-06
Male,18-29,Asian / Asian American,Doctorate degree / Ph.D.,"$168,000 or more",Independent,2.414647511267351e-06
Male,18-29,Asian / Asian American,Doctorate degree / Ph.D.,"$168,000 or more",Republican,8.935724357826081e-07
Male,18-29,Asian / Asian American,Doctorate degree / Ph.D.,"$30,000 to $55,999",Democrat,1.0217385398445424e-05
Male,18-29,Asian / Asian American,Doctorate degree / Ph.D.,"$30,000 to $55,999",Independent,6.6045815655767034e-06
Male,18-29,Asian / Asian American,Doctorate degree / Ph.D.,"$30,000 to $55,999",Republican,2.6685477489278504e-06
Male,18-29,Asian / Asian American,Doctorate degree / Ph.D.,"$56,000 to $99,999",Democrat,9.948829609053994e-06
Male,18-29,Asian / Asian American,Doctorate degree / Ph.D.,"$56,000 to $99,999",Independent,6.238032350013961e-06
Male,18-29,Asian / Asian American,Doctorate degree / Ph.D.,"$56,000 to $99,999",Republican,2.583364262887753e-06
Male,18-29,Asian / Asian American,Doctorate degree / Ph.D.,"Less than $30,000",Democrat,6.0794330853825855e-06
Male,18-29,Asian / Asian American,Doctorate degree / Ph.D.,"Less than $30,000",Independent,4.8643094117229415e-06
Male,18-29,Asian / Asian American,Doctorate degree / Ph.D.,"Less than $30,000",Republican,1.5445685005624122e-06
Male,18-29,Asian / Asian American,High school diploma / GED,"$100,000 to $167,999",Democrat,3.104530474764114e-05
Male,18-29,Asian / Asian American,High school diploma / GED,"$100,000 to $167,999",Independent,4.921569170916266e-05
Male,18-29,Asian / Asian American,High school diploma / GED,"$100,000 to $167,999",Other,7.861216153256524e-09
Male,18-29,Asian / Asian American,High school diploma / GED,"$100,000 to $167,999",Republican,1.6083602330004956e-05
Male,18-29,Asian / Asian American,High school diploma / GED,"$168,000 or more",Democrat,1.6426336147396653e-05
Male,18-29,Asian / Asian American,High school diploma / GED,"$168,000 or more",Independent,2.5835346530566645e-05
Male,18-29,Asian / Asian American,High school diploma / GED,"$168,000 or more",Other,4.160875380519673e-09
Male,18-29,Asian / Asian American,High school diploma / GED,"$168,000 or more",Republican,7.835259012000946e-06
Male,18-29,Asian / Asian American,High school diploma / GED,"$30,000 to $55,999",Democrat,3.7105271975410195e-05
Male,18-29,Asian / Asian American,High school diploma / GED,"$30,000 to $55,999",Independent,6.0823674618484777e-05
Male,18-29,Asian / Asian American,High school diploma / GED,"$30,000 to $55,999",Other,1.0245378451294929e-08
Male,18-29,Asian / Asian American,High school diploma / GED,"$30,000 to $55,999",Republican,2.0140273734699577e-05
Male,18-29,Asian / Asian American,High school diploma / GED,"$56,000 to $99,999",Democrat,4.378282207286622e-05
Male,18-29,Asian / Asian American,High school diploma / GED,"$56,000 to $99,999",Independent,6.96162912689386e-05
Male,18-29,Asian / Asian American,High school diploma / GED,"$56,000 to $99,999",Other,1.037283039692117e-08
Male,18-29,Asian / Asian American,High school diploma / GED,"$56,000 to $99,999",Republican,2.3627183400943513e-05
Male,18-29,Asian / Asian American,High school diploma / GED,"Less than $30,000",Democrat,4.81903776549428e-05
Male,18-29,Asian / Asian American,High school diploma / GED,"Less than $30,000",Independent,9.777997935594141e-05
Male,18-29,Asian / Asian American,High school diploma / GED,"Less than $30,000",Other,1.2563223331998891e-08
Male,18-29,Asian / Asian American,High school diploma / GED,"Less than $30,000",Republican,2.5444795664228682e-05
Male,18-29,Asian / Asian American,Less than high school,"$100,000 to $167,999",Democrat,1.1749352476829305e-05
Male,18-29,Asian / Asian American,Less than high school,"$100,000 to $167,999",Independent,1.5959738347703796e-05
Male,18-29,Asian / Asian American,Less than high school,"$168,000 or more",Democrat,7.698307630705994e-06
Male,18-29,Asian / Asian American,Less than high school,"$168,000 or more",Independent,1.0374639516061695e-05
Male,18-29,Asian / Asian American,Less than high school,"$30,000 to $55,999",Democrat,2.2007536331403356e-05
Male,18-29,Asian / Asian American,Less than high school,"$30,000 to $55,999",Independent,3.09109697955359e-05
Male,18-29,Asian / Asian American,Less than high school,"$56,000 to $99,999",Democrat,1.875853733877347e-05
Male,18-29,Asian / Asian American,Less than high school,"$56,000 to $99,999",Independent,2.5557023500669156e-05
Male,18-29,Asian / Asian American,Less than high school,"Less than $30,000",Democrat,1.813067692436501e-05
Male,18-29,Asian / Asian American,Less than high school,"Less than $30,000",Independent,3.1521566996488645e-05
Male,18-29,Asian / Asian American,Master's degree / Professional degree,"$100,000 to $167,999",Democrat,8.581129020448647e-05
Male,18-29,Asian / Asian American,Master's degree / Professional degree,"$100,000 to $167,999",Independent,5.427860723178514e-05
Male,18-29,Asian / Asian American,Master's degree / Professional degree,"$100,000 to $167,999",Other,6.2055818303370275e-06
Male,18-29,Asian / Asian American,Master's degree / Professional degree,"$100,000 to $167,999",Republican,1.5162484143369255e-05
Male,18-29,Asian / Asian American,Master's degree / Professional degree,"$168,000 or more",Democrat,7.745951045397861e-05
Male,18-29,Asian / Asian American,Master's degree / Professional degree,"$168,000 or more",Independent,4.860992271389078e-05
Male,18-29,Asian / Asian American,Master's degree / Professional degree,"$168,000 or more",Other,5.603546951592437e-06
Male,18-29,Asian / Asian American,Master's degree / Professional degree,"$168,000 or more",Republican,1.260160690957479e-05
Male,18-29,Asian / Asian American,Master's degree / Professional degree,"$30,000 to $55,999",Democrat,7.190253621744672e-05
Male,18-29,Asian / Asian American,Master's degree / Professional degree,"$30,000 to $55,999",Independent,4.702814428429386e-05
Male,18-29,Asian / Asian American,Master's degree / Professional degree,"$30,000 to $55,999",Other,5.669971293458462e-06
Male,18-29,Asian / Asian American,Master's degree / Professional degree,"$30,000 to $55,999",Republican,1.3311055306029443e-05
Male,18-29,Asian / Asian American,Master's degree / Professional degree,"$56,000 to $99,999",Democrat,0.00010710794597357397
Male,18-29,Asian / Asian American,Master's degree / Professional degree,"$56,000 to $99,999",Independent,6.795249703229583e-05
Male,18-29,Asian / Asian American,Master's degree / Professional degree,"$56,000 to $99,999",Other,7.2470203560762634e-06
Male,18-29,Asian / Asian American,Master's degree / Professional degree,"$56,000 to $99,999",Republican,1.9713712602167682e-05
Male,18-29,Asian / Asian American,Master's degree / Professional degree,"Less than $30,000",Democrat,0.00010499137599099237
Male,18-29,Asian / Asian American,Master's degree / Professional degree,"Less than $30,000",Independent,8.50001782558245e-05
Male,18-29,Asian / Asian American,Master's degree / Professional degree,"Less than $30,000",Other,7.81697354906764e-06
Male,18-29,Asian / Asian American,Master's degree / Professional degree,"Less than $30,000",Republican,1.8907355676639732e-05
Male,18-29,Asian / Asian American,Some college or Associate's degree,"$100,000 to $167,999",Democrat,7.438923635594699e-05
Male,18-29,Asian / Asian American,Some college or Associate's degree,"$100,000 to $167,999",Independent,0.00011272799237460897
Male,18-29,Asian / Asian American,Some college or Associate's degree,"$100,000 to $167,999",Other,7.839920049602133e-07
Male,18-29,Asian / Asian American,Some college or Associate's degree,"$100,000 to $167,999",Republican,8.350572078939503e-05
Male,18-29,Asian / Asian American,Some college or Associate's degree,"$168,000 or more",Democrat,3.8614235702058436e-05
Male,18-29,Asian / Asian American,Some college or Associate's degree,"$168,000 or more",Independent,5.805438576149996e-05
Male,18-29,Asian / Asian American,Some college or Associate's degree,"$168,000 or more",Other,4.070981875035541e-07
Male,18-29,Asian / Asian American,Some college or Associate's degree,"$168,000 or more",Republican,3.9909733173528006e-05
Male,18-29,Asian / Asian American,Some college or Associate's degree,"$30,000 to $55,999",Democrat,0.00010297251785282429
Male,18-29,Asian / Asian American,Some college or Associate's degree,"$30,000 to $55,999",Independent,0.0001613512644261718
Male,18-29,Asian / Asian American,Some college or Associate's degree,"$30,000 to $55,999",Other,1.1833724138372598e-06
Male,18-29,Asian / Asian American,Some college or Associate's degree,"$30,000 to $55,999",Republican,0.00012110715755649941
Male,18-29,Asian / Asian American,Some college or Associate's degree,"$56,000 to $99,999",Democrat,0.00017520143764585718
Male,18-29,Asian / Asian American,Some college or Associate's degree,"$56,000 to $99,999",Independent,0.00019147327196405235
Male,18-29,Asian / Asian American,Some college or Associate's degree,"$56,000 to $99,999",Other,4.396340504128527e-06
Male,18-29,Asian / Asian American,Some college or Associate's degree,"$56,000 to $99,999",Republican,2.7772933594078423e-05
Male,18-29,Asian / Asian American,Some college or Associate's degree,"Less than $30,000",Democrat,0.00019781245207478647
Male,18-29,Asian / Asian American,Some college or Associate's degree,"Less than $30,000",Independent,0.00026204160120760905
Male,18-29,Asian / Asian American,Some college or Associate's degree,"Less than $30,000",Other,1.719126042209077e-06
Male,18-29,Asian / Asian American,Some college or Associate's degree,"Less than $30,000",Republican,0.00022607850477610942
Male,18-29,Black / African American,Bachelor's degree,"$100,000 to $167,999",Democrat,0.00019907389439693948
Male,18-29,Black / African American,Bachelor's degree,"$100,000 to $167,999",Independent,0.00010007603156950452
Male,18-29,Black / African American,Bachelor's degree,"$100,000 to $167,999",Other,1.1396479116136546e-05
Male,18-29,Black / African American,Bachelor's degree,"$100,000 to $167,999",Republican,3.783721186481834e-05
Male,18-29,Black / African American,Bachelor's degree,"$168,000 or more",Democrat,7.810489739881256e-05
Male,18-29,Black / African American,Bachelor's degree,"$168,000 or more",Independent,3.8954707562198536e-05
Male,18-29,Black / African American,Bachelor's degree,"$168,000 or more",Other,4.4728552624796855e-06
Male,18-29,Black / African American,Bachelor's degree,"$168,000 or more",Republican,1.36681058355869e-05
Male,18-29,Black / African American,Bachelor's degree,"$30,000 to $55,999",Democrat,0.00027165783036363345
Male,18-29,Black / African American,Bachelor's degree,"$30,000 to $55,999",Independent,0.00014121061996844915
Male,18-29,Black / African American,Bachelor's degree,"$30,000 to $55,999",Other,1.695809992131629e-05
Male,18-29,Black / African American,Bachelor's degree,"$30,000 to $55,999",Republican,5.4096528037557864e-05
Male,18-29,Black / African American,Bachelor's degree,"$56,000 to $99,999",Democrat,0.00028566477124121795
Male,18-29,Black / African American,Bachelor's degree,"$56,000 to $99,999",Independent,0.00014403628600874523
Male,18-29,Black / African American,Bachelor's degree,"$56,000 to $99,999",Other,1.530075240367906e-05
Male,18-29,Black / African American,Bachelor's degree,"$56,000 to $99,999",Republican,5.655647092645762e-05
Male,18-29,Black / African American,Bachelor's degree,"Less than $30,000",Democrat,0.00014632447875231725
Male,18-29,Black / African American,Bachelor's degree,"Less than $30,000",Independent,0.00017375224116133453
Male,18-29,Black / African American,Bachelor's degree,"Less than $30,000",Republican,3.442679037786737e-05
Male,18-29,Black / African American,Doctorate degree / Ph.D.,"$100,000 to $167,999",Democrat,1.4112202214501153e-06
Male,18-29,Black / African American,Doctorate degree / Ph.D.,"$100,000 to $167,999",Independent,4.245733160407105e-07
Male,18-29,Black / African American,Doctorate degree / Ph.D.,"$100,000 to $167,999",Other,7.770259509058425e-08
Male,18-29,Black / African American,Doctorate degree / Ph.D.,"$100,000 to $167,999",Republican,2.0104230518792435e-07
Male,18-29,Black / African American,Doctorate degree / Ph.D.,"$168,000 or more",Democrat,1.1670679970602048e-06
Male,18-29,Black / African American,Doctorate degree / Ph.D.,"$168,000 or more",Independent,3.4835334427531723e-07
Male,18-29,Black / African American,Doctorate degree / Ph.D.,"$168,000 or more",Other,6.428166024206353e-08
Male,18-29,Black / African American,Doctorate degree / Ph.D.,"$168,000 or more",Republican,1.5307845737711146e-07
Male,18-29,Black / African American,Doctorate degree / Ph.D.,"$30,000 to $55,999",Democrat,8.836869459773482e-06
Male,18-29,Black / African American,Doctorate degree / Ph.D.,"$30,000 to $55,999",Independent,2.7490694612950493e-06
Male,18-29,Black / African American,Doctorate degree / Ph.D.,"$30,000 to $55,999",Other,5.305639620855037e-07
Male,18-29,Black / African American,Doctorate degree / Ph.D.,"$30,000 to $55,999",Republican,1.3189655563483817e-06
Male,18-29,Black / African American,Doctorate degree / Ph.D.,"$56,000 to $99,999",Democrat,2.259388790676729e-06
Male,18-29,Black / African American,Doctorate degree / Ph.D.,"$56,000 to $99,999",Independent,6.817864106084126e-07
Male,18-29,Black / African American,Doctorate degree / Ph.D.,"$56,000 to $99,999",Other,1.1639422092122885e-07
Male,18-29,Black / African American,Doctorate degree / Ph.D.,"$56,000 to $99,999",Republican,3.352775207251206e-07
Male,18-29,Black / African American,Doctorate degree / Ph.D.,"Less than $30,000",Democrat,1.6356228537951427e-06
Male,18-29,Black / African American,Doctorate degree / Ph.D.,"Less than $30,000",Independent,6.298295321892944e-07
Male,18-29,Black / African American,Doctorate degree / Ph.D.,"Less than $30,000",Other,9.271944910587046e-08
Male,18-29,Black / African American,Doctorate degree / Ph.D.,"Less than $30,000",Republican,2.3748001800872173e-07
Male,18-29,Black / African American,High school diploma / GED,"$100,000 to $167,999",Democrat,0.00013458343134949916
Male,18-29,Black / African American,High school diploma / GED,"$100,000 to $167,999",Independent,0.00015868354868502597
Male,18-29,Black / African American,High school diploma / GED,"$100,000 to $167,999",Other,1.019118354136913e-05
Male,18-29,Black / African American,High school diploma / GED,"$100,000 to $167,999",Republican,3.2908759496872726e-05
Male,18-29,Black / African American,High school diploma / GED,"$168,000 or more",Democrat,3.30031348150135e-05
Male,18-29,Black / African American,High school diploma / GED,"$168,000 or more",Independent,3.860658790569203e-05
Male,18-29,Black / African American,High school diploma / GED,"$168,000 or more",Other,2.49999080893559e-06
Male,18-29,Black / African American,High school diploma / GED,"$168,000 or more",Republican,7.430197551160303e-06
Male,18-29,Black / African American,High school diploma / GED,"$30,000 to $55,999",Democrat,0.0006855995332661154
Male,18-29,Black / African American,High school diploma / GED,"$30,000 to $55,999",Independent,0.00028446443991503865
Male,18-29,Black / African American,High school diploma / GED,"$30,000 to $55,999",Republican,8.340669360799612e-05
Male,18-29,Black / African American,High school diploma / GED,"$56,000 to $99,999",Democrat,0.00032772304083031654
Male,18-29,Black / African American,High school diploma / GED,"$56,000 to $99,999",Independent,0.00041991825286234546
Male,18-29,Black / African American,High school diploma / GED,"$56,000 to $99,999",Republican,5.895400285009069e-05
Male,18-29,Black / African American,High school diploma / GED,"Less than $30,000",Democrat,0.0005051888955774306
Male,18-29,Black / African American,High school diploma / GED,"Less than $30,000",Independent,0.0006137968453372558
Male,18-29,Black / African American,High school diploma / GED,"Less than $30,000",Other,7.873238284980872e-05
Male,18-29,Black / African American,High school diploma / GED,"Less than $30,000",Republican,0.00012877483491139402
Male,18-29,Black / African American,Less than high school,"$100,000 to $167,999",Democrat,1.327392309470512e-05
Male,18-29,Black / African American,Less than high school,"$100,000 to $167,999",Independent,5.534186594057126e-05
Male,18-29,Black / African American,Less than high school,"$100,000 to $167,999",Other,1.4512431038602253e-05
Male,18-29,Black / African American,Less than high school,"$100,000 to $167,999",Republican,3.2654269479294586e-07
Male,18-29,Black / African American,Less than high school,"$168,000 or more",Democrat,3.4197723770586527e-06
Male,18-29,Black / African American,Less than high school,"$168,000 or more",Independent,1.4145477753776047e-05
Male,18-29,Black / African American,Less than high school,"$168,000 or more",Other,3.740143489973593e-06
Male,18-29,Black / African American,Less than high school,"$168,000 or more",Republican,7.745743794606358e-08
Male,18-29,Black / African American,Less than high school,"$30,000 to $55,999",Democrat,5.467880124442155e-05
Male,18-29,Black / African American,Less than high school,"$30,000 to $55,999",Independent,0.00023572348570912152
Male,18-29,Black / African American,Less than high school,"$30,000 to $55,999",Other,6.518661537460022e-05
Male,18-29,Black / African American,Less than high school,"$30,000 to $55,999",Republican,1.4092953224733902e-06
Male,18-29,Black / African American,Less than high school,"$56,000 to $99,999",Democrat,3.9978438273851756e-05
Male,18-29,Black / African American,Less than high school,"$56,000 to $99,999",Independent,0.00016717825643872738
Male,18-29,Black / African American,Less than high school,"$56,000 to $99,999",Other,4.089464212286037e-05
Male,18-29,Black / African American,Less than high school,"$56,000 to $99,999",Republican,1.0244418274019803e-06
Male,18-29,Black / African American,Less than high school,"Less than $30,000",Democrat,0.00010023607397987882
Male,18-29,Black / African American,Less than high school,"Less than $30,000",Independent,0.0005324771978212386
Male,18-29,Black / African American,Less than high school,"Less than $30,000",Republican,5.0587630179228294e-06
Male,18-29,Black / African American,Master's degree / Professional degree,"$100,000 to $167,999",Democrat,1.369497895986541e-05
Male,18-29,Black / African American,Master's degree / Professional degree,"$100,000 to $167,999",Independent,2.5543979554368628e-05
Male,18-29,Black / African American,Master's degree / Professional degree,"$100,000 to $167,999",Other,5.423222760010551e-06
Male,18-29,Black / African American,Master's degree / Professional degree,"$100,000 to $167,999",Republican,3.073285234403559e-06
Male,18-29,Black / African American,Master's degree / Professional degree,"$168,000 or more",Democrat,6.001203234888844e-06
Male,18-29,Black / African American,Master's degree / Professional degree,"$168,000 or more",Independent,1.1105329337268785e-05
Male,18-29,Black / African American,Master's degree / Professional degree,"$168,000 or more",Other,2.37730334322494e-06
Male,18-29,Black / African American,Master's degree / Professional degree,"$168,000 or more",Republican,1.239952610220605e-06
Male,18-29,Black / African American,Master's degree / Professional degree,"$30,000 to $55,999",Democrat,2.0743459764370765e-05
Male,18-29,Black / African American,Master's degree / Professional degree,"$30,000 to $55,999",Independent,4.0007162551681884e-05
Male,18-29,Black / African American,Master's degree / Professional degree,"$30,000 to $55,999",Other,8.957273663102983e-06
Male,18-29,Black / African American,Master's degree / Professional degree,"$30,000 to $55,999",Republican,4.8771379948009135e-06
Male,18-29,Black / African American,Master's degree / Professional degree,"$56,000 to $99,999",Democrat,1.8947441442759436e-05
Male,18-29,Black / African American,Master's degree / Professional degree,"$56,000 to $99,999",Independent,3.544681576444306e-05
Male,18-29,Black / African American,Master's degree / Professional degree,"$56,000 to $99,999",Other,7.020149534448101e-06
Male,18-29,Black / African American,Master's degree / Professional degree,"$56,000 to $99,999",Republican,4.429073380442451e-06
Male,18-29,Black / African American,Master's degree / Professional degree,"Less than $30,000",Democrat,1.6072718614897614e-05
Male,18-29,Black / African American,Master's degree / Professional degree,"Less than $30,000",Independent,3.837058986575108e-05
Male,18-29,Black / African American,Master's degree / Professional degree,"Less than $30,000",Other,6.552882121578087e-06
Male,18-29,Black / African American,Master's degree / Professional degree,"Less than $30,000",Republican,3.6760556744470184e-06
Male,18-29,Black / African American,Some college or Associate's degree,"$100,000 to $167,999",Democrat,0.0002470362499999349
Male,18-29,Black / African American,Some college or Associate's degree,"$100,000 to $167,999",Independent,0.00028524287754944387
Male,18-29,Black / African American,Some college or Associate's degree,"$100,000 to $167,999",Other,6.0597476790191193e-05
Male,18-29,Black / African American,Some college or Associate's degree,"$100,000 to $167,999",Republican,7.243213616942011e-05
Male,18-29,Black / African American,Some college or Associate's degree,"$168,000 or more",Democrat,7.436405755552353e-05
Male,18-29,Black / African American,Some college or Associate's degree,"$168,000 or more",Independent,8.518892155620858e-05
Male,18-29,Black / African American,Some college or Associate's degree,"$168,000 or more",Other,1.824765769395415e-05
Male,18-29,Black / African American,Some college or Associate's degree,"$168,000 or more",Republican,2.007515643761284e-05
Male,18-29,Black / African American,Some college or Associate's degree,"$30,000 to $55,999",Democrat,0.00026237683794543367
Male,18-29,Black / African American,Some college or Associate's degree,"$30,000 to $55,999",Independent,0.0006067257573193896
Male,18-29,Black / African American,Some college or Associate's degree,"$30,000 to $55,999",Other,0.00018665371597542001
Male,18-29,Black / African American,Some college or Associate's degree,"$30,000 to $55,999",Republican,0.0004809929323899707
Male,18-29,Black / African American,Some college or Associate's degree,"$56,000 to $99,999",Democrat,0.0008611589698473405
Male,18-29,Black / African American,Some college or Associate's degree,"$56,000 to $99,999",Independent,0.0003278136197428554
Male,18-29,Black / African American,Some college or Associate's degree,"$56,000 to $99,999",Other,0.00021937224587493086
Male,18-29,Black / African American,Some college or Associate's degree,"$56,000 to $99,999",Republican,8.170208286918337e-05
Male,18-29,Black / African American,Some college or Associate's degree,"Less than $30,000",Democrat,0.0004850304893662073
Male,18-29,Black / African American,Some college or Associate's degree,"Less than $30,000",Independent,0.0010396566103016128
Male,18-29,Black / African American,Some college or Associate's degree,"Less than $30,000",Other,0.00011774002355757925
Male,18-29,Black / African American,Some college or Associate's degree,"Less than $30,000",Republican,9.384437974288028e-05
Male,18-29,Hispanic / Latino,Bachelor's degree,"$100,000 to $167,999",Democrat,0.00021451064502071992
Male,18-29,Hispanic / Latino,Bachelor's degree,"$100,000 to $167,999",Independent,0.00017318300252281349
Male,18-29,Hispanic / Latino,Bachelor's degree,"$100,000 to $167,999",Other,7.86813137799793e-05
Male,18-29,Hispanic / Latino,Bachelor's degree,"$100,000 to $167,999",Republican,0.0001274761319997018
Male,18-29,Hispanic / Latino,Bachelor's degree,"$168,000 or more",Democrat,9.468719915973253e-05
Male,18-29,Hispanic / Latino,Bachelor's degree,"$168,000 or more",Independent,7.584266858471199e-05
Male,18-29,Hispanic / Latino,Bachelor's degree,"$168,000 or more",Other,3.4742752037857335e-05
Male,18-29,Hispanic / Latino,Bachelor's degree,"$168,000 or more",Republican,5.1807967095361875e-05
Male,18-29,Hispanic / Latino,Bachelor's degree,"$30,000 to $55,999",Democrat,0.00012008256485872276
Male,18-29,Hispanic / Latino,Bachelor's degree,"$30,000 to $55,999",Independent,0.00023004869526662843
Male,18-29,Hispanic / Latino,Bachelor's degree,"$30,000 to $55,999",Other,6.994744668401514e-06
Male,18-29,Hispanic / Latino,Bachelor's degree,"$30,000 to $55,999",Republican,0.0002633299062892554
Male,18-29,Hispanic / Latino,Bachelor's degree,"$56,000 to $99,999",Democrat,0.00027076889658717566
Male,18-29,Hispanic / Latino,Bachelor's degree,"$56,000 to $99,999",Independent,6.21233496214391e-05
Male,18-29,Hispanic / Latino,Bachelor's degree,"$56,000 to $99,999",Other,0.000352037847156986
Male,18-29,Hispanic / Latino,Bachelor's degree,"$56,000 to $99,999",Republican,0.00010962564549733349
Male,18-29,Hispanic / Latino,Bachelor's degree,"Less than $30,000",Democrat,0.00016887070860606478
Male,18-29,Hispanic / Latino,Bachelor's degree,"Less than $30,000",Independent,0.00017449889746162613
Male,18-29,Hispanic / Latino,Bachelor's degree,"Less than $30,000",Other,6.377111636721881e-05
Male,18-29,Hispanic / Latino,Bachelor's degree,"Less than $30,000",Republican,0.00010227879266456921
Male,18-29,Hispanic / Latino,Doctorate degree / Ph.D.,"$100,000 to $167,999",Democrat,1.2385732506242877e-06
Male,18-29,Hispanic / Latino,Doctorate degree / Ph.D.,"$100,000 to $167,999",Independent,1.7823648699942092e-06
Male,18-29,Hispanic / Latino,Doctorate degree / Ph.D.,"$100,000 to $167,999",Other,1.9246741243277093e-07
Male,18-29,Hispanic / Latino,Doctorate degree / Ph.D.,"$100,000 to $167,999",Republican,5.857408300367778e-07
Male,18-29,Hispanic / Latino,Doctorate degree / Ph.D.,"$168,000 or more",Democrat,6.069277467580992e-07
Male,18-29,Hispanic / Latino,Doctorate degree / Ph.D.,"$168,000 or more",Independent,8.665184796005991e-07
Male,18-29,Hispanic / Latino,Doctorate degree / Ph.D.,"$168,000 or more",Other,9.434582706374472e-08
Male,18-29,Hispanic / Latino,Doctorate degree / Ph.D.,"$168,000 or more",Republican,2.6426889384039166e-07
Male,18-29,Hispanic / Latino,Doctorate degree / Ph.D.,"$30,000 to $55,999",Democrat,4.4261589816465075e-06
Male,18-29,Hispanic / Latino,Doctorate degree / Ph.D.,"$30,000 to $55,999",Independent,6.586145115195115e-06
Male,18-29,Hispanic / Latino,Doctorate degree / Ph.D.,"$30,000 to $55,999",Other,7.499997108454378e-07
Male,18-29,Hispanic / Latino,Doctorate degree / Ph.D.,"$30,000 to $55,999",Republican,2.193073370896341e-06
Male,18-29,Hispanic / Latino,Doctorate degree / Ph.D.,"$56,000 to $99,999",Democrat,3.906813886555977e-06
Male,18-29,Hispanic / Latino,Doctorate degree / Ph.D.,"$56,000 to $99,999",Independent,5.638935227385948e-06
Male,18-29,Hispanic / Latino,Doctorate degree / Ph.D.,"$56,000 to $99,999",Other,5.680125734477323e-07
Male,18-29,Hispanic / Latino,Doctorate degree / Ph.D.,"$56,000 to $99,999",Republican,1.924541705259535e-06
Male,18-29,Hispanic / Latino,High school diploma / GED,"$100,000 to $167,999",Democrat,0.0001983265999881388
Male,18-29,Hispanic / Latino,High school diploma / GED,"$100,000 to $167,999",Independent,0.0004339155761887472
Male,18-29,Hispanic / Latino,High school diploma / GED,"$100,000 to $167,999",Other,3.4131873536306084e-05
Male,18-29,Hispanic / Latino,High school diploma / GED,"$100,000 to $167,999",Republican,0.00017289843977559238
Male,18-29,Hispanic / Latino,High school diploma / GED,"$168,000 or more",Democrat,5.7979751288829666e-05
Male,18-29,Hispanic / Latino,High school diploma / GED,"$168,000 or more",Independent,0.00012585386020340188
Male,18-29,Hispanic / Latino,High school diploma / GED,"$168,000 or more",Other,9.981727316757564e-06
Male,18-29,Hispanic / Latino,High school diploma / GED,"$168,000 or more",Republican,4.653842786819948e-05
Male,18-29,Hispanic / Latino,High school diploma / GED,"$30,000 to $55,999",Democrat,0.0004172862780400123
Male,18-29,Hispanic / Latino,High school diploma / GED,"$30,000 to $55,999",Independent,0.0006466021513984598
Male,18-29,Hispanic / Latino,High school diploma / GED,"$30,000 to $55,999",Republican,0.0006725532148513051
Male,18-29,Hispanic / Latino,High school diploma / GED,"$56,000 to $99,999",Democrat,0.00016831567670783104
Male,18-29,Hispanic / Latino,High school diploma / GED,"$56,000 to $99,999",Independent,0.0013026610367487578
Male,18-29,Hispanic / Latino,High school diploma / GED,"$56,000 to $99,999",Other,0.00018440118790010574
Male,18-29,Hispanic / Latino,High school diploma / GED,"$56,000 to $99,999",Republican,0.00011306408750718744
Male,18-29,Hispanic / Latino,High school diploma / GED,"Less than $30,000",Democrat,0.00015106613877741504
Male,18-29,Hispanic / Latino,High school diploma / GED,"Less than $30,000",Independent,0.0007636844685494986
Male,18-29,Hispanic / Latino,High school diploma / GED,"Less than $30,000",Other,0.00010229340815812431
Male,18-29,Hispanic / Latino,High school diploma / GED,"Less than $30,000",Republican,0.0004088439942909853
Male,18-29,Hispanic / Latino,Less than high school,"$100,000 to $167,999",Democrat,2.9581178308768365e-05
Male,18-29,Hispanic / Latino,Less than high school,"$100,000 to $167,999",Independent,0.00021548390079603445
Male,18-29,Hispanic / Latino,Less than high school,"$100,000 to $167,999",Other,3.592548665921216e-05
Male,18-29,Hispanic / Latino,Less than high school,"$100,000 to $167,999",Republican,3.612334287092329e-05
Male,18-29,Hispanic / Latino,Less than high school,"$168,000 or more",Democrat,7.292959722339279e-06
Male,18-29,Hispanic / Latino,Less than high school,"$168,000 or more",Independent,5.270709662063393e-05
Male,18-29,Hispanic / Latino,Less than high school,"$168,000 or more",Other,8.860152519892718e-06
Male,18-29,Hispanic / Latino,Less than high school,"$168,000 or more",Republican,8.199767370585363e-06
Male,18-29,Hispanic / Latino,Less than high school,"$30,000 to $55,999",Democrat,8.617132877865637e-05
Male,18-29,Hispanic / Latino,Less than high school,"$30,000 to $55,999",Independent,0.0006490699728073958
Male,18-29,Hispanic / Latino,Less than high school,"$30,000 to $55,999",Other,0.00011411652967003932
Male,18-29,Hispanic / Latino,Less than high school,"$30,000 to $55,999",Republican,0.00011024974773072568
Male,18-29,Hispanic / Latino,Less than high school,"$56,000 to $99,999",Democrat,7.197893372310682e-05
Male,18-29,Hispanic / Latino,Less than high school,"$56,000 to $99,999",Independent,0.0005259012877182103
Male,18-29,Hispanic / Latino,Less than high school,"$56,000 to $99,999",Other,8.178851346644873e-05
Male,18-29,Hispanic / Latino,Less than high school,"$56,000 to $99,999",Republican,9.155850125661821e-05
Male,18-29,Hispanic / Latino,Less than high school,"Less than $30,000",Democrat,5.111651780630529e-06
Male,18-29,Hispanic / Latino,Less than high school,"Less than $30,000",Independent,0.0009290305911099193
Male,18-29,Hispanic / Latino,Less than high school,"Less than $30,000",Republican,0.00013389807914960432
Male,18-29,Hispanic / Latino,Master's degree / Professional degree,"$100,000 to $167,999",Democrat,5.355380573457367e-05
Male,18-29,Hispanic / Latino,Master's degree / Professional degree,"$100,000 to $167,999",Independent,2.092743565738123e-05
Male,18-29,Hispanic / Latino,Master's degree / Professional degree,"$100,000 to $167,999",Other,1.4962558359914177e-06
Male,18-29,Hispanic / Latino,Master's degree / Professional degree,"$100,000 to $167,999",Republican,2.34344005753273e-05
Male,18-29,Hispanic / Latino,Master's degree / Professional degree,"$168,000 or more",Democrat,2.487163053642093e-05
Male,18-29,Hispanic / Latino,Master's degree / Professional degree,"$168,000 or more",Independent,9.64263778696023e-06
Male,18-29,Hispanic / Latino,Master's degree / Professional degree,"$168,000 or more",Other,6.951363007865503e-07
Male,18-29,Hispanic / Latino,Master's degree / Professional degree,"$168,000 or more",Republican,1.0020583713505839e-05
Male,18-29,Hispanic / Latino,Master's degree / Professional degree,"$30,000 to $55,999",Democrat,3.9846935569946477e-05
Male,18-29,Hispanic / Latino,Master's degree / Professional degree,"$30,000 to $55,999",Independent,1.610089333850185e-05
Male,18-29,Hispanic / Latino,Master's degree / Professional degree,"$30,000 to $55,999",Other,1.2139729829759477e-06
Male,18-29,Hispanic / Latino,Master's degree / Professional degree,"$30,000 to $55,999",Republican,1.826841161858853e-05
Male,18-29,Hispanic / Latino,Master's degree / Professional degree,"$56,000 to $99,999",Democrat,5.825310419823283e-05
Male,18-29,Hispanic / Latino,Master's degree / Professional degree,"$56,000 to $99,999",Independent,2.283201365128757e-05
Male,18-29,Hispanic / Latino,Master's degree / Professional degree,"$56,000 to $99,999",Other,1.522769981119787e-06
Male,18-29,Hispanic / Latino,Master's degree / Professional degree,"$56,000 to $99,999",Republican,2.6552375767753016e-05
Male,18-29,Hispanic / Latino,Master's degree / Professional degree,"Less than $30,000",Democrat,4.076386657993059e-05
Male,18-29,Hispanic / Latino,Master's degree / Professional degree,"Less than $30,000",Independent,2.0388392864064277e-05
Male,18-29,Hispanic / Latino,Master's degree / Professional degree,"Less than $30,000",Other,1.1725674381708032e-06
Male,18-29,Hispanic / Latino,Master's degree / Professional degree,"Less than $30,000",Republican,1.817984267011804e-05
Male,18-29,Hispanic / Latino,Some college or Associate's degree,"$100,000 to $167,999",Democrat,0.000525544804048823
Male,18-29,Hispanic / Latino,Some college or Associate's degree,"$100,000 to $167,999",Independent,0.0005832126626182957
Male,18-29,Hispanic / Latino,Some college or Associate's degree,"$100,000 to $167,999",Other,4.14127529719706e-05
Male,18-29,Hispanic / Latino,Some college or Associate's degree,"$100,000 to $167,999",Republican,0.00031688534240403057
Male,18-29,Hispanic / Latino,Some college or Associate's degree,"$168,000 or more",Democrat,0.00016673043151007824
Male,18-29,Hispanic / Latino,Some college or Associate's degree,"$168,000 or more",Independent,0.0001835684290911595
Male,18-29,Hispanic / Latino,Some college or Associate's degree,"$168,000 or more",Other,1.3142846073265643e-05
Male,18-29,Hispanic / Latino,Some college or Associate's degree,"$168,000 or more",Republican,9.256195765149819e-05
Male,18-29,Hispanic / Latino,Some college or Associate's degree,"$30,000 to $55,999",Democrat,0.0007728474251485533
Male,18-29,Hispanic / Latino,Some college or Associate's degree,"$30,000 to $55,999",Independent,0.0013140045798679066
Male,18-29,Hispanic / Latino,Some college or Associate's degree,"$30,000 to $55,999",Other,3.62326450881105e-05
Male,18-29,Hispanic / Latino,Some college or Associate's degree,"$30,000 to $55,999",Republican,0.0001802741685547153
Male,18-29,Hispanic / Latino,Some college or Associate's degree,"$56,000 to $99,999",Democrat,0.000889685384040327
Male,18-29,Hispanic / Latino,Some college or Associate's degree,"$56,000 to $99,999",Independent,0.0009752264554008666
Male,18-29,Hispanic / Latino,Some college or Associate's degree,"$56,000 to $99,999",Other,6.79570662486227e-07
Male,18-29,Hispanic / Latino,Some college or Associate's degree,"$56,000 to $99,999",Republican,0.0011011397777667513
Male,18-29,Hispanic / Latino,Some college or Associate's degree,"Less than $30,000",Democrat,0.0008438988305221301
Male,18-29,Hispanic / Latino,Some college or Associate's degree,"Less than $30,000",Independent,0.0007898311679943742
Male,18-29,Hispanic / Latino,Some college or Associate's degree,"Less than $30,000",Other,0.00017238991600130191
Male,18-29,Hispanic / Latino,Some college or Associate's degree,"Less than $30,000",Republican,0.00027444499843472746
Male,18-29,Other,Bachelor's degree,"$100,000 to $167,999",Democrat,4.3931694034293025e-05
Male,18-29,Other,Bachelor's degree,"$100,000 to $167,999",Independent,8.042525840064256e-05
Male,18-29,Other,Bachelor's degree,"$100,000 to $167,999",Other,3.059551654593742e-05
Male,18-29,Other,Bachelor's degree,"$100,000 to $167,999",Republican,8.712340834603214e-06
Male,18-29,Other,Bachelor's degree,"$168,000 or more",Democrat,2.7367798869400137e-05
Male,18-29,Other,Bachelor's degree,"$168,000 or more",Independent,4.970731482715426e-05
Male,18-29,Other,Bachelor's degree,"$168,000 or more",Other,1.9066452739605073e-05
Male,18-29,Other,Bachelor's degree,"$168,000 or more",Republican,4.997145890315959e-06
Male,18-29,Other,Bachelor's degree,"$30,000 to $55,999",Democrat,4.0155030951925346e-05
Male,18-29,Other,Bachelor's degree,"$30,000 to $55,999",Independent,7.60122956046647e-05
Male,18-29,Other,Bachelor's degree,"$30,000 to $55,999",Other,3.0494279747431654e-05
Male,18-29,Other,Bachelor's degree,"$30,000 to $55,999",Republican,8.343326175077766e-06
Male,18-29,Other,Bachelor's degree,"$56,000 to $99,999",Democrat,6.0439806483385555e-05
Male,18-29,Other,Bachelor's degree,"$56,000 to $99,999",Independent,0.00011097803880325903
Male,18-29,Other,Bachelor's degree,"$56,000 to $99,999",Other,3.9382439997986786e-05
Male,18-29,Other,Bachelor's degree,"$56,000 to $99,999",Republican,1.2485351514890446e-05
Male,18-29,Other,Bachelor's degree,"Less than $30,000",Democrat,3.775360731084121e-05
Male,18-29,Other,Bachelor's degree,"Less than $30,000",Independent,8.846162530391263e-05
Male,18-29,Other,Bachelor's degree,"Less than $30,000",Other,2.7069811628801573e-05
Male,18-29,Other,Bachelor's degree,"Less than $30,000",Republican,7.630739006598994e-06
Male,18-29,Other,Doctorate degree / Ph.D.,"$100,000 to $167,999",Democrat,1.4572033762220247e-06
Male,18-29,Other,Doctorate degree / Ph.D.,"$100,000 to $167,999",Independent,1.6886928120044603e-06
Male,18-29,Other,Doctorate degree / Ph.D.,"$100,000 to $167,999",Other,4.4825589244749904e-07
Male,18-29,Other,Doctorate degree / Ph.D.,"$100,000 to $167,999",Republican,6.975983559425294e-07
Male,18-29,Other,Doctorate degree / Ph.D.,"$168,000 or more",Democrat,4.3575841077141454e-07
Male,18-29,Other,Doctorate degree / Ph.D.,"$168,000 or more",Independent,5.010051423795148e-07
Male,18-29,Other,Doctorate degree / Ph.D.,"$168,000 or more",Other,1.3409167291308755e-07
Male,18-29,Other,Doctorate degree / Ph.D.,"$168,000 or more",Republican,1.9206857330716889e-07
Male,18-29,Other,Doctorate degree / Ph.D.,"$30,000 to $55,999",Democrat,2.1431902505475717e-06
Male,18-29,Other,Doctorate degree / Ph.D.,"$30,000 to $55,999",Independent,2.5681511447938885e-06
Male,18-29,Other,Doctorate degree / Ph.D.,"$30,000 to $55,999",Other,7.188944634624726e-07
Male,18-29,Other,Doctorate degree / Ph.D.,"$30,000 to $55,999",Republican,1.074950225303146e-06
Male,18-29,Other,Doctorate degree / Ph.D.,"$56,000 to $99,999",Democrat,1.4045237146233888e-06
Male,18-29,Other,Doctorate degree / Ph.D.,"$56,000 to $99,999",Independent,1.6325219464519258e-06
Male,18-29,Other,Doctorate degree / Ph.D.,"$56,000 to $99,999",Other,4.042356670691859e-07
Male,18-29,Other,Doctorate degree / Ph.D.,"$56,000 to $99,999",Republican,7.00382293638832e-07
Male,18-29,Other,Doctorate degree / Ph.D.,"Less than $30,000",Democrat,1.1034480340332124e-06
Male,18-29,Other,Doctorate degree / Ph.D.,"Less than $30,000",Independent,1.6366820398451863e-06
Male,18-29,Other,Doctorate degree / Ph.D.,"Less than $30,000",Other,3.494657862925488e-07
Male,18-29,Other,Doctorate degree / Ph.D.,"Less than $30,000",Republican,5.383793619877543e-07
Male,18-29,Other,High school diploma / GED,"$100,000 to $167,999",Democrat,2.3036696284501828e-05
Male,18-29,Other,High school diploma / GED,"$100,000 to $167,999",Independent,7.20815025616183e-05
Male,18-29,Other,High school diploma / GED,"$100,000 to $167,999",Other,4.5739426272765514e-07
Male,18-29,Other,High school diploma / GED,"$100,000 to $167,999",Republican,3.879124849404897e-05
Male,18-29,Other,High school diploma / GED,"$168,000 or more",Democrat,9.2541137156875e-06
Male,18-29,Other,High school diploma / GED,"$168,000 or more",Independent,2.8727933412859813e-05
Male,18-29,Other,High school diploma / GED,"$168,000 or more",Other,1.8380424626175927e-07
Male,18-29,Other,High school diploma / GED,"$168,000 or more",Republican,1.4347414496885211e-05
Male,18-29,Other,High school diploma / GED,"$30,000 to $55,999",Democrat,6.793035179982908e-05
Male,18-29,Other,High school diploma / GED,"$30,000 to $55,999",Independent,9.286045397062174e-05
Male,18-29,Other,High school diploma / GED,"$30,000 to $55,999",Republican,9.019029249080308e-05
Male,18-29,Other,High school diploma / GED,"$56,000 to $99,999",Democrat,3.958880427959126e-05
Male,18-29,Other,High school diploma / GED,"$56,000 to $99,999",Independent,0.0001147580237797641
Male,18-29,Other,High school diploma / GED,"$56,000 to $99,999",Republican,0.0001406487795513926
Male,18-29,Other,High school diploma / GED,"Less than $30,000",Democrat,1.5393374518563616e-05
Male,18-29,Other,High school diploma / GED,"Less than $30,000",Independent,0.00028749204440675803
Male,18-29,Other,High school diploma / GED,"Less than $30,000",Republican,2.7720767035649795e-07
Male,18-29,Other,Less than high school,"$100,000 to $167,999",Democrat,4.454670519721274e-06
Male,18-29,Other,Less than high school,"$100,000 to $167,999",Independent,3.1624487931768944e-05
Male,18-29,Other,Less than high school,"$100,000 to $167,999",Other,1.037495598262523e-05
Male,18-29,Other,Less than high school,"$100,000 to $167,999",Republican,5.2131453192238224e-08
Male,18-29,Other,Less than high school,"$168,000 or more",Democrat,1.7523632534773348e-06
Male,18-29,Other,Less than high school,"$168,000 or more",Independent,1.234235321482546e-05
Male,18-29,Other,Less than high school,"$168,000 or more",Other,4.08267683626553e-06
Male,18-29,Other,Less than high school,"$168,000 or more",Republican,1.8881375680113484e-08
Male,18-29,Other,Less than high school,"$30,000 to $55,999",Democrat,1.0811701775123297e-05
Male,18-29,Other,Less than high school,"$30,000 to $55,999",Independent,7.936542403553465e-05
Male,18-29,Other,Less than high school,"$30,000 to $55,999",Other,2.7457646426985428e-05
Male,18-29,Other,Less than high school,"$30,000 to $55,999",Republican,1.3256248956915314e-07
Male,18-29,Other,Less than high school,"$56,000 to $99,999",Democrat,9.173446249476358e-06
Male,18-29,Other,Less than high school,"$56,000 to $99,999",Independent,6.5319056164348e-05
Male,18-29,Other,Less than high school,"$56,000 to $99,999",Other,1.9989545091874207e-05
Male,18-29,Other,Less than high school,"$56,000 to $99,999",Republican,1.1182465478493524e-07
Male,18-29,Other,Less than high school,"Less than $30,000",Democrat,1.3351462478392837e-05
Male,18-29,Other,Less than high school,"Less than $30,000",Independent,0.0001213161723055761
Male,18-29,Other,Less than high school,"Less than $30,000",Other,3.201448016606169e-05
Male,18-29,Other,Less than high school,"Less than $30,000",Republican,1.5924445601578603e-07
Male,18-29,Other,Master's degree / Professional degree,"$100,000 to $167,999",Democrat,1.268969713903246e-05
Male,18-29,Other,Master's degree / Professional degree,"$100,000 to $167,999",Independent,1.575329850314158e-05
Male,18-29,Other,Master's degree / Professional degree,"$100,000 to $167,999",Other,4.256954130012648e-06
Male,18-29,Other,Master's degree / Professional degree,"$100,000 to $167,999",Republican,8.253329628422892e-06
Male,18-29,Other,Master's degree / Professional degree,"$168,000 or more",Democrat,5.543718941948101e-06
Male,18-29,Other,Master's degree / Professional degree,"$168,000 or more",Independent,6.827903406565327e-06
Male,18-29,Other,Master's degree / Professional degree,"$168,000 or more",Other,1.8603690674476075e-06
Male,18-29,Other,Master's degree / Professional degree,"$168,000 or more",Republican,3.3197424369526647e-06
Male,18-29,Other,Master's degree / Professional degree,"$30,000 to $55,999",Democrat,7.40235647671127e-06
Male,18-29,Other,Master's degree / Professional degree,"$30,000 to $55,999",Independent,9.50210029103035e-06
Male,18-29,Other,Master's degree / Professional degree,"$30,000 to $55,999",Other,2.7077981345144623e-06
Male,18-29,Other,Master's degree / Professional degree,"$30,000 to $55,999",Republican,5.0441765611229925e-06
Male,18-29,Other,Master's degree / Professional degree,"$56,000 to $99,999",Democrat,1.4079728598522342e-05
Male,18-29,Other,Master's degree / Professional degree,"$56,000 to $99,999",Independent,1.7531294875914168e-05
Male,18-29,Other,Master's degree / Professional degree,"$56,000 to $99,999",Other,4.4191802116879876e-06
Male,18-29,Other,Master's degree / Professional degree,"$56,000 to $99,999",Republican,9.538784100689799e-06
Male,18-29,Other,Master's degree / Professional degree,"Less than $30,000",Democrat,1.1730990554320224e-05
Male,18-29,Other,Master's degree / Professional degree,"Less than $30,000",Independent,1.863961234300563e-05
Male,18-29,Other,Master's degree / Professional degree,"Less than $30,000",Other,4.051625897610156e-06
Male,18-29,Other,Master's degree / Professional degree,"Less than $30,000",Republican,7.776136175544294e-06
Male,18-29,Other,Some college or Associate's degree,"$100,000 to $167,999",Democrat,6.176131656978488e-05
Male,18-29,Other,Some college or Associate's degree,"$100,000 to $167,999",Independent,0.00015457254417074575
Male,18-29,Other,Some college or Associate's degree,"$100,000 to $167,999",Other,2.2464055039718775e-05
Male,18-29,Other,Some college or Associate's degree,"$100,000 to $167,999",Republican,2.6118586912061302e-05
Male,18-29,Other,Some college or Associate's degree,"$168,000 or more",Democrat,2.523983301836175e-05
Male,18-29,Other,Some college or Associate's degree,"$168,000 or more",Independent,6.267122828293895e-05
Male,18-29,Other,Some college or Associate's degree,"$168,000 or more",Other,9.183501025819149e-06
Male,18-29,Other,Some college or Associate's degree,"$168,000 or more",Republican,9.827540929064356e-06
Male,18-29,Other,Some college or Associate's degree,"$30,000 to $55,999",Democrat,0.00010849525813517926
Male,18-29,Other,Some college or Associate's degree,"$30,000 to $55,999",Independent,0.0002776219235880067
Male,18-29,Other,Some college or Associate's degree,"$30,000 to $55,999",Other,5.767776898414293e-06
Male,18-29,Other,Some college or Associate's degree,"$30,000 to $55,999",Republican,1.471710321446666e-05
Male,18-29,Other,Some college or Associate's degree,"$56,000 to $99,999",Democrat,0.00010497629165935892
Male,18-29,Other,Some college or Associate's degree,"$56,000 to $99,999",Independent,0.00026351570466756906
Male,18-29,Other,Some college or Associate's degree,"$56,000 to $99,999",Other,3.5724203247450356e-05
Male,18-29,Other,Some college or Associate's degree,"$56,000 to $99,999",Republican,4.6242910504744404e-05
Male,18-29,Other,Some college or Associate's degree,"Less than $30,000",Democrat,0.00010613037143373714
Male,18-29,Other,Some college or Associate's degree,"Less than $30,000",Independent,0.0003399675296873174
Male,18-29,Other,Some college or Associate's degree,"Less than $30,000",Other,3.974277913776349e-05
Male,18-29,Other,Some college or Associate's degree,"Less than $30,000",Republican,4.5742937887887765e-05
Male,18-29,White / Caucasian,Bachelor's degree,"$100,000 to $167,999",Democrat,0.0014038711585893128
Male,18-29,White / Caucasian,Bachelor's degree,"$100,000 to $167,999",Independent,0.0012981708219017229
Male,18-29,White / Caucasian,Bachelor's degree,"$100,000 to $167,999",Other,7.945868753082368e-05
Male,18-29,White / Caucasian,Bachelor's degree,"$100,000 to $167,999",Republican,0.0005003505154400271
Male,18-29,White / Caucasian,Bachelor's degree,"$168,000 or more",Democrat,0.0008842170475473021
Male,18-29,White / Caucasian,Bachelor's degree,"$168,000 or more",Independent,0.0006397994375569436
Male,18-29,White / Caucasian,Bachelor's degree,"$168,000 or more",Other,3.802780881491026e-05
Male,18-29,White / Caucasian,Bachelor's degree,"$168,000 or more",Republican,0.0002528776484944694
Male,18-29,White / Caucasian,Bachelor's degree,"$30,000 to $55,999",Democrat,0.0007714165693231218
Male,18-29,White / Caucasian,Bachelor's degree,"$30,000 to $55,999",Independent,0.0009405279646451921
Male,18-29,White / Caucasian,Bachelor's degree,"$30,000 to $55,999",Other,0.0002406902401631828
Male,18-29,White / Caucasian,Bachelor's degree,"$30,000 to $55,999",Republican,0.0007470737978376568
Male,18-29,White / Caucasian,Bachelor's degree,"$56,000 to $99,999",Democrat,0.001538047340954677
Male,18-29,White / Caucasian,Bachelor's degree,"$56,000 to $99,999",Independent,0.0012774649190403367
Male,18-29,White / Caucasian,Bachelor's degree,"$56,000 to $99,999",Other,0.00022467934072343255
Male,18-29,White / Caucasian,Bachelor's degree,"$56,000 to $99,999",Republican,0.0012789716696411735
Male,18-29,White / Caucasian,Bachelor's degree,"Less than $30,000",Democrat,0.0006742869209113147
Male,18-29,White / Caucasian,Bachelor's degree,"Less than $30,000",Independent,0.0007869713073760726
Male,18-29,White / Caucasian,Bachelor's degree,"Less than $30,000",Other,0.0003370766242386115
Male,18-29,White / Caucasian,Bachelor's degree,"Less than $30,000",Republican,0.0003362680070025063
Male,18-29,White / Caucasian,Doctorate degree / Ph.D.,"$100,000 to $167,999",Democrat,1.6969712995658875e-05
Male,18-29,White / Caucasian,Doctorate degree / Ph.D.,"$100,000 to $167,999",Independent,2.8509231975476298e-05
Male,18-29,White / Caucasian,Doctorate degree / Ph.D.,"$100,000 to $167,999",Other,2.335146781346922e-06
Male,18-29,White / Caucasian,Doctorate degree / Ph.D.,"$100,000 to $167,999",Republican,4.3305706207025616e-06
Male,18-29,White / Caucasian,Doctorate degree / Ph.D.,"$168,000 or more",Democrat,9.697354783739166e-06
Male,18-29,White / Caucasian,Doctorate degree / Ph.D.,"$168,000 or more",Independent,1.616330709982281e-05
Male,18-29,White / Caucasian,Doctorate degree / Ph.D.,"$168,000 or more",Other,1.334882883014939e-06
Male,18-29,White / Caucasian,Doctorate degree / Ph.D.,"$168,000 or more",Republican,2.2785006942736277e-06
Male,18-29,White / Caucasian,Doctorate degree / Ph.D.,"$30,000 to $55,999",Democrat,9.83390045445654e-06
Male,18-29,White / Caucasian,Doctorate degree / Ph.D.,"$30,000 to $55,999",Independent,1.7083080885708978e-05
Male,18-29,White / Caucasian,Doctorate degree / Ph.D.,"$30,000 to $55,999",Other,1.4755844517711961e-06
Male,18-29,White / Caucasian,Doctorate degree / Ph.D.,"$30,000 to $55,999",Republican,2.629291795222368e-06
Male,18-29,White / Caucasian,Doctorate degree / Ph.D.,"$56,000 to $99,999",Democrat,1.8759936353058205e-05
Male,18-29,White / Caucasian,Doctorate degree / Ph.D.,"$56,000 to $99,999",Independent,3.161126292741051e-05
Male,18-29,White / Caucasian,Doctorate degree / Ph.D.,"$56,000 to $99,999",Other,2.415298229711909e-06
Male,18-29,White / Caucasian,Doctorate degree / Ph.D.,"$56,000 to $99,999",Republican,4.986809644142426e-06
Male,18-29,White / Caucasian,Doctorate degree / Ph.D.,"Less than $30,000",Democrat,1.2292688690325325e-05
Male,18-29,White / Caucasian,Doctorate degree / Ph.D.,"Less than $30,000",Independent,2.6432597895749678e-05
Male,18-29,White / Caucasian,Doctorate degree / Ph.D.,"Less than $30,000",Other,1.7415402263978262e-06
Male,18-29,White / Caucasian,Doctorate degree / Ph.D.,"Less than $30,000",Republican,3.1971922379925652e-06
Male,18-29,White / Caucasian,High school diploma / GED,"$100,000 to $167,999",Democrat,0.00044827753363128604
Male,18-29,White / Caucasian,High school diploma / GED,"$100,000 to $167,999",Independent,0.0006183868714936852
Male,18-29,White / Caucasian,High school diploma / GED,"$100,000 to $167,999",Other,0.00024835367922480746
Male,18-29,White / Caucasian,High school diploma / GED,"$100,000 to $167,999",Republican,0.0006215040995488457
Male,18-29,White / Caucasian,High school diploma / GED,"$168,000 or more",Democrat,0.00015013699992550428
Male,18-29,White / Caucasian,High school diploma / GED,"$168,000 or more",Independent,0.0003095975208153711
Male,18-29,White / Caucasian,High school diploma / GED,"$168,000 or more",Other,4.7173449596788514e-05
Male,18-29,White / Caucasian,High school diploma / GED,"$168,000 or more",Republican,0.00020969592974931771
Male,18-29,White / Caucasian,High school diploma / GED,"$30,000 to $55,999",Democrat,0.0003106372810026108
Male,18-29,White / Caucasian,High school diploma / GED,"$30,000 to $55,999",Independent,0.0016458787421688873
Male,18-29,White / Caucasian,High school diploma / GED,"$30,000 to $55,999",Other,7.4911802252748e-05
Male,18-29,White / Caucasian,High school diploma / GED,"$30,000 to $55,999",Republican,0.0010584555980403534
Male,18-29,White / Caucasian,High school diploma / GED,"$56,000 to $99,999",Democrat,0.0008762733790720421
Male,18-29,White / Caucasian,High school diploma / GED,"$56,000 to $99,999",Independent,0.0012720123232609225
Male,18-29,White / Caucasian,High school diploma / GED,"$56,000 to $99,999",Other,9.144210355385117e-05
Male,18-29,White / Caucasian,High school diploma / GED,"$56,000 to $99,999",Republican,0.0011405250110185516
Male,18-29,White / Caucasian,High school diploma / GED,"Less than $30,000",Democrat,0.0003466144155389284
Male,18-29,White / Caucasian,High school diploma / GED,"Less than $30,000",Independent,0.0013389915387043176
Male,18-29,White / Caucasian,High school diploma / GED,"Less than $30,000",Other,0.00025064100305142675
Male,18-29,White / Caucasian,High school diploma / GED,"Less than $30,000",Republican,0.0006903219814913358
Male,18-29,White / Caucasian,Less than high school,"$100,000 to $167,999",Democrat,9.933691986238642e-05
Male,18-29,White / Caucasian,Less than high school,"$100,000 to $167,999",Independent,0.00012545701441431814
Male,18-29,White / Caucasian,Less than high school,"$100,000 to $167,999",Other,5.799594326536344e-06
Male,18-29,White / Caucasian,Less than high school,"$100,000 to $167,999",Republican,0.0003042419055451762
Male,18-29,White / Caucasian,Less than high school,"$168,000 or more",Democrat,4.453040382546755e-05
Male,18-29,White / Caucasian,Less than high school,"$168,000 or more",Independent,5.579648121151237e-05
Male,18-29,White / Caucasian,Less than high school,"$168,000 or more",Other,2.6007209279111027e-06
Male,18-29,White / Caucasian,Less than high school,"$168,000 or more",Republican,0.00012557125328061395
Male,18-29,White / Caucasian,Less than high school,"$30,000 to $55,999",Democrat,0.00016161860450217982
Male,18-29,White / Caucasian,Less than high school,"$30,000 to $55,999",Independent,0.00021105953640983602
Male,18-29,White / Caucasian,Less than high school,"$30,000 to $55,999",Other,1.028908736141947e-05
Male,18-29,White / Caucasian,Less than high school,"$30,000 to $55,999",Republican,0.0005186113841106071
Male,18-29,White / Caucasian,Less than high school,"$56,000 to $99,999",Democrat,0.0001717736302746535
Male,18-29,White / Caucasian,Less than high school,"$56,000 to $99,999",Independent,0.00021759064446148234
Male,18-29,White / Caucasian,Less than high school,"$56,000 to $99,999",Other,9.383030674291347e-06
Male,18-29,White / Caucasian,Less than high school,"$56,000 to $99,999",Republican,0.0005480064108092544
Male,18-29,White / Caucasian,Less than high school,"Less than $30,000",Democrat,8.305702743864452e-07
Male,18-29,White / Caucasian,Less than high school,"Less than $30,000",Independent,0.00047596457192810416
Male,18-29,White / Caucasian,Less than high school,"Less than $30,000",Other,1.837548689041046e-06
Male,18-29,White / Caucasian,Less than high school,"Less than $30,000",Republican,0.0006184158352545908
Male,18-29,White / Caucasian,Master's degree / Professional degree,"$100,000 to $167,999",Democrat,0.00033403110413626915
Male,18-29,White / Caucasian,Master's degree / Professional degree,"$100,000 to $167,999",Independent,6.592129839199612e-05
Male,18-29,White / Caucasian,Master's degree / Professional degree,"$100,000 to $167,999",Other,1.182424715114511e-05
Male,18-29,White / Caucasian,Master's degree / Professional degree,"$100,000 to $167,999",Republican,0.0001551933221427061
Male,18-29,White / Caucasian,Master's degree / Professional degree,"$168,000 or more",Democrat,0.0001904019037443974
Male,18-29,White / Caucasian,Master's degree / Professional degree,"$168,000 or more",Independent,6.45856363123566e-05
Male,18-29,White / Caucasian,Master's degree / Professional degree,"$168,000 or more",Other,6.894711067132932e-06
Male,18-29,White / Caucasian,Master's degree / Professional degree,"$168,000 or more",Republican,6.340302534477468e-05
Male,18-29,White / Caucasian,Master's degree / Professional degree,"$30,000 to $55,999",Democrat,0.0002704824467626397
Male,18-29,White / Caucasian,Master's degree / Professional degree,"$30,000 to $55,999",Independent,9.562406296269176e-05
Male,18-29,White / Caucasian,Master's degree / Professional degree,"$30,000 to $55,999",Other,1.067658235605809e-05
Male,18-29,White / Caucasian,Master's degree / Professional degree,"$30,000 to $55,999",Republican,0.00010249315905776121
Male,18-29,White / Caucasian,Master's degree / Professional degree,"$56,000 to $99,999",Democrat,0.0004059464025659397
Male,18-29,White / Caucasian,Master's degree / Professional degree,"$56,000 to $99,999",Independent,0.0001887568567240774
Male,18-29,White / Caucasian,Master's degree / Professional degree,"$56,000 to $99,999",Other,8.592477719567995e-06
Male,18-29,White / Caucasian,Master's degree / Professional degree,"$56,000 to $99,999",Republican,0.00012379724530208573
Male,18-29,White / Caucasian,Master's degree / Professional degree,"Less than $30,000",Democrat,0.00017904349972610198
Male,18-29,White / Caucasian,Master's degree / Professional degree,"Less than $30,000",Independent,7.835004332267693e-05
Male,18-29,White / Caucasian,Master's degree / Professional degree,"Less than $30,000",Other,6.672676814827542e-06
Male,18-29,White / Caucasian,Master's degree / Professional degree,"Less than $30,000",Republican,6.599685485869121e-05
Male,18-29,White / Caucasian,Some college or Associate's degree,"$100,000 to $167,999",Democrat,0.0009539649022822294
Male,18-29,White / Caucasian,Some college or Associate's degree,"$100,000 to $167,999",Independent,0.0015319342504364578
Male,18-29,White / Caucasian,Some college or Associate's degree,"$100,000 to $167,999",Other,3.7762900865643024e-05
Male,18-29,White / Caucasian,Some college or Associate's degree,"$100,000 to $167,999",Republican,0.0010434048323234848
Male,18-29,White / Caucasian,Some college or Associate's degree,"$168,000 or more",Democrat,0.0004963548779975471
Male,18-29,White / Caucasian,Some college or Associate's degree,"$168,000 or more",Independent,0.00043062854932793726
Male,18-29,White / Caucasian,Some college or Associate's degree,"$168,000 or more",Other,1.882092634160826e-06
Male,18-29,White / Caucasian,Some college or Associate's degree,"$168,000 or more",Republican,0.0006047855055179383
Male,18-29,White / Caucasian,Some college or Associate's degree,"$30,000 to $55,999",Democrat,0.0009729279940183232
Male,18-29,White / Caucasian,Some college or Associate's degree,"$30,000 to $55,999",Independent,0.0022921248260300495
Male,18-29,White / Caucasian,Some college or Associate's degree,"$30,000 to $55,999",Other,0.00020744289664489446
Male,18-29,White / Caucasian,Some college or Associate's degree,"$30,000 to $55,999",Republican,0.0016919357957417393
Male,18-29,White / Caucasian,Some college or Associate's degree,"$56,000 to $99,999",Democrat,0.002571757279280138
Male,18-29,White / Caucasian,Some college or Associate's degree,"$56,000 to $99,999",Independent,0.0018104381916841618
Male,18-29,White / Caucasian,Some college or Associate's degree,"$56,000 to $99,999",Other,0.0003453165443989688
Male,18-29,White / Caucasian,Some college or Associate's degree,"$56,000 to $99,999",Republican,0.000784565581022166
Male,18-29,White / Caucasian,Some college or Associate's degree,"Less than $30,000",Democrat,0.0016969922333886077
Male,18-29,White / Caucasian,Some college or Associate's degree,"Less than $30,000",Independent,0.0024355383479532267
Male,18-29,White / Caucasian,Some college or Associate's degree,"Less than $30,000",Other,2.484466893340679e-05
Male,18-29,White / Caucasian,Some college or Associate's degree,"Less than $30,000",Republican,0.001361780883380425
Male,30-44,Asian / Asian American,Bachelor's degree,"$100,000 to $167,999",Democrat,0.0004462031088304416
Male,30-44,Asian / Asian American,Bachelor's degree,"$100,000 to $167,999",Independent,0.0001941601668640231
Male,30-44,Asian / Asian American,Bachelor's degree,"$100,000 to $167,999",Other,4.6602145203099583e-05
Male,30-44,Asian / Asian American,Bachelor's degree,"$100,000 to $167,999",Republican,0.00020380366602004108
Male,30-44,Asian / Asian American,Bachelor's degree,"$168,000 or more",Democrat,0.0003276510454834869
Male,30-44,Asian / Asian American,Bachelor's degree,"$168,000 or more",Independent,0.00014145067426163846
Male,30-44,Asian / Asian American,Bachelor's degree,"$168,000 or more",Other,3.423222020828531e-05
Male,30-44,Asian / Asian American,Bachelor's degree,"$168,000 or more",Republican,0.00013778952738360183
Male,30-44,Asian / Asian American,Bachelor's degree,"$30,000 to $55,999",Democrat,0.00016498738663971155
Male,30-44,Asian / Asian American,Bachelor's degree,"$30,000 to $55,999",Independent,7.423481954566372e-05
Male,30-44,Asian / Asian American,Bachelor's degree,"$30,000 to $55,999",Other,1.878982070029557e-05
Male,30-44,Asian / Asian American,Bachelor's degree,"$30,000 to $55,999",Republican,7.895370124198092e-05
Male,30-44,Asian / Asian American,Bachelor's degree,"$56,000 to $99,999",Democrat,0.0004191541734352318
Male,30-44,Asian / Asian American,Bachelor's degree,"$56,000 to $99,999",Independent,0.0001829366851660405
Male,30-44,Asian / Asian American,Bachelor's degree,"$56,000 to $99,999",Other,4.0958762520252536e-05
Male,30-44,Asian / Asian American,Bachelor's degree,"$56,000 to $99,999",Republican,0.0001994224267468539
Male,30-44,Asian / Asian American,Bachelor's degree,"Less than $30,000",Democrat,0.00017827551704805407
Male,30-44,Asian / Asian American,Bachelor's degree,"Less than $30,000",Independent,9.928901331367913e-05
Male,30-44,Asian / Asian American,Bachelor's degree,"Less than $30,000",Other,1.9169551914971992e-05
Male,30-44,Asian / Asian American,Bachelor's degree,"Less than $30,000",Republican,8.298934622796996e-05
Male,30-44,Asian / Asian American,Doctorate degree / Ph.D.,"$100,000 to $167,999",Democrat,6.984551997155189e-05
Male,30-44,Asian / Asian American,Doctorate degree / Ph.D.,"$100,000 to $167,999",Independent,5.919020461898144e-05
Male,30-44,Asian / Asian American,Doctorate degree / Ph.D.,"$100,000 to $167,999",Republican,2.359104549878396e-05
Male,30-44,Asian / Asian American,Doctorate degree / Ph.D.,"$168,000 or more",Democrat,6.96000833184407e-05
Male,30-44,Asian / Asian American,Doctorate degree / Ph.D.,"$168,000 or more",Independent,5.8517661871149165e-05
Male,30-44,Asian / Asian American,Doctorate degree / Ph.D.,"$168,000 or more",Republican,2.164430500801964e-05
Male,30-44,Asian / Asian American,Doctorate degree / Ph.D.,"$30,000 to $55,999",Democrat,4.4379060543360896e-05
Male,30-44,Asian / Asian American,Doctorate degree / Ph.D.,"$30,000 to $55,999",Independent,3.8888282222279595e-05
Male,30-44,Asian / Asian American,Doctorate degree / Ph.D.,"$30,000 to $55,999",Republican,1.5704679879973118e-05
Male,30-44,Asian / Asian American,Doctorate degree / Ph.D.,"$56,000 to $99,999",Democrat,5.200856829953703e-05
Male,30-44,Asian / Asian American,Doctorate degree / Ph.D.,"$56,000 to $99,999",Independent,4.420645109056243e-05
Male,30-44,Asian / Asian American,Doctorate degree / Ph.D.,"$56,000 to $99,999",Republican,1.8298029949108253e-05
Male,30-44,Asian / Asian American,Doctorate degree / Ph.D.,"Less than $30,000",Democrat,2.6879947868324464e-05
Male,30-44,Asian / Asian American,Doctorate degree / Ph.D.,"Less than $30,000",Independent,2.9155577896007487e-05
Male,30-44,Asian / Asian American,Doctorate degree / Ph.D.,"Less than $30,000",Republican,9.253122123870642e-06
Male,30-44,Asian / Asian American,High school diploma / GED,"$100,000 to $167,999",Democrat,2.656735245733869e-05
Male,30-44,Asian / Asian American,High school diploma / GED,"$100,000 to $167,999",Independent,2.461481625326387e-05
Male,30-44,Asian / Asian American,High school diploma / GED,"$100,000 to $167,999",Republican,4.272227229222968e-05
Male,30-44,Asian / Asian American,High school diploma / GED,"$168,000 or more",Democrat,1.0738727972674129e-05
Male,30-44,Asian / Asian American,High school diploma / GED,"$168,000 or more",Independent,9.871134765866798e-06
Male,30-44,Asian / Asian American,High school diploma / GED,"$168,000 or more",Republican,1.589952536751051e-05
Male,30-44,Asian / Asian American,High school diploma / GED,"$30,000 to $55,999",Democrat,4.5929494705756185e-05
Male,30-44,Asian / Asian American,High school diploma / GED,"$30,000 to $55,999",Independent,4.4001690024130236e-05
Male,30-44,Asian / Asian American,High school diploma / GED,"$30,000 to $55,999",Republican,7.738202389245418e-05
Male,30-44,Asian / Asian American,High school diploma / GED,"$56,000 to $99,999",Democrat,4.537165463748221e-05
Male,30-44,Asian / Asian American,High school diploma / GED,"$56,000 to $99,999",Independent,4.216308736642262e-05
Male,30-44,Asian / Asian American,High school diploma / GED,"$56,000 to $99,999",Republican,7.599963141778613e-05
Male,30-44,Asian / Asian American,High school diploma / GED,"Less than $30,000",Democrat,2.984666383847076e-05
Male,30-44,Asian / Asian American,High school diploma / GED,"Less than $30,000",Independent,3.539370773940833e-05
Male,30-44,Asian / Asian American,High school diploma / GED,"Less than $30,000",Republican,4.891624359978937e-05
Male,30-44,Asian / Asian American,Less than high school,"$100,000 to $167,999",Democrat,9.606839512895996e-06
Male,30-44,Asian / Asian American,Less than high school,"$100,000 to $167,999",Independent,1.3864298892394443e-05
Male,30-44,Asian / Asian American,Less than high school,"$100,000 to $167,999",Republican,6.766376217888399e-06
Male,30-44,Asian / Asian American,Less than high school,"$168,000 or more",Democrat,6.083828432655907e-06
Male,30-44,Asian / Asian American,Less than high school,"$168,000 or more",Independent,8.710844362656697e-06
Male,30-44,Asian / Asian American,Less than high school,"$168,000 or more",Republican,3.9452798679660835e-06
Male,30-44,Asian / Asian American,Less than high school,"$30,000 to $55,999",Democrat,2.8697175440258953e-05
Male,30-44,Asian / Asian American,Less than high school,"$30,000 to $55,999",Independent,4.2823868678455645e-05
Male,30-44,Asian / Asian American,Less than high school,"$30,000 to $55,999",Republican,2.117664269401823e-05
Male,30-44,Asian / Asian American,Less than high school,"$56,000 to $99,999",Democrat,2.440440373808976e-05
Male,30-44,Asian / Asian American,Less than high school,"$56,000 to $99,999",Independent,3.53252337232273e-05
Male,30-44,Asian / Asian American,Less than high school,"$56,000 to $99,999",Republican,1.790459942222997e-05
Male,30-44,Asian / Asian American,Less than high school,"Less than $30,000",Democrat,3.091005385182157e-05
Male,30-44,Asian / Asian American,Less than high school,"Less than $30,000",Independent,5.7095132350883604e-05
Male,30-44,Asian / Asian American,Less than high school,"Less than $30,000",Republican,2.2188431652483957e-05
Male,30-44,Asian / Asian American,Master's degree / Professional degree,"$100,000 to $167,999",Democrat,0.0003072072093176693
Male,30-44,Asian / Asian American,Master's degree / Professional degree,"$100,000 to $167,999",Independent,0.00024437122348218557
Male,30-44,Asian / Asian American,Master's degree / Professional degree,"$100,000 to $167,999",Other,3.781539788562454e-05
Male,30-44,Asian / Asian American,Master's degree / Professional degree,"$100,000 to $167,999",Republican,6.804283856383808e-05
Male,30-44,Asian / Asian American,Master's degree / Professional degree,"$168,000 or more",Democrat,0.0003647431060053901
Male,30-44,Asian / Asian American,Master's degree / Professional degree,"$168,000 or more",Independent,0.0002878536039576212
Male,30-44,Asian / Asian American,Master's degree / Professional degree,"$168,000 or more",Other,4.491325754248902e-05
Male,30-44,Asian / Asian American,Master's degree / Professional degree,"$168,000 or more",Republican,7.438123144997589e-05
Male,30-44,Asian / Asian American,Master's degree / Professional degree,"$30,000 to $55,999",Democrat,9.820047124554678e-05
Male,30-44,Asian / Asian American,Master's degree / Professional degree,"$30,000 to $55,999",Independent,8.077214213550036e-05
Male,30-44,Asian / Asian American,Master's degree / Professional degree,"$30,000 to $55,999",Other,1.3181032126609373e-05
Male,30-44,Asian / Asian American,Master's degree / Professional degree,"$30,000 to $55,999",Republican,2.2788038372274358e-05
Male,30-44,Asian / Asian American,Master's degree / Professional degree,"$56,000 to $99,999",Democrat,0.0002506340175159719
Male,30-44,Asian / Asian American,Master's degree / Professional degree,"$56,000 to $99,999",Independent,0.00019996691270085295
Male,30-44,Asian / Asian American,Master's degree / Professional degree,"$56,000 to $99,999",Other,2.8865361583055654e-05
Male,30-44,Asian / Asian American,Master's degree / Professional degree,"$56,000 to $99,999",Republican,5.7824493517163016e-05
Male,30-44,Asian / Asian American,Master's degree / Professional degree,"Less than $30,000",Democrat,0.00010250268464142511
Male,30-44,Asian / Asian American,Master's degree / Professional degree,"Less than $30,000",Independent,0.00010436042656950488
Male,30-44,Asian / Asian American,Master's degree / Professional degree,"Less than $30,000",Other,1.299030808299246e-05
Male,30-44,Asian / Asian American,Master's degree / Professional degree,"Less than $30,000",Republican,2.313862237808373e-05
Male,30-44,Asian / Asian American,Some college or Associate's degree,"$100,000 to $167,999",Democrat,8.674250330595302e-05
Male,30-44,Asian / Asian American,Some college or Associate's degree,"$100,000 to $167,999",Independent,0.00012208234203287715
Male,30-44,Asian / Asian American,Some college or Associate's degree,"$100,000 to $167,999",Other,1.6739676610026318e-07
Male,30-44,Asian / Asian American,Some college or Associate's degree,"$100,000 to $167,999",Republican,7.998521965056388e-05
Male,30-44,Asian / Asian American,Some college or Associate's degree,"$168,000 or more",Democrat,3.661811214278686e-05
Male,30-44,Asian / Asian American,Some college or Associate's degree,"$168,000 or more",Independent,5.1130821500296574e-05
Male,30-44,Asian / Asian American,Some college or Associate's degree,"$168,000 or more",Other,7.069053280209194e-08
Male,30-44,Asian / Asian American,Some college or Associate's degree,"$168,000 or more",Republican,3.108844453307476e-05
Male,30-44,Asian / Asian American,Some college or Associate's degree,"$30,000 to $55,999",Democrat,8.432431476506732e-05
Male,30-44,Asian / Asian American,Some college or Associate's degree,"$30,000 to $55,999",Independent,0.000122716536817375
Male,30-44,Asian / Asian American,Some college or Associate's degree,"$30,000 to $55,999",Other,1.774461204296687e-07
Male,30-44,Asian / Asian American,Some college or Associate's degree,"$30,000 to $55,999",Republican,8.146535636520989e-05
Male,30-44,Asian / Asian American,Some college or Associate's degree,"$56,000 to $99,999",Democrat,0.00011922647670967618
Male,30-44,Asian / Asian American,Some college or Associate's degree,"$56,000 to $99,999",Independent,0.00016830347266044238
Male,30-44,Asian / Asian American,Some college or Associate's degree,"$56,000 to $99,999",Other,2.1527199614079923e-07
Male,30-44,Asian / Asian American,Some college or Associate's degree,"$56,000 to $99,999",Republican,0.00011451735346632326
Male,30-44,Asian / Asian American,Some college or Associate's degree,"Less than $30,000",Democrat,5.895091133521352e-05
Male,30-44,Asian / Asian American,Some college or Associate's degree,"Less than $30,000",Independent,0.00010619238374522709
Male,30-44,Asian / Asian American,Some college or Associate's degree,"Less than $30,000",Other,1.1712580143310909e-07
Male,30-44,Asian / Asian American,Some college or Associate's degree,"Less than $30,000",Republican,5.5401248562517235e-05
Male,30-44,Black / African American,Bachelor's degree,"$100,000 to $167,999",Democrat,0.0004284092023722425
Male,30-44,Black / African American,Bachelor's degree,"$100,000 to $167,999",Independent,0.00019157076935297319
Male,30-44,Black / African American,Bachelor's degree,"$100,000 to $167,999",Republican,2.3027220087131674e-05
Male,30-44,Black / African American,Bachelor's degree,"$168,000 or more",Democrat,0.00010817473923496382
Male,30-44,Black / African American,Bachelor's degree,"$168,000 or more",Independent,8.23421536466559e-05
Male,30-44,Black / African American,Bachelor's degree,"$168,000 or more",Other,5.280564303882123e-06
Male,30-44,Black / African American,Bachelor's degree,"$168,000 or more",Republican,2.2270642850405956e-05
Male,30-44,Black / African American,Bachelor's degree,"$30,000 to $55,999",Democrat,0.00028770637978002024
Male,30-44,Black / African American,Bachelor's degree,"$30,000 to $55,999",Independent,0.00022824922249515615
Male,30-44,Black / African American,Bachelor's degree,"$30,000 to $55,999",Other,1.5309194977137353e-05
Male,30-44,Black / African American,Bachelor's degree,"$30,000 to $55,999",Republican,6.740210914216151e-05
Male,30-44,Black / African American,Bachelor's degree,"$56,000 to $99,999",Democrat,0.0003503376902510008
Male,30-44,Black / African American,Bachelor's degree,"$56,000 to $99,999",Independent,0.0003552411089770311
Male,30-44,Black / African American,Bachelor's degree,"$56,000 to $99,999",Republican,0.00019824945172886664
Male,30-44,Black / African American,Bachelor's degree,"Less than $30,000",Democrat,0.00018549750072846722
Male,30-44,Black / African American,Bachelor's degree,"Less than $30,000",Independent,0.00018215892457567836
Male,30-44,Black / African American,Bachelor's degree,"Less than $30,000",Other,9.3194286739696e-06
Male,30-44,Black / African American,Bachelor's degree,"Less than $30,000",Republican,4.2273766582378874e-05
Male,30-44,Black / African American,Doctorate degree / Ph.D.,"$100,000 to $167,999",Democrat,1.414381471944855e-05
Male,30-44,Black / African American,Doctorate degree / Ph.D.,"$100,000 to $167,999",Independent,4.146607659618214e-06
Male,30-44,Black / African American,Doctorate degree / Ph.D.,"$100,000 to $167,999",Other,8.122397659673739e-07
Male,30-44,Black / African American,Doctorate degree / Ph.D.,"$100,000 to $167,999",Republican,1.970481953338568e-06
Male,30-44,Black / African American,Doctorate degree / Ph.D.,"$168,000 or more",Democrat,1.1244308240096492e-05
Male,30-44,Black / African American,Doctorate degree / Ph.D.,"$168,000 or more",Independent,3.2705820480201397e-06
Male,30-44,Black / African American,Doctorate degree / Ph.D.,"$168,000 or more",Other,6.459525605942024e-07
Male,30-44,Black / African American,Doctorate degree / Ph.D.,"$168,000 or more",Republican,1.442327546511111e-06
Male,30-44,Black / African American,Doctorate degree / Ph.D.,"$30,000 to $55,999",Democrat,1.6789196143511248e-05
Male,30-44,Black / African American,Doctorate degree / Ph.D.,"$30,000 to $55,999",Independent,5.089623521585821e-06
Male,30-44,Black / African American,Doctorate degree / Ph.D.,"$30,000 to $55,999",Other,1.0513472133280383e-06
Male,30-44,Black / African American,Doctorate degree / Ph.D.,"$30,000 to $55,999",Republican,2.4506323180456322e-06
Male,30-44,Black / African American,Doctorate degree / Ph.D.,"$56,000 to $99,999",Democrat,1.738439376662016e-05
Male,30-44,Black / African American,Doctorate degree / Ph.D.,"$56,000 to $99,999",Independent,5.111935946370653e-06
Male,30-44,Black / African American,Doctorate degree / Ph.D.,"$56,000 to $99,999",Other,9.340646905945421e-07
Male,30-44,Black / African American,Doctorate degree / Ph.D.,"$56,000 to $99,999",Republican,2.522819944687336e-06
Male,30-44,Black / African American,Doctorate degree / Ph.D.,"Less than $30,000",Democrat,4.734000946001845e-06
Male,30-44,Black / African American,Doctorate degree / Ph.D.,"Less than $30,000",Independent,1.7763832640505523e-06
Male,30-44,Black / African American,Doctorate degree / Ph.D.,"Less than $30,000",Other,2.7989360105367927e-07
Male,30-44,Black / African American,Doctorate degree / Ph.D.,"Less than $30,000",Republican,6.721798387541247e-07
Male,30-44,Black / African American,High school diploma / GED,"$100,000 to $167,999",Democrat,0.00010612370880646982
Male,30-44,Black / African American,High school diploma / GED,"$100,000 to $167,999",Independent,0.00010632486252368074
Male,30-44,Black / African American,High school diploma / GED,"$100,000 to $167,999",Other,5.620690871083413e-07
Male,30-44,Black / African American,High school diploma / GED,"$100,000 to $167,999",Republican,6.655376954177821e-05
Male,30-44,Black / African American,High school diploma / GED,"$168,000 or more",Democrat,3.246536314665735e-05
Male,30-44,Black / African American,High school diploma / GED,"$168,000 or more",Independent,3.22707155183964e-05
Male,30-44,Black / African American,High school diploma / GED,"$168,000 or more",Other,1.7200764051339917e-07
Male,30-44,Black / African American,High school diploma / GED,"$168,000 or more",Republican,1.874587672817897e-05
Male,30-44,Black / African American,High school diploma / GED,"$30,000 to $55,999",Democrat,0.00040014334350483254
Male,30-44,Black / African American,High school diploma / GED,"$30,000 to $55,999",Independent,0.00038895103323618096
Male,30-44,Black / African American,High school diploma / GED,"$30,000 to $55,999",Other,1.2432830944982139e-06
Male,30-44,Black / African American,High school diploma / GED,"$30,000 to $55,999",Republican,0.00026197618483240874
Male,30-44,Black / African American,High school diploma / GED,"$56,000 to $99,999",Democrat,0.0003410841387887134
Male,30-44,Black / African American,High school diploma / GED,"$56,000 to $99,999",Independent,0.00024063930086337174
Male,30-44,Black / African American,High school diploma / GED,"$56,000 to $99,999",Republican,0.00027515565538089643
Male,30-44,Black / African American,High school diploma / GED,"Less than $30,000",Democrat,0.0004738778223804001
Male,30-44,Black / African American,High school diploma / GED,"Less than $30,000",Independent,0.0004940025197091282
Male,30-44,Black / African American,High school diploma / GED,"Less than $30,000",Other,5.680906087965726e-06
Male,30-44,Black / African American,High school diploma / GED,"Less than $30,000",Republican,0.00016947054801268597
Male,30-44,Black / African American,Less than high school,"$100,000 to $167,999",Democrat,1.6592031504999872e-05
Male,30-44,Black / African American,Less than high school,"$100,000 to $167,999",Independent,3.141771785970231e-05
Male,30-44,Black / African American,Less than high school,"$100,000 to $167,999",Other,1.2124411632977581e-05
Male,30-44,Black / African American,Less than high school,"$100,000 to $167,999",Republican,1.407051949838326e-06
Male,30-44,Black / African American,Less than high school,"$168,000 or more",Democrat,4.624313457483954e-06
Male,30-44,Black / African American,Less than high school,"$168,000 or more",Independent,8.687368738405163e-06
Male,30-44,Black / African American,Less than high school,"$168,000 or more",Other,3.380325845987237e-06
Male,30-44,Black / African American,Less than high school,"$168,000 or more",Republican,3.610630828986847e-07
Male,30-44,Black / African American,Less than high school,"$30,000 to $55,999",Democrat,7.780090789199573e-05
Male,30-44,Black / African American,Less than high school,"$30,000 to $55,999",Independent,0.00015233128496966683
Male,30-44,Black / African American,Less than high school,"$30,000 to $55,999",Other,6.199324208538412e-05
Male,30-44,Black / African American,Less than high school,"$30,000 to $55,999",Republican,6.912538833463529e-06
Male,30-44,Black / African American,Less than high school,"$56,000 to $99,999",Democrat,5.3816677288738136e-05
Male,30-44,Black / African American,Less than high school,"$56,000 to $99,999",Independent,0.0001022095362674394
Male,30-44,Black / African American,Less than high school,"$56,000 to $99,999",Other,3.6794059349732343e-05
Male,30-44,Black / African American,Less than high school,"$56,000 to $99,999",Republican,4.75388039721222e-06
Male,30-44,Black / African American,Less than high school,"Less than $30,000",Democrat,0.00016678104749466303
Male,30-44,Black / African American,Less than high school,"Less than $30,000",Independent,0.0002599238654436062
Male,30-44,Black / African American,Less than high school,"Less than $30,000",Other,0.00012617176406444117
Male,30-44,Black / African American,Less than high school,"Less than $30,000",Republican,6.096627739531033e-06
Male,30-44,Black / African American,Master's degree / Professional degree,"$100,000 to $167,999",Democrat,0.00019663732911492706
Male,30-44,Black / African American,Master's degree / Professional degree,"$100,000 to $167,999",Independent,7.596460134533587e-05
Male,30-44,Black / African American,Master's degree / Professional degree,"$100,000 to $167,999",Other,2.9158027921604815e-05
Male,30-44,Black / African American,Master's degree / Professional degree,"$100,000 to $167,999",Republican,3.339424051602103e-05
Male,30-44,Black / African American,Master's degree / Professional degree,"$168,000 or more",Democrat,0.00011265468208165435
Male,30-44,Black / African American,Master's degree / Professional degree,"$168,000 or more",Independent,4.3177795181215365e-05
Male,30-44,Black / African American,Master's degree / Professional degree,"$168,000 or more",Other,1.6710583675237026e-05
Male,30-44,Black / African American,Master's degree / Professional degree,"$168,000 or more",Republican,1.7614896789262707e-05
Male,30-44,Black / African American,Master's degree / Professional degree,"$30,000 to $55,999",Democrat,0.000129993461839293
Male,30-44,Black / African American,Master's degree / Professional degree,"$30,000 to $55,999",Independent,5.1927351794453126e-05
Male,30-44,Black / African American,Master's degree / Professional degree,"$30,000 to $55,999",Other,2.1019010442223993e-05
Male,30-44,Black / African American,Master's degree / Professional degree,"$30,000 to $55,999",Republican,2.3129671468554256e-05
Male,30-44,Black / African American,Master's degree / Professional degree,"$56,000 to $99,999",Democrat,0.00021456608165212304
Male,30-44,Black / African American,Master's degree / Professional degree,"$56,000 to $99,999",Independent,8.313919835096212e-05
Male,30-44,Black / African American,Master's degree / Professional degree,"$56,000 to $99,999",Other,2.9768226841821972e-05
Male,30-44,Black / African American,Master's degree / Professional degree,"$56,000 to $99,999",Republican,3.795661515526041e-05
Male,30-44,Black / African American,Master's degree / Professional degree,"Less than $30,000",Democrat,6.945383306526074e-05
Male,30-44,Black / African American,Master's degree / Professional degree,"Less than $30,000",Independent,3.434183211195922e-05
Male,30-44,Black / African American,Master's degree / Professional degree,"Less than $30,000",Other,1.0603160602519808e-05
Male,30-44,Black / African American,Master's degree / Professional degree,"Less than $30,000",Republican,1.2021345013400779e-05
Male,30-44,Black / African American,Some college or Associate's degree,"$100,000 to $167,999",Democrat,0.0004352380817346128
Male,30-44,Black / African American,Some college or Associate's degree,"$100,000 to $167,999",Independent,8.539858845153024e-05
Male,30-44,Black / African American,Some college or Associate's degree,"$100,000 to $167,999",Other,5.424102205447714e-05
Male,30-44,Black / African American,Some college or Associate's degree,"$100,000 to $167,999",Republican,0.00022241407736506841
Male,30-44,Black / African American,Some college or Associate's degree,"$168,000 or more",Democrat,8.620370851550386e-05
Male,30-44,Black / African American,Some college or Associate's degree,"$168,000 or more",Independent,7.088745655426653e-05
Male,30-44,Black / African American,Some college or Associate's degree,"$168,000 or more",Other,4.8467309351805525e-06
Male,30-44,Black / African American,Some college or Associate's degree,"$168,000 or more",Republican,2.0709076966379072e-05
Male,30-44,Black / African American,Some college or Associate's degree,"$30,000 to $55,999",Democrat,0.0006336484509780278
Male,30-44,Black / African American,Some college or Associate's degree,"$30,000 to $55,999",Independent,0.0007423070917410562
Male,30-44,Black / African American,Some college or Associate's degree,"$30,000 to $55,999",Other,2.5113709992709e-05
Male,30-44,Black / African American,Some college or Associate's degree,"$30,000 to $55,999",Republican,1.778234015464767e-05
Male,30-44,Black / African American,Some college or Associate's degree,"$56,000 to $99,999",Democrat,0.0008586336113080641
Male,30-44,Black / African American,Some college or Associate's degree,"$56,000 to $99,999",Independent,0.00037949451372856356
Male,30-44,Black / African American,Some college or Associate's degree,"$56,000 to $99,999",Other,4.906942146953055e-05
Male,30-44,Black / African American,Some college or Associate's degree,"$56,000 to $99,999",Republican,0.000323691923125552
Male,30-44,Black / African American,Some college or Associate's degree,"Less than $30,000",Democrat,0.00043550534804723305
Male,30-44,Black / African American,Some college or Associate's degree,"Less than $30,000",Independent,0.0005576858757450454
Male,30-44,Black / African American,Some college or Associate's degree,"Less than $30,000",Other,2.4036910430507014e-05
Male,30-44,Black / African American,Some college or Associate's degree,"Less than $30,000",Republican,0.00013263416139948527
Male,30-44,Hispanic / Latino,Bachelor's degree,"$100,000 to $167,999",Democrat,0.0005368128237624876
Male,30-44,Hispanic / Latino,Bachelor's degree,"$100,000 to $167,999",Independent,0.0002261744697694351
Male,30-44,Hispanic / Latino,Bachelor's degree,"$100,000 to $167,999",Other,1.894368075394659e-05
Male,30-44,Hispanic / Latino,Bachelor's degree,"$100,000 to $167,999",Republican,0.0003582046361586879
Male,30-44,Hispanic / Latino,Bachelor's degree,"$168,000 or more",Democrat,0.00016175786871267905
Male,30-44,Hispanic / Latino,Bachelor's degree,"$168,000 or more",Independent,0.00011148968065746953
Male,30-44,Hispanic / Latino,Bachelor's degree,"$168,000 or more",Other,6.601497548782929e-05
Male,30-44,Hispanic / Latino,Bachelor's degree,"$168,000 or more",Republican,0.00012170859525829386
Male,30-44,Hispanic / Latino,Bachelor's degree,"$30,000 to $55,999",Democrat,0.00035981177364450407
Male,30-44,Hispanic / Latino,Bachelor's degree,"$30,000 to $55,999",Independent,0.00019178068843800505
Male,30-44,Hispanic / Latino,Bachelor's degree,"$30,000 to $55,999",Other,2.9538825900304138e-05
Male,30-44,Hispanic / Latino,Bachelor's degree,"$30,000 to $55,999",Republican,0.00022608764531066022
Male,30-44,Hispanic / Latino,Bachelor's degree,"$56,000 to $99,999",Democrat,0.0005878132150841877
Male,30-44,Hispanic / Latino,Bachelor's degree,"$56,000 to $99,999",Independent,0.00038141325420451734
Male,30-44,Hispanic / Latino,Bachelor's degree,"$56,000 to $99,999",Other,1.6540074928928687e-05
Male,30-44,Hispanic / Latino,Bachelor's degree,"$56,000 to $99,999",Republican,0.00035314182408075737
Male,30-44,Hispanic / Latino,Bachelor's degree,"Less than $30,000",Democrat,0.00023104989049326595
Male,30-44,Hispanic / Latino,Bachelor's degree,"Less than $30,000",Independent,0.00015243610621601004
Male,30-44,Hispanic / Latino,Bachelor's degree,"Less than $30,000",Other,1.7909026964860992e-05
Male,30-44,Hispanic / Latino,Bachelor's degree,"Less than $30,000",Republican,0.00014122647386332382
Male,30-44,Hispanic / Latino,Doctorate degree / Ph.D.,"$100,000 to $167,999",Democrat,1.5306439005414685e-05
Male,30-44,Hispanic / Latino,Doctorate degree / Ph.D.,"$100,000 to $167,999",Independent,3.5966904935060264e-05
Male,30-44,Hispanic / Latino,Doctorate degree / Ph.D.,"$100,000 to $167,999",Republican,3.100143263005086e-06
Male,30-44,Hispanic / Latino,Doctorate degree / Ph.D.,"$168,000 or more",Democrat,9.902711688790844e-06
Male,30-44,Hispanic / Latino,Doctorate degree / Ph.D.,"$168,000 or more",Independent,2.3086014069911854e-05
Male,30-44,Hispanic / Latino,Doctorate degree / Ph.D.,"$168,000 or more",Republican,1.8466601866633736e-06
Male,30-44,Hispanic / Latino,Doctorate degree / Ph.D.,"$30,000 to $55,999",Democrat,6.568835481198792e-06
Male,30-44,Hispanic / Latino,Doctorate degree / Ph.D.,"$30,000 to $55,999",Independent,1.5960505996927487e-05
Male,30-44,Hispanic / Latino,Doctorate degree / Ph.D.,"$30,000 to $55,999",Republican,1.3939215553819452e-06
Male,30-44,Hispanic / Latino,Doctorate degree / Ph.D.,"$56,000 to $99,999",Democrat,1.0686245350254201e-05
Male,30-44,Hispanic / Latino,Doctorate degree / Ph.D.,"$56,000 to $99,999",Independent,2.518567001192873e-05
Male,30-44,Hispanic / Latino,Doctorate degree / Ph.D.,"$56,000 to $99,999",Republican,2.254517142280733e-06
Male,30-44,Hispanic / Latino,Doctorate degree / Ph.D.,"Less than $30,000",Democrat,3.923407309635238e-06
Male,30-44,Hispanic / Latino,Doctorate degree / Ph.D.,"Less than $30,000",Independent,1.1799789073114078e-05
Male,30-44,Hispanic / Latino,Doctorate degree / Ph.D.,"Less than $30,000",Republican,8.098829089142695e-07
Male,30-44,Hispanic / Latino,High school diploma / GED,"$100,000 to $167,999",Democrat,0.0001936969850305301
Male,30-44,Hispanic / Latino,High school diploma / GED,"$100,000 to $167,999",Independent,0.0003771364096001769
Male,30-44,Hispanic / Latino,High school diploma / GED,"$100,000 to $167,999",Other,2.8121777035852e-05
Male,30-44,Hispanic / Latino,High school diploma / GED,"$100,000 to $167,999",Republican,0.00021406817236744574
Male,30-44,Hispanic / Latino,High school diploma / GED,"$168,000 or more",Democrat,4.2578871006965e-05
Male,30-44,Hispanic / Latino,High school diploma / GED,"$168,000 or more",Independent,8.224995373849765e-05
Male,30-44,Hispanic / Latino,High school diploma / GED,"$168,000 or more",Other,6.183925286343959e-06
Male,30-44,Hispanic / Latino,High school diploma / GED,"$168,000 or more",Republican,4.3326003919284024e-05
Male,30-44,Hispanic / Latino,High school diploma / GED,"$30,000 to $55,999",Democrat,0.0004083181416749591
Male,30-44,Hispanic / Latino,High school diploma / GED,"$30,000 to $55,999",Independent,0.0010517482370015158
Male,30-44,Hispanic / Latino,High school diploma / GED,"$30,000 to $55,999",Other,8.113800350367727e-05
Male,30-44,Hispanic / Latino,High school diploma / GED,"$30,000 to $55,999",Republican,0.00040054935004833227
Male,30-44,Hispanic / Latino,High school diploma / GED,"$56,000 to $99,999",Democrat,0.0006542712091714673
Male,30-44,Hispanic / Latino,High school diploma / GED,"$56,000 to $99,999",Independent,0.000651686814316924
Male,30-44,Hispanic / Latino,High school diploma / GED,"$56,000 to $99,999",Republican,0.0006012903214276982
Male,30-44,Hispanic / Latino,High school diploma / GED,"Less than $30,000",Democrat,0.00019624377886099515
Male,30-44,Hispanic / Latino,High school diploma / GED,"Less than $30,000",Independent,0.0008893386108194647
Male,30-44,Hispanic / Latino,High school diploma / GED,"Less than $30,000",Other,8.562485038660318e-05
Male,30-44,Hispanic / Latino,High school diploma / GED,"Less than $30,000",Republican,0.0003457043526042672
Male,30-44,Hispanic / Latino,Less than high school,"$100,000 to $167,999",Democrat,0.00019316859275320065
Male,30-44,Hispanic / Latino,Less than high school,"$100,000 to $167,999",Independent,0.0002445326415819165
Male,30-44,Hispanic / Latino,Less than high school,"$100,000 to $167,999",Other,7.505791824435874e-06
Male,30-44,Hispanic / Latino,Less than high school,"$100,000 to $167,999",Republican,4.698840949337548e-05
Male,30-44,Hispanic / Latino,Less than high school,"$168,000 or more",Democrat,4.7217283092598915e-05
Male,30-44,Hispanic / Latino,Less than high school,"$168,000 or more",Independent,5.930171270880398e-05
Male,30-44,Hispanic / Latino,Less than high school,"$168,000 or more",Other,1.8353174132786677e-06
Male,30-44,Hispanic / Latino,Less than high school,"$168,000 or more",Republican,1.0575002416530364e-05
Male,30-44,Hispanic / Latino,Less than high school,"$30,000 to $55,999",Democrat,0.00013622873208835365
Male,30-44,Hispanic / Latino,Less than high school,"$30,000 to $55,999",Independent,0.0018166526884109185
Male,30-44,Hispanic / Latino,Less than high school,"$56,000 to $99,999",Democrat,0.0005544564499817026
Male,30-44,Hispanic / Latino,Less than high school,"$56,000 to $99,999",Independent,0.000703991198190856
Male,30-44,Hispanic / Latino,Less than high school,"$56,000 to $99,999",Other,2.0157058409458897e-05
Male,30-44,Hispanic / Latino,Less than high school,"$56,000 to $99,999",Republican,0.00014048904846057877
Male,30-44,Hispanic / Latino,Less than high school,"Less than $30,000",Democrat,0.0009829304865293447
Male,30-44,Hispanic / Latino,Less than high school,"Less than $30,000",Independent,0.0007008141033376428
Male,30-44,Hispanic / Latino,Less than high school,"Less than $30,000",Other,5.2714482585217715e-05
Male,30-44,Hispanic / Latino,Less than high school,"Less than $30,000",Republican,0.00032668446053546967
Male,30-44,Hispanic / Latino,Master's degree / Professional degree,"$100,000 to $167,999",Democrat,0.0001872174769610632
Male,30-44,Hispanic / Latino,Master's degree / Professional degree,"$100,000 to $167,999",Independent,9.269255498568425e-05
Male,30-44,Hispanic / Latino,Master's degree / Professional degree,"$100,000 to $167,999",Other,2.2466855800684413e-05
Male,30-44,Hispanic / Latino,Master's degree / Professional degree,"$100,000 to $167,999",Republican,0.00016643693615016634
Male,30-44,Hispanic / Latino,Master's degree / Professional degree,"$168,000 or more",Democrat,0.00013254661001973258
Male,30-44,Hispanic / Latino,Master's degree / Professional degree,"$168,000 or more",Independent,6.510779824896138e-05
Male,30-44,Hispanic / Latino,Master's degree / Professional degree,"$168,000 or more",Other,1.5911632028112765e-05
Male,30-44,Hispanic / Latino,Master's degree / Professional degree,"$168,000 or more",Republican,0.00010849187166612654
Male,30-44,Hispanic / Latino,Master's degree / Professional degree,"$30,000 to $55,999",Democrat,8.279509454971858e-05
Male,30-44,Hispanic / Latino,Master's degree / Professional degree,"$30,000 to $55,999",Independent,4.238697663564362e-05
Male,30-44,Hispanic / Latino,Master's degree / Professional degree,"$30,000 to $55,999",Other,1.0834255961881136e-05
Male,30-44,Hispanic / Latino,Master's degree / Professional degree,"$30,000 to $55,999",Republican,7.711702750517982e-05
Male,30-44,Hispanic / Latino,Master's degree / Professional degree,"$56,000 to $99,999",Democrat,0.00016901189973166924
Male,30-44,Hispanic / Latino,Master's degree / Professional degree,"$56,000 to $99,999",Independent,8.392961179331882e-05
Male,30-44,Hispanic / Latino,Master's degree / Professional degree,"$56,000 to $99,999",Other,1.897635989547766e-05
Male,30-44,Hispanic / Latino,Master's degree / Professional degree,"$56,000 to $99,999",Republican,0.00015650975434742533
Male,30-44,Hispanic / Latino,Master's degree / Professional degree,"Less than $30,000",Democrat,6.014814049249599e-05
Male,30-44,Hispanic / Latino,Master's degree / Professional degree,"Less than $30,000",Independent,3.8115587307270156e-05
Male,30-44,Hispanic / Latino,Master's degree / Professional degree,"Less than $30,000",Other,7.4313044657442225e-06
Male,30-44,Hispanic / Latino,Master's degree / Professional degree,"Less than $30,000",Republican,5.449752363603001e-05
Male,30-44,Hispanic / Latino,Some college or Associate's degree,"$100,000 to $167,999",Democrat,0.0002857925935332052
Male,30-44,Hispanic / Latino,Some college or Associate's degree,"$100,000 to $167,999",Independent,0.0006254344101185968
Male,30-44,Hispanic / Latino,Some college or Associate's degree,"$100,000 to $167,999",Other,9.982108914986265e-05
Male,30-44,Hispanic / Latino,Some college or Associate's degree,"$100,000 to $167,999",Republican,0.0003643572668469336
Male,30-44,Hispanic / Latino,Some college or Associate's degree,"$168,000 or more",Democrat,0.00012009576959887437
Male,30-44,Hispanic / Latino,Some college or Associate's degree,"$168,000 or more",Independent,0.0001155341459554569
Male,30-44,Hispanic / Latino,Some college or Associate's degree,"$168,000 or more",Other,2.237488564589408e-05
Male,30-44,Hispanic / Latino,Some college or Associate's degree,"$168,000 or more",Republican,8.473013709248473e-05
Male,30-44,Hispanic / Latino,Some college or Associate's degree,"$30,000 to $55,999",Democrat,0.0007120579385102449
Male,30-44,Hispanic / Latino,Some college or Associate's degree,"$30,000 to $55,999",Independent,0.0007257250777525326
Male,30-44,Hispanic / Latino,Some college or Associate's degree,"$30,000 to $55,999",Other,0.00010220212442116659
Male,30-44,Hispanic / Latino,Some college or Associate's degree,"$30,000 to $55,999",Republican,0.0003018301760189359
Male,30-44,Hispanic / Latino,Some college or Associate's degree,"$56,000 to $99,999",Democrat,0.0008796582419184988
Male,30-44,Hispanic / Latino,Some college or Associate's degree,"$56,000 to $99,999",Independent,0.0005433555311739465
Male,30-44,Hispanic / Latino,Some college or Associate's degree,"$56,000 to $99,999",Other,0.0002721238493157669
Male,30-44,Hispanic / Latino,Some college or Associate's degree,"$56,000 to $99,999",Republican,0.0008559762335557607
Male,30-44,Hispanic / Latino,Some college or Associate's degree,"Less than $30,000",Democrat,0.0005560264862959257
Male,30-44,Hispanic / Latino,Some college or Associate's degree,"Less than $30,000",Independent,0.00038104437257525394
Male,30-44,Hispanic / Latino,Some college or Associate's degree,"Less than $30,000",Other,8.088324292754877e-06
Male,30-44,Hispanic / Latino,Some college or Associate's degree,"Less than $30,000",Republican,0.0003815649244458316
Male,30-44,Other,Bachelor's degree,"$100,000 to $167,999",Democrat,6.194995069967938e-05
Male,30-44,Other,Bachelor's degree,"$100,000 to $167,999",Independent,0.00013113520731600296
Male,30-44,Other,Bachelor's degree,"$100,000 to $167,999",Other,1.5879624082991995e-05
Male,30-44,Other,Bachelor's degree,"$100,000 to $167,999",Republican,2.3616157577921806e-05
Male,30-44,Other,Bachelor's degree,"$168,000 or more",Democrat,3.6544821034554594e-05
Male,30-44,Other,Bachelor's degree,"$168,000 or more",Independent,7.67485361294436e-05
Male,30-44,Other,Bachelor's degree,"$168,000 or more",Other,9.370770113417854e-06
Male,30-44,Other,Bachelor's degree,"$168,000 or more",Republican,1.2826830763924174e-05
Male,30-44,Other,Bachelor's degree,"$30,000 to $55,999",Democrat,4.4871429218695794e-05
Male,30-44,Other,Bachelor's degree,"$30,000 to $55,999",Independent,9.821495311674116e-05
Male,30-44,Other,Bachelor's degree,"$30,000 to $55,999",Other,1.2542026968757273e-05
Male,30-44,Other,Bachelor's degree,"$30,000 to $55,999",Republican,1.7921754587289243e-05
Male,30-44,Other,Bachelor's degree,"$56,000 to $99,999",Democrat,7.362541317925584e-05
Male,30-44,Other,Bachelor's degree,"$56,000 to $99,999",Independent,0.00015631676296166985
Male,30-44,Other,Bachelor's degree,"$56,000 to $99,999",Other,1.7657398254132414e-05
Male,30-44,Other,Bachelor's degree,"$56,000 to $99,999",Republican,2.9235923714731797e-05
Male,30-44,Other,Bachelor's degree,"Less than $30,000",Democrat,2.9414182327371093e-05
Male,30-44,Other,Bachelor's degree,"Less than $30,000",Independent,7.969242963891506e-05
Male,30-44,Other,Bachelor's degree,"Less than $30,000",Other,7.762524288358374e-06
Male,30-44,Other,Bachelor's degree,"Less than $30,000",Republican,1.1428159460839466e-05
Male,30-44,Other,Doctorate degree / Ph.D.,"$100,000 to $167,999",Democrat,7.058300872224195e-06
Male,30-44,Other,Doctorate degree / Ph.D.,"$100,000 to $167,999",Independent,7.970749031885512e-06
Male,30-44,Other,Doctorate degree / Ph.D.,"$100,000 to $167,999",Other,2.2645554652130898e-06
Male,30-44,Other,Doctorate degree / Ph.D.,"$100,000 to $167,999",Republican,3.3044461987228767e-06
Male,30-44,Other,Doctorate degree / Ph.D.,"$168,000 or more",Democrat,7.46791698608797e-06
Male,30-44,Other,Doctorate degree / Ph.D.,"$168,000 or more",Independent,8.366895964933429e-06
Male,30-44,Other,Doctorate degree / Ph.D.,"$168,000 or more",Other,2.3968037149114445e-06
Male,30-44,Other,Doctorate degree / Ph.D.,"$168,000 or more",Republican,3.219016867959149e-06
Male,30-44,Other,Doctorate degree / Ph.D.,"$30,000 to $55,999",Democrat,2.8758602897885543e-06
Male,30-44,Other,Doctorate degree / Ph.D.,"$30,000 to $55,999",Independent,3.3581193028516963e-06
Male,30-44,Other,Doctorate degree / Ph.D.,"$30,000 to $55,999",Other,1.0061185467771717e-06
Male,30-44,Other,Doctorate degree / Ph.D.,"$30,000 to $55,999",Republican,1.410615504081712e-06
Male,30-44,Other,Doctorate degree / Ph.D.,"$56,000 to $99,999",Democrat,5.0840366323779815e-06
Male,30-44,Other,Doctorate degree / Ph.D.,"$56,000 to $99,999",Independent,5.758469954225479e-06
Male,30-44,Other,Doctorate degree / Ph.D.,"$56,000 to $99,999",Other,1.5261287774529811e-06
Male,30-44,Other,Doctorate degree / Ph.D.,"$56,000 to $99,999",Republican,2.4792937842561635e-06
Male,30-44,Other,Doctorate degree / Ph.D.,"Less than $30,000",Democrat,4.141185496813946e-07
Male,30-44,Other,Doctorate degree / Ph.D.,"Less than $30,000",Independent,5.985571154944656e-07
Male,30-44,Other,Doctorate degree / Ph.D.,"Less than $30,000",Other,1.367900220185727e-07
Male,30-44,Other,Doctorate degree / Ph.D.,"Less than $30,000",Republican,1.9759431318210585e-07
Male,30-44,Other,High school diploma / GED,"$100,000 to $167,999",Democrat,1.8612607937500953e-05
Male,30-44,Other,High school diploma / GED,"$100,000 to $167,999",Independent,3.6838543153721485e-05
Male,30-44,Other,High school diploma / GED,"$100,000 to $167,999",Other,1.0221363932289255e-05
Male,30-44,Other,High school diploma / GED,"$100,000 to $167,999",Republican,2.48027091597266e-05
Male,30-44,Other,High school diploma / GED,"$168,000 or more",Democrat,6.220743823745947e-06
Male,30-44,Other,High school diploma / GED,"$168,000 or more",Independent,1.2215280771897945e-05
Male,30-44,Other,High school diploma / GED,"$168,000 or more",Other,3.417386753028269e-06
Male,30-44,Other,High school diploma / GED,"$168,000 or more",Republican,7.632370791844724e-06
Male,30-44,Other,High school diploma / GED,"$30,000 to $55,999",Democrat,3.705805900060291e-05
Male,30-44,Other,High school diploma / GED,"$30,000 to $55,999",Independent,7.58415595556115e-05
Male,30-44,Other,High school diploma / GED,"$30,000 to $55,999",Other,2.2191306218346566e-05
Male,30-44,Other,High school diploma / GED,"$30,000 to $55,999",Republican,5.1738866543481046e-05
Male,30-44,Other,High school diploma / GED,"$56,000 to $99,999",Democrat,3.4592213130331346e-05
Male,30-44,Other,High school diploma / GED,"$56,000 to $99,999",Independent,6.867094621613511e-05
Male,30-44,Other,High school diploma / GED,"$56,000 to $99,999",Other,1.777377531169145e-05
Male,30-44,Other,High school diploma / GED,"$56,000 to $99,999",Republican,4.801655982744005e-05
Male,30-44,Other,High school diploma / GED,"Less than $30,000",Democrat,3.7184463398649465e-05
Male,30-44,Other,High school diploma / GED,"Less than $30,000",Independent,9.419734924385648e-05
Male,30-44,Other,High school diploma / GED,"Less than $30,000",Other,2.1023745026091423e-05
Male,30-44,Other,High school diploma / GED,"Less than $30,000",Republican,5.0501543129353026e-05
Male,30-44,Other,Less than high school,"$100,000 to $167,999",Democrat,1.2972774930872603e-06
Male,30-44,Other,Less than high school,"$100,000 to $167,999",Independent,1.1286818227366782e-05
Male,30-44,Other,Less than high school,"$100,000 to $167,999",Other,9.55522494270244e-06
Male,30-44,Other,Less than high school,"$100,000 to $167,999",Republican,3.7675331351388363e-06
Male,30-44,Other,Less than high school,"$168,000 or more",Democrat,3.0424225954444924e-07
Male,30-44,Other,Less than high school,"$168,000 or more",Independent,2.6261776709112813e-06
Male,30-44,Other,Less than high school,"$168,000 or more",Other,2.2417013947537e-06
Male,30-44,Other,Less than high school,"$168,000 or more",Republican,8.135214107193864e-07
Male,30-44,Other,Less than high school,"$30,000 to $55,999",Democrat,3.7510329575818707e-06
Male,30-44,Other,Less than high school,"$30,000 to $55,999",Independent,3.374573535834691e-05
Male,30-44,Other,Less than high school,"$30,000 to $55,999",Other,3.0127110994663244e-05
Male,30-44,Other,Less than high school,"$30,000 to $55,999",Republican,1.1413462799084085e-05
Male,30-44,Other,Less than high school,"$56,000 to $99,999",Democrat,3.052782596588563e-06
Male,30-44,Other,Less than high school,"$56,000 to $99,999",Independent,2.663998589280272e-05
Male,30-44,Other,Less than high school,"$56,000 to $99,999",Other,2.1037959971295386e-05
Male,30-44,Other,Less than high school,"$56,000 to $99,999",Republican,9.235084562152128e-06
Male,30-44,Other,Less than high school,"Less than $30,000",Democrat,6.0266034913325215e-06
Male,30-44,Other,Less than high school,"Less than $30,000",Independent,6.711092298030364e-05
Male,30-44,Other,Less than high school,"Less than $30,000",Other,4.57011986243526e-05
Male,30-44,Other,Less than high school,"Less than $30,000",Republican,1.7838077835810562e-05
Male,30-44,Other,Master's degree / Professional degree,"$100,000 to $167,999",Democrat,4.340977861887677e-05
Male,30-44,Other,Master's degree / Professional degree,"$100,000 to $167,999",Independent,6.861534416424148e-05
Male,30-44,Other,Master's degree / Professional degree,"$100,000 to $167,999",Other,1.0393438808271112e-05
Male,30-44,Other,Master's degree / Professional degree,"$100,000 to $167,999",Republican,1.3984326418971781e-05
Male,30-44,Other,Master's degree / Professional degree,"$168,000 or more",Democrat,3.215141938686976e-05
Male,30-44,Other,Master's degree / Professional degree,"$168,000 or more",Independent,5.041964048514807e-05
Male,30-44,Other,Master's degree / Professional degree,"$168,000 or more",Other,7.700555142874418e-06
Male,30-44,Other,Master's degree / Professional degree,"$168,000 or more",Republican,9.53628857108805e-06
Male,30-44,Other,Master's degree / Professional degree,"$30,000 to $55,999",Democrat,1.8027691854326852e-05
Male,30-44,Other,Master's degree / Professional degree,"$30,000 to $55,999",Independent,2.9464777780785277e-05
Male,30-44,Other,Master's degree / Professional degree,"$30,000 to $55,999",Other,4.706633635129848e-06
Male,30-44,Other,Master's degree / Professional degree,"$30,000 to $55,999",Republican,6.084661996767068e-06
Male,30-44,Other,Master's degree / Professional degree,"$56,000 to $99,999",Democrat,4.046854635401721e-05
Male,30-44,Other,Master's degree / Professional degree,"$56,000 to $99,999",Independent,6.415798941565614e-05
Male,30-44,Other,Master's degree / Professional degree,"$56,000 to $99,999",Other,9.065442599689621e-06
Male,30-44,Other,Master's degree / Professional degree,"$56,000 to $99,999",Republican,1.3579769185859012e-05
Male,30-44,Other,Master's degree / Professional degree,"Less than $30,000",Democrat,1.718183673323747e-05
Male,30-44,Other,Master's degree / Professional degree,"Less than $30,000",Independent,3.4760435458820674e-05
Male,30-44,Other,Master's degree / Professional degree,"Less than $30,000",Other,4.235339418079073e-06
Male,30-44,Other,Master's degree / Professional degree,"Less than $30,000",Republican,5.641243006457093e-06
Male,30-44,Other,Some college or Associate's degree,"$100,000 to $167,999",Democrat,2.5776878693553352e-05
Male,30-44,Other,Some college or Associate's degree,"$100,000 to $167,999",Independent,0.00010692906818364285
Male,30-44,Other,Some college or Associate's degree,"$100,000 to $167,999",Other,2.6220052358922753e-05
Male,30-44,Other,Some college or Associate's degree,"$100,000 to $167,999",Republican,6.176353711258451e-05
Male,30-44,Other,Some college or Associate's degree,"$168,000 or more",Democrat,9.221433344223403e-06
Male,30-44,Other,Some college or Associate's degree,"$168,000 or more",Independent,3.795157509648223e-05
Male,30-44,Other,Some college or Associate's degree,"$168,000 or more",Other,9.383218952228554e-06
Male,30-44,Other,Some college or Associate's degree,"$168,000 or more",Republican,2.0343492612283916e-05
Male,30-44,Other,Some college or Associate's degree,"$30,000 to $55,999",Democrat,4.086840356955749e-05
Male,30-44,Other,Some college or Associate's degree,"$30,000 to $55,999",Independent,0.00017530023438522342
Male,30-44,Other,Some college or Associate's degree,"$30,000 to $55,999",Other,4.533039210757398e-05
Male,30-44,Other,Some college or Associate's degree,"$30,000 to $55,999",Republican,0.00010259633702576021
Male,30-44,Other,Some college or Associate's degree,"$56,000 to $99,999",Democrat,5.18132099713579e-05
Male,30-44,Other,Some college or Associate's degree,"$56,000 to $99,999",Independent,0.00021557848684770797
Male,30-44,Other,Some college or Associate's degree,"$56,000 to $99,999",Other,4.931095811918532e-05
Male,30-44,Other,Some college or Associate's degree,"$56,000 to $99,999",Republican,0.00012931923675034578
Male,30-44,Other,Some college or Associate's degree,"Less than $30,000",Democrat,6.5557239849533825e-06
Male,30-44,Other,Some college or Associate's degree,"Less than $30,000",Independent,0.0001567124196727334
Male,30-44,Other,Some college or Associate's degree,"Less than $30,000",Other,5.490431146970627e-05
Male,30-44,Other,Some college or Associate's degree,"Less than $30,000",Republican,9.760494191874604e-05
Male,30-44,White / Caucasian,Bachelor's degree,"$100,000 to $167,999",Democrat,0.0024506991579070756
Male,30-44,White / Caucasian,Bachelor's degree,"$100,000 to $167,999",Independent,0.002235086708727955
Male,30-44,White / Caucasian,Bachelor's degree,"$100,000 to $167,999",Other,0.0003857689079385198
Male,30-44,White / Caucasian,Bachelor's degree,"$100,000 to $167,999",Republican,0.0017912148605075866
Male,30-44,White / Caucasian,Bachelor's degree,"$168,000 or more",Democrat,0.0016409679632250222
Male,30-44,White / Caucasian,Bachelor's degree,"$168,000 or more",Independent,0.0016263102465139702
Male,30-44,White / Caucasian,Bachelor's degree,"$168,000 or more",Other,6.475231270410957e-06
Male,30-44,White / Caucasian,Bachelor's degree,"$168,000 or more",Republican,0.0004854421251272038
Male,30-44,White / Caucasian,Bachelor's degree,"$30,000 to $55,999",Democrat,0.0008247952513109302
Male,30-44,White / Caucasian,Bachelor's degree,"$30,000 to $55,999",Independent,0.0010123491243644433
Male,30-44,White / Caucasian,Bachelor's degree,"$30,000 to $55,999",Other,0.000276337712227314
Male,30-44,White / Caucasian,Bachelor's degree,"$30,000 to $55,999",Republican,0.000860403850150016
Male,30-44,White / Caucasian,Bachelor's degree,"$56,000 to $99,999",Democrat,0.002030196581059445
Male,30-44,White / Caucasian,Bachelor's degree,"$56,000 to $99,999",Independent,0.002142889506336176
Male,30-44,White / Caucasian,Bachelor's degree,"$56,000 to $99,999",Other,0.000376031271195049
Male,30-44,White / Caucasian,Bachelor's degree,"$56,000 to $99,999",Republican,0.001988506059489419
Male,30-44,White / Caucasian,Bachelor's degree,"Less than $30,000",Democrat,0.0006598824995194648
Male,30-44,White / Caucasian,Bachelor's degree,"Less than $30,000",Independent,0.00034848449088198174
Male,30-44,White / Caucasian,Bachelor's degree,"Less than $30,000",Other,0.0002554716316169753
Male,30-44,White / Caucasian,Bachelor's degree,"Less than $30,000",Republican,0.00032163773066919783
Male,30-44,White / Caucasian,Doctorate degree / Ph.D.,"$100,000 to $167,999",Democrat,0.0002437117422771069
Male,30-44,White / Caucasian,Doctorate degree / Ph.D.,"$100,000 to $167,999",Independent,0.00010473056808230258
Male,30-44,White / Caucasian,Doctorate degree / Ph.D.,"$100,000 to $167,999",Other,2.0397674626237155e-05
Male,30-44,White / Caucasian,Doctorate degree / Ph.D.,"$100,000 to $167,999",Republican,8.925835967010295e-05
Male,30-44,White / Caucasian,Doctorate degree / Ph.D.,"$168,000 or more",Democrat,0.00020918473961718055
Male,30-44,White / Caucasian,Doctorate degree / Ph.D.,"$168,000 or more",Independent,8.918522715812111e-05
Male,30-44,White / Caucasian,Doctorate degree / Ph.D.,"$168,000 or more",Other,1.7513961734064738e-05
Male,30-44,White / Caucasian,Doctorate degree / Ph.D.,"$168,000 or more",Republican,7.053874007157867e-05
Male,30-44,White / Caucasian,Doctorate degree / Ph.D.,"$30,000 to $55,999",Democrat,6.610795847529495e-05
Male,30-44,White / Caucasian,Doctorate degree / Ph.D.,"$30,000 to $55,999",Independent,2.9375151788109777e-05
Male,30-44,White / Caucasian,Doctorate degree / Ph.D.,"$30,000 to $55,999",Other,6.0333223089232315e-06
Male,30-44,White / Caucasian,Doctorate degree / Ph.D.,"$30,000 to $55,999",Republican,2.5366966949686733e-05
Male,30-44,White / Caucasian,Doctorate degree / Ph.D.,"$56,000 to $99,999",Democrat,0.00017457648206669366
Male,30-44,White / Caucasian,Doctorate degree / Ph.D.,"$56,000 to $99,999",Independent,7.524579038395802e-05
Male,30-44,White / Caucasian,Doctorate degree / Ph.D.,"$56,000 to $99,999",Other,1.3670665546358645e-05
Male,30-44,White / Caucasian,Doctorate degree / Ph.D.,"$56,000 to $99,999",Republican,6.660072959060978e-05
Male,30-44,White / Caucasian,Doctorate degree / Ph.D.,"Less than $30,000",Democrat,4.357830229241037e-05
Male,30-44,White / Caucasian,Doctorate degree / Ph.D.,"Less than $30,000",Independent,2.396896368649107e-05
Male,30-44,White / Caucasian,Doctorate degree / Ph.D.,"Less than $30,000",Other,3.755099528432682e-06
Male,30-44,White / Caucasian,Doctorate degree / Ph.D.,"Less than $30,000",Republican,1.6266495326431106e-05
Male,30-44,White / Caucasian,High school diploma / GED,"$100,000 to $167,999",Democrat,0.000538038990693739
Male,30-44,White / Caucasian,High school diploma / GED,"$100,000 to $167,999",Independent,0.0006823151808996491
Male,30-44,White / Caucasian,High school diploma / GED,"$100,000 to $167,999",Other,0.00013600422663796798
Male,30-44,White / Caucasian,High school diploma / GED,"$100,000 to $167,999",Republican,0.0005608916405777356
Male,30-44,White / Caucasian,High school diploma / GED,"$168,000 or more",Democrat,0.00015526296420046524
Male,30-44,White / Caucasian,High school diploma / GED,"$168,000 or more",Independent,0.00017855138075149348
Male,30-44,White / Caucasian,High school diploma / GED,"$168,000 or more",Republican,0.00011774124393728827
Male,30-44,White / Caucasian,High school diploma / GED,"$30,000 to $55,999",Democrat,0.000888060670038003
Male,30-44,White / Caucasian,High school diploma / GED,"$30,000 to $55,999",Independent,0.0010039158115532827
Male,30-44,White / Caucasian,High school diploma / GED,"$30,000 to $55,999",Other,8.895467960373936e-06
Male,30-44,White / Caucasian,High school diploma / GED,"$30,000 to $55,999",Republican,0.001401351167263047
Male,30-44,White / Caucasian,High school diploma / GED,"$56,000 to $99,999",Democrat,0.0008273059137102726
Male,30-44,White / Caucasian,High school diploma / GED,"$56,000 to $99,999",Independent,0.0017484306772255322
Male,30-44,White / Caucasian,High school diploma / GED,"$56,000 to $99,999",Other,0.00010929442505816109
Male,30-44,White / Caucasian,High school diploma / GED,"$56,000 to $99,999",Republican,0.001414624784585406
Male,30-44,White / Caucasian,High school diploma / GED,"Less than $30,000",Democrat,0.0006232793725879834
Male,30-44,White / Caucasian,High school diploma / GED,"Less than $30,000",Independent,0.001266582722317254
Male,30-44,White / Caucasian,High school diploma / GED,"Less than $30,000",Other,8.493377639182736e-05
Male,30-44,White / Caucasian,High school diploma / GED,"Less than $30,000",Republican,0.0005518702435555897
Male,30-44,White / Caucasian,Less than high school,"$100,000 to $167,999",Democrat,3.141847999437721e-05
Male,30-44,White / Caucasian,Less than high school,"$100,000 to $167,999",Independent,0.0001257900434479996
Male,30-44,White / Caucasian,Less than high school,"$100,000 to $167,999",Other,1.4542069252190099e-05
Male,30-44,White / Caucasian,Less than high school,"$100,000 to $167,999",Republican,0.00010081761090860108
Male,30-44,White / Caucasian,Less than high school,"$168,000 or more",Democrat,8.57871093298558e-06
Male,30-44,White / Caucasian,Less than high school,"$168,000 or more",Independent,3.40760345666752e-05
Male,30-44,White / Caucasian,Less than high school,"$168,000 or more",Other,3.9720368100179645e-06
Male,30-44,White / Caucasian,Less than high school,"$168,000 or more",Republican,2.5345363134679528e-05
Male,30-44,White / Caucasian,Less than high school,"$30,000 to $55,999",Democrat,8.683851297643487e-05
Male,30-44,White / Caucasian,Less than high school,"$30,000 to $55,999",Independent,0.00047546194694767863
Male,30-44,White / Caucasian,Less than high school,"$30,000 to $55,999",Republican,0.00032859731482264823
Male,30-44,White / Caucasian,Less than high school,"$56,000 to $99,999",Democrat,8.903037221850739e-05
Male,30-44,White / Caucasian,Less than high school,"$56,000 to $99,999",Independent,0.00035751869119518304
Male,30-44,White / Caucasian,Less than high school,"$56,000 to $99,999",Other,3.855484331973937e-05
Male,30-44,White / Caucasian,Less than high school,"$56,000 to $99,999",Republican,0.000297584442280646
Male,30-44,White / Caucasian,Less than high school,"Less than $30,000",Democrat,0.00015254396708087113
Male,30-44,White / Caucasian,Less than high school,"Less than $30,000",Independent,0.0006160672546420128
Male,30-44,White / Caucasian,Less than high school,"Less than $30,000",Other,6.592470378949585e-05
Male,30-44,White / Caucasian,Less than high school,"Less than $30,000",Republican,0.0003578609591382764
Male,30-44,White / Caucasian,Master's degree / Professional degree,"$100,000 to $167,999",Democrat,0.0013942208849315
Male,30-44,White / Caucasian,Master's degree / Professional degree,"$100,000 to $167,999",Independent,0.0011589923508187852
Male,30-44,White / Caucasian,Master's degree / Professional degree,"$100,000 to $167,999",Other,0.00010270133465511658
Male,30-44,White / Caucasian,Master's degree / Professional degree,"$100,000 to $167,999",Republican,0.0005332629483572911
Male,30-44,White / Caucasian,Master's degree / Professional degree,"$168,000 or more",Democrat,0.0014036288380207906
Male,30-44,White / Caucasian,Master's degree / Professional degree,"$168,000 or more",Independent,0.0007582009660619022
Male,30-44,White / Caucasian,Master's degree / Professional degree,"$168,000 or more",Other,0.00012018641947515623
Male,30-44,White / Caucasian,Master's degree / Professional degree,"$168,000 or more",Republican,0.00037792261409640295
Male,30-44,White / Caucasian,Master's degree / Professional degree,"$30,000 to $55,999",Democrat,0.0004114995434040339
Male,30-44,White / Caucasian,Master's degree / Professional degree,"$30,000 to $55,999",Independent,0.00033111049308679635
Male,30-44,White / Caucasian,Master's degree / Professional degree,"$30,000 to $55,999",Other,5.035818142315526e-05
Male,30-44,White / Caucasian,Master's degree / Professional degree,"$30,000 to $55,999",Republican,0.00018431784805220876
Male,30-44,White / Caucasian,Master's degree / Professional degree,"$56,000 to $99,999",Democrat,0.0009920975086250214
Male,30-44,White / Caucasian,Master's degree / Professional degree,"$56,000 to $99,999",Independent,0.0007331309154486813
Male,30-44,White / Caucasian,Master's degree / Professional degree,"$56,000 to $99,999",Other,0.00012913253318819966
Male,30-44,White / Caucasian,Master's degree / Professional degree,"$56,000 to $99,999",Republican,0.0006283555675091721
Male,30-44,White / Caucasian,Master's degree / Professional degree,"Less than $30,000",Democrat,0.00021183475344066196
Male,30-44,White / Caucasian,Master's degree / Professional degree,"Less than $30,000",Independent,0.00021098587170377198
Male,30-44,White / Caucasian,Master's degree / Professional degree,"Less than $30,000",Other,2.4476327546945195e-05
Male,30-44,White / Caucasian,Master's degree / Professional degree,"Less than $30,000",Republican,9.230051695208648e-05
Male,30-44,White / Caucasian,Some college or Associate's degree,"$100,000 to $167,999",Democrat,0.0011901168243830152
Male,30-44,White / Caucasian,Some college or Associate's degree,"$100,000 to $167,999",Independent,0.0019091284592627857
Male,30-44,White / Caucasian,Some college or Associate's degree,"$100,000 to $167,999",Other,0.0003506972223202318
Male,30-44,White / Caucasian,Some college or Associate's degree,"$100,000 to $167,999",Republican,0.0015701203127261095
Male,30-44,White / Caucasian,Some college or Associate's degree,"$168,000 or more",Democrat,0.0004154096710055001
Male,30-44,White / Caucasian,Some college or Associate's degree,"$168,000 or more",Independent,0.00042722404653387596
Male,30-44,White / Caucasian,Some college or Associate's degree,"$168,000 or more",Other,0.0001578484211362978
Male,30-44,White / Caucasian,Some college or Associate's degree,"$168,000 or more",Republican,0.00032005019201093645
Male,30-44,White / Caucasian,Some college or Associate's degree,"$30,000 to $55,999",Democrat,0.0013017559464675295
Male,30-44,White / Caucasian,Some college or Associate's degree,"$30,000 to $55,999",Independent,0.002209020853637692
Male,30-44,White / Caucasian,Some college or Associate's degree,"$30,000 to $55,999",Other,0.00025548163317790876
Male,30-44,White / Caucasian,Some college or Associate's degree,"$30,000 to $55,999",Republican,0.0014825763889990747
Male,30-44,White / Caucasian,Some college or Associate's degree,"$56,000 to $99,999",Democrat,0.0013916704593857827
Male,30-44,White / Caucasian,Some college or Associate's degree,"$56,000 to $99,999",Independent,0.003786532601539499
Male,30-44,White / Caucasian,Some college or Associate's degree,"$56,000 to $99,999",Other,0.0004131446952558735
Male,30-44,White / Caucasian,Some college or Associate's degree,"$56,000 to $99,999",Republican,0.0023926182769054374
Male,30-44,White / Caucasian,Some college or Associate's degree,"Less than $30,000",Democrat,0.000910879242633577
Male,30-44,White / Caucasian,Some college or Associate's degree,"Less than $30,000",Independent,0.0013278251268915907
Male,30-44,White / Caucasian,Some college or Associate's degree,"Less than $30,000",Other,0.00011523635190058237
Male,30-44,White / Caucasian,Some college or Associate's degree,"Less than $30,000",Republican,0.0007347897988115176
Male,45-59,Asian / Asian American,Bachelor's degree,"$100,000 to $167,999",Democrat,0.00015460567227125376
Male,45-59,Asian / Asian American,Bachelor's degree,"$100,000 to $167,999",Independent,0.00028566661003753065
Male,45-59,Asian / Asian American,Bachelor's degree,"$100,000 to $167,999",Other,3.2939531683115026e-05
Male,45-59,Asian / Asian American,Bachelor's degree,"$100,000 to $167,999",Republican,0.0001241622305457361
Male,45-59,Asian / Asian American,Bachelor's degree,"$168,000 or more",Democrat,0.00012702955897442991
Male,45-59,Asian / Asian American,Bachelor's degree,"$168,000 or more",Independent,0.00023286529424978392
Male,45-59,Asian / Asian American,Bachelor's degree,"$168,000 or more",Other,2.707366054252363e-05
Male,45-59,Asian / Asian American,Bachelor's degree,"$168,000 or more",Republican,9.392779456496357e-05
Male,45-59,Asian / Asian American,Bachelor's degree,"$30,000 to $55,999",Democrat,7.642734740999847e-05
Male,45-59,Asian / Asian American,Bachelor's degree,"$30,000 to $55,999",Independent,0.00014601995596836542
Male,45-59,Asian / Asian American,Bachelor's degree,"$30,000 to $55,999",Other,1.7755763793917818e-05
Male,45-59,Asian / Asian American,Bachelor's degree,"$30,000 to $55,999",Republican,6.430655132159457e-05
Male,45-59,Asian / Asian American,Bachelor's degree,"$56,000 to $99,999",Democrat,0.0001387460054296919
Male,45-59,Asian / Asian American,Bachelor's degree,"$56,000 to $99,999",Independent,0.0002223533420768688
Male,45-59,Asian / Asian American,Bachelor's degree,"$56,000 to $99,999",Other,7.900719482623294e-06
Male,45-59,Asian / Asian American,Bachelor's degree,"$56,000 to $99,999",Republican,0.00015068301825034612
Male,45-59,Asian / Asian American,Bachelor's degree,"Less than $30,000",Democrat,6.198171173291333e-05
Male,45-59,Asian / Asian American,Bachelor's degree,"Less than $30,000",Independent,0.0001465816374673827
Male,45-59,Asian / Asian American,Bachelor's degree,"Less than $30,000",Other,1.3595729098578008e-05
Male,45-59,Asian / Asian American,Bachelor's degree,"Less than $30,000",Republican,5.073163824242591e-05
Male,45-59,Asian / Asian American,Doctorate degree / Ph.D.,"$100,000 to $167,999",Democrat,6.0046431319667374e-05
Male,45-59,Asian / Asian American,Doctorate degree / Ph.D.,"$100,000 to $167,999",Independent,3.590015504072895e-05
Male,45-59,Asian / Asian American,Doctorate degree / Ph.D.,"$100,000 to $167,999",Republican,1.3745752602002769e-05
Male,45-59,Asian / Asian American,Doctorate degree / Ph.D.,"$168,000 or more",Democrat,9.600395284302275e-05
Male,45-59,Asian / Asian American,Doctorate degree / Ph.D.,"$168,000 or more",Independent,5.6946122334716894e-05
Male,45-59,Asian / Asian American,Doctorate degree / Ph.D.,"$168,000 or more",Republican,2.0234649638945736e-05
Male,45-59,Asian / Asian American,Doctorate degree / Ph.D.,"$30,000 to $55,999",Democrat,1.4116745745777295e-05
Male,45-59,Asian / Asian American,Doctorate degree / Ph.D.,"$30,000 to $55,999",Independent,8.727162937084299e-06
Male,45-59,Asian / Asian American,Doctorate degree / Ph.D.,"$30,000 to $55,999",Republican,3.3857763330076308e-06
Male,45-59,Asian / Asian American,Doctorate degree / Ph.D.,"$56,000 to $99,999",Democrat,4.089790447112577e-05
Male,45-59,Asian / Asian American,Doctorate degree / Ph.D.,"$56,000 to $99,999",Independent,2.452503550190334e-05
Male,45-59,Asian / Asian American,Doctorate degree / Ph.D.,"$56,000 to $99,999",Republican,9.752213038300148e-06
Male,45-59,Asian / Asian American,Doctorate degree / Ph.D.,"Less than $30,000",Democrat,1.0472242836044703e-05
Male,45-59,Asian / Asian American,Doctorate degree / Ph.D.,"Less than $30,000",Independent,8.013657416569906e-06
Male,45-59,Asian / Asian American,Doctorate degree / Ph.D.,"Less than $30,000",Republican,2.4432745124229984e-06
Male,45-59,Asian / Asian American,High school diploma / GED,"$100,000 to $167,999",Democrat,3.820608169930799e-05
Male,45-59,Asian / Asian American,High school diploma / GED,"$100,000 to $167,999",Independent,4.967874673695152e-05
Male,45-59,Asian / Asian American,High school diploma / GED,"$100,000 to $167,999",Republican,2.308754234032971e-05
Male,45-59,Asian / Asian American,High school diploma / GED,"$168,000 or more",Democrat,1.4949952111215681e-05
Male,45-59,Asian / Asian American,High school diploma / GED,"$168,000 or more",Independent,1.9286075023088204e-05
Male,45-59,Asian / Asian American,High school diploma / GED,"$168,000 or more",Republican,8.317834190736109e-06
Male,45-59,Asian / Asian American,High school diploma / GED,"$30,000 to $55,999",Democrat,6.22309771689278e-05
Male,45-59,Asian / Asian American,High school diploma / GED,"$30,000 to $55,999",Independent,8.367083836831065e-05
Male,45-59,Asian / Asian American,High school diploma / GED,"$30,000 to $55,999",Republican,3.939981438051087e-05
Male,45-59,Asian / Asian American,High school diploma / GED,"$56,000 to $99,999",Democrat,6.254879259936645e-05
Male,45-59,Asian / Asian American,High school diploma / GED,"$56,000 to $99,999",Independent,8.157489582676936e-05
Male,45-59,Asian / Asian American,High school diploma / GED,"$56,000 to $99,999",Republican,3.937176985093999e-05
Male,45-59,Asian / Asian American,High school diploma / GED,"Less than $30,000",Democrat,4.791932841208425e-05
Male,45-59,Asian / Asian American,High school diploma / GED,"Less than $30,000",Independent,7.975001977878332e-05
Male,45-59,Asian / Asian American,High school diploma / GED,"Less than $30,000",Republican,2.9512579248971e-05
Male,45-59,Asian / Asian American,Less than high school,"$100,000 to $167,999",Democrat,1.966901350628678e-05
Male,45-59,Asian / Asian American,Less than high school,"$100,000 to $167,999",Independent,2.785892999695697e-05
Male,45-59,Asian / Asian American,Less than high school,"$100,000 to $167,999",Republican,1.3008685514584003e-05
Male,45-59,Asian / Asian American,Less than high school,"$168,000 or more",Democrat,9.73634103652832e-06
Male,45-59,Asian / Asian American,Less than high school,"$168,000 or more",Independent,1.368180984958288e-05
Male,45-59,Asian / Asian American,Less than high school,"$168,000 or more",Republican,5.928869158741953e-06
Male,45-59,Asian / Asian American,Less than high school,"$30,000 to $55,999",Democrat,5.371352988176777e-05
Male,45-59,Asian / Asian American,Less than high school,"$30,000 to $55,999",Independent,7.866742164243998e-05
Male,45-59,Asian / Asian American,Less than high school,"$30,000 to $55,999",Republican,3.7220043846788606e-05
Male,45-59,Asian / Asian American,Less than high school,"$56,000 to $99,999",Democrat,3.983883431825931e-05
Male,45-59,Asian / Asian American,Less than high school,"$56,000 to $99,999",Independent,5.659628722233053e-05
Male,45-59,Asian / Asian American,Less than high school,"$56,000 to $99,999",Republican,2.744594955650033e-05
Male,45-59,Asian / Asian American,Less than high school,"Less than $30,000",Democrat,5.174054365610957e-05
Male,45-59,Asian / Asian American,Less than high school,"Less than $30,000",Independent,9.379826098910274e-05
Male,45-59,Asian / Asian American,Less than high school,"Less than $30,000",Republican,3.48765134332032e-05
Male,45-59,Asian / Asian American,Master's degree / Professional degree,"$100,000 to $167,999",Democrat,8.57852951835734e-05
Male,45-59,Asian / Asian American,Master's degree / Professional degree,"$100,000 to $167,999",Independent,0.00024895007606431756
Male,45-59,Asian / Asian American,Master's degree / Professional degree,"$100,000 to $167,999",Other,5.992008834204075e-06
Male,45-59,Asian / Asian American,Master's degree / Professional degree,"$100,000 to $167,999",Republican,5.1353332605850855e-05
Male,45-59,Asian / Asian American,Master's degree / Professional degree,"$168,000 or more",Democrat,0.00015944237540322468
Male,45-59,Asian / Asian American,Master's degree / Professional degree,"$168,000 or more",Independent,0.0003317190139424323
Male,45-59,Asian / Asian American,Master's degree / Professional degree,"$168,000 or more",Republican,9.97521949345124e-05
Male,45-59,Asian / Asian American,Master's degree / Professional degree,"$30,000 to $55,999",Democrat,3.108718852469881e-05
Male,45-59,Asian / Asian American,Master's degree / Professional degree,"$30,000 to $55,999",Independent,9.328465918474472e-05
Male,45-59,Asian / Asian American,Master's degree / Professional degree,"$30,000 to $55,999",Other,2.367770565789362e-06
Male,45-59,Asian / Asian American,Master's degree / Professional degree,"$30,000 to $55,999",Republican,1.9497529228309047e-05
Male,45-59,Asian / Asian American,Master's degree / Professional degree,"$56,000 to $99,999",Democrat,4.863901583894876e-05
Male,45-59,Asian / Asian American,Master's degree / Professional degree,"$56,000 to $99,999",Independent,0.00014157405064909182
Male,45-59,Asian / Asian American,Master's degree / Professional degree,"$56,000 to $99,999",Other,3.1786600901760774e-06
Male,45-59,Asian / Asian American,Master's degree / Professional degree,"$56,000 to $99,999",Republican,3.032922853769078e-05
Male,45-59,Asian / Asian American,Master's degree / Professional degree,"Less than $30,000",Democrat,2.0530177978897565e-05
Male,45-59,Asian / Asian American,Master's degree / Professional degree,"Less than $30,000",Independent,7.625600921092611e-05
Male,45-59,Asian / Asian American,Master's degree / Professional degree,"Less than $30,000",Other,1.4763837253383383e-06
Male,45-59,Asian / Asian American,Master's degree / Professional degree,"Less than $30,000",Republican,1.2525634524585313e-05
Male,45-59,Asian / Asian American,Some college or Associate's degree,"$100,000 to $167,999",Democrat,0.0001411268686952925
Male,45-59,Asian / Asian American,Some college or Associate's degree,"$100,000 to $167,999",Independent,9.074474739860318e-05
Male,45-59,Asian / Asian American,Some college or Associate's degree,"$100,000 to $167,999",Republican,3.5771417955027243e-05
Male,45-59,Asian / Asian American,Some college or Associate's degree,"$168,000 or more",Democrat,7.241009060772693e-05
Male,45-59,Asian / Asian American,Some college or Associate's degree,"$168,000 or more",Independent,4.6193067243007816e-05
Male,45-59,Asian / Asian American,Some college or Associate's degree,"$168,000 or more",Republican,1.6898602620982947e-05
Male,45-59,Asian / Asian American,Some college or Associate's degree,"$30,000 to $55,999",Democrat,0.00013089169154455695
Male,45-59,Asian / Asian American,Some college or Associate's degree,"$30,000 to $55,999",Independent,8.702684508234338e-05
Male,45-59,Asian / Asian American,Some college or Associate's degree,"$30,000 to $55,999",Republican,3.4760089081436854e-05
Male,45-59,Asian / Asian American,Some college or Associate's degree,"$56,000 to $99,999",Democrat,0.0001985720991698883
Male,45-59,Asian / Asian American,Some college or Associate's degree,"$56,000 to $99,999",Independent,0.00012806471380633305
Male,45-59,Asian / Asian American,Some college or Associate's degree,"$56,000 to $99,999",Republican,5.242826417454733e-05
Male,45-59,Asian / Asian American,Some college or Associate's degree,"Less than $30,000",Democrat,9.861724915336921e-05
Male,45-59,Asian / Asian American,Some college or Associate's degree,"Less than $30,000",Independent,8.11608562173221e-05
Male,45-59,Asian / Asian American,Some college or Associate's degree,"Less than $30,000",Republican,2.54759608466079e-05
Male,45-59,Black / African American,Bachelor's degree,"$100,000 to $167,999",Democrat,0.00019698197626171902
Male,45-59,Black / African American,Bachelor's degree,"$100,000 to $167,999",Independent,0.00014911600298520087
Male,45-59,Black / African American,Bachelor's degree,"$100,000 to $167,999",Other,0.0001176150775490156
Male,45-59,Black / African American,Bachelor's degree,"$100,000 to $167,999",Republican,5.636437528543719e-05
Male,45-59,Black / African American,Bachelor's degree,"$168,000 or more",Democrat,9.75731890499163e-05
Male,45-59,Black / African American,Bachelor's degree,"$168,000 or more",Independent,7.328147167500968e-05
Male,45-59,Black / African American,Bachelor's degree,"$168,000 or more",Other,5.827968567500325e-05
Male,45-59,Black / African American,Bachelor's degree,"$168,000 or more",Republican,2.5705967822800423e-05
Male,45-59,Black / African American,Bachelor's degree,"$30,000 to $55,999",Democrat,0.0001469231994904126
Male,45-59,Black / African American,Bachelor's degree,"$30,000 to $55,999",Independent,0.00011500520856514534
Male,45-59,Black / African American,Bachelor's degree,"$30,000 to $55,999",Other,9.565891745250809e-05
Male,45-59,Black / African American,Bachelor's degree,"$30,000 to $55,999",Republican,4.4046452418747415e-05
Male,45-59,Black / African American,Bachelor's degree,"$56,000 to $99,999",Democrat,0.0002448679731316497
Male,45-59,Black / African American,Bachelor's degree,"$56,000 to $99,999",Independent,0.00018592132939782683
Male,45-59,Black / African American,Bachelor's degree,"$56,000 to $99,999",Other,0.00013679436592731507
Male,45-59,Black / African American,Bachelor's degree,"$56,000 to $99,999",Republican,7.29845603312957e-05
Male,45-59,Black / African American,Bachelor's degree,"Less than $30,000",Democrat,0.00012602847980970052
Male,45-59,Black / African American,Bachelor's degree,"Less than $30,000",Independent,0.00012210920588959595
Male,45-59,Black / African American,Bachelor's degree,"Less than $30,000",Other,7.747331627961748e-05
Male,45-59,Black / African American,Bachelor's degree,"Less than $30,000",Republican,3.675345269927995e-05
Male,45-59,Black / African American,Doctorate degree / Ph.D.,"$100,000 to $167,999",Democrat,2.7601236089198456e-05
Male,45-59,Black / African American,Doctorate degree / Ph.D.,"$100,000 to $167,999",Independent,7.941808222167395e-06
Male,45-59,Black / African American,Doctorate degree / Ph.D.,"$100,000 to $167,999",Other,1.719044302971956e-06
Male,45-59,Black / African American,Doctorate degree / Ph.D.,"$100,000 to $167,999",Republican,3.610851812063618e-06
Male,45-59,Black / African American,Doctorate degree / Ph.D.,"$168,000 or more",Democrat,2.5857385702926164e-05
Male,45-59,Black / African American,Doctorate degree / Ph.D.,"$168,000 or more",Independent,7.381445142624552e-06
Male,45-59,Black / African American,Doctorate degree / Ph.D.,"$168,000 or more",Other,1.6109918503873403e-06
Male,45-59,Black / African American,Doctorate degree / Ph.D.,"$168,000 or more",Republican,3.114519108488896e-06
Male,45-59,Black / African American,Doctorate degree / Ph.D.,"$30,000 to $55,999",Democrat,1.079278495066686e-05
Male,45-59,Black / African American,Doctorate degree / Ph.D.,"$30,000 to $55,999",Independent,3.211099451160917e-06
Male,45-59,Black / African American,Doctorate degree / Ph.D.,"$30,000 to $55,999",Other,7.329774887778541e-07
Male,45-59,Black / African American,Doctorate degree / Ph.D.,"$30,000 to $55,999",Republican,1.479302556602456e-06
Male,45-59,Black / African American,Doctorate degree / Ph.D.,"$56,000 to $99,999",Democrat,1.7789426460029994e-05
Male,45-59,Black / African American,Doctorate degree / Ph.D.,"$56,000 to $99,999",Independent,5.1339575812159244e-06
Male,45-59,Black / African American,Doctorate degree / Ph.D.,"$56,000 to $99,999",Other,1.0366214694928133e-06
Male,45-59,Black / African American,Doctorate degree / Ph.D.,"$56,000 to $99,999",Republican,2.424174520346017e-06
Male,45-59,Black / African American,Doctorate degree / Ph.D.,"Less than $30,000",Democrat,8.127871674359245e-06
Male,45-59,Black / African American,Doctorate degree / Ph.D.,"Less than $30,000",Independent,2.9932958761970267e-06
Male,45-59,Black / African American,Doctorate degree / Ph.D.,"Less than $30,000",Other,5.211734885519633e-07
Male,45-59,Black / African American,Doctorate degree / Ph.D.,"Less than $30,000",Republican,1.0837003420995735e-06
Male,45-59,Black / African American,High school diploma / GED,"$100,000 to $167,999",Democrat,0.00028546350682100423
Male,45-59,Black / African American,High school diploma / GED,"$100,000 to $167,999",Independent,9.479761406569899e-05
Male,45-59,Black / African American,High school diploma / GED,"$100,000 to $167,999",Other,8.509630571462437e-06
Male,45-59,Black / African American,High school diploma / GED,"$100,000 to $167,999",Republican,2.1868278271909674e-05
Male,45-59,Black / African American,High school diploma / GED,"$168,000 or more",Democrat,6.494418099299107e-05
Male,45-59,Black / African American,High school diploma / GED,"$168,000 or more",Independent,2.139700428621253e-05
Male,45-59,Black / African American,High school diploma / GED,"$168,000 or more",Other,1.9366473520634835e-06
Male,45-59,Black / African American,High school diploma / GED,"$168,000 or more",Republican,4.580675128147711e-06
Male,45-59,Black / African American,High school diploma / GED,"$30,000 to $55,999",Democrat,0.0007331878736696303
Male,45-59,Black / African American,High school diploma / GED,"$30,000 to $55,999",Independent,0.00024370426958533373
Male,45-59,Black / African American,High school diploma / GED,"$30,000 to $55,999",Republican,2.6209356411242095e-05
Male,45-59,Black / African American,High school diploma / GED,"$56,000 to $99,999",Democrat,0.0006146450553433643
Male,45-59,Black / African American,High school diploma / GED,"$56,000 to $99,999",Independent,0.0002644880634388056
Male,45-59,Black / African American,High school diploma / GED,"$56,000 to $99,999",Republican,7.544358788074414e-05
Male,45-59,Black / African American,High school diploma / GED,"Less than $30,000",Democrat,0.0010079384460313463
Male,45-59,Black / African American,High school diploma / GED,"Less than $30,000",Independent,0.0002717738153851583
Male,45-59,Black / African American,High school diploma / GED,"Less than $30,000",Other,3.9842292536990834e-06
Male,45-59,Black / African American,High school diploma / GED,"Less than $30,000",Republican,6.912309146012879e-05
Male,45-59,Black / African American,Less than high school,"$100,000 to $167,999",Democrat,2.4342213819750647e-05
Male,45-59,Black / African American,Less than high school,"$100,000 to $167,999",Independent,3.523476493416962e-05
Male,45-59,Black / African American,Less than high school,"$100,000 to $167,999",Other,1.0664116860100455e-07
Male,45-59,Black / African American,Less than high school,"$168,000 or more",Democrat,6.947835926649357e-06
Male,45-59,Black / African American,Less than high school,"$168,000 or more",Independent,9.977615842909203e-06
Male,45-59,Black / African American,Less than high school,"$168,000 or more",Other,3.044840649226489e-08
Male,45-59,Black / African American,Less than high school,"$30,000 to $55,999",Democrat,0.00011376220507950248
Male,45-59,Black / African American,Less than high school,"$30,000 to $55,999",Independent,0.00017027021170780565
Male,45-59,Black / African American,Less than high school,"$30,000 to $55,999",Other,5.434522606576295e-07
Male,45-59,Black / African American,Less than high school,"$56,000 to $99,999",Democrat,7.924214660047549e-05
Male,45-59,Black / African American,Less than high school,"$56,000 to $99,999",Independent,0.00011504480257905331
Male,45-59,Black / African American,Less than high school,"$56,000 to $99,999",Other,3.2480355174029516e-07
Male,45-59,Black / African American,Less than high school,"Less than $30,000",Democrat,0.0001852245921497517
Male,45-59,Black / African American,Less than high school,"Less than $30,000",Independent,0.0005238918611717933
Male,45-59,Black / African American,Less than high school,"Less than $30,000",Other,1.2927807554555495e-06
Male,45-59,Black / African American,Master's degree / Professional degree,"$100,000 to $167,999",Democrat,0.00013174541108250488
Male,45-59,Black / African American,Master's degree / Professional degree,"$100,000 to $167,999",Independent,0.00012615919693780798
Male,45-59,Black / African American,Master's degree / Professional degree,"$100,000 to $167,999",Other,1.3168462746523556e-05
Male,45-59,Black / African American,Master's degree / Professional degree,"$100,000 to $167,999",Republican,2.6263261217268237e-05
Male,45-59,Black / African American,Master's degree / Professional degree,"$168,000 or more",Democrat,9.924912820110945e-05
Male,45-59,Black / African American,Master's degree / Professional degree,"$168,000 or more",Independent,9.429225862557244e-05
Male,45-59,Black / African American,Master's degree / Professional degree,"$168,000 or more",Other,9.923765091784523e-06
Male,45-59,Black / African American,Master's degree / Professional degree,"$168,000 or more",Republican,1.8216507183148984e-05
Male,45-59,Black / African American,Master's degree / Professional degree,"$30,000 to $55,999",Democrat,6.636915313079872e-05
Male,45-59,Black / African American,Master's degree / Professional degree,"$30,000 to $55,999",Independent,6.571720191944352e-05
Male,45-59,Black / African American,Master's degree / Professional degree,"$30,000 to $55,999",Other,7.233765636905841e-06
Male,45-59,Black / African American,Master's degree / Professional degree,"$30,000 to $55,999",Republican,1.3861868763274917e-05
Male,45-59,Black / African American,Master's degree / Professional degree,"$56,000 to $99,999",Democrat,0.00010917886458474423
Male,45-59,Black / African American,Master's degree / Professional degree,"$56,000 to $99,999",Independent,0.00010486280204247112
Male,45-59,Black / African American,Master's degree / Professional degree,"$56,000 to $99,999",Other,1.0210285155650842e-05
Male,45-59,Black / African American,Master's degree / Professional degree,"$56,000 to $99,999",Republican,2.267109683441525e-05
Male,45-59,Black / African American,Master's degree / Professional degree,"Less than $30,000",Democrat,4.379616426672646e-05
Male,45-59,Black / African American,Master's degree / Professional degree,"Less than $30,000",Independent,5.3678632134212986e-05
Male,45-59,Black / African American,Master's degree / Professional degree,"Less than $30,000",Other,4.506948529981834e-06
Male,45-59,Black / African American,Master's degree / Professional degree,"Less than $30,000",Republican,8.898165333162319e-06
Male,45-59,Black / African American,Some college or Associate's degree,"$100,000 to $167,999",Democrat,0.00044239781111059945
Male,45-59,Black / African American,Some college or Associate's degree,"$100,000 to $167,999",Independent,0.00021300618826295087
Male,45-59,Black / African American,Some college or Associate's degree,"$100,000 to $167,999",Other,1.9214189718059716e-05
Male,45-59,Black / African American,Some college or Associate's degree,"$100,000 to $167,999",Republican,5.7697824857356254e-05
Male,45-59,Black / African American,Some college or Associate's degree,"$168,000 or more",Democrat,0.00013774520563127524
Male,45-59,Black / African American,Some college or Associate's degree,"$168,000 or more",Independent,6.579935889040823e-05
Male,45-59,Black / African American,Some college or Associate's degree,"$168,000 or more",Other,5.984609105139619e-06
Male,45-59,Black / African American,Some college or Associate's degree,"$168,000 or more",Republican,1.654048408262021e-05
Male,45-59,Black / African American,Some college or Associate's degree,"$30,000 to $55,999",Democrat,0.0006103572245640202
Male,45-59,Black / African American,Some college or Associate's degree,"$30,000 to $55,999",Independent,0.00031477111074037253
Male,45-59,Black / African American,Some college or Associate's degree,"$30,000 to $55,999",Other,6.570546129302515e-05
Male,45-59,Black / African American,Some college or Associate's degree,"$30,000 to $55,999",Republican,0.00011357222140713739
Male,45-59,Black / African American,Some college or Associate's degree,"$56,000 to $99,999",Democrat,0.0008916271493750063
Male,45-59,Black / African American,Some college or Associate's degree,"$56,000 to $99,999",Independent,0.0003653955338560882
Male,45-59,Black / African American,Some college or Associate's degree,"$56,000 to $99,999",Other,1.2644275597117091e-05
Male,45-59,Black / African American,Some college or Associate's degree,"$56,000 to $99,999",Republican,3.052274906091551e-05
Male,45-59,Black / African American,Some college or Associate's degree,"Less than $30,000",Democrat,0.0006855649342361533
Male,45-59,Black / African American,Some college or Associate's degree,"Less than $30,000",Independent,0.0004250385957708828
Male,45-59,Black / African American,Some college or Associate's degree,"Less than $30,000",Other,3.096502805984031e-05
Male,45-59,Black / African American,Some college or Associate's degree,"Less than $30,000",Republican,0.00010885421462404809
Male,45-59,Hispanic / Latino,Bachelor's degree,"$100,000 to $167,999",Democrat,0.00021876597860113396
Male,45-59,Hispanic / Latino,Bachelor's degree,"$100,000 to $167,999",Independent,0.0002237881180174874
Male,45-59,Hispanic / Latino,Bachelor's degree,"$100,000 to $167,999",Other,1.8610886078184522e-05
Male,45-59,Hispanic / Latino,Bachelor's degree,"$100,000 to $167,999",Republican,0.0001540379570138633
Male,45-59,Hispanic / Latino,Bachelor's degree,"$168,000 or more",Democrat,0.00013509629803925977
Male,45-59,Hispanic / Latino,Bachelor's degree,"$168,000 or more",Independent,0.00013710920355207662
Male,45-59,Hispanic / Latino,Bachelor's degree,"$168,000 or more",Other,1.1496904075670938e-05
Male,45-59,Hispanic / Latino,Bachelor's degree,"$168,000 or more",Republican,8.758236479712925e-05
Male,45-59,Hispanic / Latino,Bachelor's degree,"$30,000 to $55,999",Democrat,0.0001762823019117267
Male,45-59,Hispanic / Latino,Bachelor's degree,"$30,000 to $55,999",Independent,0.00018646413992783037
Male,45-59,Hispanic / Latino,Bachelor's degree,"$30,000 to $55,999",Other,1.635289151294888e-05
Male,45-59,Hispanic / Latino,Bachelor's degree,"$30,000 to $55,999",Republican,0.00013004660824396432
Male,45-59,Hispanic / Latino,Bachelor's degree,"$56,000 to $99,999",Democrat,0.0002717647698628585
Male,45-59,Hispanic / Latino,Bachelor's degree,"$56,000 to $99,999",Independent,0.00027883665409425524
Male,45-59,Hispanic / Latino,Bachelor's degree,"$56,000 to $99,999",Other,2.1631176394480643e-05
Male,45-59,Hispanic / Latino,Bachelor's degree,"$56,000 to $99,999",Republican,0.0001993250698437156
Male,45-59,Hispanic / Latino,Bachelor's degree,"Less than $30,000",Democrat,0.0001274368189674607
Male,45-59,Hispanic / Latino,Bachelor's degree,"Less than $30,000",Independent,0.00016685303400130184
Male,45-59,Hispanic / Latino,Bachelor's degree,"Less than $30,000",Other,1.116166873894692e-05
Male,45-59,Hispanic / Latino,Bachelor's degree,"Less than $30,000",Republican,9.14521936398331e-05
Male,45-59,Hispanic / Latino,Doctorate degree / Ph.D.,"$100,000 to $167,999",Democrat,1.4489162722212273e-05
Male,45-59,Hispanic / Latino,Doctorate degree / Ph.D.,"$100,000 to $167,999",Independent,1.9941194340800987e-05
Male,45-59,Hispanic / Latino,Doctorate degree / Ph.D.,"$100,000 to $167,999",Other,2.5468103493424085e-06
Male,45-59,Hispanic / Latino,Doctorate degree / Ph.D.,"$100,000 to $167,999",Republican,6.2923889683012726e-06
Male,45-59,Hispanic / Latino,Doctorate degree / Ph.D.,"$168,000 or more",Democrat,1.6311282578721795e-05
Male,45-59,Hispanic / Latino,Doctorate degree / Ph.D.,"$168,000 or more",Independent,2.227213789938233e-05
Male,45-59,Hispanic / Latino,Doctorate degree / Ph.D.,"$168,000 or more",Other,2.868082370425729e-06
Male,45-59,Hispanic / Latino,Doctorate degree / Ph.D.,"$168,000 or more",Republican,6.522072695089527e-06
Male,45-59,Hispanic / Latino,Doctorate degree / Ph.D.,"$30,000 to $55,999",Democrat,5.0380373331670574e-06
Male,45-59,Hispanic / Latino,Doctorate degree / Ph.D.,"$30,000 to $55,999",Independent,7.169661081350993e-06
Male,45-59,Hispanic / Latino,Doctorate degree / Ph.D.,"$30,000 to $55,999",Other,9.656356103246717e-07
Male,45-59,Hispanic / Latino,Doctorate degree / Ph.D.,"$30,000 to $55,999",Republican,2.292324008732639e-06
Male,45-59,Hispanic / Latino,Doctorate degree / Ph.D.,"$56,000 to $99,999",Democrat,1.1591556489571195e-05
Male,45-59,Hispanic / Latino,Doctorate degree / Ph.D.,"$56,000 to $99,999",Independent,1.6001072688521395e-05
Male,45-59,Hispanic / Latino,Doctorate degree / Ph.D.,"$56,000 to $99,999",Other,1.9063155369516609e-06
Male,45-59,Hispanic / Latino,Doctorate degree / Ph.D.,"$56,000 to $99,999",Republican,5.243663683691563e-06
Male,45-59,Hispanic / Latino,Doctorate degree / Ph.D.,"Less than $30,000",Democrat,6.804459017286795e-06
Male,45-59,Hispanic / Latino,Doctorate degree / Ph.D.,"Less than $30,000",Independent,1.1986252558535849e-05
Male,45-59,Hispanic / Latino,Doctorate degree / Ph.D.,"Less than $30,000",Other,1.2313849992710633e-06
Male,45-59,Hispanic / Latino,Doctorate degree / Ph.D.,"Less than $30,000",Republican,3.0117374719251213e-06
Male,45-59,Hispanic / Latino,High school diploma / GED,"$100,000 to $167,999",Democrat,0.00022458894962695364
Male,45-59,Hispanic / Latino,High school diploma / GED,"$100,000 to $167,999",Independent,0.00017176113233531297
Male,45-59,Hispanic / Latino,High school diploma / GED,"$100,000 to $167,999",Other,7.005566117811641e-05
Male,45-59,Hispanic / Latino,High school diploma / GED,"$100,000 to $167,999",Republican,0.00018424341444635717
Male,45-59,Hispanic / Latino,High school diploma / GED,"$168,000 or more",Democrat,6.000935728971828e-05
Male,45-59,Hispanic / Latino,High school diploma / GED,"$168,000 or more",Independent,4.5532490443158264e-05
Male,45-59,Hispanic / Latino,High school diploma / GED,"$168,000 or more",Other,1.8725094576874718e-05
Male,45-59,Hispanic / Latino,High school diploma / GED,"$168,000 or more",Republican,4.5326044136650524e-05
Male,45-59,Hispanic / Latino,High school diploma / GED,"$30,000 to $55,999",Democrat,0.0005191321333421297
Male,45-59,Hispanic / Latino,High school diploma / GED,"$30,000 to $55,999",Independent,0.0002466419144320177
Male,45-59,Hispanic / Latino,High school diploma / GED,"$30,000 to $55,999",Other,1.3400362782384956e-05
Male,45-59,Hispanic / Latino,High school diploma / GED,"$30,000 to $55,999",Republican,0.00047470574925573945
Male,45-59,Hispanic / Latino,High school diploma / GED,"$56,000 to $99,999",Democrat,0.00032353817244989275
Male,45-59,Hispanic / Latino,High school diploma / GED,"$56,000 to $99,999",Independent,0.0002043585708310725
Male,45-59,Hispanic / Latino,High school diploma / GED,"$56,000 to $99,999",Other,0.0001379470734267368
Male,45-59,Hispanic / Latino,High school diploma / GED,"$56,000 to $99,999",Republican,0.0006809791258342319
Male,45-59,Hispanic / Latino,High school diploma / GED,"Less than $30,000",Democrat,0.0003861682529359976
Male,45-59,Hispanic / Latino,High school diploma / GED,"Less than $30,000",Independent,0.0004189163619581484
Male,45-59,Hispanic / Latino,High school diploma / GED,"Less than $30,000",Other,0.0002139829557721581
Male,45-59,Hispanic / Latino,High school diploma / GED,"Less than $30,000",Republican,0.00012157381237417944
Male,45-59,Hispanic / Latino,Less than high school,"$100,000 to $167,999",Democrat,0.0002177453018389912
Male,45-59,Hispanic / Latino,Less than high school,"$100,000 to $167,999",Independent,0.00020372120368289403
Male,45-59,Hispanic / Latino,Less than high school,"$100,000 to $167,999",Republican,0.0001559815112073604
Male,45-59,Hispanic / Latino,Less than high school,"$168,000 or more",Democrat,5.194064533751127e-05
Male,45-59,Hispanic / Latino,Less than high school,"$168,000 or more",Independent,4.8212616429744846e-05
Male,45-59,Hispanic / Latino,Less than high school,"$168,000 or more",Republican,3.425759920364501e-05
Male,45-59,Hispanic / Latino,Less than high school,"$30,000 to $55,999",Democrat,0.0004184575203522479
Male,45-59,Hispanic / Latino,Less than high school,"$30,000 to $55,999",Independent,0.00042531761415468754
Male,45-59,Hispanic / Latino,Less than high school,"$30,000 to $55,999",Republican,0.0008009369894964736
Male,45-59,Hispanic / Latino,Less than high school,"$56,000 to $99,999",Democrat,0.0005594600441223194
Male,45-59,Hispanic / Latino,Less than high school,"$56,000 to $99,999",Independent,0.0005249959842123308
Male,45-59,Hispanic / Latino,Less than high school,"$56,000 to $99,999",Republican,0.00041745936458175987
Male,45-59,Hispanic / Latino,Less than high school,"Less than $30,000",Democrat,0.0004569985318791034
Male,45-59,Hispanic / Latino,Less than high school,"Less than $30,000",Independent,0.0008006286993336126
Male,45-59,Hispanic / Latino,Less than high school,"Less than $30,000",Republican,0.00032700137515687203
Male,45-59,Hispanic / Latino,Master's degree / Professional degree,"$100,000 to $167,999",Democrat,0.00010871694348814789
Male,45-59,Hispanic / Latino,Master's degree / Professional degree,"$100,000 to $167,999",Independent,0.00015151739799437906
Male,45-59,Hispanic / Latino,Master's degree / Professional degree,"$100,000 to $167,999",Other,1.2623799165301775e-05
Male,45-59,Hispanic / Latino,Master's degree / Professional degree,"$100,000 to $167,999",Republican,5.789495721678745e-05
Male,45-59,Hispanic / Latino,Master's degree / Professional degree,"$168,000 or more",Democrat,0.00010182628737376944
Male,45-59,Hispanic / Latino,Master's degree / Professional degree,"$168,000 or more",Independent,0.000140796253386392
Male,45-59,Hispanic / Latino,Master's degree / Professional degree,"$168,000 or more",Other,1.182777200656856e-05
Male,45-59,Hispanic / Latino,Master's degree / Professional degree,"$168,000 or more",Republican,4.9926217608996966e-05
Male,45-59,Hispanic / Latino,Master's degree / Professional degree,"$30,000 to $55,999",Democrat,6.700238705226477e-05
Male,45-59,Hispanic / Latino,Master's degree / Professional degree,"$30,000 to $55,999",Independent,9.655725567959676e-05
Male,45-59,Hispanic / Latino,Master's degree / Professional degree,"$30,000 to $55,999",Other,8.483629498616736e-06
Male,45-59,Hispanic / Latino,Master's degree / Professional degree,"$30,000 to $55,999",Republican,3.7383170297230024e-05
Male,45-59,Hispanic / Latino,Master's degree / Professional degree,"$56,000 to $99,999",Democrat,8.78028527492993e-05
Male,45-59,Hispanic / Latino,Master's degree / Professional degree,"$56,000 to $99,999",Independent,0.00012273639471250075
Male,45-59,Hispanic / Latino,Master's degree / Professional degree,"$56,000 to $99,999",Other,9.538963445300811e-06
Male,45-59,Hispanic / Latino,Master's degree / Professional degree,"$56,000 to $99,999",Republican,4.870493095470559e-05
Male,45-59,Hispanic / Latino,Master's degree / Professional degree,"Less than $30,000",Democrat,4.3560416551501445e-05
Male,45-59,Hispanic / Latino,Master's degree / Professional degree,"Less than $30,000",Independent,7.770325989347081e-05
Male,45-59,Hispanic / Latino,Master's degree / Professional degree,"Less than $30,000",Other,5.2075303124735e-06
Male,45-59,Hispanic / Latino,Master's degree / Professional degree,"Less than $30,000",Republican,2.3642138984248797e-05
Male,45-59,Hispanic / Latino,Some college or Associate's degree,"$100,000 to $167,999",Democrat,0.00015616823086162884
Male,45-59,Hispanic / Latino,Some college or Associate's degree,"$100,000 to $167,999",Independent,0.0004480027413452631
Male,45-59,Hispanic / Latino,Some college or Associate's degree,"$100,000 to $167,999",Other,1.5260835683277515e-05
Male,45-59,Hispanic / Latino,Some college or Associate's degree,"$100,000 to $167,999",Republican,0.00032451158979957917
Male,45-59,Hispanic / Latino,Some college or Associate's degree,"$168,000 or more",Democrat,0.0001323178259613548
Male,45-59,Hispanic / Latino,Some college or Associate's degree,"$168,000 or more",Independent,0.00010666254390913963
Male,45-59,Hispanic / Latino,Some college or Associate's degree,"$168,000 or more",Other,7.314808557110705e-06
Male,45-59,Hispanic / Latino,Some college or Associate's degree,"$168,000 or more",Republican,7.998786519161944e-05
Male,45-59,Hispanic / Latino,Some college or Associate's degree,"$30,000 to $55,999",Democrat,0.0003989629739780388
Male,45-59,Hispanic / Latino,Some college or Associate's degree,"$30,000 to $55,999",Independent,0.0003879622047257348
Male,45-59,Hispanic / Latino,Some college or Associate's degree,"$30,000 to $55,999",Other,1.3130909642765839e-05
Male,45-59,Hispanic / Latino,Some college or Associate's degree,"$30,000 to $55,999",Republican,0.0003615070992739822
Male,45-59,Hispanic / Latino,Some college or Associate's degree,"$56,000 to $99,999",Democrat,0.0006515620150063556
Male,45-59,Hispanic / Latino,Some college or Associate's degree,"$56,000 to $99,999",Independent,0.0003971615743184087
Male,45-59,Hispanic / Latino,Some college or Associate's degree,"$56,000 to $99,999",Other,4.4313520857577245e-06
Male,45-59,Hispanic / Latino,Some college or Associate's degree,"$56,000 to $99,999",Republican,0.0004684148772130845
Male,45-59,Hispanic / Latino,Some college or Associate's degree,"Less than $30,000",Democrat,0.0005549079816508618
Male,45-59,Hispanic / Latino,Some college or Associate's degree,"Less than $30,000",Independent,0.0002752345098057622
Male,45-59,Hispanic / Latino,Some college or Associate's degree,"Less than $30,000",Other,2.6083620979347415e-05
Male,45-59,Hispanic / Latino,Some college or Associate's degree,"Less than $30,000",Republican,0.00010305533451174942
Male,45-59,Other,Bachelor's degree,"$100,000 to $167,999",Democrat,2.5326535886660396e-05
Male,45-59,Other,Bachelor's degree,"$100,000 to $167,999",Independent,6.167576534734974e-05
Male,45-59,Other,Bachelor's degree,"$100,000 to $167,999",Other,1.74043446379982e-05
Male,45-59,Other,Bachelor's degree,"$100,000 to $167,999",Republican,3.485282531634806e-05
Male,45-59,Other,Bachelor's degree,"$168,000 or more",Democrat,1.9323459045330547e-05
Male,45-59,Other,Bachelor's degree,"$168,000 or more",Independent,4.6686309600753366e-05
Male,45-59,Other,Bachelor's degree,"$168,000 or more",Other,1.328363537017206e-05
Male,45-59,Other,Bachelor's degree,"$168,000 or more",Republican,2.4483433441537317e-05
Male,45-59,Other,Bachelor's degree,"$30,000 to $55,999",Democrat,1.4881089304761117e-05
Male,45-59,Other,Bachelor's degree,"$30,000 to $55,999",Independent,3.747165263462721e-05
Male,45-59,Other,Bachelor's degree,"$30,000 to $55,999",Other,1.1151035056702672e-05
Male,45-59,Other,Bachelor's degree,"$30,000 to $55,999",Republican,2.1455531190066607e-05
Male,45-59,Other,Bachelor's degree,"$56,000 to $99,999",Democrat,2.522424858418735e-05
Male,45-59,Other,Bachelor's degree,"$56,000 to $99,999",Independent,6.161074483318732e-05
Male,45-59,Other,Bachelor's degree,"$56,000 to $99,999",Other,1.6218094835983897e-05
Male,45-59,Other,Bachelor's degree,"$56,000 to $99,999",Republican,3.615773666690536e-05
Male,45-59,Other,Bachelor's degree,"Less than $30,000",Democrat,1.5094106827898529e-05
Male,45-59,Other,Bachelor's degree,"Less than $30,000",Independent,4.7046586718537425e-05
Male,45-59,Other,Bachelor's degree,"Less than $30,000",Other,1.0679139061259084e-05
Male,45-59,Other,Bachelor's degree,"Less than $30,000",Republican,2.1169999885183914e-05
Male,45-59,Other,Doctorate degree / Ph.D.,"$100,000 to $167,999",Democrat,4.009027023217982e-06
Male,45-59,Other,Doctorate degree / Ph.D.,"$100,000 to $167,999",Independent,4.443267176631681e-06
Male,45-59,Other,Doctorate degree / Ph.D.,"$100,000 to $167,999",Other,1.3949628022232492e-06
Male,45-59,Other,Doctorate degree / Ph.D.,"$100,000 to $167,999",Republican,1.7624334726412558e-06
Male,45-59,Other,Doctorate degree / Ph.D.,"$168,000 or more",Democrat,3.430735271483207e-06
Male,45-59,Other,Doctorate degree / Ph.D.,"$168,000 or more",Independent,3.7723898832339233e-06
Male,45-59,Other,Doctorate degree / Ph.D.,"$168,000 or more",Other,1.1941559395311056e-06
Male,45-59,Other,Doctorate degree / Ph.D.,"$168,000 or more",Republican,1.3886289296863808e-06
Male,45-59,Other,Doctorate degree / Ph.D.,"$30,000 to $55,999",Democrat,3.6060138473198517e-06
Male,45-59,Other,Doctorate degree / Ph.D.,"$30,000 to $55,999",Independent,4.132569858967999e-06
Male,45-59,Other,Doctorate degree / Ph.D.,"$30,000 to $55,999",Other,1.3682000720209595e-06
Male,45-59,Other,Doctorate degree / Ph.D.,"$30,000 to $55,999",Republican,1.6609000163866033e-06
Male,45-59,Other,Doctorate degree / Ph.D.,"$56,000 to $99,999",Democrat,3.3160906301866475e-06
Male,45-59,Other,Doctorate degree / Ph.D.,"$56,000 to $99,999",Independent,3.686288336887646e-06
Male,45-59,Other,Doctorate degree / Ph.D.,"$56,000 to $99,999",Other,1.079567371488256e-06
Male,45-59,Other,Doctorate degree / Ph.D.,"$56,000 to $99,999",Republican,1.5185214900538054e-06
Male,45-59,Other,Doctorate degree / Ph.D.,"Less than $30,000",Democrat,2.874560582994152e-06
Male,45-59,Other,Doctorate degree / Ph.D.,"Less than $30,000",Independent,4.077714883327931e-06
Male,45-59,Other,Doctorate degree / Ph.D.,"Less than $30,000",Other,1.0297743005951648e-06
Male,45-59,Other,Doctorate degree / Ph.D.,"Less than $30,000",Republican,1.2879424378910593e-06
Male,45-59,Other,High school diploma / GED,"$100,000 to $167,999",Democrat,4.360236896295233e-06
Male,45-59,Other,High school diploma / GED,"$100,000 to $167,999",Independent,3.201894844718573e-05
Male,45-59,Other,High school diploma / GED,"$100,000 to $167,999",Other,1.0726089977653516e-05
Male,45-59,Other,High school diploma / GED,"$100,000 to $167,999",Republican,3.150350089220436e-05
Male,45-59,Other,High school diploma / GED,"$168,000 or more",Democrat,1.4811109514544356e-06
Male,45-59,Other,High school diploma / GED,"$168,000 or more",Independent,1.0790721692728598e-05
Male,45-59,Other,High school diploma / GED,"$168,000 or more",Other,3.644761673620548e-06
Male,45-59,Other,High school diploma / GED,"$168,000 or more",Republican,9.852843357995616e-06
Male,45-59,Other,High school diploma / GED,"$30,000 to $55,999",Democrat,8.014047368685622e-06
Male,45-59,Other,High school diploma / GED,"$30,000 to $55,999",Independent,6.0852475943819464e-05
Male,45-59,Other,High school diploma / GED,"$30,000 to $55,999",Other,2.1497196727652412e-05
Male,45-59,Other,High school diploma / GED,"$30,000 to $55,999",Republican,6.06656685968101e-05
Male,45-59,Other,High school diploma / GED,"$56,000 to $99,999",Democrat,7.752578648216912e-06
Male,45-59,Other,High school diploma / GED,"$56,000 to $99,999",Independent,5.710085694178222e-05
Male,45-59,Other,High school diploma / GED,"$56,000 to $99,999",Other,1.784338500303517e-05
Male,45-59,Other,High school diploma / GED,"$56,000 to $99,999",Republican,5.834662175384424e-05
Male,45-59,Other,High school diploma / GED,"Less than $30,000",Democrat,2.403050479303176e-05
Male,45-59,Other,High school diploma / GED,"Less than $30,000",Independent,0.0001164891037511707
Male,45-59,Other,High school diploma / GED,"Less than $30,000",Other,8.07355229586164e-08
Male,45-59,Other,High school diploma / GED,"Less than $30,000",Republican,8.367829588155593e-05
Male,45-59,Other,Less than high school,"$100,000 to $167,999",Democrat,3.4042690251759134e-06
Male,45-59,Other,Less than high school,"$100,000 to $167,999",Independent,7.114918253943665e-06
Male,45-59,Other,Less than high school,"$100,000 to $167,999",Other,7.572310294971579e-06
Male,45-59,Other,Less than high school,"$100,000 to $167,999",Republican,9.647764062948488e-06
Male,45-59,Other,Less than high school,"$168,000 or more",Democrat,1.1605875276370625e-06
Male,45-59,Other,Less than high school,"$168,000 or more",Independent,2.4065221295779385e-06
Male,45-59,Other,Less than high school,"$168,000 or more",Other,2.5824541526690785e-06
Male,45-59,Other,Less than high school,"$168,000 or more",Republican,3.0283492007537548e-06
Male,45-59,Other,Less than high school,"$30,000 to $55,999",Democrat,9.415399346655158e-06
Male,45-59,Other,Less than high school,"$30,000 to $55,999",Independent,2.0347645157247728e-05
Male,45-59,Other,Less than high school,"$30,000 to $55,999",Other,2.2837147098922447e-05
Male,45-59,Other,Less than high school,"$30,000 to $55,999",Republican,2.7956570631334415e-05
Male,45-59,Other,Less than high school,"$56,000 to $99,999",Democrat,6.572280745716131e-06
Male,45-59,Other,Less than high school,"$56,000 to $99,999",Independent,1.3777220654856293e-05
Male,45-59,Other,Less than high school,"$56,000 to $99,999",Other,1.3677929181437772e-05
Male,45-59,Other,Less than high school,"$56,000 to $99,999",Republican,1.940169664224861e-05
Male,45-59,Other,Less than high school,"Less than $30,000",Democrat,1.8526239382165656e-05
Male,45-59,Other,Less than high school,"Less than $30,000",Independent,4.9558169675700006e-05
Male,45-59,Other,Less than high school,"Less than $30,000",Other,4.242664986853996e-05
Male,45-59,Other,Less than high school,"Less than $30,000",Republican,5.3510783627613246e-05
Male,45-59,Other,Master's degree / Professional degree,"$100,000 to $167,999",Democrat,2.3292752268646644e-05
Male,45-59,Other,Master's degree / Professional degree,"$100,000 to $167,999",Independent,2.628469253685459e-05
Male,45-59,Other,Master's degree / Professional degree,"$100,000 to $167,999",Other,5.873299765069583e-06
Male,45-59,Other,Master's degree / Professional degree,"$100,000 to $167,999",Republican,1.3177223515212848e-05
Male,45-59,Other,Master's degree / Professional degree,"$168,000 or more",Democrat,3.09902073539727e-05
Male,45-59,Other,Master's degree / Professional degree,"$168,000 or more",Independent,3.469544761221684e-05
Male,45-59,Other,Master's degree / Professional degree,"$168,000 or more",Other,7.81692659611046e-06
Male,45-59,Other,Master's degree / Professional degree,"$168,000 or more",Republican,1.6141832610398677e-05
Male,45-59,Other,Master's degree / Professional degree,"$30,000 to $55,999",Democrat,1.1658924783017997e-05
Male,45-59,Other,Master's degree / Professional degree,"$30,000 to $55,999",Independent,1.3604104613495715e-05
Male,45-59,Other,Master's degree / Professional degree,"$30,000 to $55,999",Other,3.2056672139598214e-06
Male,45-59,Other,Master's degree / Professional degree,"$30,000 to $55,999",Republican,6.910412237862474e-06
Male,45-59,Other,Master's degree / Professional degree,"$56,000 to $99,999",Democrat,1.668256877416083e-05
Male,45-59,Other,Master's degree / Professional degree,"$56,000 to $99,999",Independent,1.888184739641424e-05
Male,45-59,Other,Master's degree / Professional degree,"$56,000 to $99,999",Other,3.935718232296915e-06
Male,45-59,Other,Master's degree / Professional degree,"$56,000 to $99,999",Republican,9.830754050321634e-06
Male,45-59,Other,Master's degree / Professional degree,"Less than $30,000",Democrat,1.061233782589886e-05
Male,45-59,Other,Master's degree / Professional degree,"Less than $30,000",Independent,1.532763343386057e-05
Male,45-59,Other,Master's degree / Professional degree,"Less than $30,000",Other,2.754985807246996e-06
Male,45-59,Other,Master's degree / Professional degree,"Less than $30,000",Republican,6.11878805283321e-06
Male,45-59,Other,Some college or Associate's degree,"$100,000 to $167,999",Democrat,1.4687046721481608e-05
Male,45-59,Other,Some college or Associate's degree,"$100,000 to $167,999",Independent,6.261552095659508e-05
Male,45-59,Other,Some college or Associate's degree,"$100,000 to $167,999",Other,2.7824294830748472e-05
Male,45-59,Other,Some college or Associate's degree,"$100,000 to $167,999",Republican,5.369569261199859e-05
Male,45-59,Other,Some college or Associate's degree,"$168,000 or more",Democrat,6.404153559322804e-06
Male,45-59,Other,Some college or Associate's degree,"$168,000 or more",Independent,2.7087890046076215e-05
Male,45-59,Other,Some college or Associate's degree,"$168,000 or more",Other,1.2136728009548736e-05
Male,45-59,Other,Some college or Associate's degree,"$168,000 or more",Republican,2.1557180671989184e-05
Male,45-59,Other,Some college or Associate's degree,"$30,000 to $55,999",Democrat,1.7310238660923406e-05
Male,45-59,Other,Some college or Associate's degree,"$30,000 to $55,999",Independent,7.630973517816137e-05
Male,45-59,Other,Some college or Associate's degree,"$30,000 to $55,999",Other,3.575949041394507e-05
Male,45-59,Other,Some college or Associate's degree,"$30,000 to $55,999",Republican,6.63056258016138e-05
Male,45-59,Other,Some college or Associate's degree,"$56,000 to $99,999",Democrat,2.5681537847274524e-05
Male,45-59,Other,Some college or Associate's degree,"$56,000 to $99,999",Independent,0.00010981660519689811
Male,45-59,Other,Some college or Associate's degree,"$56,000 to $99,999",Other,4.552085721463801e-05
Male,45-59,Other,Some college or Associate's degree,"$56,000 to $99,999",Republican,9.780178937622696e-05
Male,45-59,Other,Some college or Associate's degree,"Less than $30,000",Democrat,2.2758404520963687e-05
Male,45-59,Other,Some college or Associate's degree,"Less than $30,000",Independent,0.00012418561140734824
Male,45-59,Other,Some college or Associate's degree,"Less than $30,000",Other,4.4389314929752745e-05
Male,45-59,Other,Some college or Associate's degree,"Less than $30,000",Republican,8.48004239354314e-05
Male,45-59,White / Caucasian,Bachelor's degree,"$100,000 to $167,999",Democrat,0.0014959978721787919
Male,45-59,White / Caucasian,Bachelor's degree,"$100,000 to $167,999",Independent,0.0023749009625726376
Male,45-59,White / Caucasian,Bachelor's degree,"$100,000 to $167,999",Other,0.0003393569450364416
Male,45-59,White / Caucasian,Bachelor's degree,"$100,000 to $167,999",Republican,0.0022111354829265524
Male,45-59,White / Caucasian,Bachelor's degree,"$168,000 or more",Democrat,0.0020237183481415064
Male,45-59,White / Caucasian,Bachelor's degree,"$168,000 or more",Independent,0.0017298012112676934
Male,45-59,White / Caucasian,Bachelor's degree,"$168,000 or more",Other,0.0002356719551797708
Male,45-59,White / Caucasian,Bachelor's degree,"$168,000 or more",Republican,0.0014737898114051133
Male,45-59,White / Caucasian,Bachelor's degree,"$30,000 to $55,999",Democrat,0.0005654023244656072
Male,45-59,White / Caucasian,Bachelor's degree,"$30,000 to $55,999",Independent,0.000830924826170889
Male,45-59,White / Caucasian,Bachelor's degree,"$30,000 to $55,999",Other,9.908459945709228e-05
Male,45-59,White / Caucasian,Bachelor's degree,"$30,000 to $55,999",Republican,0.0009262781351783097
Male,45-59,White / Caucasian,Bachelor's degree,"$56,000 to $99,999",Democrat,0.0012508168253574242
Male,45-59,White / Caucasian,Bachelor's degree,"$56,000 to $99,999",Independent,0.0019136056263425588
Male,45-59,White / Caucasian,Bachelor's degree,"$56,000 to $99,999",Other,0.00016391547148777178
Male,45-59,White / Caucasian,Bachelor's degree,"$56,000 to $99,999",Republican,0.0015656383186785792
Male,45-59,White / Caucasian,Bachelor's degree,"Less than $30,000",Democrat,0.0004498035828722302
Male,45-59,White / Caucasian,Bachelor's degree,"Less than $30,000",Independent,0.0009567869444967181
Male,45-59,White / Caucasian,Bachelor's degree,"Less than $30,000",Other,0.0001753099959016501
Male,45-59,White / Caucasian,Bachelor's degree,"Less than $30,000",Republican,0.0006250518458865124
Male,45-59,White / Caucasian,Doctorate degree / Ph.D.,"$100,000 to $167,999",Democrat,0.0001361683305253549
Male,45-59,White / Caucasian,Doctorate degree / Ph.D.,"$100,000 to $167,999",Independent,0.00014944257539434739
Male,45-59,White / Caucasian,Doctorate degree / Ph.D.,"$100,000 to $167,999",Other,1.5393677227323933e-05
Male,45-59,White / Caucasian,Doctorate degree / Ph.D.,"$100,000 to $167,999",Republican,0.00011374402346550146
Male,45-59,White / Caucasian,Doctorate degree / Ph.D.,"$168,000 or more",Democrat,0.0002008969630932181
Male,45-59,White / Caucasian,Doctorate degree / Ph.D.,"$168,000 or more",Independent,0.00021874469094993552
Male,45-59,White / Caucasian,Doctorate degree / Ph.D.,"$168,000 or more",Other,2.2719032202954052e-05
Male,45-59,White / Caucasian,Doctorate degree / Ph.D.,"$168,000 or more",Republican,0.00015450804511272042
Male,45-59,White / Caucasian,Doctorate degree / Ph.D.,"$30,000 to $55,999",Democrat,3.097627844560305e-05
Male,45-59,White / Caucasian,Doctorate degree / Ph.D.,"$30,000 to $55,999",Independent,3.515255034227147e-05
Male,45-59,White / Caucasian,Doctorate degree / Ph.D.,"$30,000 to $55,999",Other,3.818511283558729e-06
Male,45-59,White / Caucasian,Doctorate degree / Ph.D.,"$30,000 to $55,999",Republican,2.7109659546884546e-05
Male,45-59,White / Caucasian,Doctorate degree / Ph.D.,"$56,000 to $99,999",Democrat,8.176463374411937e-05
Male,45-59,White / Caucasian,Doctorate degree / Ph.D.,"$56,000 to $99,999",Independent,9.000428621074478e-05
Male,45-59,White / Caucasian,Doctorate degree / Ph.D.,"$56,000 to $99,999",Other,8.64831449339826e-06
Male,45-59,White / Caucasian,Doctorate degree / Ph.D.,"$56,000 to $99,999",Republican,7.1144080616375e-05
Male,45-59,White / Caucasian,Doctorate degree / Ph.D.,"Less than $30,000",Democrat,2.8447571934913082e-05
Male,45-59,White / Caucasian,Doctorate degree / Ph.D.,"Less than $30,000",Independent,3.995999085542115e-05
Male,45-59,White / Caucasian,Doctorate degree / Ph.D.,"Less than $30,000",Other,3.3109941035990497e-06
Male,45-59,White / Caucasian,Doctorate degree / Ph.D.,"Less than $30,000",Republican,2.421859342799533e-05
Male,45-59,White / Caucasian,High school diploma / GED,"$100,000 to $167,999",Democrat,0.0003793458884006471
Male,45-59,White / Caucasian,High school diploma / GED,"$100,000 to $167,999",Independent,0.0008897882941247444
Male,45-59,White / Caucasian,High school diploma / GED,"$100,000 to $167,999",Other,0.0001098289225876981
Male,45-59,White / Caucasian,High school diploma / GED,"$100,000 to $167,999",Republican,0.0015842468729202106
Male,45-59,White / Caucasian,High school diploma / GED,"$168,000 or more",Democrat,0.0001915332565134998
Male,45-59,White / Caucasian,High school diploma / GED,"$168,000 or more",Independent,0.00016480294054425486
Male,45-59,White / Caucasian,High school diploma / GED,"$168,000 or more",Other,1.3796579118024367e-05
Male,45-59,White / Caucasian,High school diploma / GED,"$168,000 or more",Republican,0.00042939195351067064
Male,45-59,White / Caucasian,High school diploma / GED,"$30,000 to $55,999",Democrat,0.0005994459862957421
Male,45-59,White / Caucasian,High school diploma / GED,"$30,000 to $55,999",Independent,0.001178473757550372
Male,45-59,White / Caucasian,High school diploma / GED,"$30,000 to $55,999",Other,0.00030469953030636855
Male,45-59,White / Caucasian,High school diploma / GED,"$30,000 to $55,999",Republican,0.0021059253281709
Male,45-59,White / Caucasian,High school diploma / GED,"$56,000 to $99,999",Democrat,0.0005465087886540442
Male,45-59,White / Caucasian,High school diploma / GED,"$56,000 to $99,999",Independent,0.0019689213006994165
Male,45-59,White / Caucasian,High school diploma / GED,"$56,000 to $99,999",Other,0.00018574298755522135
Male,45-59,White / Caucasian,High school diploma / GED,"$56,000 to $99,999",Republican,0.0026324740068234716
Male,45-59,White / Caucasian,High school diploma / GED,"Less than $30,000",Democrat,0.000881978495507877
Male,45-59,White / Caucasian,High school diploma / GED,"Less than $30,000",Independent,0.0012775689289948261
Male,45-59,White / Caucasian,High school diploma / GED,"Less than $30,000",Other,0.00030117156663818975
Male,45-59,White / Caucasian,High school diploma / GED,"Less than $30,000",Republican,0.0015761403017441878
Male,45-59,White / Caucasian,Less than high school,"$100,000 to $167,999",Democrat,4.299964632690154e-05
Male,45-59,White / Caucasian,Less than high school,"$100,000 to $167,999",Independent,0.00022111459727338698
Male,45-59,White / Caucasian,Less than high school,"$100,000 to $167,999",Other,3.5814310610551595e-05
Male,45-59,White / Caucasian,Less than high school,"$100,000 to $167,999",Republican,0.0001245513935301653
Male,45-59,White / Caucasian,Less than high school,"$168,000 or more",Democrat,1.1174949091386826e-05
Male,45-59,White / Caucasian,Less than high school,"$168,000 or more",Independent,5.7011701583280085e-05
Male,45-59,White / Caucasian,Less than high school,"$168,000 or more",Other,9.310809861851596e-06
Male,45-59,White / Caucasian,Less than high school,"$168,000 or more",Republican,2.980262465881095e-05
Male,45-59,White / Caucasian,Less than high school,"$30,000 to $55,999",Democrat,0.00017387175840659122
Male,45-59,White / Caucasian,Less than high school,"$30,000 to $55,999",Independent,0.0004979122238761175
Male,45-59,White / Caucasian,Less than high school,"$30,000 to $55,999",Other,0.00021544188530029843
Male,45-59,White / Caucasian,Less than high school,"$30,000 to $55,999",Republican,0.00047910958202181906
Male,45-59,White / Caucasian,Less than high school,"$56,000 to $99,999",Democrat,4.9151376999038315e-05
Male,45-59,White / Caucasian,Less than high school,"$56,000 to $99,999",Independent,0.0007728615230996852
Male,45-59,White / Caucasian,Less than high school,"$56,000 to $99,999",Republican,0.00016272287027923376
Male,45-59,White / Caucasian,Less than high school,"Less than $30,000",Democrat,0.00020170383659070948
Male,45-59,White / Caucasian,Less than high school,"Less than $30,000",Independent,0.0013571802962994762
Male,45-59,White / Caucasian,Less than high school,"Less than $30,000",Other,7.584924022938604e-05
Male,45-59,White / Caucasian,Less than high school,"Less than $30,000",Republican,0.0005213989252527506
Male,45-59,White / Caucasian,Master's degree / Professional degree,"$100,000 to $167,999",Democrat,0.0008513175386259008
Male,45-59,White / Caucasian,Master's degree / Professional degree,"$100,000 to $167,999",Independent,0.001279346287567464
Male,45-59,White / Caucasian,Master's degree / Professional degree,"$100,000 to $167,999",Other,0.00012438101764043993
Male,45-59,White / Caucasian,Master's degree / Professional degree,"$100,000 to $167,999",Republican,0.0008306197651596676
Male,45-59,White / Caucasian,Master's degree / Professional degree,"$168,000 or more",Democrat,0.0015598137972443922
Male,45-59,White / Caucasian,Master's degree / Professional degree,"$168,000 or more",Independent,0.001339084583630444
Male,45-59,White / Caucasian,Master's degree / Professional degree,"$168,000 or more",Other,0.00013951454943268336
Male,45-59,White / Caucasian,Master's degree / Professional degree,"$168,000 or more",Republican,0.0010601427206528677
Male,45-59,White / Caucasian,Master's degree / Professional degree,"$30,000 to $55,999",Democrat,0.00023367479393498586
Male,45-59,White / Caucasian,Master's degree / Professional degree,"$30,000 to $55,999",Independent,0.0002676868005202491
Male,45-59,White / Caucasian,Master's degree / Professional degree,"$30,000 to $55,999",Other,0.00011948514293870678
Male,45-59,White / Caucasian,Master's degree / Professional degree,"$30,000 to $55,999",Republican,0.00022768788833346304
Male,45-59,White / Caucasian,Master's degree / Professional degree,"$56,000 to $99,999",Democrat,0.0005974883979220976
Male,45-59,White / Caucasian,Master's degree / Professional degree,"$56,000 to $99,999",Independent,0.0006127224034639545
Male,45-59,White / Caucasian,Master's degree / Professional degree,"$56,000 to $99,999",Other,0.000268738174780042
Male,45-59,White / Caucasian,Master's degree / Professional degree,"$56,000 to $99,999",Republican,0.0004762437695597975
Male,45-59,White / Caucasian,Master's degree / Professional degree,"Less than $30,000",Democrat,0.00019945590047085749
Male,45-59,White / Caucasian,Master's degree / Professional degree,"Less than $30,000",Independent,0.00031055132454102193
Male,45-59,White / Caucasian,Master's degree / Professional degree,"Less than $30,000",Other,4.1326151077806695e-05
Male,45-59,White / Caucasian,Master's degree / Professional degree,"Less than $30,000",Republican,0.00017738209150440474
Male,45-59,White / Caucasian,Some college or Associate's degree,"$100,000 to $167,999",Democrat,0.0013795553399015348
Male,45-59,White / Caucasian,Some college or Associate's degree,"$100,000 to $167,999",Independent,0.0019721252103547
Male,45-59,White / Caucasian,Some college or Associate's degree,"$100,000 to $167,999",Other,0.0003232234235423951
Male,45-59,White / Caucasian,Some college or Associate's degree,"$100,000 to $167,999",Republican,0.002544160800083287
Male,45-59,White / Caucasian,Some college or Associate's degree,"$168,000 or more",Democrat,0.0005347055881636268
Male,45-59,White / Caucasian,Some college or Associate's degree,"$168,000 or more",Independent,0.0009312307223153647
Male,45-59,White / Caucasian,Some college or Associate's degree,"$168,000 or more",Other,0.00014950174343169825
Male,45-59,White / Caucasian,Some college or Associate's degree,"$168,000 or more",Republican,0.0006708575988781619
Male,45-59,White / Caucasian,Some college or Associate's degree,"$30,000 to $55,999",Democrat,0.0009107298335902589
Male,45-59,White / Caucasian,Some college or Associate's degree,"$30,000 to $55,999",Independent,0.001535993381462129
Male,45-59,White / Caucasian,Some college or Associate's degree,"$30,000 to $55,999",Other,0.00017283648652234652
Male,45-59,White / Caucasian,Some college or Associate's degree,"$30,000 to $55,999",Republican,0.0021274883617714937
Male,45-59,White / Caucasian,Some college or Associate's degree,"$56,000 to $99,999",Democrat,0.001620912920944082
Male,45-59,White / Caucasian,Some college or Associate's degree,"$56,000 to $99,999",Independent,0.0023840521063422443
Male,45-59,White / Caucasian,Some college or Associate's degree,"$56,000 to $99,999",Other,0.0005265931069422688
Male,45-59,White / Caucasian,Some college or Associate's degree,"$56,000 to $99,999",Republican,0.0032015945771177974
Male,45-59,White / Caucasian,Some college or Associate's degree,"Less than $30,000",Democrat,0.0010740229837163443
Male,45-59,White / Caucasian,Some college or Associate's degree,"Less than $30,000",Independent,0.0016611856431804155
Male,45-59,White / Caucasian,Some college or Associate's degree,"Less than $30,000",Other,0.0005882994010381055
Male,45-59,White / Caucasian,Some college or Associate's degree,"Less than $30,000",Republican,0.001073666107757609
Male,60+,Asian / Asian American,Bachelor's degree,"$100,000 to $167,999",Democrat,0.00013947204783184287
Male,60+,Asian / Asian American,Bachelor's degree,"$100,000 to $167,999",Independent,0.00010958726052527478
Male,60+,Asian / Asian American,Bachelor's degree,"$100,000 to $167,999",Other,1.0926196182982181e-05
Male,60+,Asian / Asian American,Bachelor's degree,"$100,000 to $167,999",Republican,7.247258828687506e-05
Male,60+,Asian / Asian American,Bachelor's degree,"$168,000 or more",Democrat,0.00010902760639429381
Male,60+,Asian / Asian American,Bachelor's degree,"$168,000 or more",Independent,8.499146000934686e-05
Male,60+,Asian / Asian American,Bachelor's degree,"$168,000 or more",Other,8.544142568474292e-06
Male,60+,Asian / Asian American,Bachelor's degree,"$168,000 or more",Republican,5.2161290132510184e-05
Male,60+,Asian / Asian American,Bachelor's degree,"$30,000 to $55,999",Democrat,0.00014214595455509332
Male,60+,Asian / Asian American,Bachelor's degree,"$30,000 to $55,999",Independent,0.00011548797494324354
Male,60+,Asian / Asian American,Bachelor's degree,"$30,000 to $55,999",Other,1.2142689682314371e-05
Male,60+,Asian / Asian American,Bachelor's degree,"$30,000 to $55,999",Republican,7.738618712082566e-05
Male,60+,Asian / Asian American,Bachelor's degree,"$56,000 to $99,999",Democrat,0.00017149547579394005
Male,60+,Asian / Asian American,Bachelor's degree,"$56,000 to $99,999",Independent,0.00013515279339160687
Male,60+,Asian / Asian American,Bachelor's degree,"$56,000 to $99,999",Other,1.2569968787820187e-05
Male,60+,Asian / Asian American,Bachelor's degree,"$56,000 to $99,999",Republican,9.282395399112063e-05
Male,60+,Asian / Asian American,Bachelor's degree,"Less than $30,000",Democrat,0.00017288416070047777
Male,60+,Asian / Asian American,Bachelor's degree,"Less than $30,000",Independent,0.0001738641510565051
Male,60+,Asian / Asian American,Bachelor's degree,"Less than $30,000",Other,1.3943890456843996e-05
Male,60+,Asian / Asian American,Bachelor's degree,"Less than $30,000",Republican,9.15573130647515e-05
Male,60+,Asian / Asian American,Doctorate degree / Ph.D.,"$100,000 to $167,999",Democrat,3.423514187128491e-05
Male,60+,Asian / Asian American,Doctorate degree / Ph.D.,"$100,000 to $167,999",Independent,2.8397307426003873e-05
Male,60+,Asian / Asian American,Doctorate degree / Ph.D.,"$100,000 to $167,999",Republican,9.602775594695472e-06
Male,60+,Asian / Asian American,Doctorate degree / Ph.D.,"$168,000 or more",Democrat,4.4534689949127186e-05
Male,60+,Asian / Asian American,Doctorate degree / Ph.D.,"$168,000 or more",Independent,3.664961218508739e-05
Male,60+,Asian / Asian American,Doctorate degree / Ph.D.,"$168,000 or more",Republican,1.1501337126592742e-05
Male,60+,Asian / Asian American,Doctorate degree / Ph.D.,"$30,000 to $55,999",Democrat,1.713954911600412e-05
Male,60+,Asian / Asian American,Doctorate degree / Ph.D.,"$30,000 to $55,999",Independent,1.4700557089765953e-05
Male,60+,Asian / Asian American,Doctorate degree / Ph.D.,"$30,000 to $55,999",Republican,5.03693552215853e-06
Male,60+,Asian / Asian American,Doctorate degree / Ph.D.,"$56,000 to $99,999",Democrat,2.5655124230372724e-05
Male,60+,Asian / Asian American,Doctorate degree / Ph.D.,"$56,000 to $99,999",Independent,2.1344137945567418e-05
Male,60+,Asian / Asian American,Doctorate degree / Ph.D.,"$56,000 to $99,999",Republican,7.49582730243817e-06
Male,60+,Asian / Asian American,Doctorate degree / Ph.D.,"Less than $30,000",Democrat,1.9193934101012147e-05
Male,60+,Asian / Asian American,Doctorate degree / Ph.D.,"Less than $30,000",Independent,2.0377503482224182e-05
Male,60+,Asian / Asian American,Doctorate degree / Ph.D.,"Less than $30,000",Republican,5.487062235908484e-06
Male,60+,Asian / Asian American,High school diploma / GED,"$100,000 to $167,999",Democrat,3.733753978585732e-05
Male,60+,Asian / Asian American,High school diploma / GED,"$100,000 to $167,999",Independent,4.739193972260376e-05
Male,60+,Asian / Asian American,High school diploma / GED,"$100,000 to $167,999",Republican,2.5723021964446244e-05
Male,60+,Asian / Asian American,High school diploma / GED,"$168,000 or more",Democrat,1.7337689772746943e-05
Male,60+,Asian / Asian American,High school diploma / GED,"$168,000 or more",Independent,2.183312659793342e-05
Male,60+,Asian / Asian American,High school diploma / GED,"$168,000 or more",Republican,1.0997469606034245e-05
Male,60+,Asian / Asian American,High school diploma / GED,"$30,000 to $55,999",Democrat,4.559646886482869e-05
Male,60+,Asian / Asian American,High school diploma / GED,"$30,000 to $55,999",Independent,5.9843827973229254e-05
Male,60+,Asian / Asian American,High school diploma / GED,"$30,000 to $55,999",Republican,3.291166482454322e-05
Male,60+,Asian / Asian American,High school diploma / GED,"$56,000 to $99,999",Democrat,5.0504898756943735e-05
Male,60+,Asian / Asian American,High school diploma / GED,"$56,000 to $99,999",Independent,6.429715500205406e-05
Male,60+,Asian / Asian American,High school diploma / GED,"$56,000 to $99,999",Republican,3.624353894933854e-05
Male,60+,Asian / Asian American,High school diploma / GED,"Less than $30,000",Democrat,6.972700661677153e-05
Male,60+,Asian / Asian American,High school diploma / GED,"Less than $30,000",Independent,0.00011327700368394347
Male,60+,Asian / Asian American,High school diploma / GED,"Less than $30,000",Republican,4.8958550366249287e-05
Male,60+,Asian / Asian American,Less than high school,"$100,000 to $167,999",Democrat,2.6468500946751113e-05
Male,60+,Asian / Asian American,Less than high school,"$100,000 to $167,999",Independent,3.722881595711196e-05
Male,60+,Asian / Asian American,Less than high school,"$100,000 to $167,999",Republican,1.895704085615216e-05
Male,60+,Asian / Asian American,Less than high school,"$168,000 or more",Democrat,1.4803911697072946e-05
Male,60+,Asian / Asian American,Less than high school,"$168,000 or more",Independent,2.0658190761699325e-05
Male,60+,Asian / Asian American,Less than high school,"$168,000 or more",Republican,9.762092958922466e-06
Male,60+,Asian / Asian American,Less than high school,"$30,000 to $55,999",Democrat,4.412214498375431e-05
Male,60+,Asian / Asian American,Less than high school,"$30,000 to $55,999",Independent,6.41705652282103e-05
Male,60+,Asian / Asian American,Less than high school,"$30,000 to $55,999",Republican,3.310855055227381e-05
Male,60+,Asian / Asian American,Less than high school,"$56,000 to $99,999",Democrat,4.6429879268837195e-05
Male,60+,Asian / Asian American,Less than high school,"$56,000 to $99,999",Independent,6.550084439041616e-05
Male,60+,Asian / Asian American,Less than high school,"$56,000 to $99,999",Republican,3.463853829284464e-05
Male,60+,Asian / Asian American,Less than high school,"Less than $30,000",Democrat,9.175081311833603e-05
Male,60+,Asian / Asian American,Less than high school,"Less than $30,000",Independent,0.00016517402259922173
Male,60+,Asian / Asian American,Less than high school,"Less than $30,000",Republican,6.697340213016882e-05
Male,60+,Asian / Asian American,Master's degree / Professional degree,"$100,000 to $167,999",Democrat,8.135202369925358e-05
Male,60+,Asian / Asian American,Master's degree / Professional degree,"$100,000 to $167,999",Independent,8.821977727141352e-05
Male,60+,Asian / Asian American,Master's degree / Professional degree,"$100,000 to $167,999",Other,2.3751099913421885e-06
Male,60+,Asian / Asian American,Master's degree / Professional degree,"$100,000 to $167,999",Republican,4.599264359760195e-05
Male,60+,Asian / Asian American,Master's degree / Professional degree,"$168,000 or more",Democrat,9.642604222538533e-05
Male,60+,Asian / Asian American,Master's degree / Professional degree,"$168,000 or more",Independent,0.00010374277410930636
Male,60+,Asian / Asian American,Master's degree / Professional degree,"$168,000 or more",Other,2.816176691471861e-06
Male,60+,Asian / Asian American,Master's degree / Professional degree,"$168,000 or more",Republican,5.019258998109276e-05
Male,60+,Asian / Asian American,Master's degree / Professional degree,"$30,000 to $55,999",Democrat,6.778665256021693e-05
Male,60+,Asian / Asian American,Master's degree / Professional degree,"$30,000 to $55,999",Independent,7.601007362341692e-05
Male,60+,Asian / Asian American,Master's degree / Professional degree,"$30,000 to $55,999",Other,2.1580332380997716e-06
Male,60+,Asian / Asian American,Master's degree / Professional degree,"$30,000 to $55,999",Republican,4.015194157338012e-05
Male,60+,Asian / Asian American,Master's degree / Professional degree,"$56,000 to $99,999",Democrat,8.837073969367676e-05
Male,60+,Asian / Asian American,Master's degree / Professional degree,"$56,000 to $99,999",Independent,9.611818296897336e-05
Male,60+,Asian / Asian American,Master's degree / Professional degree,"$56,000 to $99,999",Other,2.4139238811835207e-06
Male,60+,Asian / Asian American,Master's degree / Professional degree,"$56,000 to $99,999",Republican,5.204143992287797e-05
Male,60+,Asian / Asian American,Master's degree / Professional degree,"Less than $30,000",Democrat,6.213760660577225e-05
Male,60+,Asian / Asian American,Master's degree / Professional degree,"Less than $30,000",Independent,8.624502707148486e-05
Male,60+,Asian / Asian American,Master's degree / Professional degree,"Less than $30,000",Other,1.8677417503447782e-06
Male,60+,Asian / Asian American,Master's degree / Professional degree,"Less than $30,000",Republican,3.580352378111704e-05
Male,60+,Asian / Asian American,Some college or Associate's degree,"$100,000 to $167,999",Democrat,5.814136740238932e-05
Male,60+,Asian / Asian American,Some college or Associate's degree,"$100,000 to $167,999",Independent,6.584578931838716e-05
Male,60+,Asian / Asian American,Some college or Associate's degree,"$100,000 to $167,999",Other,8.821860023272784e-06
Male,60+,Asian / Asian American,Some college or Associate's degree,"$100,000 to $167,999",Republican,6.547011456300251e-05
Male,60+,Asian / Asian American,Some college or Associate's degree,"$168,000 or more",Democrat,3.24313791922556e-05
Male,60+,Asian / Asian American,Some college or Associate's degree,"$168,000 or more",Independent,3.643964218306766e-05
Male,60+,Asian / Asian American,Some college or Associate's degree,"$168,000 or more",Other,4.922554479505512e-06
Male,60+,Asian / Asian American,Some college or Associate's degree,"$168,000 or more",Republican,3.362393441232373e-05
Male,60+,Asian / Asian American,Some college or Associate's degree,"$30,000 to $55,999",Democrat,6.638204899672744e-05
Male,60+,Asian / Asian American,Some college or Associate's degree,"$30,000 to $55,999",Independent,7.773610726952297e-05
Male,60+,Asian / Asian American,Some college or Associate's degree,"$30,000 to $55,999",Other,1.0983080077838974e-05
Male,60+,Asian / Asian American,Some college or Associate's degree,"$30,000 to $55,999",Republican,7.831606593130181e-05
Male,60+,Asian / Asian American,Some college or Associate's degree,"$56,000 to $99,999",Democrat,8.351661172406403e-05
Male,60+,Asian / Asian American,Some college or Associate's degree,"$56,000 to $99,999",Independent,9.486698516688691e-05
Male,60+,Asian / Asian American,Some college or Associate's degree,"$56,000 to $99,999",Other,1.185625422369817e-05
Male,60+,Asian / Asian American,Some college or Associate's degree,"$56,000 to $99,999",Republican,9.796062066641746e-05
Male,60+,Asian / Asian American,Some college or Associate's degree,"Less than $30,000",Democrat,8.465098287221882e-05
Male,60+,Asian / Asian American,Some college or Associate's degree,"Less than $30,000",Independent,0.00012270343396766442
Male,60+,Asian / Asian American,Some college or Associate's degree,"Less than $30,000",Other,1.3223726728213311e-05
Male,60+,Asian / Asian American,Some college or Associate's degree,"Less than $30,000",Republican,9.714961927552434e-05
Male,60+,Black / African American,Bachelor's degree,"$100,000 to $167,999",Democrat,0.0001952379142099132
Male,60+,Black / African American,Bachelor's degree,"$100,000 to $167,999",Independent,5.9117554556118965e-05
Male,60+,Black / African American,Bachelor's degree,"$100,000 to $167,999",Other,4.8490945179989316e-06
Male,60+,Black / African American,Bachelor's degree,"$100,000 to $167,999",Republican,1.3253174825146147e-05
Male,60+,Black / African American,Bachelor's degree,"$168,000 or more",Democrat,8.972431678230469e-05
Male,60+,Black / African American,Bachelor's degree,"$168,000 or more",Independent,2.6954320046141688e-05
Male,60+,Black / African American,Bachelor's degree,"$168,000 or more",Other,2.2292400782382277e-06
Male,60+,Black / African American,Bachelor's degree,"$168,000 or more",Republican,5.607782745712168e-06
Male,60+,Black / African American,Bachelor's degree,"$30,000 to $55,999",Democrat,0.00026847469363280066
Male,60+,Black / African American,Bachelor's degree,"$30,000 to $55,999",Independent,8.405915615319084e-05
Male,60+,Black / African American,Bachelor's degree,"$30,000 to $55,999",Other,7.27107159751784e-06
Male,60+,Black / African American,Bachelor's degree,"$30,000 to $55,999",Republican,1.9094200275993215e-05
Male,60+,Black / African American,Bachelor's degree,"$56,000 to $99,999",Democrat,0.0003028000657661042
Male,60+,Black / African American,Bachelor's degree,"$56,000 to $99,999",Independent,9.19618570270874e-05
Male,60+,Black / African American,Bachelor's degree,"$56,000 to $99,999",Other,7.03642674359069e-06
Male,60+,Black / African American,Bachelor's degree,"$56,000 to $99,999",Republican,2.1410782257915623e-05
Male,60+,Black / African American,Bachelor's degree,"Less than $30,000",Democrat,0.0003187849404052908
Male,60+,Black / African American,Bachelor's degree,"Less than $30,000",Independent,0.00012354695438459112
Male,60+,Black / African American,Bachelor's degree,"Less than $30,000",Other,8.151569333925665e-06
Male,60+,Black / African American,Bachelor's degree,"Less than $30,000",Republican,2.2054885277426455e-05
Male,60+,Black / African American,Doctorate degree / Ph.D.,"$100,000 to $167,999",Democrat,2.5145118172288257e-05
Male,60+,Black / African American,Doctorate degree / Ph.D.,"$100,000 to $167,999",Independent,7.184765029012684e-06
Male,60+,Black / African American,Doctorate degree / Ph.D.,"$100,000 to $167,999",Other,1.5215265571834426e-06
Male,60+,Black / African American,Doctorate degree / Ph.D.,"$100,000 to $167,999",Republican,3.562256429062721e-06
Male,60+,Black / African American,Doctorate degree / Ph.D.,"$168,000 or more",Democrat,1.959821769150879e-05
Male,60+,Black / African American,Doctorate degree / Ph.D.,"$168,000 or more",Independent,5.555733243599273e-06
Male,60+,Black / African American,Doctorate degree / Ph.D.,"$168,000 or more",Other,1.1862947972546743e-06
Male,60+,Black / African American,Doctorate degree / Ph.D.,"$168,000 or more",Republican,2.5563088748708907e-06
Male,60+,Black / African American,Doctorate degree / Ph.D.,"$30,000 to $55,999",Democrat,1.796112496525223e-05
Male,60+,Black / African American,Doctorate degree / Ph.D.,"$30,000 to $55,999",Independent,5.306666462472911e-06
Male,60+,Black / African American,Doctorate degree / Ph.D.,"$30,000 to $55,999",Other,1.1851080991069563e-06
Male,60+,Black / African American,Doctorate degree / Ph.D.,"$30,000 to $55,999",Republican,2.66592165829183e-06
Male,60+,Black / African American,Doctorate degree / Ph.D.,"$56,000 to $99,999",Democrat,2.572048618400054e-05
Male,60+,Black / African American,Doctorate degree / Ph.D.,"$56,000 to $99,999",Independent,7.371188681785685e-06
Male,60+,Black / African American,Doctorate degree / Ph.D.,"$56,000 to $99,999",Other,1.456145408098544e-06
Male,60+,Black / African American,Doctorate degree / Ph.D.,"$56,000 to $99,999",Republican,3.795521655972055e-06
Male,60+,Black / African American,Doctorate degree / Ph.D.,"Less than $30,000",Democrat,2.648792617212638e-05
Male,60+,Black / African American,Doctorate degree / Ph.D.,"Less than $30,000",Independent,9.68698865854891e-06
Male,60+,Black / African American,Doctorate degree / Ph.D.,"Less than $30,000",Other,1.6501398530394837e-06
Male,60+,Black / African American,Doctorate degree / Ph.D.,"Less than $30,000",Republican,3.82446502702283e-06
Male,60+,Black / African American,High school diploma / GED,"$100,000 to $167,999",Democrat,0.0001556710017897707
Male,60+,Black / African American,High school diploma / GED,"$100,000 to $167,999",Independent,3.771866764723431e-05
Male,60+,Black / African American,High school diploma / GED,"$100,000 to $167,999",Other,2.2798003865424015e-06
Male,60+,Black / African American,High school diploma / GED,"$100,000 to $167,999",Republican,9.285208984782287e-06
Male,60+,Black / African American,High school diploma / GED,"$168,000 or more",Democrat,4.7527076125268647e-05
Male,60+,Black / African American,High school diploma / GED,"$168,000 or more",Independent,1.1424985031098415e-05
Male,60+,Black / African American,High school diploma / GED,"$168,000 or more",Other,6.9627434306492e-07
Male,60+,Black / African American,High school diploma / GED,"$168,000 or more",Republican,2.610058926693621e-06
Male,60+,Black / African American,High school diploma / GED,"$30,000 to $55,999",Democrat,0.0005797969333613446
Male,60+,Black / African American,High school diploma / GED,"$30,000 to $55,999",Independent,0.00012968192881719788
Male,60+,Black / African American,High school diploma / GED,"$30,000 to $55,999",Other,2.5803056915319927e-05
Male,60+,Black / African American,High school diploma / GED,"$30,000 to $55,999",Republican,3.33012672014771e-05
Male,60+,Black / African American,High school diploma / GED,"$56,000 to $99,999",Democrat,0.0004253160065788822
Male,60+,Black / African American,High school diploma / GED,"$56,000 to $99,999",Independent,0.00011006816227710244
Male,60+,Black / African American,High school diploma / GED,"$56,000 to $99,999",Other,3.780809699271614e-06
Male,60+,Black / African American,High school diploma / GED,"$56,000 to $99,999",Republican,4.110535416673044e-05
Male,60+,Black / African American,High school diploma / GED,"Less than $30,000",Democrat,0.0010904530756496026
Male,60+,Black / African American,High school diploma / GED,"Less than $30,000",Independent,0.00020750501026909577
Male,60+,Black / African American,High school diploma / GED,"Less than $30,000",Other,8.537153935736416e-06
Male,60+,Black / African American,High school diploma / GED,"Less than $30,000",Republican,4.091825507101974e-05
Male,60+,Black / African American,Less than high school,"$100,000 to $167,999",Democrat,4.538124919555779e-05
Male,60+,Black / African American,Less than high school,"$100,000 to $167,999",Independent,1.2883695243733225e-05
Male,60+,Black / African American,Less than high school,"$100,000 to $167,999",Republican,1.765645984956237e-05
Male,60+,Black / African American,Less than high school,"$168,000 or more",Democrat,1.6501182151256362e-05
Male,60+,Black / African American,Less than high school,"$168,000 or more",Independent,4.647773703264567e-06
Male,60+,Black / African American,Less than high school,"$168,000 or more",Republican,5.9110889625855814e-06
Male,60+,Black / African American,Less than high school,"$30,000 to $55,999",Democrat,0.0002564650769600365
Male,60+,Black / African American,Less than high school,"$30,000 to $55,999",Independent,7.528727895753504e-05
Male,60+,Black / African American,Less than high school,"$30,000 to $55,999",Republican,0.00010454367688650776
Male,60+,Black / African American,Less than high school,"$56,000 to $99,999",Democrat,0.0001442655295348379
Male,60+,Black / African American,Less than high school,"$56,000 to $99,999",Independent,4.1079583999897585e-05
Male,60+,Black / African American,Less than high school,"$56,000 to $99,999",Republican,5.846696644590454e-05
Male,60+,Black / African American,Less than high school,"Less than $30,000",Democrat,0.0005160001688422291
Male,60+,Black / African American,Less than high school,"Less than $30,000",Independent,0.000234651058946575
Male,60+,Black / African American,Less than high school,"Less than $30,000",Republican,0.0003731863936133305
Male,60+,Black / African American,Master's degree / Professional degree,"$100,000 to $167,999",Democrat,0.00012527841320440807
Male,60+,Black / African American,Master's degree / Professional degree,"$100,000 to $167,999",Independent,6.612224324966786e-05
Male,60+,Black / African American,Master's degree / Professional degree,"$100,000 to $167,999",Other,3.957038814743113e-06
Male,60+,Black / African American,Master's degree / Professional degree,"$100,000 to $167,999",Republican,9.720653004659284e-06
Male,60+,Black / African American,Master's degree / Professional degree,"$168,000 or more",Democrat,7.776289293832536e-05
Male,60+,Black / African American,Master's degree / Professional degree,"$168,000 or more",Independent,4.072017755876453e-05
Male,60+,Black / African American,Master's degree / Professional degree,"$168,000 or more",Other,2.457065123875953e-06
Male,60+,Black / African American,Master's degree / Professional degree,"$168,000 or more",Republican,5.555419487502716e-06
Male,60+,Black / African American,Master's degree / Professional degree,"$30,000 to $55,999",Democrat,0.00011161552366061062
Male,60+,Black / African American,Master's degree / Professional degree,"$30,000 to $55,999",Independent,6.09151481976665e-05
Male,60+,Black / African American,Master's degree / Professional degree,"$30,000 to $55,999",Other,3.844299747395031e-06
Male,60+,Black / African American,Master's degree / Professional degree,"$30,000 to $55,999",Republican,9.07373618608259e-06
Male,60+,Black / African American,Master's degree / Professional degree,"$56,000 to $99,999",Democrat,0.000149999590454508
Male,60+,Black / African American,Master's degree / Professional degree,"$56,000 to $99,999",Independent,7.940738132891504e-05
Male,60+,Black / African American,Master's degree / Professional degree,"$56,000 to $99,999",Other,4.432858361820396e-06
Male,60+,Black / African American,Master's degree / Professional degree,"$56,000 to $99,999",Republican,1.2123557372690307e-05
Male,60+,Black / African American,Master's degree / Professional degree,"Less than $30,000",Democrat,0.00011979742132204929
Male,60+,Black / African American,Master's degree / Professional degree,"Less than $30,000",Independent,8.092836200231627e-05
Male,60+,Black / African American,Master's degree / Professional degree,"Less than $30,000",Other,3.895726647865262e-06
Male,60+,Black / African American,Master's degree / Professional degree,"Less than $30,000",Republican,9.4736624163568e-06
Male,60+,Black / African American,Some college or Associate's degree,"$100,000 to $167,999",Democrat,0.000312246245617304
Male,60+,Black / African American,Some college or Associate's degree,"$100,000 to $167,999",Independent,3.791755521820508e-05
Male,60+,Black / African American,Some college or Associate's degree,"$100,000 to $167,999",Other,1.4475821038416699e-05
Male,60+,Black / African American,Some college or Associate's degree,"$100,000 to $167,999",Republican,1.6947162527871274e-05
Male,60+,Black / African American,Some college or Associate's degree,"$168,000 or more",Democrat,7.490421688627034e-05
Male,60+,Black / African American,Some college or Associate's degree,"$168,000 or more",Independent,2.4108059624474808e-05
Male,60+,Black / African American,Some college or Associate's degree,"$168,000 or more",Other,1.8629479538981789e-06
Male,60+,Black / African American,Some college or Associate's degree,"$168,000 or more",Republican,6.265689683671986e-06
Male,60+,Black / African American,Some college or Associate's degree,"$30,000 to $55,999",Democrat,0.0007163068520597698
Male,60+,Black / African American,Some college or Associate's degree,"$30,000 to $55,999",Independent,0.00018786240393034464
Male,60+,Black / African American,Some college or Associate's degree,"$30,000 to $55,999",Other,3.119256117882886e-05
Male,60+,Black / African American,Some college or Associate's degree,"$30,000 to $55,999",Republican,1.751973365105315e-06
Male,60+,Black / African American,Some college or Associate's degree,"$56,000 to $99,999",Democrat,0.0006103573697459297
Male,60+,Black / African American,Some college or Associate's degree,"$56,000 to $99,999",Independent,0.0001607561242882404
Male,60+,Black / African American,Some college or Associate's degree,"$56,000 to $99,999",Other,2.0682271516050686e-07
Male,60+,Black / African American,Some college or Associate's degree,"$56,000 to $99,999",Republican,0.00013982904036284176
Male,60+,Black / African American,Some college or Associate's degree,"Less than $30,000",Democrat,0.0008609806113367189
Male,60+,Black / African American,Some college or Associate's degree,"Less than $30,000",Independent,0.0004697784301940776
Male,60+,Black / African American,Some college or Associate's degree,"Less than $30,000",Other,2.0615343803131667e-05
Male,60+,Black / African American,Some college or Associate's degree,"Less than $30,000",Republican,9.948422312968094e-06
Male,60+,Hispanic / Latino,Bachelor's degree,"$100,000 to $167,999",Democrat,8.399203832796406e-05
Male,60+,Hispanic / Latino,Bachelor's degree,"$100,000 to $167,999",Independent,7.582743721816802e-05
Male,60+,Hispanic / Latino,Bachelor's degree,"$100,000 to $167,999",Other,4.532496612226708e-06
Male,60+,Hispanic / Latino,Bachelor's degree,"$100,000 to $167,999",Republican,8.280104596533119e-05
Male,60+,Hispanic / Latino,Bachelor's degree,"$168,000 or more",Democrat,4.618331957430538e-05
Male,60+,Hispanic / Latino,Bachelor's degree,"$168,000 or more",Independent,4.1365599463467555e-05
Male,60+,Hispanic / Latino,Bachelor's degree,"$168,000 or more",Other,2.4930713363942922e-06
Male,60+,Hispanic / Latino,Bachelor's degree,"$168,000 or more",Republican,4.191872845864605e-05
Male,60+,Hispanic / Latino,Bachelor's degree,"$30,000 to $55,999",Democrat,0.00011199157479178245
Male,60+,Hispanic / Latino,Bachelor's degree,"$30,000 to $55,999",Independent,0.00010454493039321076
Male,60+,Hispanic / Latino,Bachelor's degree,"$30,000 to $55,999",Other,6.589967828398084e-06
Male,60+,Hispanic / Latino,Bachelor's degree,"$30,000 to $55,999",Republican,0.0001156712434276099
Male,60+,Hispanic / Latino,Bachelor's degree,"$56,000 to $99,999",Democrat,0.0001499487723116169
Male,60+,Hispanic / Latino,Bachelor's degree,"$56,000 to $99,999",Independent,0.00016870650899423271
Male,60+,Hispanic / Latino,Bachelor's degree,"$56,000 to $99,999",Other,3.5513945923368907e-07
Male,60+,Hispanic / Latino,Bachelor's degree,"$56,000 to $99,999",Republican,7.735980663346948e-05
Male,60+,Hispanic / Latino,Bachelor's degree,"Less than $30,000",Democrat,0.00011745837848379637
Male,60+,Hispanic / Latino,Bachelor's degree,"Less than $30,000",Independent,0.00013572323537365086
Male,60+,Hispanic / Latino,Bachelor's degree,"Less than $30,000",Other,6.525748139178238e-06
Male,60+,Hispanic / Latino,Bachelor's degree,"Less than $30,000",Republican,0.00011801383996194818
Male,60+,Hispanic / Latino,Doctorate degree / Ph.D.,"$100,000 to $167,999",Democrat,7.08435301410365e-06
Male,60+,Hispanic / Latino,Doctorate degree / Ph.D.,"$100,000 to $167,999",Independent,9.682245605530427e-06
Male,60+,Hispanic / Latino,Doctorate degree / Ph.D.,"$100,000 to $167,999",Other,1.2098201922298062e-06
Male,60+,Hispanic / Latino,Doctorate degree / Ph.D.,"$100,000 to $167,999",Republican,3.3316765301147687e-06
Male,60+,Hispanic / Latino,Doctorate degree / Ph.D.,"$168,000 or more",Democrat,7.746203169270797e-06
Male,60+,Hispanic / Latino,Doctorate degree / Ph.D.,"$168,000 or more",Independent,1.0503419318190455e-05
Male,60+,Hispanic / Latino,Doctorate degree / Ph.D.,"$168,000 or more",Other,1.323304259888501e-06
Male,60+,Hispanic / Latino,Doctorate degree / Ph.D.,"$168,000 or more",Republican,3.3541059070963146e-06
Male,60+,Hispanic / Latino,Doctorate degree / Ph.D.,"$30,000 to $55,999",Democrat,5.475062444542535e-06
Male,60+,Hispanic / Latino,Doctorate degree / Ph.D.,"$30,000 to $55,999",Independent,7.737387486037206e-06
Male,60+,Hispanic / Latino,Doctorate degree / Ph.D.,"$30,000 to $55,999",Other,1.019549432057295e-06
Male,60+,Hispanic / Latino,Doctorate degree / Ph.D.,"$30,000 to $55,999",Republican,2.697702551669128e-06
Male,60+,Hispanic / Latino,Doctorate degree / Ph.D.,"$56,000 to $99,999",Democrat,1.0767436986489563e-05
Male,60+,Hispanic / Latino,Doctorate degree / Ph.D.,"$56,000 to $99,999",Independent,1.4760045823133578e-05
Male,60+,Hispanic / Latino,Doctorate degree / Ph.D.,"$56,000 to $99,999",Other,1.7204128943006694e-06
Male,60+,Hispanic / Latino,Doctorate degree / Ph.D.,"$56,000 to $99,999",Republican,5.274675859523053e-06
Male,60+,Hispanic / Latino,Doctorate degree / Ph.D.,"Less than $30,000",Democrat,6.2198458299084e-06
Male,60+,Hispanic / Latino,Doctorate degree / Ph.D.,"Less than $30,000",Independent,1.0880214728194766e-05
Male,60+,Hispanic / Latino,Doctorate degree / Ph.D.,"Less than $30,000",Other,1.0935715282890331e-06
Male,60+,Hispanic / Latino,Doctorate degree / Ph.D.,"Less than $30,000",Republican,2.9812163483147324e-06
Male,60+,Hispanic / Latino,High school diploma / GED,"$100,000 to $167,999",Democrat,0.00016840216621941397
Male,60+,Hispanic / Latino,High school diploma / GED,"$100,000 to $167,999",Independent,1.5564101410152823e-05
Male,60+,Hispanic / Latino,High school diploma / GED,"$100,000 to $167,999",Republican,4.8663266468783065e-05
Male,60+,Hispanic / Latino,High school diploma / GED,"$168,000 or more",Democrat,3.254734082024206e-05
Male,60+,Hispanic / Latino,High school diploma / GED,"$168,000 or more",Independent,1.2732291117440742e-05
Male,60+,Hispanic / Latino,High school diploma / GED,"$168,000 or more",Other,2.6005973544997936e-06
Male,60+,Hispanic / Latino,High school diploma / GED,"$168,000 or more",Republican,2.016106726131926e-05
Male,60+,Hispanic / Latino,High school diploma / GED,"$30,000 to $55,999",Democrat,0.00014754478669284893
Male,60+,Hispanic / Latino,High school diploma / GED,"$30,000 to $55,999",Independent,0.00019417935213296005
Male,60+,Hispanic / Latino,High school diploma / GED,"$30,000 to $55,999",Other,1.8828871742127062e-05
Male,60+,Hispanic / Latino,High school diploma / GED,"$30,000 to $55,999",Republican,0.00022997613038123975
Male,60+,Hispanic / Latino,High school diploma / GED,"$56,000 to $99,999",Democrat,0.00028103923481237974
Male,60+,Hispanic / Latino,High school diploma / GED,"$56,000 to $99,999",Independent,8.352410749545893e-05
Male,60+,Hispanic / Latino,High school diploma / GED,"$56,000 to $99,999",Other,3.0420688203971645e-05
Male,60+,Hispanic / Latino,High school diploma / GED,"$56,000 to $99,999",Republican,0.0001159415714414201
Male,60+,Hispanic / Latino,High school diploma / GED,"Less than $30,000",Democrat,0.000501785558068234
Male,60+,Hispanic / Latino,High school diploma / GED,"Less than $30,000",Independent,7.606862367817874e-05
Male,60+,Hispanic / Latino,High school diploma / GED,"Less than $30,000",Republican,0.00027238558923679417
Male,60+,Hispanic / Latino,Less than high school,"$100,000 to $167,999",Democrat,6.55600121572371e-05
Male,60+,Hispanic / Latino,Less than high school,"$100,000 to $167,999",Independent,9.442097142621488e-05
Male,60+,Hispanic / Latino,Less than high school,"$100,000 to $167,999",Other,3.421128881208463e-06
Male,60+,Hispanic / Latino,Less than high school,"$100,000 to $167,999",Republican,0.00013931069120535708
Male,60+,Hispanic / Latino,Less than high school,"$168,000 or more",Democrat,1.8521984777370023e-05
Male,60+,Hispanic / Latino,Less than high school,"$168,000 or more",Independent,2.646566926463065e-05
Male,60+,Hispanic / Latino,Less than high school,"$168,000 or more",Other,9.668700887550692e-07
Male,60+,Hispanic / Latino,Less than high school,"$168,000 or more",Republican,3.6237497380841414e-05
Male,60+,Hispanic / Latino,Less than high school,"$30,000 to $55,999",Democrat,0.0002105726749555394
Male,60+,Hispanic / Latino,Less than high school,"$30,000 to $55,999",Independent,0.0003135890012046762
Male,60+,Hispanic / Latino,Less than high school,"$30,000 to $55,999",Other,1.198204646815481e-05
Male,60+,Hispanic / Latino,Less than high school,"$30,000 to $55,999",Republican,0.0004688023566347423
Male,60+,Hispanic / Latino,Less than high school,"$56,000 to $99,999",Democrat,0.00016356862634501744
Male,60+,Hispanic / Latino,Less than high school,"$56,000 to $99,999",Independent,0.0002362810603718111
Male,60+,Hispanic / Latino,Less than high school,"$56,000 to $99,999",Other,7.986015184844682e-06
Male,60+,Hispanic / Latino,Less than high school,"$56,000 to $99,999",Republican,0.00036204806457732945
Male,60+,Hispanic / Latino,Less than high school,"Less than $30,000",Democrat,0.0005517757704539615
Male,60+,Hispanic / Latino,Less than high school,"Less than $30,000",Independent,0.00038722270790983974
Male,60+,Hispanic / Latino,Less than high school,"Less than $30,000",Other,6.05680935077281e-05
Male,60+,Hispanic / Latino,Less than high school,"Less than $30,000",Republican,0.0010000579707328539
Male,60+,Hispanic / Latino,Master's degree / Professional degree,"$100,000 to $167,999",Democrat,5.128343384211415e-05
Male,60+,Hispanic / Latino,Master's degree / Professional degree,"$100,000 to $167,999",Independent,5.124594516157875e-05
Male,60+,Hispanic / Latino,Master's degree / Professional degree,"$100,000 to $167,999",Other,6.419776209554468e-06
Male,60+,Hispanic / Latino,Master's degree / Professional degree,"$100,000 to $167,999",Republican,4.13562267498073e-05
Male,60+,Hispanic / Latino,Master's degree / Professional degree,"$168,000 or more",Democrat,4.3758946899221945e-05
Male,60+,Hispanic / Latino,Master's degree / Professional degree,"$168,000 or more",Independent,4.33825615277635e-05
Male,60+,Hispanic / Latino,Master's degree / Professional degree,"$168,000 or more",Other,5.4797386525162796e-06
Male,60+,Hispanic / Latino,Master's degree / Professional degree,"$168,000 or more",Republican,3.249046485222663e-05
Male,60+,Hispanic / Latino,Master's degree / Professional degree,"$30,000 to $55,999",Democrat,5.607269571282269e-05
Male,60+,Hispanic / Latino,Master's degree / Professional degree,"$30,000 to $55,999",Independent,5.793796203833299e-05
Male,60+,Hispanic / Latino,Master's degree / Professional degree,"$30,000 to $55,999",Other,7.654076578430681e-06
Male,60+,Hispanic / Latino,Master's degree / Professional degree,"$30,000 to $55,999",Republican,4.737591345871525e-05
Male,60+,Hispanic / Latino,Master's degree / Professional degree,"$56,000 to $99,999",Democrat,6.607377542231363e-05
Male,60+,Hispanic / Latino,Master's degree / Professional degree,"$56,000 to $99,999",Independent,6.622332757248564e-05
Male,60+,Hispanic / Latino,Master's degree / Professional degree,"$56,000 to $99,999",Other,7.738764490042075e-06
Male,60+,Hispanic / Latino,Master's degree / Professional degree,"$56,000 to $99,999",Republican,5.5502652120992885e-05
Male,60+,Hispanic / Latino,Master's degree / Professional degree,"Less than $30,000",Democrat,5.686555548841693e-05
Male,60+,Hispanic / Latino,Master's degree / Professional degree,"Less than $30,000",Independent,7.273000908841337e-05
Male,60+,Hispanic / Latino,Master's degree / Professional degree,"Less than $30,000",Other,7.328903742614628e-06
Male,60+,Hispanic / Latino,Master's degree / Professional degree,"Less than $30,000",Republican,4.673737700972532e-05
Male,60+,Hispanic / Latino,Some college or Associate's degree,"$100,000 to $167,999",Democrat,0.0001554206199021091
Male,60+,Hispanic / Latino,Some college or Associate's degree,"$100,000 to $167,999",Independent,8.8620869092094e-05
Male,60+,Hispanic / Latino,Some college or Associate's degree,"$100,000 to $167,999",Other,1.4740482463422689e-05
Male,60+,Hispanic / Latino,Some college or Associate's degree,"$100,000 to $167,999",Republican,0.0001247308968298864
Male,60+,Hispanic / Latino,Some college or Associate's degree,"$168,000 or more",Democrat,4.5487139617651065e-05
Male,60+,Hispanic / Latino,Some college or Associate's degree,"$168,000 or more",Independent,2.4133274226871707e-05
Male,60+,Hispanic / Latino,Some college or Associate's degree,"$168,000 or more",Other,6.773897298212545e-06
Male,60+,Hispanic / Latino,Some college or Associate's degree,"$168,000 or more",Republican,3.116155047818707e-05
Male,60+,Hispanic / Latino,Some college or Associate's degree,"$30,000 to $55,999",Democrat,0.000243525434121817
Male,60+,Hispanic / Latino,Some college or Associate's degree,"$30,000 to $55,999",Independent,8.536288131153563e-05
Male,60+,Hispanic / Latino,Some college or Associate's degree,"$30,000 to $55,999",Other,6.589974426413575e-05
Male,60+,Hispanic / Latino,Some college or Associate's degree,"$30,000 to $55,999",Republican,0.0003635988180097805
Male,60+,Hispanic / Latino,Some college or Associate's degree,"$56,000 to $99,999",Democrat,0.0003028388269073113
Male,60+,Hispanic / Latino,Some college or Associate's degree,"$56,000 to $99,999",Independent,0.00020581152850375503
Male,60+,Hispanic / Latino,Some college or Associate's degree,"$56,000 to $99,999",Other,2.318095975774004e-05
Male,60+,Hispanic / Latino,Some college or Associate's degree,"$56,000 to $99,999",Republican,0.00021241337777188178
Male,60+,Hispanic / Latino,Some college or Associate's degree,"Less than $30,000",Democrat,0.0005596996891604866
Male,60+,Hispanic / Latino,Some college or Associate's degree,"Less than $30,000",Independent,0.00012229550558585722
Male,60+,Hispanic / Latino,Some college or Associate's degree,"Less than $30,000",Other,2.6048380420039998e-05
Male,60+,Hispanic / Latino,Some college or Associate's degree,"Less than $30,000",Republican,0.00012311399711650384
Male,60+,Other,Bachelor's degree,"$100,000 to $167,999",Democrat,9.836455809746205e-06
Male,60+,Other,Bachelor's degree,"$100,000 to $167,999",Independent,2.680349040239641e-05
Male,60+,Other,Bachelor's degree,"$100,000 to $167,999",Other,6.890062098697031e-06
Male,60+,Other,Bachelor's degree,"$100,000 to $167,999",Republican,1.6243119887328336e-05
Male,60+,Other,Bachelor's degree,"$168,000 or more",Democrat,6.158744953820011e-06
Male,60+,Other,Bachelor's degree,"$168,000 or more",Independent,1.6649869954971582e-05
Male,60+,Other,Bachelor's degree,"$168,000 or more",Other,4.3154580832569586e-06
Male,60+,Other,Bachelor's degree,"$168,000 or more",Republican,9.363716933198252e-06
Male,60+,Other,Bachelor's degree,"$30,000 to $55,999",Democrat,1.6666200124956262e-05
Male,60+,Other,Bachelor's degree,"$30,000 to $55,999",Independent,4.69589814658002e-05
Male,60+,Other,Bachelor's degree,"$30,000 to $55,999",Other,1.2729743677299783e-05
Male,60+,Other,Bachelor's degree,"$30,000 to $55,999",Republican,2.88343222286964e-05
Male,60+,Other,Bachelor's degree,"$56,000 to $99,999",Democrat,1.703866913036019e-05
Male,60+,Other,Bachelor's degree,"$56,000 to $99,999",Independent,4.6568027485260214e-05
Male,60+,Other,Bachelor's degree,"$56,000 to $99,999",Other,1.1166572134542558e-05
Male,60+,Other,Bachelor's degree,"$56,000 to $99,999",Republican,2.9308073782613596e-05
Male,60+,Other,Bachelor's degree,"Less than $30,000",Democrat,1.5445620133226185e-05
Male,60+,Other,Bachelor's degree,"Less than $30,000",Independent,5.386913504308111e-05
Male,60+,Other,Bachelor's degree,"Less than $30,000",Other,1.1138758303415678e-05
Male,60+,Other,Bachelor's degree,"Less than $30,000",Republican,2.5994854614474825e-05
Male,60+,Other,Doctorate degree / Ph.D.,"$100,000 to $167,999",Democrat,4.040759296378398e-06
Male,60+,Other,Doctorate degree / Ph.D.,"$100,000 to $167,999",Independent,4.447279764181946e-06
Male,60+,Other,Doctorate degree / Ph.D.,"$100,000 to $167,999",Other,1.366010201204474e-06
Male,60+,Other,Doctorate degree / Ph.D.,"$100,000 to $167,999",Republican,1.9236545934822182e-06
Male,60+,Other,Doctorate degree / Ph.D.,"$168,000 or more",Democrat,3.560345661148189e-06
Male,60+,Other,Doctorate degree / Ph.D.,"$168,000 or more",Independent,3.887671428933831e-06
Male,60+,Other,Doctorate degree / Ph.D.,"$168,000 or more",Other,1.204018938607415e-06
Male,60+,Other,Doctorate degree / Ph.D.,"$168,000 or more",Republican,1.5605638043123901e-06
Male,60+,Other,Doctorate degree / Ph.D.,"$30,000 to $55,999",Democrat,2.9630521179680493e-06
Male,60+,Other,Doctorate degree / Ph.D.,"$30,000 to $55,999",Independent,3.372097545214306e-06
Male,60+,Other,Doctorate degree / Ph.D.,"$30,000 to $55,999",Other,1.092267037969039e-06
Male,60+,Other,Doctorate degree / Ph.D.,"$30,000 to $55,999",Republican,1.477902398901464e-06
Male,60+,Other,Doctorate degree / Ph.D.,"$56,000 to $99,999",Democrat,4.747197353701483e-06
Male,60+,Other,Doctorate degree / Ph.D.,"$56,000 to $99,999",Independent,5.240445665030342e-06
Male,60+,Other,Doctorate degree / Ph.D.,"$56,000 to $99,999",Other,1.5015090841719592e-06
Male,60+,Other,Doctorate degree / Ph.D.,"$56,000 to $99,999",Republican,2.3540853364199473e-06
Male,60+,Other,Doctorate degree / Ph.D.,"Less than $30,000",Democrat,3.0671990806340407e-06
Male,60+,Other,Doctorate degree / Ph.D.,"Less than $30,000",Independent,4.320712610538717e-06
Male,60+,Other,Doctorate degree / Ph.D.,"Less than $30,000",Other,1.0675294556136156e-06
Male,60+,Other,Doctorate degree / Ph.D.,"Less than $30,000",Republican,1.4881863511446772e-06
Male,60+,Other,High school diploma / GED,"$100,000 to $167,999",Democrat,5.090889609364371e-06
Male,60+,Other,High school diploma / GED,"$100,000 to $167,999",Independent,1.1979797342358644e-05
Male,60+,Other,High school diploma / GED,"$100,000 to $167,999",Other,8.797837105929512e-06
Male,60+,Other,High school diploma / GED,"$100,000 to $167,999",Republican,1.2266869760371381e-05
Male,60+,Other,High school diploma / GED,"$168,000 or more",Democrat,1.9075619794203253e-06
Male,60+,Other,High school diploma / GED,"$168,000 or more",Independent,4.453488839261745e-06
Male,60+,Other,High school diploma / GED,"$168,000 or more",Other,3.297699562869934e-06
Male,60+,Other,High school diploma / GED,"$168,000 or more",Republican,4.231983682989619e-06
Male,60+,Other,High school diploma / GED,"$30,000 to $55,999",Democrat,1.4985560387554343e-05
Male,60+,Other,High school diploma / GED,"$30,000 to $55,999",Independent,3.646348285238241e-05
Male,60+,Other,High school diploma / GED,"$30,000 to $55,999",Other,2.8239291756303428e-05
Male,60+,Other,High school diploma / GED,"$30,000 to $55,999",Republican,3.7831661309002646e-05
Male,60+,Other,High school diploma / GED,"$56,000 to $99,999",Democrat,1.1467716147731468e-05
Male,60+,Other,High school diploma / GED,"$56,000 to $99,999",Independent,2.7066505711975746e-05
Male,60+,Other,High school diploma / GED,"$56,000 to $99,999",Other,1.8542098621252352e-05
Male,60+,Other,High school diploma / GED,"$56,000 to $99,999",Republican,2.878311621059835e-05
Male,60+,Other,High school diploma / GED,"Less than $30,000",Democrat,5.9812567986787075e-05
Male,60+,Other,High school diploma / GED,"Less than $30,000",Independent,4.5286811648573194e-05
Male,60+,Other,High school diploma / GED,"Less than $30,000",Other,3.5219216463431086e-05
Male,60+,Other,High school diploma / GED,"Less than $30,000",Republican,3.841068016540951e-05
Male,60+,Other,Less than high school,"$100,000 to $167,999",Democrat,4.817173456314908e-07
Male,60+,Other,Less than high school,"$100,000 to $167,999",Independent,4.374741451455115e-06
Male,60+,Other,Less than high school,"$100,000 to $167,999",Other,2.935358637462083e-06
Male,60+,Other,Less than high school,"$100,000 to $167,999",Republican,6.18791475621404e-06
Male,60+,Other,Less than high school,"$168,000 or more",Democrat,1.7598410887700443e-07
Male,60+,Other,Less than high school,"$168,000 or more",Independent,1.5856213290578385e-06
Male,60+,Other,Less than high school,"$168,000 or more",Other,1.0727351993684305e-06
Male,60+,Other,Less than high school,"$168,000 or more",Republican,2.0813769633967677e-06
Male,60+,Other,Less than high school,"$30,000 to $55,999",Democrat,2.033044770371218e-06
Male,60+,Other,Less than high school,"$30,000 to $55,999",Independent,1.9091340258081392e-05
Male,60+,Other,Less than high school,"$30,000 to $55,999",Other,1.3508726334178524e-05
Male,60+,Other,Less than high school,"$30,000 to $55,999",Republican,2.7361589981366795e-05
Male,60+,Other,Less than high school,"$56,000 to $99,999",Democrat,1.4063251609412914e-06
Male,60+,Other,Less than high school,"$56,000 to $99,999",Independent,1.2809887609280842e-05
Male,60+,Other,Less than high school,"$56,000 to $99,999",Other,8.017783920496276e-06
Male,60+,Other,Less than high school,"$56,000 to $99,999",Republican,1.8817355368017974e-05
Male,60+,Other,Less than high school,"Less than $30,000",Democrat,5.949800535032827e-06
Male,60+,Other,Less than high school,"Less than $30,000",Independent,6.915832376009635e-05
Male,60+,Other,Less than high school,"Less than $30,000",Other,3.732658273127856e-05
Male,60+,Other,Less than high school,"Less than $30,000",Republican,7.789430068482983e-05
Male,60+,Other,Master's degree / Professional degree,"$100,000 to $167,999",Democrat,5.539567151733315e-06
Male,60+,Other,Master's degree / Professional degree,"$100,000 to $167,999",Independent,1.8816941072071314e-05
Male,60+,Other,Master's degree / Professional degree,"$100,000 to $167,999",Other,7.771415479624205e-06
Male,60+,Other,Master's degree / Professional degree,"$100,000 to $167,999",Republican,1.12026987376889e-05
Male,60+,Other,Master's degree / Professional degree,"$168,000 or more",Democrat,5.380289550704511e-06
Male,60+,Other,Master's degree / Professional degree,"$168,000 or more",Independent,1.8131960378523116e-05
Male,60+,Other,Master's degree / Professional degree,"$168,000 or more",Other,7.550576945268661e-06
Male,60+,Other,Master's degree / Professional degree,"$168,000 or more",Republican,1.001792386781651e-05
Male,60+,Other,Master's degree / Professional degree,"$30,000 to $55,999",Democrat,5.5248088449936e-06
Male,60+,Other,Master's degree / Professional degree,"$30,000 to $55,999",Independent,1.9405275762572416e-05
Male,60+,Other,Master's degree / Professional degree,"$30,000 to $55,999",Other,8.451623238276994e-06
Male,60+,Other,Master's degree / Professional degree,"$30,000 to $55,999",Republican,1.1705943740305825e-05
Male,60+,Other,Master's degree / Professional degree,"$56,000 to $99,999",Democrat,7.538124694678724e-06
Male,60+,Other,Master's degree / Professional degree,"$56,000 to $99,999",Independent,2.568242193166648e-05
Male,60+,Other,Master's degree / Professional degree,"$56,000 to $99,999",Other,9.894351374563342e-06
Male,60+,Other,Master's degree / Professional degree,"$56,000 to $99,999",Republican,1.5879285059866525e-05
Male,60+,Other,Master's degree / Professional degree,"Less than $30,000",Democrat,7.374397411873213e-06
Male,60+,Other,Master's degree / Professional degree,"Less than $30,000",Independent,3.206134056525308e-05
Male,60+,Other,Master's degree / Professional degree,"Less than $30,000",Other,1.0651181246031265e-05
Male,60+,Other,Master's degree / Professional degree,"Less than $30,000",Republican,1.519933554584362e-05
Male,60+,Other,Some college or Associate's degree,"$100,000 to $167,999",Democrat,1.077611658631365e-05
Male,60+,Other,Some college or Associate's degree,"$100,000 to $167,999",Independent,3.182689436489516e-05
Male,60+,Other,Some college or Associate's degree,"$100,000 to $167,999",Other,1.3870103481024752e-05
Male,60+,Other,Some college or Associate's degree,"$100,000 to $167,999",Republican,2.0817129872447612e-05
Male,60+,Other,Some college or Associate's degree,"$168,000 or more",Democrat,4.917895236292721e-06
Male,60+,Other,Some college or Associate's degree,"$168,000 or more",Independent,1.4410437740835563e-05
Male,60+,Other,Some college or Associate's degree,"$168,000 or more",Other,6.332087172217164e-06
Male,60+,Other,Some college or Associate's degree,"$168,000 or more",Republican,8.747079941901343e-06
Male,60+,Other,Some college or Associate's degree,"$30,000 to $55,999",Democrat,2.632310133076553e-05
Male,60+,Other,Some college or Associate's degree,"$30,000 to $55,999",Independent,8.038932940583419e-05
Male,60+,Other,Some college or Associate's degree,"$30,000 to $55,999",Other,3.694477713042994e-05
Male,60+,Other,Some college or Associate's degree,"$30,000 to $55,999",Republican,5.327678095447365e-05
Male,60+,Other,Some college or Associate's degree,"$56,000 to $99,999",Democrat,3.3814589872728054e-05
Male,60+,Other,Some college or Associate's degree,"$56,000 to $99,999",Independent,6.92967300608583e-05
Male,60+,Other,Some college or Associate's degree,"$56,000 to $99,999",Other,2.5607122780678112e-05
Male,60+,Other,Some college or Associate's degree,"$56,000 to $99,999",Republican,4.4147265919523945e-05
Male,60+,Other,Some college or Associate's degree,"Less than $30,000",Democrat,3.594524617430086e-05
Male,60+,Other,Some college or Associate's degree,"Less than $30,000",Independent,0.00013587995333998084
Male,60+,Other,Some college or Associate's degree,"Less than $30,000",Other,4.763276825750043e-05
Male,60+,Other,Some college or Associate's degree,"Less than $30,000",Republican,7.077033822581434e-05
Male,60+,White / Caucasian,Bachelor's degree,"$100,000 to $167,999",Democrat,0.0011025965273439465
Male,60+,White / Caucasian,Bachelor's degree,"$100,000 to $167,999",Independent,0.001331389985693618
Male,60+,White / Caucasian,Bachelor's degree,"$100,000 to $167,999",Other,0.00019446702632935098
Male,60+,White / Caucasian,Bachelor's degree,"$100,000 to $167,999",Republican,0.0019388721028963671
Male,60+,White / Caucasian,Bachelor's degree,"$168,000 or more",Democrat,0.0006649975175601817
Male,60+,White / Caucasian,Bachelor's degree,"$168,000 or more",Independent,0.0009934636345287915
Male,60+,White / Caucasian,Bachelor's degree,"$168,000 or more",Other,8.771460778200277e-05
Male,60+,White / Caucasian,Bachelor's degree,"$168,000 or more",Republican,0.0011219327053342046
Male,60+,White / Caucasian,Bachelor's degree,"$30,000 to $55,999",Democrat,0.0012204033956589738
Male,60+,White / Caucasian,Bachelor's degree,"$30,000 to $55,999",Independent,0.0016481672398429752
Male,60+,White / Caucasian,Bachelor's degree,"$30,000 to $55,999",Other,0.0002267245755381139
Male,60+,White / Caucasian,Bachelor's degree,"$30,000 to $55,999",Republican,0.0025226728544551127
Male,60+,White / Caucasian,Bachelor's degree,"$56,000 to $99,999",Democrat,0.0018076632759973811
Male,60+,White / Caucasian,Bachelor's degree,"$56,000 to $99,999",Independent,0.002138235906728162
Male,60+,White / Caucasian,Bachelor's degree,"$56,000 to $99,999",Other,0.0003291672751357989
Male,60+,White / Caucasian,Bachelor's degree,"$56,000 to $99,999",Republican,0.0030201482960457277
Male,60+,White / Caucasian,Bachelor's degree,"Less than $30,000",Democrat,0.0010824719806884714
Male,60+,White / Caucasian,Bachelor's degree,"Less than $30,000",Independent,0.0017891086456685262
Male,60+,White / Caucasian,Bachelor's degree,"Less than $30,000",Other,0.00046192693376325724
Male,60+,White / Caucasian,Bachelor's degree,"Less than $30,000",Republican,0.0015630261102927182
Male,60+,White / Caucasian,Doctorate degree / Ph.D.,"$100,000 to $167,999",Democrat,0.00016808993715274726
Male,60+,White / Caucasian,Doctorate degree / Ph.D.,"$100,000 to $167,999",Independent,0.0001898384839819072
Male,60+,White / Caucasian,Doctorate degree / Ph.D.,"$100,000 to $167,999",Other,3.872791828124136e-05
Male,60+,White / Caucasian,Doctorate degree / Ph.D.,"$100,000 to $167,999",Republican,0.0002723446236680569
Male,60+,White / Caucasian,Doctorate degree / Ph.D.,"$168,000 or more",Democrat,0.00024245595793151485
Male,60+,White / Caucasian,Doctorate degree / Ph.D.,"$168,000 or more",Independent,0.0002062359785335989
Male,60+,White / Caucasian,Doctorate degree / Ph.D.,"$168,000 or more",Other,2.451372522562952e-05
Male,60+,White / Caucasian,Doctorate degree / Ph.D.,"$168,000 or more",Republican,0.00020702353583608606
Male,60+,White / Caucasian,Doctorate degree / Ph.D.,"$30,000 to $55,999",Democrat,0.0001464740591672754
Male,60+,White / Caucasian,Doctorate degree / Ph.D.,"$30,000 to $55,999",Independent,0.00012985412133945047
Male,60+,White / Caucasian,Doctorate degree / Ph.D.,"$30,000 to $55,999",Other,1.6143048575710804e-05
Male,60+,White / Caucasian,Doctorate degree / Ph.D.,"$30,000 to $55,999",Republican,0.00014231958750832475
Male,60+,White / Caucasian,Doctorate degree / Ph.D.,"$56,000 to $99,999",Democrat,0.0002876815230579065
Male,60+,White / Caucasian,Doctorate degree / Ph.D.,"$56,000 to $99,999",Independent,0.0002994145629932264
Male,60+,White / Caucasian,Doctorate degree / Ph.D.,"$56,000 to $99,999",Other,1.0270880591821164e-05
Male,60+,White / Caucasian,Doctorate degree / Ph.D.,"$56,000 to $99,999",Republican,9.873402304168859e-05
Male,60+,White / Caucasian,Doctorate degree / Ph.D.,"Less than $30,000",Democrat,0.00012069222228309472
Male,60+,White / Caucasian,Doctorate degree / Ph.D.,"Less than $30,000",Independent,0.00013244235097123786
Male,60+,White / Caucasian,Doctorate degree / Ph.D.,"Less than $30,000",Other,1.2558925515016795e-05
Male,60+,White / Caucasian,Doctorate degree / Ph.D.,"Less than $30,000",Republican,0.00011407543441672707
Male,60+,White / Caucasian,High school diploma / GED,"$100,000 to $167,999",Democrat,0.0002903090879019249
Male,60+,White / Caucasian,High school diploma / GED,"$100,000 to $167,999",Independent,0.00044735414638280563
Male,60+,White / Caucasian,High school diploma / GED,"$100,000 to $167,999",Other,0.00010462527433305743
Male,60+,White / Caucasian,High school diploma / GED,"$100,000 to $167,999",Republican,0.0008569959097865036
Male,60+,White / Caucasian,High school diploma / GED,"$168,000 or more",Democrat,7.769024335395951e-05
Male,60+,White / Caucasian,High school diploma / GED,"$168,000 or more",Independent,0.00011108614336592165
Male,60+,White / Caucasian,High school diploma / GED,"$168,000 or more",Other,7.5970653083165654e-06
Male,60+,White / Caucasian,High school diploma / GED,"$168,000 or more",Republican,0.0003094603735482274
Male,60+,White / Caucasian,High school diploma / GED,"$30,000 to $55,999",Democrat,0.0010333191418023325
Male,60+,White / Caucasian,High school diploma / GED,"$30,000 to $55,999",Independent,0.0015849271375170232
Male,60+,White / Caucasian,High school diploma / GED,"$30,000 to $55,999",Other,0.0004358655493668889
Male,60+,White / Caucasian,High school diploma / GED,"$30,000 to $55,999",Republican,0.0035932803585521024
Male,60+,White / Caucasian,High school diploma / GED,"$56,000 to $99,999",Democrat,0.0008452518558506974
Male,60+,White / Caucasian,High school diploma / GED,"$56,000 to $99,999",Independent,0.00123090905276805
Male,60+,White / Caucasian,High school diploma / GED,"$56,000 to $99,999",Other,0.00014846203487393978
Male,60+,White / Caucasian,High school diploma / GED,"$56,000 to $99,999",Republican,0.0028673217513817463
Male,60+,White / Caucasian,High school diploma / GED,"Less than $30,000",Democrat,0.0014347539480839082
Male,60+,White / Caucasian,High school diploma / GED,"Less than $30,000",Independent,0.0021145570063442684
Male,60+,White / Caucasian,High school diploma / GED,"Less than $30,000",Other,0.0004050877675550012
Male,60+,White / Caucasian,High school diploma / GED,"Less than $30,000",Republican,0.002893412264134831
Male,60+,White / Caucasian,Less than high school,"$100,000 to $167,999",Democrat,2.03244116231565e-05
Male,60+,White / Caucasian,Less than high school,"$100,000 to $167,999",Independent,0.00010148193667158918
Male,60+,White / Caucasian,Less than high school,"$100,000 to $167,999",Other,0.00018955052033885604
Male,60+,White / Caucasian,Less than high school,"$100,000 to $167,999",Republican,8.390732250223918e-05
Male,60+,White / Caucasian,Less than high school,"$168,000 or more",Democrat,1.7948650329711417e-05
Male,60+,White / Caucasian,Less than high school,"$168,000 or more",Independent,2.1487454090429537e-05
Male,60+,White / Caucasian,Less than high school,"$168,000 or more",Other,1.0282524365658137e-05
Male,60+,White / Caucasian,Less than high school,"$168,000 or more",Republican,5.0252956622671715e-05
Male,60+,White / Caucasian,Less than high school,"$30,000 to $55,999",Democrat,0.00027948546683274553
Male,60+,White / Caucasian,Less than high school,"$30,000 to $55,999",Independent,0.0005691354326689174
Male,60+,White / Caucasian,Less than high school,"$30,000 to $55,999",Other,0.0001718945253095499
Male,60+,White / Caucasian,Less than high school,"$30,000 to $55,999",Republican,0.000990089002793545
Male,60+,White / Caucasian,Less than high school,"$56,000 to $99,999",Democrat,0.00014186064539601997
Male,60+,White / Caucasian,Less than high school,"$56,000 to $99,999",Independent,0.0003213284392091159
Male,60+,White / Caucasian,Less than high school,"$56,000 to $99,999",Republican,0.0006052098476727652
Male,60+,White / Caucasian,Less than high school,"Less than $30,000",Democrat,0.0007956963354104169
Male,60+,White / Caucasian,Less than high school,"Less than $30,000",Independent,0.0005060683209938224
Male,60+,White / Caucasian,Less than high school,"Less than $30,000",Other,0.0002753479562806691
Male,60+,White / Caucasian,Less than high school,"Less than $30,000",Republican,0.0020245611655521608
Male,60+,White / Caucasian,Master's degree / Professional degree,"$100,000 to $167,999",Democrat,0.001346682998951586
Male,60+,White / Caucasian,Master's degree / Professional degree,"$100,000 to $167,999",Independent,0.000829256873303115
Male,60+,White / Caucasian,Master's degree / Professional degree,"$100,000 to $167,999",Other,0.00014019273528578026
Male,60+,White / Caucasian,Master's degree / Professional degree,"$100,000 to $167,999",Republican,0.0010960493199215517
Male,60+,White / Caucasian,Master's degree / Professional degree,"$168,000 or more",Democrat,0.0011686438977874134
Male,60+,White / Caucasian,Master's degree / Professional degree,"$168,000 or more",Independent,0.000873554499441239
Male,60+,White / Caucasian,Master's degree / Professional degree,"$168,000 or more",Other,9.140228281613549e-05
Male,60+,White / Caucasian,Master's degree / Professional degree,"$168,000 or more",Republican,0.000911789347713164
Male,60+,White / Caucasian,Master's degree / Professional degree,"$30,000 to $55,999",Democrat,0.0011526528231003378
Male,60+,White / Caucasian,Master's degree / Professional degree,"$30,000 to $55,999",Independent,0.0008257892823250852
Male,60+,White / Caucasian,Master's degree / Professional degree,"$30,000 to $55,999",Other,7.066566453119941e-05
Male,60+,White / Caucasian,Master's degree / Professional degree,"$30,000 to $55,999",Republican,0.0007868682252950396
Male,60+,White / Caucasian,Master's degree / Professional degree,"$56,000 to $99,999",Democrat,0.0015293725528262654
Male,60+,White / Caucasian,Master's degree / Professional degree,"$56,000 to $99,999",Independent,0.0013625404242156175
Male,60+,White / Caucasian,Master's degree / Professional degree,"$56,000 to $99,999",Other,0.00011896736202847586
Male,60+,White / Caucasian,Master's degree / Professional degree,"$56,000 to $99,999",Republican,0.001449056593742608
Male,60+,White / Caucasian,Master's degree / Professional degree,"Less than $30,000",Democrat,0.0007942545025062256
Male,60+,White / Caucasian,Master's degree / Professional degree,"Less than $30,000",Independent,0.0008011969412333458
Male,60+,White / Caucasian,Master's degree / Professional degree,"Less than $30,000",Other,8.153984099358458e-05
Male,60+,White / Caucasian,Master's degree / Professional degree,"Less than $30,000",Republican,0.0007347817857745497
Male,60+,White / Caucasian,Some college or Associate's degree,"$100,000 to $167,999",Democrat,0.0006322296403580882
Male,60+,White / Caucasian,Some college or Associate's degree,"$100,000 to $167,999",Independent,0.0010793189546905362
Male,60+,White / Caucasian,Some college or Associate's degree,"$100,000 to $167,999",Other,0.0002496369986772546
Male,60+,White / Caucasian,Some college or Associate's degree,"$100,000 to $167,999",Republican,0.0019051987492640587
Male,60+,White / Caucasian,Some college or Associate's degree,"$168,000 or more",Democrat,0.0003106834602978221
Male,60+,White / Caucasian,Some college or Associate's degree,"$168,000 or more",Independent,0.00034801604653006196
Male,60+,White / Caucasian,Some college or Associate's degree,"$168,000 or more",Other,6.342703972586152e-05
Male,60+,White / Caucasian,Some college or Associate's degree,"$168,000 or more",Republican,0.0006212851763108402
Male,60+,White / Caucasian,Some college or Associate's degree,"$30,000 to $55,999",Democrat,0.0018442941044501042
Male,60+,White / Caucasian,Some college or Associate's degree,"$30,000 to $55,999",Independent,0.002653617628610698
Male,60+,White / Caucasian,Some college or Associate's degree,"$30,000 to $55,999",Other,0.0004659764419217046
Male,60+,White / Caucasian,Some college or Associate's degree,"$30,000 to $55,999",Republican,0.003842768223143338
Male,60+,White / Caucasian,Some college or Associate's degree,"$56,000 to $99,999",Democrat,0.0016696969855915407
Male,60+,White / Caucasian,Some college or Associate's degree,"$56,000 to $99,999",Independent,0.0026181790973172497
Male,60+,White / Caucasian,Some college or Associate's degree,"$56,000 to $99,999",Other,0.00029143439420601194
Male,60+,White / Caucasian,Some college or Associate's degree,"$56,000 to $99,999",Republican,0.004257918457484541
Male,60+,White / Caucasian,Some college or Associate's degree,"Less than $30,000",Democrat,0.0019264058082558739
Male,60+,White / Caucasian,Some college or Associate's degree,"Less than $30,000",Independent,0.0026003048771473464
Male,60+,White / Caucasian,Some college or Associate's degree,"Less than $30,000",Other,0.0003831416629578244
Male,60+,White / Caucasian,Some college or Associate's degree,"Less than $30,000",Republican,0.0031420345661942084
Other,18-29,Asian / Asian American,Bachelor's degree,"$100,000 to $167,999",Democrat,9.879582759108503e-06
Other,18-29,Asian / Asian American,Bachelor's degree,"$100,000 to $167,999",Independent,1.409599310224728e-05
Other,18-29,Asian / Asian American,Bachelor's degree,"$100,000 to $167,999",Other,1.7341073865749054e-06
Other,18-29,Asian / Asian American,Bachelor's degree,"$100,000 to $167,999",Republican,6.260060426084251e-07
Other,18-29,Asian / Asian American,Bachelor's degree,"$168,000 or more",Democrat,6.7298137083858266e-06
Other,18-29,Asian / Asian American,Bachelor's degree,"$168,000 or more",Independent,9.666641276873895e-06
Other,18-29,Asian / Asian American,Bachelor's degree,"$168,000 or more",Other,1.110833776600707e-06
Other,18-29,Asian / Asian American,Bachelor's degree,"$168,000 or more",Republican,3.899142896411411e-07
Other,18-29,Asian / Asian American,Bachelor's degree,"$30,000 to $55,999",Democrat,7.5842678634975924e-06
Other,18-29,Asian / Asian American,Bachelor's degree,"$30,000 to $55,999",Independent,1.129307286655715e-05
Other,18-29,Asian / Asian American,Bachelor's degree,"$30,000 to $55,999",Other,1.396785063734169e-06
Other,18-29,Asian / Asian American,Bachelor's degree,"$30,000 to $55,999",Republican,5.013124268150681e-07
Other,18-29,Asian / Asian American,Bachelor's degree,"$56,000 to $99,999",Democrat,1.1667014577302309e-05
Other,18-29,Asian / Asian American,Bachelor's degree,"$56,000 to $99,999",Independent,1.6907160687359146e-05
Other,18-29,Asian / Asian American,Bachelor's degree,"$56,000 to $99,999",Other,1.8174636112001454e-06
Other,18-29,Asian / Asian American,Bachelor's degree,"$56,000 to $99,999",Republican,7.655051775118494e-07
Other,18-29,Asian / Asian American,Bachelor's degree,"Less than $30,000",Democrat,1.3209155414094973e-05
Other,18-29,Asian / Asian American,Bachelor's degree,"Less than $30,000",Independent,2.4338169123705427e-05
Other,18-29,Asian / Asian American,Bachelor's degree,"Less than $30,000",Other,2.30000450039662e-06
Other,18-29,Asian / Asian American,Bachelor's degree,"Less than $30,000",Republican,8.494624465317316e-07
Other,18-29,Asian / Asian American,Doctorate degree / Ph.D.,"$100,000 to $167,999",Democrat,5.274707524250727e-07
Other,18-29,Asian / Asian American,Doctorate degree / Ph.D.,"$100,000 to $167,999",Independent,2.8253567365534454e-07
Other,18-29,Asian / Asian American,Doctorate degree / Ph.D.,"$100,000 to $167,999",Republican,1.652956248242731e-08
Other,18-29,Asian / Asian American,Doctorate degree / Ph.D.,"$168,000 or more",Democrat,4.1902696867824837e-07
Other,18-29,Asian / Asian American,Doctorate degree / Ph.D.,"$168,000 or more",Independent,2.2268081466817137e-07
Other,18-29,Asian / Asian American,Doctorate degree / Ph.D.,"$168,000 or more",Republican,1.20901086157127e-08
Other,18-29,Asian / Asian American,Doctorate degree / Ph.D.,"$30,000 to $55,999",Democrat,7.713581839561153e-07
Other,18-29,Asian / Asian American,Doctorate degree / Ph.D.,"$30,000 to $55,999",Independent,4.2722864893678436e-07
Other,18-29,Asian / Asian American,Doctorate degree / Ph.D.,"$30,000 to $55,999",Republican,2.5325697607920166e-08
Other,18-29,Asian / Asian American,Doctorate degree / Ph.D.,"$56,000 to $99,999",Democrat,6.887134758373461e-07
Other,18-29,Asian / Asian American,Doctorate degree / Ph.D.,"$56,000 to $99,999",Independent,3.70009567391822e-07
Other,18-29,Asian / Asian American,Doctorate degree / Ph.D.,"$56,000 to $99,999",Republican,2.2481348489819483e-08
Other,18-29,Asian / Asian American,Doctorate degree / Ph.D.,"Less than $30,000",Democrat,6.296122571583393e-07
Other,18-29,Asian / Asian American,Doctorate degree / Ph.D.,"Less than $30,000",Independent,4.316482920241562e-07
Other,18-29,Asian / Asian American,Doctorate degree / Ph.D.,"Less than $30,000",Republican,2.0108857091710175e-08
Other,18-29,Asian / Asian American,High school diploma / GED,"$100,000 to $167,999",Democrat,2.3974718160960304e-06
Other,18-29,Asian / Asian American,High school diploma / GED,"$100,000 to $167,999",Independent,2.5746925358244636e-06
Other,18-29,Asian / Asian American,High school diploma / GED,"$100,000 to $167,999",Other,5.565231627948305e-07
Other,18-29,Asian / Asian American,High school diploma / GED,"$100,000 to $167,999",Republican,9.166796971875679e-08
Other,18-29,Asian / Asian American,High school diploma / GED,"$168,000 or more",Democrat,1.2065292924897436e-06
Other,18-29,Asian / Asian American,High school diploma / GED,"$168,000 or more",Independent,1.3014093711866252e-06
Other,18-29,Asian / Asian American,High school diploma / GED,"$168,000 or more",Other,2.6711766720610967e-07
Other,18-29,Asian / Asian American,High school diploma / GED,"$168,000 or more",Republican,4.3869426820027754e-08
Other,18-29,Asian / Asian American,High school diploma / GED,"$30,000 to $55,999",Democrat,3.0669012283560533e-06
Other,18-29,Asian / Asian American,High school diploma / GED,"$30,000 to $55,999",Independent,3.351812834233209e-06
Other,18-29,Asian / Asian American,High school diploma / GED,"$30,000 to $55,999",Other,8.225218689243995e-07
Other,18-29,Asian / Asian American,High school diploma / GED,"$30,000 to $55,999",Republican,1.1770034805603129e-07
Other,18-29,Asian / Asian American,High school diploma / GED,"$56,000 to $99,999",Democrat,3.362034924428537e-06
Other,18-29,Asian / Asian American,High school diploma / GED,"$56,000 to $99,999",Independent,3.6263251143479846e-06
Other,18-29,Asian / Asian American,High school diploma / GED,"$56,000 to $99,999",Other,7.264242381215559e-07
Other,18-29,Asian / Asian American,High school diploma / GED,"$56,000 to $99,999",Republican,1.343880444206716e-07
Other,18-29,Asian / Asian American,High school diploma / GED,"Less than $30,000",Democrat,4.29261530445312e-06
Other,18-29,Asian / Asian American,High school diploma / GED,"Less than $30,000",Independent,5.711367887923983e-06
Other,18-29,Asian / Asian American,High school diploma / GED,"Less than $30,000",Other,1.1496165252616666e-06
Other,18-29,Asian / Asian American,High school diploma / GED,"Less than $30,000",Republican,1.5305126318729353e-07
Other,18-29,Asian / Asian American,Less than high school,"$100,000 to $167,999",Democrat,7.019247212077241e-07
Other,18-29,Asian / Asian American,Less than high school,"$100,000 to $167,999",Independent,9.28471232748677e-07
Other,18-29,Asian / Asian American,Less than high school,"$168,000 or more",Democrat,4.6715891394231387e-07
Other,18-29,Asian / Asian American,Less than high school,"$168,000 or more",Independent,6.148967044904338e-07
Other,18-29,Asian / Asian American,Less than high school,"$30,000 to $55,999",Democrat,1.3816351769331948e-06
Other,18-29,Asian / Asian American,Less than high school,"$30,000 to $55,999",Independent,1.9073157967365515e-06
Other,18-29,Asian / Asian American,Less than high school,"$56,000 to $99,999",Democrat,1.2777801410023604e-06
Other,18-29,Asian / Asian American,Less than high school,"$56,000 to $99,999",Independent,1.735319114176404e-06
Other,18-29,Asian / Asian American,Less than high school,"Less than $30,000",Democrat,1.2406031608698912e-06
Other,18-29,Asian / Asian American,Less than high school,"Less than $30,000",Independent,2.151596481794837e-06
Other,18-29,Asian / Asian American,Master's degree / Professional degree,"$100,000 to $167,999",Democrat,6.964263549103029e-06
Other,18-29,Asian / Asian American,Master's degree / Professional degree,"$100,000 to $167,999",Independent,3.7744893523645367e-06
Other,18-29,Asian / Asian American,Master's degree / Professional degree,"$100,000 to $167,999",Other,1.1912386476176666e-06
Other,18-29,Asian / Asian American,Master's degree / Professional degree,"$100,000 to $167,999",Republican,1.5469320881155694e-07
Other,18-29,Asian / Asian American,Master's degree / Professional degree,"$168,000 or more",Democrat,5.417242596783348e-06
Other,18-29,Asian / Asian American,Master's degree / Professional degree,"$168,000 or more",Independent,2.912910967484821e-06
Other,18-29,Asian / Asian American,Master's degree / Professional degree,"$168,000 or more",Other,9.26940918890905e-07
Other,18-29,Asian / Asian American,Master's degree / Professional degree,"$168,000 or more",Republican,1.1078975131931959e-07
Other,18-29,Asian / Asian American,Master's degree / Professional degree,"$30,000 to $55,999",Democrat,5.9107690965292905e-06
Other,18-29,Asian / Asian American,Master's degree / Professional degree,"$30,000 to $55,999",Independent,3.3125036825527653e-06
Other,18-29,Asian / Asian American,Master's degree / Professional degree,"$30,000 to $55,999",Other,1.1024683911119981e-06
Other,18-29,Asian / Asian American,Master's degree / Professional degree,"$30,000 to $55,999",Republican,1.3755690472078884e-07
Other,18-29,Asian / Asian American,Master's degree / Professional degree,"$56,000 to $99,999",Democrat,8.55996222236309e-06
Other,18-29,Asian / Asian American,Master's degree / Professional degree,"$56,000 to $99,999",Independent,4.653227871360304e-06
Other,18-29,Asian / Asian American,Master's degree / Professional degree,"$56,000 to $99,999",Other,1.3699197926176708e-06
Other,18-29,Asian / Asian American,Master's degree / Professional degree,"$56,000 to $99,999",Republican,1.980563177825908e-07
Other,18-29,Asian / Asian American,Master's degree / Professional degree,"Less than $30,000",Democrat,8.034205732134641e-06
Other,18-29,Asian / Asian American,Master's degree / Professional degree,"Less than $30,000",Independent,5.573241993506247e-06
Other,18-29,Asian / Asian American,Master's degree / Professional degree,"Less than $30,000",Other,1.4148599895592728e-06
Other,18-29,Asian / Asian American,Master's degree / Professional degree,"Less than $30,000",Republican,1.818822162602614e-07
Other,18-29,Asian / Asian American,Some college or Associate's degree,"$100,000 to $167,999",Democrat,6.868029387490094e-06
Other,18-29,Asian / Asian American,Some college or Associate's degree,"$100,000 to $167,999",Independent,7.222255799855683e-06
Other,18-29,Asian / Asian American,Some college or Associate's degree,"$100,000 to $167,999",Other,2.22570373542756e-07
Other,18-29,Asian / Asian American,Some college or Associate's degree,"$100,000 to $167,999",Republican,4.913854144518222e-07
Other,18-29,Asian / Asian American,Some college or Associate's degree,"$168,000 or more",Democrat,3.571531328116463e-06
Other,18-29,Asian / Asian American,Some college or Associate's degree,"$168,000 or more",Independent,3.725111175527806e-06
Other,18-29,Asian / Asian American,Some college or Associate's degree,"$168,000 or more",Other,1.158136197291264e-07
Other,18-29,Asian / Asian American,Some college or Associate's degree,"$168,000 or more",Republican,2.3499836065408322e-07
Other,18-29,Asian / Asian American,Some college or Associate's degree,"$30,000 to $55,999",Democrat,9.106269447890524e-06
Other,18-29,Asian / Asian American,Some college or Associate's degree,"$30,000 to $55,999",Independent,9.969416923705464e-06
Other,18-29,Asian / Asian American,Some college or Associate's degree,"$30,000 to $55,999",Other,3.1962844270167825e-07
Other,18-29,Asian / Asian American,Some college or Associate's degree,"$30,000 to $55,999",Republican,7.019416244277005e-07
Other,18-29,Asian / Asian American,Some college or Associate's degree,"$56,000 to $99,999",Democrat,1.1956518965074045e-05
Other,18-29,Asian / Asian American,Some college or Associate's degree,"$56,000 to $99,999",Independent,1.0945051440509996e-05
Other,18-29,Asian / Asian American,Some college or Associate's degree,"$56,000 to $99,999",Other,5.750891386045059e-07
Other,18-29,Asian / Asian American,Some college or Associate's degree,"$56,000 to $99,999",Republican,2.748709277952823e-07
Other,18-29,Asian / Asian American,Some college or Associate's degree,"Less than $30,000",Democrat,1.6019500801580273e-05
Other,18-29,Asian / Asian American,Some college or Associate's degree,"Less than $30,000",Independent,1.8198406383417044e-05
Other,18-29,Asian / Asian American,Some college or Associate's degree,"Less than $30,000",Other,4.858898579561713e-07
Other,18-29,Asian / Asian American,Some college or Associate's degree,"Less than $30,000",Republican,1.2723263787180784e-06
Other,18-29,Black / African American,Bachelor's degree,"$100,000 to $167,999",Democrat,1.376825983951831e-05
Other,18-29,Black / African American,Bachelor's degree,"$100,000 to $167,999",Independent,7.251167437417268e-06
Other,18-29,Black / African American,Bachelor's degree,"$100,000 to $167,999",Other,1.2498611983376406e-06
Other,18-29,Black / African American,Bachelor's degree,"$100,000 to $167,999",Republican,3.629265662077417e-07
Other,18-29,Black / African American,Bachelor's degree,"$168,000 or more",Democrat,5.413045685350137e-06
Other,18-29,Black / African American,Bachelor's degree,"$168,000 or more",Independent,2.829295584469877e-06
Other,18-29,Black / African American,Bachelor's degree,"$168,000 or more",Other,4.911244305556201e-07
Other,18-29,Black / African American,Bachelor's degree,"$168,000 or more",Republican,1.31395206594597e-07
Other,18-29,Black / African American,Bachelor's degree,"$30,000 to $55,999",Democrat,1.977752218059507e-05
Other,18-29,Black / African American,Bachelor's degree,"$30,000 to $55,999",Independent,8.476759392972741e-06
Other,18-29,Black / African American,Bachelor's degree,"$30,000 to $55,999",Other,1.288711354183537e-06
Other,18-29,Black / African American,Bachelor's degree,"$30,000 to $55,999",Republican,8.275503070893307e-07
Other,18-29,Black / African American,Bachelor's degree,"$56,000 to $99,999",Democrat,2.1163241321948234e-05
Other,18-29,Black / African American,Bachelor's degree,"$56,000 to $99,999",Independent,1.2317943973886862e-05
Other,18-29,Black / African American,Bachelor's degree,"$56,000 to $99,999",Other,2.32030639535733e-06
Other,18-29,Black / African American,Bachelor's degree,"$56,000 to $99,999",Republican,4.751786026155294e-07
Other,18-29,Black / African American,Bachelor's degree,"Less than $30,000",Democrat,1.4725827976167565e-05
Other,18-29,Black / African American,Bachelor's degree,"Less than $30,000",Independent,1.2608347554484253e-05
Other,18-29,Black / African American,Bachelor's degree,"Less than $30,000",Other,5.372997402241058e-07
Other,18-29,Black / African American,Bachelor's degree,"Less than $30,000",Republican,4.3022226206343207e-07
Other,18-29,Black / African American,Doctorate degree / Ph.D.,"$100,000 to $167,999",Democrat,2.0728410134031744e-07
Other,18-29,Black / African American,Doctorate degree / Ph.D.,"$100,000 to $167,999",Independent,5.343460966364854e-08
Other,18-29,Black / African American,Doctorate degree / Ph.D.,"$100,000 to $167,999",Other,2.6995552960971887e-08
Other,18-29,Black / African American,Doctorate degree / Ph.D.,"$100,000 to $167,999",Republican,3.712177892037697e-09
Other,18-29,Black / African American,Doctorate degree / Ph.D.,"$168,000 or more",Democrat,1.3399142140013783e-07
Other,18-29,Black / African American,Doctorate degree / Ph.D.,"$168,000 or more",Independent,3.426885244795471e-08
Other,18-29,Black / African American,Doctorate degree / Ph.D.,"$168,000 or more",Other,1.745634920367776e-08
Other,18-29,Black / African American,Doctorate degree / Ph.D.,"$168,000 or more",Republican,2.2093526063383852e-09
Other,18-29,Black / African American,Doctorate degree / Ph.D.,"$30,000 to $55,999",Democrat,3.3950616119902373e-07
Other,18-29,Black / African American,Doctorate degree / Ph.D.,"$30,000 to $55,999",Independent,9.049689471416726e-08
Other,18-29,Black / African American,Doctorate degree / Ph.D.,"$30,000 to $55,999",Other,4.821392303619925e-08
Other,18-29,Black / African American,Doctorate degree / Ph.D.,"$30,000 to $55,999",Republican,6.370196035289909e-09
Other,18-29,Black / African American,Doctorate degree / Ph.D.,"$56,000 to $99,999",Democrat,2.4555685254326004e-07
Other,18-29,Black / African American,Doctorate degree / Ph.D.,"$56,000 to $99,999",Independent,6.349041593675958e-08
Other,18-29,Black / African American,Doctorate degree / Ph.D.,"$56,000 to $99,999",Other,2.992113117519803e-08
Other,18-29,Black / African American,Doctorate degree / Ph.D.,"$56,000 to $99,999",Republican,4.5807400523031716e-09
Other,18-29,Black / African American,Doctorate degree / Ph.D.,"Less than $30,000",Democrat,9.873658901745032e-08
Other,18-29,Black / African American,Doctorate degree / Ph.D.,"Less than $30,000",Independent,3.257742199366262e-08
Other,18-29,Black / African American,Doctorate degree / Ph.D.,"Less than $30,000",Other,1.3238881486290491e-08
Other,18-29,Black / African American,Doctorate degree / Ph.D.,"Less than $30,000",Republican,1.8021550178375797e-09
Other,18-29,Black / African American,High school diploma / GED,"$100,000 to $167,999",Democrat,6.610550558374066e-06
Other,18-29,Black / African American,High school diploma / GED,"$100,000 to $167,999",Independent,7.34819492283822e-06
Other,18-29,Black / African American,High school diploma / GED,"$100,000 to $167,999",Other,1.773246508141981e-06
Other,18-29,Black / African American,High school diploma / GED,"$100,000 to $167,999",Republican,1.7399107375395373e-07
Other,18-29,Black / African American,High school diploma / GED,"$168,000 or more",Democrat,1.7181373932206838e-06
Other,18-29,Black / African American,High school diploma / GED,"$168,000 or more",Independent,1.9132657924861774e-06
Other,18-29,Black / African American,High school diploma / GED,"$168,000 or more",Other,4.774086032844007e-07
Other,18-29,Black / African American,High school diploma / GED,"$168,000 or more",Republican,4.088951551717531e-08
Other,18-29,Black / African American,High school diploma / GED,"$30,000 to $55,999",Democrat,3.13454406652182e-05
Other,18-29,Black / African American,High school diploma / GED,"$30,000 to $55,999",Independent,1.908885820203786e-05
Other,18-29,Black / African American,High school diploma / GED,"$30,000 to $55,999",Other,2.0784268036595166e-06
Other,18-29,Black / African American,High school diploma / GED,"$30,000 to $55,999",Republican,6.065743818460837e-07
Other,18-29,Black / African American,High school diploma / GED,"$56,000 to $99,999",Democrat,1.685084603003539e-05
Other,18-29,Black / African American,High school diploma / GED,"$56,000 to $99,999",Independent,1.9822696059287737e-05
Other,18-29,Black / African American,High school diploma / GED,"$56,000 to $99,999",Other,2.58350224063365e-06
Other,18-29,Black / African American,High school diploma / GED,"$56,000 to $99,999",Republican,3.563991463663014e-07
Other,18-29,Black / African American,High school diploma / GED,"Less than $30,000",Democrat,3.610183184980619e-05
Other,18-29,Black / African American,High school diploma / GED,"Less than $30,000",Independent,4.4874632495075084e-05
Other,18-29,Black / African American,High school diploma / GED,"Less than $30,000",Other,9.615871900818067e-06
Other,18-29,Black / African American,High school diploma / GED,"Less than $30,000",Republican,8.589740479306315e-07
Other,18-29,Black / African American,Less than high school,"$100,000 to $167,999",Democrat,5.072637910626888e-07
Other,18-29,Black / African American,Less than high school,"$100,000 to $167,999",Independent,2.873862315194826e-06
Other,18-29,Black / African American,Less than high school,"$100,000 to $167,999",Other,1.1028555523926146e-06
Other,18-29,Black / African American,Less than high school,"$100,000 to $167,999",Republican,2.6675053136150328e-08
Other,18-29,Black / African American,Less than high school,"$168,000 or more",Democrat,1.3161052789849854e-07
Other,18-29,Black / African American,Less than high school,"$168,000 or more",Independent,7.498819101932251e-07
Other,18-29,Black / African American,Less than high school,"$168,000 or more",Other,2.84227914929659e-07
Other,18-29,Black / African American,Less than high school,"$168,000 or more",Republican,6.594370938006698e-09
Other,18-29,Black / African American,Less than high school,"$30,000 to $55,999",Democrat,2.0752961541337568e-06
Other,18-29,Black / African American,Less than high school,"$30,000 to $55,999",Independent,1.199453311292806e-05
Other,18-29,Black / African American,Less than high school,"$30,000 to $55,999",Other,4.9537820725094565e-06
Other,18-29,Black / African American,Less than high school,"$30,000 to $55,999",Republican,1.1043609206089791e-07
Other,18-29,Black / African American,Less than high school,"$56,000 to $99,999",Democrat,1.4784789657761305e-06
Other,18-29,Black / African American,Less than high school,"$56,000 to $99,999",Independent,7.854966249990365e-06
Other,18-29,Black / African American,Less than high school,"$56,000 to $99,999",Other,3.107741425839532e-06
Other,18-29,Black / African American,Less than high school,"$56,000 to $99,999",Republican,6.756877586743238e-08
Other,18-29,Black / African American,Less than high school,"Less than $30,000",Democrat,4.017632014493578e-06
Other,18-29,Black / African American,Less than high school,"Less than $30,000",Independent,3.171261424710617e-05
Other,18-29,Black / African American,Less than high school,"Less than $30,000",Republican,2.7542742774522224e-07
Other,18-29,Black / African American,Master's degree / Professional degree,"$100,000 to $167,999",Democrat,1.5744326397770683e-06
Other,18-29,Black / African American,Master's degree / Professional degree,"$100,000 to $167,999",Independent,2.3622057157908112e-06
Other,18-29,Black / African American,Master's degree / Professional degree,"$100,000 to $167,999",Other,4.121315937233592e-07
Other,18-29,Black / African American,Master's degree / Professional degree,"$100,000 to $167,999",Republican,4.756674339720358e-08
Other,18-29,Black / African American,Master's degree / Professional degree,"$168,000 or more",Democrat,6.452339041837901e-07
Other,18-29,Black / African American,Master's degree / Professional degree,"$168,000 or more",Independent,9.621366814114541e-07
Other,18-29,Black / African American,Master's degree / Professional degree,"$168,000 or more",Other,1.8066044102626182e-07
Other,18-29,Black / African American,Master's degree / Professional degree,"$168,000 or more",Republican,1.7916294586863043e-08
Other,18-29,Black / African American,Master's degree / Professional degree,"$30,000 to $55,999",Democrat,2.436686190006235e-06
Other,18-29,Black / African American,Master's degree / Professional degree,"$30,000 to $55,999",Independent,3.7782306553023086e-06
Other,18-29,Black / African American,Master's degree / Professional degree,"$30,000 to $55,999",Other,6.806977388816972e-07
Other,18-29,Black / African American,Master's degree / Professional degree,"$30,000 to $55,999",Republican,7.717187281355263e-08
Other,18-29,Black / African American,Master's degree / Professional degree,"$56,000 to $99,999",Democrat,2.3299808247517934e-06
Other,18-29,Black / African American,Master's degree / Professional degree,"$56,000 to $99,999",Independent,3.500497341724862e-06
Other,18-29,Black / African American,Master's degree / Professional degree,"$56,000 to $99,999",Other,5.334882124227503e-07
Other,18-29,Black / African American,Master's degree / Professional degree,"$56,000 to $99,999",Republican,7.344773788427633e-08
Other,18-29,Black / African American,Master's degree / Professional degree,"Less than $30,000",Democrat,1.3922753616939136e-06
Other,18-29,Black / African American,Master's degree / Professional degree,"Less than $30,000",Independent,2.695748045568457e-06
Other,18-29,Black / African American,Master's degree / Professional degree,"Less than $30,000",Other,4.979787612932393e-07
Other,18-29,Black / African American,Master's degree / Professional degree,"Less than $30,000",Republican,4.2509832770416826e-08
Other,18-29,Black / African American,Some college or Associate's degree,"$100,000 to $167,999",Democrat,1.6146266742803895e-05
Other,18-29,Black / African American,Some college or Associate's degree,"$100,000 to $167,999",Independent,1.5978125579168363e-05
Other,18-29,Black / African American,Some college or Associate's degree,"$100,000 to $167,999",Other,5.2218437633411164e-06
Other,18-29,Black / African American,Some college or Associate's degree,"$100,000 to $167,999",Republican,3.3820709110156914e-07
Other,18-29,Black / African American,Some college or Associate's degree,"$168,000 or more",Democrat,4.878794439772087e-06
Other,18-29,Black / African American,Some college or Associate's degree,"$168,000 or more",Independent,4.789966913662766e-06
Other,18-29,Black / African American,Some college or Associate's degree,"$168,000 or more",Other,1.5738290408645623e-06
Other,18-29,Black / African American,Some college or Associate's degree,"$168,000 or more",Republican,9.383090600186035e-08
Other,18-29,Black / African American,Some college or Associate's degree,"$30,000 to $55,999",Democrat,2.313440926146612e-05
Other,18-29,Black / African American,Some college or Associate's degree,"$30,000 to $55,999",Independent,5.302585655342274e-05
Other,18-29,Black / African American,Some college or Associate's degree,"$30,000 to $55,999",Other,1.4184535071391467e-05
Other,18-29,Black / African American,Some college or Associate's degree,"$30,000 to $55,999",Republican,2.4775766219943095e-06
Other,18-29,Black / African American,Some college or Associate's degree,"$56,000 to $99,999",Democrat,3.501252890205455e-05
Other,18-29,Black / African American,Some college or Associate's degree,"$56,000 to $99,999",Independent,3.574795560027423e-05
Other,18-29,Black / African American,Some college or Associate's degree,"$56,000 to $99,999",Other,2.7253311734605643e-05
Other,18-29,Black / African American,Some college or Associate's degree,"$56,000 to $99,999",Republican,4.822574660216735e-07
Other,18-29,Black / African American,Some college or Associate's degree,"Less than $30,000",Democrat,6.366566931898985e-05
Other,18-29,Black / African American,Some college or Associate's degree,"Less than $30,000",Independent,6.983768701345061e-05
Other,18-29,Black / African American,Some college or Associate's degree,"Less than $30,000",Other,8.953164709026448e-06
Other,18-29,Black / African American,Some college or Associate's degree,"Less than $30,000",Republican,4.193172299072609e-07
Other,18-29,Hispanic / Latino,Bachelor's degree,"$100,000 to $167,999",Democrat,2.376019984446397e-05
Other,18-29,Hispanic / Latino,Bachelor's degree,"$100,000 to $167,999",Independent,1.1756725642529997e-05
Other,18-29,Hispanic / Latino,Bachelor's degree,"$100,000 to $167,999",Other,8.202261620819254e-06
Other,18-29,Hispanic / Latino,Bachelor's degree,"$100,000 to $167,999",Republican,9.775655533573726e-07
Other,18-29,Hispanic / Latino,Bachelor's degree,"$168,000 or more",Democrat,9.955610665508277e-06
Other,18-29,Hispanic / Latino,Bachelor's degree,"$168,000 or more",Independent,4.938075312353191e-06
Other,18-29,Hispanic / Latino,Bachelor's degree,"$168,000 or more",Other,3.573717887774165e-06
Other,18-29,Hispanic / Latino,Bachelor's degree,"$168,000 or more",Republican,3.8515588714173905e-07
Other,18-29,Hispanic / Latino,Bachelor's degree,"$30,000 to $55,999",Democrat,2.394418510709993e-05
Other,18-29,Hispanic / Latino,Bachelor's degree,"$30,000 to $55,999",Independent,1.0805696450121085e-05
Other,18-29,Hispanic / Latino,Bachelor's degree,"$30,000 to $55,999",Other,2.1426224407056938e-06
Other,18-29,Hispanic / Latino,Bachelor's degree,"$30,000 to $55,999",Republican,2.0527906591953336e-06
Other,18-29,Hispanic / Latino,Bachelor's degree,"$56,000 to $99,999",Democrat,3.528683894428208e-05
Other,18-29,Hispanic / Latino,Bachelor's degree,"$56,000 to $99,999",Independent,1.578661644997717e-05
Other,18-29,Hispanic / Latino,Bachelor's degree,"$56,000 to $99,999",Other,3.503883481123741e-05
Other,18-29,Hispanic / Latino,Bachelor's degree,"$56,000 to $99,999",Republican,5.572508321640218e-07
Other,18-29,Hispanic / Latino,Bachelor's degree,"Less than $30,000",Democrat,1.9055288844158057e-05
Other,18-29,Hispanic / Latino,Bachelor's degree,"Less than $30,000",Independent,1.2464263980804279e-05
Other,18-29,Hispanic / Latino,Bachelor's degree,"Less than $30,000",Other,5.479100318489559e-06
Other,18-29,Hispanic / Latino,Bachelor's degree,"Less than $30,000",Republican,7.689436223736314e-07
Other,18-29,Hispanic / Latino,Doctorate degree / Ph.D.,"$100,000 to $167,999",Democrat,1.2609669733180888e-07
Other,18-29,Hispanic / Latino,Doctorate degree / Ph.D.,"$100,000 to $167,999",Independent,1.5548101695260287e-07
Other,18-29,Hispanic / Latino,Doctorate degree / Ph.D.,"$100,000 to $167,999",Other,4.63473305381878e-08
Other,18-29,Hispanic / Latino,Doctorate degree / Ph.D.,"$100,000 to $167,999",Republican,7.496484308742654e-09
Other,18-29,Hispanic / Latino,Doctorate degree / Ph.D.,"$168,000 or more",Democrat,5.7188777630090586e-08
Other,18-29,Hispanic / Latino,Doctorate degree / Ph.D.,"$168,000 or more",Independent,6.996009551733822e-08
Other,18-29,Hispanic / Latino,Doctorate degree / Ph.D.,"$168,000 or more",Other,2.102722778933538e-08
Other,18-29,Hispanic / Latino,Doctorate degree / Ph.D.,"$168,000 or more",Republican,3.1303290441857743e-09
Other,18-29,Hispanic / Latino,Doctorate degree / Ph.D.,"$30,000 to $55,999",Democrat,2.4585677071978143e-07
Other,18-29,Hispanic / Latino,Doctorate degree / Ph.D.,"$30,000 to $55,999",Independent,3.134622182266747e-07
Other,18-29,Hispanic / Latino,Doctorate degree / Ph.D.,"$30,000 to $55,999",Other,9.853755042408184e-08
Other,18-29,Hispanic / Latino,Doctorate degree / Ph.D.,"$30,000 to $55,999",Republican,1.5313640512913742e-08
Other,18-29,Hispanic / Latino,Doctorate degree / Ph.D.,"$56,000 to $99,999",Democrat,2.1604473164259043e-07
Other,18-29,Hispanic / Latino,Doctorate degree / Ph.D.,"$56,000 to $99,999",Independent,2.6718791248703955e-07
Other,18-29,Hispanic / Latino,Doctorate degree / Ph.D.,"$56,000 to $99,999",Other,7.429582488544912e-08
Other,18-29,Hispanic / Latino,Doctorate degree / Ph.D.,"$56,000 to $99,999",Republican,1.3378838362888375e-08
Other,18-29,Hispanic / Latino,Doctorate degree / Ph.D.,"Less than $30,000",Democrat,1.3684060600382515e-07
Other,18-29,Hispanic / Latino,Doctorate degree / Ph.D.,"Less than $30,000",Independent,2.1595864552673182e-07
Other,18-29,Hispanic / Latino,Doctorate degree / Ph.D.,"Less than $30,000",Other,5.1782491429434495e-08
Other,18-29,Hispanic / Latino,Doctorate degree / Ph.D.,"Less than $30,000",Republican,8.291252701965703e-09
Other,18-29,Hispanic / Latino,High school diploma / GED,"$100,000 to $167,999",Democrat,1.2134775747334318e-05
Other,18-29,Hispanic / Latino,High school diploma / GED,"$100,000 to $167,999",Independent,2.3613294272505515e-05
Other,18-29,Hispanic / Latino,High school diploma / GED,"$100,000 to $167,999",Other,3.4820095097061074e-06
Other,18-29,Hispanic / Latino,High school diploma / GED,"$100,000 to $167,999",Republican,1.3555826162418512e-06
Other,18-29,Hispanic / Latino,High school diploma / GED,"$168,000 or more",Democrat,3.3858760798814528e-06
Other,18-29,Hispanic / Latino,High school diploma / GED,"$168,000 or more",Independent,6.520050334497638e-06
Other,18-29,Hispanic / Latino,High school diploma / GED,"$168,000 or more",Other,1.000278000818928e-06
Other,18-29,Hispanic / Latino,High school diploma / GED,"$168,000 or more",Republican,3.477888772142492e-07
Other,18-29,Hispanic / Latino,High school diploma / GED,"$30,000 to $55,999",Democrat,2.685912460363786e-05
Other,18-29,Hispanic / Latino,High school diploma / GED,"$30,000 to $55,999",Independent,4.36965862804433e-05
Other,18-29,Hispanic / Latino,High school diploma / GED,"$30,000 to $55,999",Other,4.703464148762524e-06
Other,18-29,Hispanic / Latino,High school diploma / GED,"$30,000 to $55,999",Republican,4.695061431138064e-06
Other,18-29,Hispanic / Latino,High school diploma / GED,"$56,000 to $99,999",Democrat,2.053739704036107e-05
Other,18-29,Hispanic / Latino,High school diploma / GED,"$56,000 to $99,999",Independent,6.0933157334789424e-05
Other,18-29,Hispanic / Latino,High school diploma / GED,"$56,000 to $99,999",Other,1.711789165435902e-05
Other,18-29,Hispanic / Latino,High school diploma / GED,"$56,000 to $99,999",Republican,1.9179167997339574e-06
Other,18-29,Hispanic / Latino,High school diploma / GED,"Less than $30,000",Democrat,1.7376240370144332e-05
Other,18-29,Hispanic / Latino,High school diploma / GED,"Less than $30,000",Independent,5.676720044160881e-05
Other,18-29,Hispanic / Latino,High school diploma / GED,"Less than $30,000",Other,8.78886676518471e-06
Other,18-29,Hispanic / Latino,High school diploma / GED,"Less than $30,000",Republican,3.34547082266697e-06
Other,18-29,Hispanic / Latino,Less than high school,"$100,000 to $167,999",Democrat,1.3689304481430417e-06
Other,18-29,Hispanic / Latino,Less than high school,"$100,000 to $167,999",Independent,9.891610855699164e-06
Other,18-29,Hispanic / Latino,Less than high school,"$100,000 to $167,999",Other,3.0866535919318475e-06
Other,18-29,Hispanic / Latino,Less than high school,"$100,000 to $167,999",Republican,4.3269215796557704e-07
Other,18-29,Hispanic / Latino,Less than high school,"$168,000 or more",Democrat,3.663373858027064e-07
Other,18-29,Hispanic / Latino,Less than high school,"$168,000 or more",Independent,2.729008482038009e-06
Other,18-29,Hispanic / Latino,Less than high school,"$168,000 or more",Other,7.612484657484348e-07
Other,18-29,Hispanic / Latino,Less than high school,"$168,000 or more",Republican,1.2236690684662974e-07
Other,18-29,Hispanic / Latino,Less than high school,"$30,000 to $55,999",Democrat,4.32081755693458e-06
Other,18-29,Hispanic / Latino,Less than high school,"$30,000 to $55,999",Independent,3.35205657135876e-05
Other,18-29,Hispanic / Latino,Less than high school,"$30,000 to $55,999",Other,9.804688230006537e-06
Other,18-29,Hispanic / Latino,Less than high school,"$30,000 to $55,999",Republican,1.6379344667692754e-06
Other,18-29,Hispanic / Latino,Less than high school,"$56,000 to $99,999",Democrat,3.4231349799459226e-06
Other,18-29,Hispanic / Latino,Less than high school,"$56,000 to $99,999",Independent,2.514102127616087e-05
Other,18-29,Hispanic / Latino,Less than high school,"$56,000 to $99,999",Other,7.027122868640341e-06
Other,18-29,Hispanic / Latino,Less than high school,"$56,000 to $99,999",Republican,1.1840075609482317e-06
Other,18-29,Hispanic / Latino,Less than high school,"Less than $30,000",Democrat,1.8524087021071095e-06
Other,18-29,Hispanic / Latino,Less than high school,"Less than $30,000",Independent,5.199263192359947e-05
Other,18-29,Hispanic / Latino,Less than high school,"Less than $30,000",Republican,2.1562515573982346e-06
Other,18-29,Hispanic / Latino,Master's degree / Professional degree,"$100,000 to $167,999",Democrat,5.8350727831584116e-06
Other,18-29,Hispanic / Latino,Master's degree / Professional degree,"$100,000 to $167,999",Independent,1.5268757336319718e-06
Other,18-29,Hispanic / Latino,Master's degree / Professional degree,"$100,000 to $167,999",Other,1.2855562666199105e-07
Other,18-29,Hispanic / Latino,Master's degree / Professional degree,"$100,000 to $167,999",Republican,2.3025407937394592e-07
Other,18-29,Hispanic / Latino,Master's degree / Professional degree,"$168,000 or more",Democrat,2.3685426631541123e-06
Other,18-29,Hispanic / Latino,Master's degree / Professional degree,"$168,000 or more",Independent,6.272925853085881e-07
Other,18-29,Hispanic / Latino,Master's degree / Professional degree,"$168,000 or more",Other,5.972486831030607e-08
Other,18-29,Hispanic / Latino,Master's degree / Professional degree,"$168,000 or more",Republican,8.849756744247108e-08
Other,18-29,Hispanic / Latino,Master's degree / Professional degree,"$30,000 to $55,999",Democrat,4.053682080327192e-06
Other,18-29,Hispanic / Latino,Master's degree / Professional degree,"$30,000 to $55,999",Independent,1.1077156890082135e-06
Other,18-29,Hispanic / Latino,Master's degree / Professional degree,"$30,000 to $55,999",Other,1.0430238855094557e-07
Other,18-29,Hispanic / Latino,Master's degree / Professional degree,"$30,000 to $55,999",Republican,1.6993770171153157e-07
Other,18-29,Hispanic / Latino,Master's degree / Professional degree,"$56,000 to $99,999",Democrat,6.562457727329725e-06
Other,18-29,Hispanic / Latino,Master's degree / Professional degree,"$56,000 to $99,999",Independent,1.714454773046076e-06
Other,18-29,Hispanic / Latino,Master's degree / Professional degree,"$56,000 to $99,999",Other,1.3083367461368276e-07
Other,18-29,Hispanic / Latino,Master's degree / Professional degree,"$56,000 to $99,999",Republican,2.6799746017220827e-07
Other,18-29,Hispanic / Latino,Master's degree / Professional degree,"Less than $30,000",Democrat,3.969904611206214e-06
Other,18-29,Hispanic / Latino,Master's degree / Professional degree,"Less than $30,000",Independent,1.3516801132788632e-06
Other,18-29,Hispanic / Latino,Master's degree / Professional degree,"Less than $30,000",Other,1.0074489815948482e-07
Other,18-29,Hispanic / Latino,Master's degree / Professional degree,"Less than $30,000",Republican,1.6339624381360217e-07
Other,18-29,Hispanic / Latino,Some college or Associate's degree,"$100,000 to $167,999",Democrat,4.492894835132114e-05
Other,18-29,Hispanic / Latino,Some college or Associate's degree,"$100,000 to $167,999",Independent,2.7404538880966973e-05
Other,18-29,Hispanic / Latino,Some college or Associate's degree,"$100,000 to $167,999",Other,3.5581097042687614e-06
Other,18-29,Hispanic / Latino,Some college or Associate's degree,"$100,000 to $167,999",Republican,3.4552289366131255e-06
Other,18-29,Hispanic / Latino,Some college or Associate's degree,"$168,000 or more",Democrat,1.2739553405810282e-05
Other,18-29,Hispanic / Latino,Some college or Associate's degree,"$168,000 or more",Independent,1.0369610565354889e-05
Other,18-29,Hispanic / Latino,Some college or Associate's degree,"$168,000 or more",Other,1.7887117307157057e-06
Other,18-29,Hispanic / Latino,Some college or Associate's degree,"$168,000 or more",Republican,7.772879771152316e-07
Other,18-29,Hispanic / Latino,Some college or Associate's degree,"$30,000 to $55,999",Democrat,7.221164754297408e-05
Other,18-29,Hispanic / Latino,Some college or Associate's degree,"$30,000 to $55,999",Independent,7.49756258091596e-05
Other,18-29,Hispanic / Latino,Some college or Associate's degree,"$30,000 to $55,999",Other,1.3710906883199065e-05
Other,18-29,Hispanic / Latino,Some college or Associate's degree,"$30,000 to $55,999",Republican,2.903477344566339e-06
Other,18-29,Hispanic / Latino,Some college or Associate's degree,"$56,000 to $99,999",Democrat,0.00010097428982812169
Other,18-29,Hispanic / Latino,Some college or Associate's degree,"$56,000 to $99,999",Independent,5.352295499255043e-05
Other,18-29,Hispanic / Latino,Some college or Associate's degree,"$56,000 to $99,999",Other,5.695776775096945e-07
Other,18-29,Hispanic / Latino,Some college or Associate's degree,"$56,000 to $99,999",Republican,6.56985797944623e-06
Other,18-29,Hispanic / Latino,Some college or Associate's degree,"Less than $30,000",Democrat,5.7288435508612874e-05
Other,18-29,Hispanic / Latino,Some college or Associate's degree,"Less than $30,000",Independent,7.147019914373697e-05
Other,18-29,Hispanic / Latino,Some college or Associate's degree,"Less than $30,000",Other,1.8036678868433156e-05
Other,18-29,Hispanic / Latino,Some college or Associate's degree,"Less than $30,000",Republican,5.176176611465613e-06
Other,18-29,Other,Bachelor's degree,"$100,000 to $167,999",Democrat,4.595388007310005e-06
Other,18-29,Other,Bachelor's degree,"$100,000 to $167,999",Independent,4.414355845801108e-06
Other,18-29,Other,Bachelor's degree,"$100,000 to $167,999",Other,3.5095989040029024e-06
Other,18-29,Other,Bachelor's degree,"$100,000 to $167,999",Republican,2.068325543261585e-07
Other,18-29,Other,Bachelor's degree,"$168,000 or more",Democrat,2.460572427927762e-06
Other,18-29,Other,Bachelor's degree,"$168,000 or more",Independent,2.4654446258244787e-06
Other,18-29,Other,Bachelor's degree,"$168,000 or more",Other,2.0562907431989906e-06
Other,18-29,Other,Bachelor's degree,"$168,000 or more",Republican,9.82761047095409e-08
Other,18-29,Other,Bachelor's degree,"$30,000 to $55,999",Democrat,5.0975839805186984e-06
Other,18-29,Other,Bachelor's degree,"$30,000 to $55,999",Independent,4.783363414262971e-06
Other,18-29,Other,Bachelor's degree,"$30,000 to $55,999",Other,3.816106715567192e-06
Other,18-29,Other,Bachelor's degree,"$30,000 to $55,999",Republican,2.497518840020017e-07
Other,18-29,Other,Bachelor's degree,"$56,000 to $99,999",Democrat,3.592238476350015e-06
Other,18-29,Other,Bachelor's degree,"$56,000 to $99,999",Independent,6.3505931572356965e-06
Other,18-29,Other,Bachelor's degree,"$56,000 to $99,999",Other,4.9859977031480216e-06
Other,18-29,Other,Bachelor's degree,"$56,000 to $99,999",Republican,5.247681507943515e-07
Other,18-29,Other,Bachelor's degree,"Less than $30,000",Democrat,4.2033420529953015e-06
Other,18-29,Other,Bachelor's degree,"Less than $30,000",Independent,5.069800892419191e-06
Other,18-29,Other,Bachelor's degree,"Less than $30,000",Other,3.1902619704411963e-06
Other,18-29,Other,Bachelor's degree,"Less than $30,000",Republican,1.9539790542140272e-07
Other,18-29,Other,Doctorate degree / Ph.D.,"$100,000 to $167,999",Democrat,1.1321660626855615e-07
Other,18-29,Other,Doctorate degree / Ph.D.,"$100,000 to $167,999",Independent,1.1241890785108361e-07
Other,18-29,Other,Doctorate degree / Ph.D.,"$100,000 to $167,999",Other,8.237614666517501e-08
Other,18-29,Other,Doctorate degree / Ph.D.,"$100,000 to $167,999",Republican,6.8134258610705325e-09
Other,18-29,Other,Doctorate degree / Ph.D.,"$168,000 or more",Democrat,4.1479162570710824e-08
Other,18-29,Other,Doctorate degree / Ph.D.,"$168,000 or more",Independent,4.08625183131664e-08
Other,18-29,Other,Doctorate degree / Ph.D.,"$168,000 or more",Other,3.019058389263577e-08
Other,18-29,Other,Doctorate degree / Ph.D.,"$168,000 or more",Republican,2.2983207301473653e-09
Other,18-29,Other,Doctorate degree / Ph.D.,"$30,000 to $55,999",Democrat,8.347384067339208e-08
Other,18-29,Other,Doctorate degree / Ph.D.,"$30,000 to $55,999",Independent,8.570555947824466e-08
Other,18-29,Other,Doctorate degree / Ph.D.,"$30,000 to $55,999",Other,6.622779747742723e-08
Other,18-29,Other,Doctorate degree / Ph.D.,"$30,000 to $55,999",Republican,5.263179097488398e-09
Other,18-29,Other,Doctorate degree / Ph.D.,"$56,000 to $99,999",Democrat,1.2440675640617723e-07
Other,18-29,Other,Doctorate degree / Ph.D.,"$56,000 to $99,999",Independent,1.2390038682926695e-07
Other,18-29,Other,Doctorate degree / Ph.D.,"$56,000 to $99,999",Other,8.46905635643891e-08
Other,18-29,Other,Doctorate degree / Ph.D.,"$56,000 to $99,999",Republican,7.798663314208529e-09
Other,18-29,Other,Doctorate degree / Ph.D.,"Less than $30,000",Democrat,5.2165330940493415e-08
Other,18-29,Other,Doctorate degree / Ph.D.,"Less than $30,000",Independent,6.629688780669168e-08
Other,18-29,Other,Doctorate degree / Ph.D.,"Less than $30,000",Other,3.9076912930240056e-08
Other,18-29,Other,Doctorate degree / Ph.D.,"Less than $30,000",Republican,3.199547835832006e-09
Other,18-29,Other,High school diploma / GED,"$100,000 to $167,999",Democrat,1.6799325707253397e-06
Other,18-29,Other,High school diploma / GED,"$100,000 to $167,999",Independent,3.914124254101617e-06
Other,18-29,Other,High school diploma / GED,"$100,000 to $167,999",Other,3.753970602364524e-08
Other,18-29,Other,High school diploma / GED,"$100,000 to $167,999",Republican,2.0577947071900343e-07
Other,18-29,Other,High school diploma / GED,"$168,000 or more",Democrat,6.912250322870238e-07
Other,18-29,Other,High school diploma / GED,"$168,000 or more",Independent,1.592642828189393e-06
Other,18-29,Other,High school diploma / GED,"$168,000 or more",Other,1.508536055834279e-08
Other,18-29,Other,High school diploma / GED,"$168,000 or more",Republican,7.673624756894596e-08
Other,18-29,Other,High school diploma / GED,"$30,000 to $55,999",Democrat,4.760362368067791e-06
Other,18-29,Other,High school diploma / GED,"$30,000 to $55,999",Independent,7.758773635339368e-06
Other,18-29,Other,High school diploma / GED,"$30,000 to $55,999",Republican,4.979834076294341e-07
Other,18-29,Other,High school diploma / GED,"$56,000 to $99,999",Democrat,3.2100587821203636e-06
Other,18-29,Other,High school diploma / GED,"$56,000 to $99,999",Independent,7.116314556039724e-06
Other,18-29,Other,High school diploma / GED,"$56,000 to $99,999",Republican,6.929531261695869e-07
Other,18-29,Other,High school diploma / GED,"Less than $30,000",Democrat,1.326137544773151e-06
Other,18-29,Other,High school diploma / GED,"Less than $30,000",Independent,1.6469456891625988e-05
Other,18-29,Other,High school diploma / GED,"Less than $30,000",Republican,4.1546712970275515e-08
Other,18-29,Other,Less than high school,"$100,000 to $167,999",Democrat,1.9215649233752728e-07
Other,18-29,Other,Less than high school,"$100,000 to $167,999",Independent,1.4073958651663806e-06
Other,18-29,Other,Less than high school,"$100,000 to $167,999",Other,8.774221981969593e-07
Other,18-29,Other,Less than high school,"$100,000 to $167,999",Republican,2.8023724525191732e-08
Other,18-29,Other,Less than high school,"$168,000 or more",Democrat,7.476739055806587e-08
Other,18-29,Other,Less than high school,"$168,000 or more",Independent,5.391336097553057e-07
Other,18-29,Other,Less than high school,"$168,000 or more",Other,3.447093825608201e-07
Other,18-29,Other,Less than high school,"$168,000 or more",Republican,9.589799380541376e-09
Other,18-29,Other,Less than high school,"$30,000 to $55,999",Democrat,5.07018079345403e-07
Other,18-29,Other,Less than high school,"$30,000 to $55,999",Independent,4.054412175719855e-06
Other,18-29,Other,Less than high school,"$30,000 to $55,999",Other,2.3526891984854925e-06
Other,18-29,Other,Less than high school,"$30,000 to $55,999",Republican,1.0275394513859816e-07
Other,18-29,Other,Less than high school,"$56,000 to $99,999",Democrat,4.4137460732622836e-07
Other,18-29,Other,Less than high school,"$56,000 to $99,999",Independent,3.476264417735075e-06
Other,18-29,Other,Less than high school,"$56,000 to $99,999",Other,1.7200055895052752e-06
Other,18-29,Other,Less than high school,"$56,000 to $99,999",Republican,9.529432714161064e-08
Other,18-29,Other,Less than high school,"Less than $30,000",Democrat,6.50702566776732e-07
Other,18-29,Other,Less than high school,"Less than $30,000",Independent,6.588544959919645e-06
Other,18-29,Other,Less than high school,"Less than $30,000",Other,2.7605909130388634e-06
Other,18-29,Other,Less than high school,"Less than $30,000",Republican,1.4196450771974322e-07
Other,18-29,Other,Master's degree / Professional degree,"$100,000 to $167,999",Democrat,1.0571671103353206e-06
Other,18-29,Other,Master's degree / Professional degree,"$100,000 to $167,999",Independent,1.124508213440367e-06
Other,18-29,Other,Master's degree / Professional degree,"$100,000 to $167,999",Other,8.388356101851104e-07
Other,18-29,Other,Master's degree / Professional degree,"$100,000 to $167,999",Republican,8.643541059298943e-08
Other,18-29,Other,Master's degree / Professional degree,"$168,000 or more",Democrat,4.6758864905300435e-07
Other,18-29,Other,Master's degree / Professional degree,"$168,000 or more",Independent,4.934564927706758e-07
Other,18-29,Other,Master's degree / Professional degree,"$168,000 or more",Other,3.7114820773140405e-07
Other,18-29,Other,Master's degree / Professional degree,"$168,000 or more",Republican,3.5199562728703904e-08
Other,18-29,Other,Master's degree / Professional degree,"$30,000 to $55,999",Democrat,7.956906848970959e-07
Other,18-29,Other,Master's degree / Professional degree,"$30,000 to $55,999",Independent,8.751704218475689e-07
Other,18-29,Other,Master's degree / Professional degree,"$30,000 to $55,999",Other,6.884558029383819e-07
Other,18-29,Other,Master's degree / Professional degree,"$30,000 to $55,999",Republican,6.816080020457442e-08
Other,18-29,Other,Master's degree / Professional degree,"$56,000 to $99,999",Democrat,1.3540071351194363e-06
Other,18-29,Other,Master's degree / Professional degree,"$56,000 to $99,999",Independent,1.444572714223372e-06
Other,18-29,Other,Master's degree / Professional degree,"$56,000 to $99,999",Other,1.0052032493120221e-06
Other,18-29,Other,Master's degree / Professional degree,"$56,000 to $99,999",Republican,1.1531606416396578e-07
Other,18-29,Other,Master's degree / Professional degree,"Less than $30,000",Democrat,7.464629099480049e-07
Other,18-29,Other,Master's degree / Professional degree,"Less than $30,000",Independent,1.016270145180894e-06
Other,18-29,Other,Master's degree / Professional degree,"Less than $30,000",Other,6.098013603724607e-07
Other,18-29,Other,Master's degree / Professional degree,"Less than $30,000",Republican,6.220245535366802e-08
Other,18-29,Other,Some college or Associate's degree,"$100,000 to $167,999",Democrat,4.245991352355477e-06
Other,18-29,Other,Some college or Associate's degree,"$100,000 to $167,999",Independent,8.129882433096393e-06
Other,18-29,Other,Some college or Associate's degree,"$100,000 to $167,999",Other,1.9000492106075842e-06
Other,18-29,Other,Some college or Associate's degree,"$100,000 to $167,999",Republican,3.5358211009885737e-07
Other,18-29,Other,Some college or Associate's degree,"$168,000 or more",Democrat,1.8282255691911622e-06
Other,18-29,Other,Some college or Associate's degree,"$168,000 or more",Independent,3.4513620103266923e-06
Other,18-29,Other,Some college or Associate's degree,"$168,000 or more",Other,7.79250573221681e-07
Other,18-29,Other,Some college or Associate's degree,"$168,000 or more",Republican,1.428019300364409e-07
Other,18-29,Other,Some college or Associate's degree,"$30,000 to $55,999",Democrat,8.804016404221733e-06
Other,18-29,Other,Some college or Associate's degree,"$30,000 to $55,999",Independent,1.7011408611856767e-05
Other,18-29,Other,Some college or Associate's degree,"$30,000 to $55,999",Other,6.206427736609836e-07
Other,18-29,Other,Some college or Associate's degree,"$30,000 to $55,999",Republican,6.658853118976994e-07
Other,18-29,Other,Some college or Associate's degree,"$56,000 to $99,999",Democrat,8.019363426483827e-06
Other,18-29,Other,Some college or Associate's degree,"$56,000 to $99,999",Independent,1.5212433268364524e-05
Other,18-29,Other,Some college or Associate's degree,"$56,000 to $99,999",Other,3.0417354694815804e-06
Other,18-29,Other,Some college or Associate's degree,"$56,000 to $99,999",Republican,7.212682121792934e-07
Other,18-29,Other,Some college or Associate's degree,"Less than $30,000",Democrat,8.812552107730212e-06
Other,18-29,Other,Some college or Associate's degree,"Less than $30,000",Independent,2.3061659119188274e-05
Other,18-29,Other,Some college or Associate's degree,"Less than $30,000",Other,3.3927423680091133e-06
Other,18-29,Other,Some college or Associate's degree,"Less than $30,000",Republican,6.516087883669488e-07
Other,18-29,White / Caucasian,Bachelor's degree,"$100,000 to $167,999",Democrat,0.0001206273424101721
Other,18-29,White / Caucasian,Bachelor's degree,"$100,000 to $167,999",Independent,7.657490782574119e-05
Other,18-29,White / Caucasian,Bachelor's degree,"$100,000 to $167,999",Other,1.54607566054599e-05
Other,18-29,White / Caucasian,Bachelor's degree,"$100,000 to $167,999",Republican,9.290902562275622e-06
Other,18-29,White / Caucasian,Bachelor's degree,"$168,000 or more",Democrat,7.335897994285655e-05
Other,18-29,White / Caucasian,Bachelor's degree,"$168,000 or more",Independent,3.1928712693763126e-05
Other,18-29,White / Caucasian,Bachelor's degree,"$168,000 or more",Other,3.6372818514219908e-06
Other,18-29,White / Caucasian,Bachelor's degree,"$168,000 or more",Republican,4.37008478627806e-06
Other,18-29,White / Caucasian,Bachelor's degree,"$30,000 to $55,999",Democrat,0.0001056864738118925
Other,18-29,White / Caucasian,Bachelor's degree,"$30,000 to $55,999",Independent,7.416220999805338e-05
Other,18-29,White / Caucasian,Bachelor's degree,"$30,000 to $55,999",Other,2.717608187630038e-05
Other,18-29,White / Caucasian,Bachelor's degree,"$30,000 to $55,999",Republican,6.458818939561069e-06
Other,18-29,White / Caucasian,Bachelor's degree,"$56,000 to $99,999",Democrat,0.000150961958827247
Other,18-29,White / Caucasian,Bachelor's degree,"$56,000 to $99,999",Independent,7.594790665903607e-05
Other,18-29,White / Caucasian,Bachelor's degree,"$56,000 to $99,999",Other,2.1758621386809965e-05
Other,18-29,White / Caucasian,Bachelor's degree,"$56,000 to $99,999",Republican,1.8699336294721832e-05
Other,18-29,White / Caucasian,Bachelor's degree,"Less than $30,000",Democrat,6.570619663104211e-05
Other,18-29,White / Caucasian,Bachelor's degree,"Less than $30,000",Independent,8.292667401717665e-05
Other,18-29,White / Caucasian,Bachelor's degree,"Less than $30,000",Other,4.428806556908522e-05
Other,18-29,White / Caucasian,Bachelor's degree,"Less than $30,000",Republican,3.842286938056795e-06
Other,18-29,White / Caucasian,Doctorate degree / Ph.D.,"$100,000 to $167,999",Democrat,1.2996069410722194e-06
Other,18-29,White / Caucasian,Doctorate degree / Ph.D.,"$100,000 to $167,999",Independent,2.8668910916212622e-06
Other,18-29,White / Caucasian,Doctorate degree / Ph.D.,"$100,000 to $167,999",Other,5.167349718939507e-07
Other,18-29,White / Caucasian,Doctorate degree / Ph.D.,"$100,000 to $167,999",Republican,7.014469551060365e-08
Other,18-29,White / Caucasian,Doctorate degree / Ph.D.,"$168,000 or more",Democrat,7.199045983893406e-07
Other,18-29,White / Caucasian,Doctorate degree / Ph.D.,"$168,000 or more",Independent,1.5562185012824079e-06
Other,18-29,White / Caucasian,Doctorate degree / Ph.D.,"$168,000 or more",Other,2.8450236695967376e-07
Other,18-29,White / Caucasian,Doctorate degree / Ph.D.,"$168,000 or more",Republican,3.5262087826427587e-08
Other,18-29,White / Caucasian,Doctorate degree / Ph.D.,"$30,000 to $55,999",Democrat,6.700507798762654e-07
Other,18-29,White / Caucasian,Doctorate degree / Ph.D.,"$30,000 to $55,999",Independent,1.4547442171582292e-06
Other,18-29,White / Caucasian,Doctorate degree / Ph.D.,"$30,000 to $55,999",Other,2.832015522367789e-07
Other,18-29,White / Caucasian,Doctorate degree / Ph.D.,"$30,000 to $55,999",Republican,3.575906317779515e-08
Other,18-29,White / Caucasian,Doctorate degree / Ph.D.,"$56,000 to $99,999",Democrat,1.426000106232182e-06
Other,18-29,White / Caucasian,Doctorate degree / Ph.D.,"$56,000 to $99,999",Independent,3.1459263245365615e-06
Other,18-29,White / Caucasian,Doctorate degree / Ph.D.,"$56,000 to $99,999",Other,5.296789223363667e-07
Other,18-29,White / Caucasian,Doctorate degree / Ph.D.,"$56,000 to $99,999",Republican,7.989886032717615e-08
Other,18-29,White / Caucasian,Doctorate degree / Ph.D.,"Less than $30,000",Democrat,7.58520190107857e-07
Other,18-29,White / Caucasian,Doctorate degree / Ph.D.,"Less than $30,000",Independent,1.940910962661778e-06
Other,18-29,White / Caucasian,Doctorate degree / Ph.D.,"Less than $30,000",Other,2.95310943697979e-07
Other,18-29,White / Caucasian,Doctorate degree / Ph.D.,"Less than $30,000",Republican,3.715971253444525e-08
Other,18-29,White / Caucasian,High school diploma / GED,"$100,000 to $167,999",Democrat,4.2637403525733795e-05
Other,18-29,White / Caucasian,High school diploma / GED,"$100,000 to $167,999",Independent,2.850171686852332e-05
Other,18-29,White / Caucasian,High school diploma / GED,"$100,000 to $167,999",Other,2.3754519608926046e-05
Other,18-29,White / Caucasian,High school diploma / GED,"$100,000 to $167,999",Republican,5.22288328968401e-06
Other,18-29,White / Caucasian,High school diploma / GED,"$168,000 or more",Democrat,9.488759712846861e-06
Other,18-29,White / Caucasian,High school diploma / GED,"$168,000 or more",Independent,1.8034805333032636e-05
Other,18-29,White / Caucasian,High school diploma / GED,"$168,000 or more",Other,5.2631257115108755e-06
Other,18-29,White / Caucasian,High school diploma / GED,"$168,000 or more",Republican,1.738991899542718e-06
Other,18-29,White / Caucasian,High school diploma / GED,"$30,000 to $55,999",Democrat,2.5539856659368067e-05
Other,18-29,White / Caucasian,High school diploma / GED,"$30,000 to $55,999",Independent,9.89037728764428e-05
Other,18-29,White / Caucasian,High school diploma / GED,"$30,000 to $55,999",Other,9.199944007081262e-06
Other,18-29,White / Caucasian,High school diploma / GED,"$30,000 to $55,999",Republican,9.213756943237604e-06
Other,18-29,White / Caucasian,High school diploma / GED,"$56,000 to $99,999",Democrat,5.526107311207202e-05
Other,18-29,White / Caucasian,High school diploma / GED,"$56,000 to $99,999",Independent,7.637425815454221e-05
Other,18-29,White / Caucasian,High school diploma / GED,"$56,000 to $99,999",Other,1.5536433141917774e-05
Other,18-29,White / Caucasian,High school diploma / GED,"$56,000 to $99,999",Republican,1.0083650055905158e-05
Other,18-29,White / Caucasian,High school diploma / GED,"Less than $30,000",Democrat,2.7526408823165768e-05
Other,18-29,White / Caucasian,High school diploma / GED,"Less than $30,000",Independent,9.8077849135918e-05
Other,18-29,White / Caucasian,High school diploma / GED,"Less than $30,000",Other,2.846967873176563e-05
Other,18-29,White / Caucasian,High school diploma / GED,"Less than $30,000",Republican,7.218555452409343e-06
Other,18-29,White / Caucasian,Less than high school,"$100,000 to $167,999",Democrat,6.535442605010352e-06
Other,18-29,White / Caucasian,Less than high school,"$100,000 to $167,999",Independent,1.073647636477696e-05
Other,18-29,White / Caucasian,Less than high school,"$100,000 to $167,999",Other,2.060863219771834e-06
Other,18-29,White / Caucasian,Less than high school,"$100,000 to $167,999",Republican,2.0248086905101638e-06
Other,18-29,White / Caucasian,Less than high school,"$168,000 or more",Democrat,3.0474006186370824e-06
Other,18-29,White / Caucasian,Less than high school,"$168,000 or more",Independent,5.071305172789051e-06
Other,18-29,White / Caucasian,Less than high school,"$168,000 or more",Other,9.945793713554027e-07
Other,18-29,White / Caucasian,Less than high school,"$168,000 or more",Republican,8.562888889627293e-07
Other,18-29,White / Caucasian,Less than high school,"$30,000 to $55,999",Democrat,1.1232281371050095e-05
Other,18-29,White / Caucasian,Less than high school,"$30,000 to $55,999",Independent,1.9634413817192365e-05
Other,18-29,White / Caucasian,Less than high school,"$30,000 to $55,999",Other,4.046996259894309e-06
Other,18-29,White / Caucasian,Less than high school,"$30,000 to $55,999",Republican,3.5707148074957536e-06
Other,18-29,White / Caucasian,Less than high school,"$56,000 to $99,999",Democrat,1.1117878597082973e-05
Other,18-29,White / Caucasian,Less than high school,"$56,000 to $99,999",Independent,1.815492543152513e-05
Other,18-29,White / Caucasian,Less than high school,"$56,000 to $99,999",Other,3.2317019762145525e-06
Other,18-29,White / Caucasian,Less than high school,"$56,000 to $99,999",Republican,3.6108851100902717e-06
Other,18-29,White / Caucasian,Less than high school,"Less than $30,000",Democrat,4.15561956091458e-06
Other,18-29,White / Caucasian,Less than high school,"Less than $30,000",Independent,3.858485922855527e-05
Other,18-29,White / Caucasian,Less than high school,"Less than $30,000",Other,5.595971910287769e-06
Other,18-29,White / Caucasian,Less than high school,"Less than $30,000",Republican,4.193481469997233e-06
Other,18-29,White / Caucasian,Master's degree / Professional degree,"$100,000 to $167,999",Democrat,3.3589295507032574e-05
Other,18-29,White / Caucasian,Master's degree / Professional degree,"$100,000 to $167,999",Independent,9.976058683848277e-06
Other,18-29,White / Caucasian,Master's degree / Professional degree,"$100,000 to $167,999",Other,1.130964967740309e-06
Other,18-29,White / Caucasian,Master's degree / Professional degree,"$100,000 to $167,999",Republican,2.315343206120112e-06
Other,18-29,White / Caucasian,Master's degree / Professional degree,"$168,000 or more",Democrat,1.661769197429815e-05
Other,18-29,White / Caucasian,Master's degree / Professional degree,"$168,000 or more",Independent,6.021061820167327e-06
Other,18-29,White / Caucasian,Master's degree / Professional degree,"$168,000 or more",Other,1.1830938917043063e-06
Other,18-29,White / Caucasian,Master's degree / Professional degree,"$168,000 or more",Republican,9.540014646957888e-07
Other,18-29,White / Caucasian,Master's degree / Professional degree,"$30,000 to $55,999",Democrat,2.5214430031973372e-05
Other,18-29,White / Caucasian,Master's degree / Professional degree,"$30,000 to $55,999",Independent,9.733053797305308e-06
Other,18-29,White / Caucasian,Master's degree / Professional degree,"$30,000 to $55,999",Other,1.9792199654594183e-06
Other,18-29,White / Caucasian,Master's degree / Professional degree,"$30,000 to $55,999",Republican,1.6785796933324977e-06
Other,18-29,White / Caucasian,Master's degree / Professional degree,"$56,000 to $99,999",Democrat,3.219296063066063e-05
Other,18-29,White / Caucasian,Master's degree / Professional degree,"$56,000 to $99,999",Independent,2.0305144344814845e-05
Other,18-29,White / Caucasian,Master's degree / Professional degree,"$56,000 to $99,999",Other,3.826304220843668e-06
Other,18-29,White / Caucasian,Master's degree / Professional degree,"$56,000 to $99,999",Republican,2.404263520193174e-06
Other,18-29,White / Caucasian,Master's degree / Professional degree,"Less than $30,000",Democrat,1.6170116118832688e-05
Other,18-29,White / Caucasian,Master's degree / Professional degree,"Less than $30,000",Independent,7.601841765570127e-06
Other,18-29,White / Caucasian,Master's degree / Professional degree,"Less than $30,000",Other,1.1778521541807194e-06
Other,18-29,White / Caucasian,Master's degree / Professional degree,"Less than $30,000",Republican,1.0356637206969883e-06
Other,18-29,White / Caucasian,Some college or Associate's degree,"$100,000 to $167,999",Democrat,8.844282002433471e-05
Other,18-29,White / Caucasian,Some college or Associate's degree,"$100,000 to $167,999",Independent,9.008084715331369e-05
Other,18-29,White / Caucasian,Some college or Associate's degree,"$100,000 to $167,999",Other,5.511757538945379e-06
Other,18-29,White / Caucasian,Some college or Associate's degree,"$100,000 to $167,999",Republican,9.54918697321439e-06
Other,18-29,White / Caucasian,Some college or Associate's degree,"$168,000 or more",Democrat,4.389507042344407e-05
Other,18-29,White / Caucasian,Some college or Associate's degree,"$168,000 or more",Independent,2.5591352370592434e-05
Other,18-29,White / Caucasian,Some college or Associate's degree,"$168,000 or more",Other,2.1307137668172817e-06
Other,18-29,White / Caucasian,Some college or Associate's degree,"$168,000 or more",Republican,4.706798828135301e-06
Other,18-29,White / Caucasian,Some college or Associate's degree,"$30,000 to $55,999",Democrat,8.260048338616997e-05
Other,18-29,White / Caucasian,Some college or Associate's degree,"$30,000 to $55,999",Independent,0.00015657120994458783
Other,18-29,White / Caucasian,Some college or Associate's degree,"$30,000 to $55,999",Other,4.786409261110433e-05
Other,18-29,White / Caucasian,Some college or Associate's degree,"$30,000 to $55,999",Republican,1.872202721965022e-05
Other,18-29,White / Caucasian,Some college or Associate's degree,"$56,000 to $99,999",Democrat,0.00015755342858586718
Other,18-29,White / Caucasian,Some college or Associate's degree,"$56,000 to $99,999",Independent,0.00013535634993758848
Other,18-29,White / Caucasian,Some college or Associate's degree,"$56,000 to $99,999",Other,3.680920633253639e-05
Other,18-29,White / Caucasian,Some college or Associate's degree,"$56,000 to $99,999",Republican,1.782720507369617e-05
Other,18-29,White / Caucasian,Some college or Associate's degree,"Less than $30,000",Democrat,0.00014414995930331416
Other,18-29,White / Caucasian,Some college or Associate's degree,"Less than $30,000",Independent,0.0001955948209172201
Other,18-29,White / Caucasian,Some college or Associate's degree,"Less than $30,000",Other,1.1649593735004058e-05
Other,18-29,White / Caucasian,Some college or Associate's degree,"Less than $30,000",Republican,1.593013616646866e-05
Other,30-44,Asian / Asian American,Bachelor's degree,"$100,000 to $167,999",Democrat,1.3312864088927982e-05
Other,30-44,Asian / Asian American,Bachelor's degree,"$100,000 to $167,999",Independent,3.663318944870957e-06
Other,30-44,Asian / Asian American,Bachelor's degree,"$100,000 to $167,999",Other,1.446264952327254e-06
Other,30-44,Asian / Asian American,Bachelor's degree,"$100,000 to $167,999",Republican,4.5546924661789445e-07
Other,30-44,Asian / Asian American,Bachelor's degree,"$168,000 or more",Democrat,8.158674113153147e-06
Other,30-44,Asian / Asian American,Bachelor's degree,"$168,000 or more",Independent,5.2303114571759254e-06
Other,30-44,Asian / Asian American,Bachelor's degree,"$168,000 or more",Other,8.960872354563921e-07
Other,30-44,Asian / Asian American,Bachelor's degree,"$168,000 or more",Republican,1.9169732589240097e-07
Other,30-44,Asian / Asian American,Bachelor's degree,"$30,000 to $55,999",Democrat,4.469653319484963e-06
Other,30-44,Asian / Asian American,Bachelor's degree,"$30,000 to $55,999",Independent,2.5346912152856166e-06
Other,30-44,Asian / Asian American,Bachelor's degree,"$30,000 to $55,999",Other,5.139014745265464e-07
Other,30-44,Asian / Asian American,Bachelor's degree,"$30,000 to $55,999",Republican,1.5861693823475855e-07
Other,30-44,Asian / Asian American,Bachelor's degree,"$56,000 to $99,999",Democrat,9.601632963238621e-06
Other,30-44,Asian / Asian American,Bachelor's degree,"$56,000 to $99,999",Independent,5.156882558763663e-06
Other,30-44,Asian / Asian American,Bachelor's degree,"$56,000 to $99,999",Other,1.072166048569852e-06
Other,30-44,Asian / Asian American,Bachelor's degree,"$56,000 to $99,999",Republican,3.749716626644208e-07
Other,30-44,Asian / Asian American,Bachelor's degree,"Less than $30,000",Democrat,4.294898015778241e-06
Other,30-44,Asian / Asian American,Bachelor's degree,"Less than $30,000",Independent,2.931786328879107e-06
Other,30-44,Asian / Asian American,Bachelor's degree,"Less than $30,000",Other,5.200769813620985e-07
Other,30-44,Asian / Asian American,Bachelor's degree,"Less than $30,000",Republican,1.5712777288500405e-07
Other,30-44,Asian / Asian American,Doctorate degree / Ph.D.,"$100,000 to $167,999",Democrat,1.3073974356823412e-06
Other,30-44,Asian / Asian American,Doctorate degree / Ph.D.,"$100,000 to $167,999",Independent,9.49330990753953e-07
Other,30-44,Asian / Asian American,Doctorate degree / Ph.D.,"$100,000 to $167,999",Republican,5.551193738656281e-08
Other,30-44,Asian / Asian American,Doctorate degree / Ph.D.,"$168,000 or more",Democrat,1.468175605903293e-06
Other,30-44,Asian / Asian American,Doctorate degree / Ph.D.,"$168,000 or more",Independent,1.0576791734330278e-06
Other,30-44,Asian / Asian American,Doctorate degree / Ph.D.,"$168,000 or more",Republican,5.739605091180524e-08
Other,30-44,Asian / Asian American,Doctorate degree / Ph.D.,"$30,000 to $55,999",Democrat,7.447131884147764e-07
Other,30-44,Asian / Asian American,Doctorate degree / Ph.D.,"$30,000 to $55,999",Independent,5.591501473853163e-07
Other,30-44,Asian / Asian American,Doctorate degree / Ph.D.,"$30,000 to $55,999",Republican,3.31291391702448e-08
Other,30-44,Asian / Asian American,Doctorate degree / Ph.D.,"$56,000 to $99,999",Democrat,1.0027483742825862e-06
Other,30-44,Asian / Asian American,Doctorate degree / Ph.D.,"$56,000 to $99,999",Independent,7.303002717151793e-07
Other,30-44,Asian / Asian American,Doctorate degree / Ph.D.,"$56,000 to $99,999",Republican,4.4349785581721315e-08
Other,30-44,Asian / Asian American,Doctorate degree / Ph.D.,"Less than $30,000",Democrat,5.310863844699276e-07
Other,30-44,Asian / Asian American,Doctorate degree / Ph.D.,"Less than $30,000",Independent,4.935795329921491e-07
Other,30-44,Asian / Asian American,Doctorate degree / Ph.D.,"Less than $30,000",Republican,2.2982388507361107e-08
Other,30-44,Asian / Asian American,High school diploma / GED,"$100,000 to $167,999",Democrat,5.804101572411023e-07
Other,30-44,Asian / Asian American,High school diploma / GED,"$100,000 to $167,999",Independent,5.060379190972411e-07
Other,30-44,Asian / Asian American,High school diploma / GED,"$100,000 to $167,999",Republican,1.1428822114691874e-07
Other,30-44,Asian / Asian American,High school diploma / GED,"$168,000 or more",Democrat,2.2979883266399654e-07
Other,30-44,Asian / Asian American,High school diploma / GED,"$168,000 or more",Independent,1.983930921033902e-07
Other,30-44,Asian / Asian American,High school diploma / GED,"$168,000 or more",Republican,4.168576433093783e-08
Other,30-44,Asian / Asian American,High school diploma / GED,"$30,000 to $55,999",Democrat,1.0746583376084435e-06
Other,30-44,Asian / Asian American,High school diploma / GED,"$30,000 to $55,999",Independent,9.747299116806568e-07
Other,30-44,Asian / Asian American,High school diploma / GED,"$30,000 to $55,999",Republican,2.2130520110656391e-07
Other,30-44,Asian / Asian American,High school diploma / GED,"$56,000 to $99,999",Democrat,1.041276962040417e-06
Other,30-44,Asian / Asian American,High school diploma / GED,"$56,000 to $99,999",Independent,9.145910318029558e-07
Other,30-44,Asian / Asian American,High school diploma / GED,"$56,000 to $99,999",Republican,2.1329595328504707e-07
Other,30-44,Asian / Asian American,High school diploma / GED,"Less than $30,000",Democrat,8.182386657323457e-07
Other,30-44,Asian / Asian American,High school diploma / GED,"Less than $30,000",Independent,9.30114836875916e-07
Other,30-44,Asian / Asian American,High school diploma / GED,"Less than $30,000",Republican,1.6329781457030966e-07
Other,30-44,Asian / Asian American,Less than high school,"$100,000 to $167,999",Democrat,2.537086937674653e-07
Other,30-44,Asian / Asian American,Less than high school,"$100,000 to $167,999",Independent,3.137266914581541e-07
Other,30-44,Asian / Asian American,Less than high school,"$100,000 to $167,999",Republican,2.2463688980892967e-08
Other,30-44,Asian / Asian American,Less than high school,"$168,000 or more",Democrat,1.3354926872168495e-07
Other,30-44,Asian / Asian American,Less than high school,"$168,000 or more",Independent,1.6384136352554102e-07
Other,30-44,Asian / Asian American,Less than high school,"$168,000 or more",Republican,1.0887107091754427e-08
Other,30-44,Asian / Asian American,Less than high school,"$30,000 to $55,999",Democrat,7.998948789797606e-07
Other,30-44,Asian / Asian American,Less than high school,"$30,000 to $55,999",Independent,1.0227710002122682e-06
Other,30-44,Asian / Asian American,Less than high school,"$30,000 to $55,999",Republican,7.420291987395088e-08
Other,30-44,Asian / Asian American,Less than high school,"$56,000 to $99,999",Democrat,5.658681410814872e-07
Other,30-44,Asian / Asian American,Less than high school,"$56,000 to $99,999",Independent,7.018282241882609e-07
Other,30-44,Asian / Asian American,Less than high school,"$56,000 to $99,999",Republican,5.218933627835025e-08
Other,30-44,Asian / Asian American,Less than high school,"Less than $30,000",Democrat,8.189976640215014e-07
Other,30-44,Asian / Asian American,Less than high school,"Less than $30,000",Independent,1.2962260008469072e-06
Other,30-44,Asian / Asian American,Less than high school,"Less than $30,000",Republican,7.390598845575352e-08
Other,30-44,Asian / Asian American,Master's degree / Professional degree,"$100,000 to $167,999",Democrat,8.327073197560824e-06
Other,30-44,Asian / Asian American,Master's degree / Professional degree,"$100,000 to $167,999",Independent,4.436055148883481e-06
Other,30-44,Asian / Asian American,Master's degree / Professional degree,"$100,000 to $167,999",Other,9.898830733979868e-07
Other,30-44,Asian / Asian American,Master's degree / Professional degree,"$100,000 to $167,999",Republican,1.3854838077725615e-07
Other,30-44,Asian / Asian American,Master's degree / Professional degree,"$168,000 or more",Democrat,1.2804341449802653e-05
Other,30-44,Asian / Asian American,Master's degree / Professional degree,"$168,000 or more",Independent,3.593557748190846e-06
Other,30-44,Asian / Asian American,Master's degree / Professional degree,"$168,000 or more",Other,1.1756817565940502e-06
Other,30-44,Asian / Asian American,Master's degree / Professional degree,"$168,000 or more",Republican,1.0348161748061017e-07
Other,30-44,Asian / Asian American,Master's degree / Professional degree,"$30,000 to $55,999",Democrat,2.6505700862930567e-06
Other,30-44,Asian / Asian American,Master's degree / Professional degree,"$30,000 to $55,999",Independent,1.4612605673202122e-06
Other,30-44,Asian / Asian American,Master's degree / Professional degree,"$30,000 to $55,999",Other,3.450361842419182e-07
Other,30-44,Asian / Asian American,Master's degree / Professional degree,"$30,000 to $55,999",Republican,4.629611055759605e-08
Other,30-44,Asian / Asian American,Master's degree / Professional degree,"$56,000 to $99,999",Democrat,5.39525477268122e-06
Other,30-44,Asian / Asian American,Master's degree / Professional degree,"$56,000 to $99,999",Independent,4.329425975893543e-06
Other,30-44,Asian / Asian American,Master's degree / Professional degree,"$56,000 to $99,999",Other,7.556004811849707e-07
Other,30-44,Asian / Asian American,Master's degree / Professional degree,"$56,000 to $99,999",Republican,1.6208522290698088e-07
Other,30-44,Asian / Asian American,Master's degree / Professional degree,"Less than $30,000",Democrat,2.56993277446101e-06
Other,30-44,Asian / Asian American,Master's degree / Professional degree,"Less than $30,000",Independent,1.7797060811724578e-06
Other,30-44,Asian / Asian American,Master's degree / Professional degree,"Less than $30,000",Other,3.4004365439898263e-07
Other,30-44,Asian / Asian American,Master's degree / Professional degree,"Less than $30,000",Republican,4.522226877769722e-08
Other,30-44,Asian / Asian American,Some college or Associate's degree,"$100,000 to $167,999",Democrat,2.2230049798367153e-06
Other,30-44,Asian / Asian American,Some college or Associate's degree,"$100,000 to $167,999",Independent,2.0772299370202384e-06
Other,30-44,Asian / Asian American,Some college or Associate's degree,"$100,000 to $167,999",Other,4.381898236411261e-09
Other,30-44,Asian / Asian American,Some college or Associate's degree,"$100,000 to $167,999",Republican,2.2295566793426091e-07
Other,30-44,Asian / Asian American,Some college or Associate's degree,"$168,000 or more",Democrat,1.0252088608385013e-06
Other,30-44,Asian / Asian American,Some college or Associate's degree,"$168,000 or more",Independent,9.326697910508349e-07
Other,30-44,Asian / Asian American,Some college or Associate's degree,"$168,000 or more",Other,1.8504462674681212e-09
Other,30-44,Asian / Asian American,Some college or Associate's degree,"$168,000 or more",Republican,9.372206008317035e-08
Other,30-44,Asian / Asian American,Some college or Associate's degree,"$30,000 to $55,999",Democrat,2.3935815999296463e-06
Other,30-44,Asian / Asian American,Some college or Associate's degree,"$30,000 to $55,999",Independent,2.263092492606534e-06
Other,30-44,Asian / Asian American,Some college or Associate's degree,"$30,000 to $55,999",Other,4.644957368549677e-09
Other,30-44,Asian / Asian American,Some college or Associate's degree,"$30,000 to $55,999",Republican,2.4862471448351776e-07
Other,30-44,Asian / Asian American,Some college or Associate's degree,"$56,000 to $99,999",Democrat,3.3732630415386728e-06
Other,30-44,Asian / Asian American,Some college or Associate's degree,"$56,000 to $99,999",Independent,3.095734117572976e-06
Other,30-44,Asian / Asian American,Some college or Associate's degree,"$56,000 to $99,999",Other,5.635114717049831e-09
Other,30-44,Asian / Asian American,Some college or Associate's degree,"$56,000 to $99,999",Republican,3.484803280633595e-07
Other,30-44,Asian / Asian American,Some college or Associate's degree,"Less than $30,000",Democrat,1.7553609901085396e-06
Other,30-44,Asian / Asian American,Some college or Associate's degree,"Less than $30,000",Independent,2.034786633422289e-06
Other,30-44,Asian / Asian American,Some college or Associate's degree,"Less than $30,000",Other,3.0659692818115653e-09
Other,30-44,Asian / Asian American,Some college or Associate's degree,"Less than $30,000",Republican,1.7647032294945834e-07
Other,30-44,Black / African American,Bachelor's degree,"$100,000 to $167,999",Democrat,7.725081697586984e-06
Other,30-44,Black / African American,Bachelor's degree,"$100,000 to $167,999",Independent,3.6538601726241826e-06
Other,30-44,Black / African American,Bachelor's degree,"$100,000 to $167,999",Other,4.7081492146360954e-07
Other,30-44,Black / African American,Bachelor's degree,"$100,000 to $167,999",Republican,5.663029478888021e-08
Other,30-44,Black / African American,Bachelor's degree,"$168,000 or more",Democrat,2.0823090216601728e-06
Other,30-44,Black / African American,Bachelor's degree,"$168,000 or more",Independent,1.3331207963722848e-06
Other,30-44,Black / African American,Bachelor's degree,"$168,000 or more",Other,1.151182983904655e-07
Other,30-44,Black / African American,Bachelor's degree,"$168,000 or more",Republican,2.580366527534402e-08
Other,30-44,Black / African American,Bachelor's degree,"$30,000 to $55,999",Democrat,7.316871639707513e-06
Other,30-44,Black / African American,Bachelor's degree,"$30,000 to $55,999",Independent,5.215896223062537e-06
Other,30-44,Black / African American,Bachelor's degree,"$30,000 to $55,999",Other,2.0423766350155276e-06
Other,30-44,Black / African American,Bachelor's degree,"$30,000 to $55,999",Republican,7.80948028684694e-08
Other,30-44,Black / African American,Bachelor's degree,"$56,000 to $99,999",Democrat,9.473624820547055e-06
Other,30-44,Black / African American,Bachelor's degree,"$56,000 to $99,999",Independent,6.356226269208172e-06
Other,30-44,Black / African American,Bachelor's degree,"$56,000 to $99,999",Other,7.283903499815348e-07
Other,30-44,Black / African American,Bachelor's degree,"$56,000 to $99,999",Republican,2.812858649987146e-07
Other,30-44,Black / African American,Bachelor's degree,"Less than $30,000",Democrat,3.543478754153522e-06
Other,30-44,Black / African American,Bachelor's degree,"Less than $30,000",Independent,4.731205686541341e-06
Other,30-44,Black / African American,Bachelor's degree,"Less than $30,000",Other,2.0316706874111134e-07
Other,30-44,Black / African American,Bachelor's degree,"Less than $30,000",Republican,1.9381010893646312e-07
Other,30-44,Black / African American,Doctorate degree / Ph.D.,"$100,000 to $167,999",Democrat,4.2916659275017647e-07
Other,30-44,Black / African American,Doctorate degree / Ph.D.,"$100,000 to $167,999",Independent,1.0780801221698898e-07
Other,30-44,Black / African American,Doctorate degree / Ph.D.,"$100,000 to $167,999",Other,5.82947037693903e-08
Other,30-44,Black / African American,Doctorate degree / Ph.D.,"$100,000 to $167,999",Republican,7.516262408630038e-09
Other,30-44,Black / African American,Doctorate degree / Ph.D.,"$168,000 or more",Democrat,2.748695238425615e-07
Other,30-44,Black / African American,Doctorate degree / Ph.D.,"$168,000 or more",Independent,6.850426950760117e-08
Other,30-44,Black / African American,Doctorate degree / Ph.D.,"$168,000 or more",Other,3.734908562066854e-08
Other,30-44,Black / African American,Doctorate degree / Ph.D.,"$168,000 or more",Republican,4.432286939529348e-09
Other,30-44,Black / African American,Doctorate degree / Ph.D.,"$30,000 to $55,999",Democrat,2.823087226270889e-07
Other,30-44,Black / African American,Doctorate degree / Ph.D.,"$30,000 to $55,999",Independent,7.332951223616538e-08
Other,30-44,Black / African American,Doctorate degree / Ph.D.,"$30,000 to $55,999",Other,4.181441873790213e-08
Other,30-44,Black / African American,Doctorate degree / Ph.D.,"$30,000 to $55,999",Republican,5.180154024525795e-09
Other,30-44,Black / African American,Doctorate degree / Ph.D.,"$56,000 to $99,999",Democrat,4.118861927760837e-07
Other,30-44,Black / African American,Doctorate degree / Ph.D.,"$56,000 to $99,999",Independent,1.0377717160420799e-07
Other,30-44,Black / African American,Doctorate degree / Ph.D.,"$56,000 to $99,999",Other,5.2345594994848515e-08
Other,30-44,Black / African American,Doctorate degree / Ph.D.,"$56,000 to $99,999",Republican,7.514049670266751e-09
Other,30-44,Black / African American,Doctorate degree / Ph.D.,"Less than $30,000",Democrat,1.220744292100355e-07
Other,30-44,Black / African American,Doctorate degree / Ph.D.,"Less than $30,000",Independent,3.924928757019201e-08
Other,30-44,Black / African American,Doctorate degree / Ph.D.,"Less than $30,000",Other,1.7071623873107468e-08
Other,30-44,Black / African American,Doctorate degree / Ph.D.,"Less than $30,000",Republican,2.178973590506452e-09
Other,30-44,Black / African American,High school diploma / GED,"$100,000 to $167,999",Democrat,1.910243615677518e-06
Other,30-44,Black / African American,High school diploma / GED,"$100,000 to $167,999",Independent,1.2375500470802756e-06
Other,30-44,Black / African American,High school diploma / GED,"$100,000 to $167,999",Other,1.023804836257199e-07
Other,30-44,Black / African American,High school diploma / GED,"$100,000 to $167,999",Republican,9.77268677042993e-08
Other,30-44,Black / African American,High school diploma / GED,"$168,000 or more",Democrat,5.531486929421453e-07
Other,30-44,Black / African American,High school diploma / GED,"$168,000 or more",Independent,3.623828266040123e-07
Other,30-44,Black / African American,High school diploma / GED,"$168,000 or more",Other,2.8310110021342883e-08
Other,30-44,Black / African American,High school diploma / GED,"$168,000 or more",Republican,2.689026622774156e-08
Other,30-44,Black / African American,High school diploma / GED,"$30,000 to $55,999",Democrat,8.446115505760411e-06
Other,30-44,Black / African American,High school diploma / GED,"$30,000 to $55,999",Independent,4.79826255332551e-06
Other,30-44,Black / African American,High school diploma / GED,"$30,000 to $55,999",Other,8.536757981395923e-07
Other,30-44,Black / African American,High school diploma / GED,"$30,000 to $55,999",Republican,3.9166069922103727e-07
Other,30-44,Black / African American,High school diploma / GED,"$56,000 to $99,999",Democrat,6.1829289322233135e-06
Other,30-44,Black / African American,High school diploma / GED,"$56,000 to $99,999",Independent,3.2015648035785395e-06
Other,30-44,Black / African American,High school diploma / GED,"$56,000 to $99,999",Other,2.7494457656087814e-07
Other,30-44,Black / African American,High school diploma / GED,"$56,000 to $99,999",Republican,3.888218412839287e-07
Other,30-44,Black / African American,High school diploma / GED,"Less than $30,000",Democrat,1.3368635997181567e-05
Other,30-44,Black / African American,High school diploma / GED,"Less than $30,000",Independent,8.08346824770983e-06
Other,30-44,Black / African American,High school diploma / GED,"Less than $30,000",Other,1.073937242682703e-06
Other,30-44,Black / African American,High school diploma / GED,"Less than $30,000",Republican,4.3471926391682406e-07
Other,30-44,Black / African American,Less than high school,"$100,000 to $167,999",Democrat,2.7918070908823237e-07
Other,30-44,Black / African American,Less than high school,"$100,000 to $167,999",Independent,3.593207544525443e-07
Other,30-44,Black / African American,Less than high school,"$100,000 to $167,999",Other,2.6431675780330303e-07
Other,30-44,Black / African American,Less than high school,"$100,000 to $167,999",Republican,1.3042505500554807e-08
Other,30-44,Black / African American,Less than high school,"$168,000 or more",Democrat,7.671560452143109e-08
Other,30-44,Black / African American,Less than high school,"$168,000 or more",Independent,9.840042526104855e-08
Other,30-44,Black / African American,Less than high school,"$168,000 or more",Other,7.369238153378569e-08
Other,30-44,Black / African American,Less than high school,"$168,000 or more",Republican,3.255787822673183e-09
Other,30-44,Black / African American,Less than high school,"$30,000 to $55,999",Democrat,1.4826391179065083e-06
Other,30-44,Black / African American,Less than high school,"$30,000 to $55,999",Independent,1.900255218287761e-06
Other,30-44,Black / African American,Less than high school,"$30,000 to $55,999",Other,1.3514761169239595e-06
Other,30-44,Black / African American,Less than high school,"$30,000 to $55,999",Republican,8.051023811112792e-08
Other,30-44,Black / African American,Less than high school,"$56,000 to $99,999",Democrat,9.1362035725146e-07
Other,30-44,Black / African American,Less than high school,"$56,000 to $99,999",Independent,1.176106056580382e-06
Other,30-44,Black / African American,Less than high school,"$56,000 to $99,999",Other,8.021244055498188e-07
Other,30-44,Black / African American,Less than high school,"$56,000 to $99,999",Republican,4.48273106366607e-08
Other,30-44,Black / African American,Less than high school,"Less than $30,000",Democrat,3.4973356626631492e-06
Other,30-44,Black / African American,Less than high school,"Less than $30,000",Independent,6.281021362032589e-06
Other,30-44,Black / African American,Less than high school,"Less than $30,000",Other,2.750592161777739e-06
Other,30-44,Black / African American,Less than high school,"Less than $30,000",Republican,4.617497888235023e-08
Other,30-44,Black / African American,Master's degree / Professional degree,"$100,000 to $167,999",Democrat,4.420146155270574e-06
Other,30-44,Black / African American,Master's degree / Professional degree,"$100,000 to $167,999",Independent,2.8093362160333846e-06
Other,30-44,Black / African American,Master's degree / Professional degree,"$100,000 to $167,999",Other,1.0306732276477688e-06
Other,30-44,Black / African American,Master's degree / Professional degree,"$100,000 to $167,999",Republican,4.8634243945812896e-08
Other,30-44,Black / African American,Master's degree / Professional degree,"$168,000 or more",Democrat,1.9945568681029685e-06
Other,30-44,Black / African American,Master's degree / Professional degree,"$168,000 or more",Independent,1.513611084209065e-06
Other,30-44,Black / African American,Master's degree / Professional degree,"$168,000 or more",Other,3.642970423427177e-07
Other,30-44,Black / African American,Master's degree / Professional degree,"$168,000 or more",Republican,2.1475567734636338e-08
Other,30-44,Black / African American,Master's degree / Professional degree,"$30,000 to $55,999",Democrat,3.3951609937085706e-06
Other,30-44,Black / African American,Master's degree / Professional degree,"$30,000 to $55,999",Independent,2.334835643692681e-06
Other,30-44,Black / African American,Master's degree / Professional degree,"$30,000 to $55,999",Other,8.211173302290464e-07
Other,30-44,Black / African American,Master's degree / Professional degree,"$30,000 to $55,999",Republican,3.557497554207286e-08
Other,30-44,Black / African American,Master's degree / Professional degree,"$56,000 to $99,999",Democrat,4.179532995891789e-06
Other,30-44,Black / African American,Master's degree / Professional degree,"$56,000 to $99,999",Independent,4.261555871494793e-06
Other,30-44,Black / African American,Master's degree / Professional degree,"$56,000 to $99,999",Other,1.5772683616830751e-06
Other,30-44,Black / African American,Master's degree / Professional degree,"$56,000 to $99,999",Republican,8.622248392731646e-08
Other,30-44,Black / African American,Master's degree / Professional degree,"Less than $30,000",Democrat,1.7777914491189547e-06
Other,30-44,Black / African American,Master's degree / Professional degree,"Less than $30,000",Independent,1.5048745514458535e-06
Other,30-44,Black / African American,Master's degree / Professional degree,"Less than $30,000",Other,4.085719929191288e-07
Other,30-44,Black / African American,Master's degree / Professional degree,"Less than $30,000",Republican,1.834897019707506e-08
Other,30-44,Black / African American,Some college or Associate's degree,"$100,000 to $167,999",Democrat,6.840833407454388e-06
Other,30-44,Black / African American,Some college or Associate's degree,"$100,000 to $167,999",Independent,2.380590407847477e-06
Other,30-44,Black / African American,Some college or Associate's degree,"$100,000 to $167,999",Other,1.8906413485574716e-06
Other,30-44,Black / African American,Some college or Associate's degree,"$100,000 to $167,999",Republican,2.7334064129091604e-07
Other,30-44,Black / African American,Some college or Associate's degree,"$168,000 or more",Democrat,1.474453172707614e-06
Other,30-44,Black / African American,Some college or Associate's degree,"$168,000 or more",Independent,9.666073681954228e-07
Other,30-44,Black / African American,Some college or Associate's degree,"$168,000 or more",Other,2.759023529619995e-07
Other,30-44,Black / African American,Some college or Associate's degree,"$168,000 or more",Republican,2.7455503052731293e-08
Other,30-44,Black / African American,Some college or Associate's degree,"$30,000 to $55,999",Democrat,1.3986359367579553e-05
Other,30-44,Black / African American,Some college or Associate's degree,"$30,000 to $55,999",Independent,1.3306325866947112e-05
Other,30-44,Black / African American,Some college or Associate's degree,"$30,000 to $55,999",Other,5.236416079399383e-06
Other,30-44,Black / African American,Some college or Associate's degree,"$30,000 to $55,999",Republican,1.7880895715408387e-07
Other,30-44,Black / African American,Some college or Associate's degree,"$56,000 to $99,999",Democrat,1.916562715788716e-05
Other,30-44,Black / African American,Some college or Associate's degree,"$56,000 to $99,999",Independent,6.150924269871629e-06
Other,30-44,Black / African American,Some college or Associate's degree,"$56,000 to $99,999",Other,2.2713262902981277e-06
Other,30-44,Black / African American,Some college or Associate's degree,"$56,000 to $99,999",Republican,3.904862023844681e-07
Other,30-44,Black / African American,Some college or Associate's degree,"Less than $30,000",Democrat,1.3736639418628082e-05
Other,30-44,Black / African American,Some college or Associate's degree,"Less than $30,000",Independent,1.8018827786353023e-05
Other,30-44,Black / African American,Some college or Associate's degree,"Less than $30,000",Other,3.802350504274122e-06
Other,30-44,Black / African American,Some college or Associate's degree,"Less than $30,000",Republican,2.2051579518011823e-07
Other,30-44,Hispanic / Latino,Bachelor's degree,"$100,000 to $167,999",Democrat,1.1249292982000775e-05
Other,30-44,Hispanic / Latino,Bachelor's degree,"$100,000 to $167,999",Independent,7.103144817940157e-06
Other,30-44,Hispanic / Latino,Bachelor's degree,"$100,000 to $167,999",Other,1.6674660908297837e-06
Other,30-44,Hispanic / Latino,Bachelor's degree,"$100,000 to $167,999",Republican,7.195563408524133e-07
Other,30-44,Hispanic / Latino,Bachelor's degree,"$168,000 or more",Democrat,3.940989534441257e-06
Other,30-44,Hispanic / Latino,Bachelor's degree,"$168,000 or more",Independent,3.034491370814177e-06
Other,30-44,Hispanic / Latino,Bachelor's degree,"$168,000 or more",Other,2.168060759514656e-06
Other,30-44,Hispanic / Latino,Bachelor's degree,"$168,000 or more",Republican,2.516870377926343e-07
Other,30-44,Hispanic / Latino,Bachelor's degree,"$30,000 to $55,999",Democrat,9.010164601522618e-06
Other,30-44,Hispanic / Latino,Bachelor's degree,"$30,000 to $55,999",Independent,5.451610664899728e-06
Other,30-44,Hispanic / Latino,Bachelor's degree,"$30,000 to $55,999",Other,1.421845744591638e-06
Other,30-44,Hispanic / Latino,Bachelor's degree,"$30,000 to $55,999",Republican,6.371345741442612e-07
Other,30-44,Hispanic / Latino,Bachelor's degree,"$56,000 to $99,999",Democrat,1.1511062030980088e-05
Other,30-44,Hispanic / Latino,Bachelor's degree,"$56,000 to $99,999",Independent,1.086251376873528e-05
Other,30-44,Hispanic / Latino,Bachelor's degree,"$56,000 to $99,999",Other,2.2364013093111896e-06
Other,30-44,Hispanic / Latino,Bachelor's degree,"$56,000 to $99,999",Republican,8.852598575832173e-07
Other,30-44,Hispanic / Latino,Bachelor's degree,"Less than $30,000",Democrat,5.858896388750748e-06
Other,30-44,Hispanic / Latino,Bachelor's degree,"Less than $30,000",Independent,5.370342799005168e-06
Other,30-44,Hispanic / Latino,Bachelor's degree,"Less than $30,000",Other,1.2105470065702863e-06
Other,30-44,Hispanic / Latino,Bachelor's degree,"Less than $30,000",Republican,3.3818101485902895e-07
Other,30-44,Hispanic / Latino,Doctorate degree / Ph.D.,"$100,000 to $167,999",Democrat,2.851158285564449e-07
Other,30-44,Hispanic / Latino,Doctorate degree / Ph.D.,"$100,000 to $167,999",Independent,5.74049011555003e-07
Other,30-44,Hispanic / Latino,Doctorate degree / Ph.D.,"$100,000 to $167,999",Republican,7.259371956778753e-09
Other,30-44,Hispanic / Latino,Doctorate degree / Ph.D.,"$168,000 or more",Democrat,2.2769667483975292e-07
Other,30-44,Hispanic / Latino,Doctorate degree / Ph.D.,"$168,000 or more",Independent,4.5483120466061823e-07
Other,30-44,Hispanic / Latino,Doctorate degree / Ph.D.,"$168,000 or more",Republican,5.337767609163914e-09
Other,30-44,Hispanic / Latino,Doctorate degree / Ph.D.,"$30,000 to $55,999",Democrat,1.405824329402396e-07
Other,30-44,Hispanic / Latino,Doctorate degree / Ph.D.,"$30,000 to $55,999",Independent,2.9267664571036445e-07
Other,30-44,Hispanic / Latino,Doctorate degree / Ph.D.,"$30,000 to $55,999",Republican,3.75017147857687e-09
Other,30-44,Hispanic / Latino,Doctorate degree / Ph.D.,"$56,000 to $99,999",Democrat,2.215823743785956e-07
Other,30-44,Hispanic / Latino,Doctorate degree / Ph.D.,"$56,000 to $99,999",Independent,4.4746835024468206e-07
Other,30-44,Hispanic / Latino,Doctorate degree / Ph.D.,"$56,000 to $99,999",Republican,5.8767028954050786e-09
Other,30-44,Hispanic / Latino,Doctorate degree / Ph.D.,"Less than $30,000",Democrat,1.0532766620013665e-07
Other,30-44,Hispanic / Latino,Doctorate degree / Ph.D.,"Less than $30,000",Independent,2.714263783798227e-07
Other,30-44,Hispanic / Latino,Doctorate degree / Ph.D.,"Less than $30,000",Republican,2.733200056740411e-09
Other,30-44,Hispanic / Latino,High school diploma / GED,"$100,000 to $167,999",Democrat,3.902500059060299e-06
Other,30-44,Hispanic / Latino,High school diploma / GED,"$100,000 to $167,999",Independent,6.065107522227096e-06
Other,30-44,Hispanic / Latino,High school diploma / GED,"$100,000 to $167,999",Other,8.425566263133199e-07
Other,30-44,Hispanic / Latino,High school diploma / GED,"$100,000 to $167,999",Republican,4.1251843574912285e-07
Other,30-44,Hispanic / Latino,High school diploma / GED,"$168,000 or more",Democrat,8.695939638557417e-07
Other,30-44,Hispanic / Latino,High school diploma / GED,"$168,000 or more",Independent,1.3392967321634594e-06
Other,30-44,Hispanic / Latino,High school diploma / GED,"$168,000 or more",Other,1.8606989992164641e-07
Other,30-44,Hispanic / Latino,High school diploma / GED,"$168,000 or more",Republican,8.421570519386498e-08
Other,30-44,Hispanic / Latino,High school diploma / GED,"$30,000 to $55,999",Democrat,1.1527793234480354e-05
Other,30-44,Hispanic / Latino,High school diploma / GED,"$30,000 to $55,999",Independent,1.6283821675238964e-05
Other,30-44,Hispanic / Latino,High school diploma / GED,"$30,000 to $55,999",Other,2.9578088859687772e-06
Other,30-44,Hispanic / Latino,High school diploma / GED,"$30,000 to $55,999",Republican,9.986658518856765e-07
Other,30-44,Hispanic / Latino,High school diploma / GED,"$56,000 to $99,999",Democrat,1.1255809375737503e-05
Other,30-44,Hispanic / Latino,High school diploma / GED,"$56,000 to $99,999",Independent,1.2849132580149848e-05
Other,30-44,Hispanic / Latino,High school diploma / GED,"$56,000 to $99,999",Other,1.6913384626995705e-08
Other,30-44,Hispanic / Latino,High school diploma / GED,"$56,000 to $99,999",Republican,1.103716346622774e-06
Other,30-44,Hispanic / Latino,High school diploma / GED,"Less than $30,000",Democrat,7.270321329386849e-06
Other,30-44,Hispanic / Latino,High school diploma / GED,"Less than $30,000",Independent,1.8909061428388206e-05
Other,30-44,Hispanic / Latino,High school diploma / GED,"Less than $30,000",Other,2.5986904248047196e-06
Other,30-44,Hispanic / Latino,High school diploma / GED,"Less than $30,000",Republican,8.893864353788579e-07
Other,30-44,Hispanic / Latino,Less than high school,"$100,000 to $167,999",Democrat,2.5765380628302715e-06
Other,30-44,Hispanic / Latino,Less than high school,"$100,000 to $167,999",Independent,3.5382056884211585e-06
Other,30-44,Hispanic / Latino,Less than high school,"$100,000 to $167,999",Other,5.627205437595844e-07
Other,30-44,Hispanic / Latino,Less than high school,"$100,000 to $167,999",Republican,1.7880400067066882e-07
Other,30-44,Hispanic / Latino,Less than high school,"$168,000 or more",Democrat,6.202477453018462e-07
Other,30-44,Hispanic / Latino,Less than high school,"$168,000 or more",Independent,8.332077836177821e-07
Other,30-44,Hispanic / Latino,Less than high school,"$168,000 or more",Other,1.3028003883477236e-07
Other,30-44,Hispanic / Latino,Less than high school,"$168,000 or more",Republican,3.8153449410572505e-08
Other,30-44,Hispanic / Latino,Less than high school,"$30,000 to $55,999",Democrat,4.45460283062347e-06
Other,30-44,Hispanic / Latino,Less than high school,"$30,000 to $55,999",Independent,2.4941218421607543e-05
Other,30-44,Hispanic / Latino,Less than high school,"$30,000 to $55,999",Other,2.487491739454374e-06
Other,30-44,Hispanic / Latino,Less than high school,"$30,000 to $55,999",Republican,7.408504378732959e-07
Other,30-44,Hispanic / Latino,Less than high school,"$56,000 to $99,999",Democrat,7.77813961007253e-06
Other,30-44,Hispanic / Latino,Less than high school,"$56,000 to $99,999",Independent,1.1192572278737007e-05
Other,30-44,Hispanic / Latino,Less than high school,"$56,000 to $99,999",Other,1.7853898109285495e-06
Other,30-44,Hispanic / Latino,Less than high school,"$56,000 to $99,999",Republican,6.292214204796796e-07
Other,30-44,Hispanic / Latino,Less than high school,"Less than $30,000",Democrat,1.3988928295394242e-05
Other,30-44,Hispanic / Latino,Less than high school,"Less than $30,000",Independent,2.084388710037625e-05
Other,30-44,Hispanic / Latino,Less than high school,"Less than $30,000",Other,1.3509437277409236e-06
Other,30-44,Hispanic / Latino,Less than high school,"Less than $30,000",Republican,1.2622982880686924e-06
Other,30-44,Hispanic / Latino,Master's degree / Professional degree,"$100,000 to $167,999",Democrat,4.123732529264927e-06
Other,30-44,Hispanic / Latino,Master's degree / Professional degree,"$100,000 to $167,999",Independent,2.693931674467771e-06
Other,30-44,Hispanic / Latino,Master's degree / Professional degree,"$100,000 to $167,999",Other,1.0278445236595138e-06
Other,30-44,Hispanic / Latino,Master's degree / Professional degree,"$100,000 to $167,999",Republican,5.416204379574696e-07
Other,30-44,Hispanic / Latino,Master's degree / Professional degree,"$168,000 or more",Democrat,3.6530455606125417e-06
Other,30-44,Hispanic / Latino,Master's degree / Professional degree,"$168,000 or more",Independent,1.7960179642221242e-06
Other,30-44,Hispanic / Latino,Master's degree / Professional degree,"$168,000 or more",Other,5.251084041600003e-07
Other,30-44,Hispanic / Latino,Master's degree / Professional degree,"$168,000 or more",Republican,2.2779941017099419e-07
Other,30-44,Hispanic / Latino,Master's degree / Professional degree,"$30,000 to $55,999",Democrat,2.7334760516792745e-06
Other,30-44,Hispanic / Latino,Master's degree / Professional degree,"$30,000 to $55,999",Independent,1.422241496490634e-06
Other,30-44,Hispanic / Latino,Master's degree / Professional degree,"$30,000 to $55,999",Other,3.8360105409378897e-07
Other,30-44,Hispanic / Latino,Master's degree / Professional degree,"$30,000 to $55,999",Republican,1.8047300342083973e-07
Other,30-44,Hispanic / Latino,Master's degree / Professional degree,"$56,000 to $99,999",Democrat,5.956997932992455e-06
Other,30-44,Hispanic / Latino,Master's degree / Professional degree,"$56,000 to $99,999",Independent,2.3871825499721743e-06
Other,30-44,Hispanic / Latino,Master's degree / Professional degree,"$56,000 to $99,999",Other,6.2780085395337e-07
Other,30-44,Hispanic / Latino,Master's degree / Professional degree,"$56,000 to $99,999",Republican,2.5263007841611687e-07
Other,30-44,Hispanic / Latino,Master's degree / Professional degree,"Less than $30,000",Democrat,2.180995834010338e-06
Other,30-44,Hispanic / Latino,Master's degree / Professional degree,"Less than $30,000",Independent,1.414278548055931e-06
Other,30-44,Hispanic / Latino,Master's degree / Professional degree,"Less than $30,000",Other,2.7374817835738266e-07
Other,30-44,Hispanic / Latino,Master's degree / Professional degree,"Less than $30,000",Republican,1.3533813550278447e-07
Other,30-44,Hispanic / Latino,Some college or Associate's degree,"$100,000 to $167,999",Democrat,6.58187866315533e-06
Other,30-44,Hispanic / Latino,Some college or Associate's degree,"$100,000 to $167,999",Independent,9.054991101806028e-06
Other,30-44,Hispanic / Latino,Some college or Associate's degree,"$100,000 to $167,999",Other,3.3683245095101475e-06
Other,30-44,Hispanic / Latino,Some college or Associate's degree,"$100,000 to $167,999",Republican,1.2798747405110278e-06
Other,30-44,Hispanic / Latino,Some college or Associate's degree,"$168,000 or more",Democrat,2.357247098087268e-06
Other,30-44,Hispanic / Latino,Some college or Associate's degree,"$168,000 or more",Independent,2.2213224615182493e-06
Other,30-44,Hispanic / Latino,Some college or Associate's degree,"$168,000 or more",Other,9.243232938918774e-07
Other,30-44,Hispanic / Latino,Some college or Associate's degree,"$168,000 or more",Republican,2.1589887923991703e-07
Other,30-44,Hispanic / Latino,Some college or Associate's degree,"$30,000 to $55,999",Democrat,1.5960713807646047e-05
Other,30-44,Hispanic / Latino,Some college or Associate's degree,"$30,000 to $55,999",Independent,1.4807865391861062e-05
Other,30-44,Hispanic / Latino,Some college or Associate's degree,"$30,000 to $55,999",Other,4.973205976081831e-06
Other,30-44,Hispanic / Latino,Some college or Associate's degree,"$30,000 to $55,999",Republican,1.2311255617236495e-06
Other,30-44,Hispanic / Latino,Some college or Associate's degree,"$56,000 to $99,999",Democrat,1.815747279752128e-05
Other,30-44,Hispanic / Latino,Some college or Associate's degree,"$56,000 to $99,999",Independent,1.4671295141455648e-05
Other,30-44,Hispanic / Latino,Some college or Associate's degree,"$56,000 to $99,999",Other,9.4681706835286e-06
Other,30-44,Hispanic / Latino,Some college or Associate's degree,"$56,000 to $99,999",Republican,1.9196531467908222e-06
Other,30-44,Hispanic / Latino,Some college or Associate's degree,"Less than $30,000",Democrat,1.3220662984668962e-05
Other,30-44,Hispanic / Latino,Some college or Associate's degree,"Less than $30,000",Independent,1.5798457527078964e-05
Other,30-44,Hispanic / Latino,Some college or Associate's degree,"Less than $30,000",Other,3.954711700418743e-06
Other,30-44,Hispanic / Latino,Some college or Associate's degree,"Less than $30,000",Republican,8.944821017697587e-07
Other,30-44,Other,Bachelor's degree,"$100,000 to $167,999",Democrat,1.6705268351685544e-06
Other,30-44,Other,Bachelor's degree,"$100,000 to $167,999",Independent,1.886332654330801e-06
Other,30-44,Other,Bachelor's degree,"$100,000 to $167,999",Other,1.226418135479213e-06
Other,30-44,Other,Bachelor's degree,"$100,000 to $167,999",Republican,9.739276808620542e-08
Other,30-44,Other,Bachelor's degree,"$168,000 or more",Democrat,8.747755142884596e-07
Other,30-44,Other,Bachelor's degree,"$168,000 or more",Independent,1.0225957815670346e-06
Other,30-44,Other,Bachelor's degree,"$168,000 or more",Other,6.344181358027975e-07
Other,30-44,Other,Bachelor's degree,"$168,000 or more",Republican,4.635718834448649e-08
Other,30-44,Other,Bachelor's degree,"$30,000 to $55,999",Democrat,1.2531868590078168e-06
Other,30-44,Other,Bachelor's degree,"$30,000 to $55,999",Independent,1.445897086906124e-06
Other,30-44,Other,Bachelor's degree,"$30,000 to $55,999",Other,1.006639829423205e-06
Other,30-44,Other,Bachelor's degree,"$30,000 to $55,999",Republican,7.681369472223433e-08
Other,30-44,Other,Bachelor's degree,"$56,000 to $99,999",Democrat,1.9663668294685848e-06
Other,30-44,Other,Bachelor's degree,"$56,000 to $99,999",Independent,2.2344349244671097e-06
Other,30-44,Other,Bachelor's degree,"$56,000 to $99,999",Other,1.3493827099359786e-06
Other,30-44,Other,Bachelor's degree,"$56,000 to $99,999",Republican,1.192985564537894e-07
Other,30-44,Other,Bachelor's degree,"Less than $30,000",Democrat,9.236278860555403e-07
Other,30-44,Other,Bachelor's degree,"Less than $30,000",Independent,1.2701222536401069e-06
Other,30-44,Other,Bachelor's degree,"Less than $30,000",Other,7.078479076554578e-07
Other,30-44,Other,Bachelor's degree,"Less than $30,000",Republican,5.566275239039238e-08
Other,30-44,Other,Doctorate degree / Ph.D.,"$100,000 to $167,999",Democrat,1.4153955056234516e-07
Other,30-44,Other,Doctorate degree / Ph.D.,"$100,000 to $167,999",Independent,1.3695425306172571e-07
Other,30-44,Other,Doctorate degree / Ph.D.,"$100,000 to $167,999",Other,1.0741034450574491e-07
Other,30-44,Other,Doctorate degree / Ph.D.,"$100,000 to $167,999",Republican,8.330027842991087e-09
Other,30-44,Other,Doctorate degree / Ph.D.,"$168,000 or more",Democrat,1.3310633325304388e-07
Other,30-44,Other,Doctorate degree / Ph.D.,"$168,000 or more",Independent,1.2777984307876235e-07
Other,30-44,Other,Doctorate degree / Ph.D.,"$168,000 or more",Other,1.010455540196894e-07
Other,30-44,Other,Doctorate degree / Ph.D.,"$168,000 or more",Republican,7.21261271444585e-09
Other,30-44,Other,Doctorate degree / Ph.D.,"$30,000 to $55,999",Democrat,5.5832390003745936e-08
Other,30-44,Other,Doctorate degree / Ph.D.,"$30,000 to $55,999",Independent,5.586159082167199e-08
Other,30-44,Other,Doctorate degree / Ph.D.,"$30,000 to $55,999",Other,4.620118255805185e-08
Other,30-44,Other,Doctorate degree / Ph.D.,"$30,000 to $55,999",Republican,3.4426843893191835e-09
Other,30-44,Other,Doctorate degree / Ph.D.,"$56,000 to $99,999",Democrat,1.0381765799114578e-07
Other,30-44,Other,Doctorate degree / Ph.D.,"$56,000 to $99,999",Independent,1.0075541699886406e-07
Other,30-44,Other,Doctorate degree / Ph.D.,"$56,000 to $99,999",Other,7.371217739284147e-08
Other,30-44,Other,Doctorate degree / Ph.D.,"$56,000 to $99,999",Republican,6.364446943278693e-09
Other,30-44,Other,Doctorate degree / Ph.D.,"Less than $30,000",Democrat,1.4079800119861469e-08
Other,30-44,Other,Doctorate degree / Ph.D.,"Less than $30,000",Independent,1.7437175811848653e-08
Other,30-44,Other,Doctorate degree / Ph.D.,"Less than $30,000",Other,1.100048230167132e-08
Other,30-44,Other,Doctorate degree / Ph.D.,"Less than $30,000",Republican,8.445325035179753e-10
Other,30-44,Other,High school diploma / GED,"$100,000 to $167,999",Democrat,2.697579051135749e-07
Other,30-44,Other,High school diploma / GED,"$100,000 to $167,999",Independent,4.988168564194821e-07
Other,30-44,Other,High school diploma / GED,"$100,000 to $167,999",Other,3.552499855170903e-07
Other,30-44,Other,High school diploma / GED,"$100,000 to $167,999",Republican,5.136253557554969e-08
Other,30-44,Other,High school diploma / GED,"$168,000 or more",Democrat,8.829934318894198e-08
Other,30-44,Other,High school diploma / GED,"$168,000 or more",Independent,1.6140905913250943e-07
Other,30-44,Other,High school diploma / GED,"$168,000 or more",Other,1.1625468030287268e-07
Other,30-44,Other,High school diploma / GED,"$168,000 or more",Republican,1.539881711229316e-08
Other,30-44,Other,High school diploma / GED,"$30,000 to $55,999",Democrat,6.275052987150409e-07
Other,30-44,Other,High school diploma / GED,"$30,000 to $55,999",Independent,1.2292897251245381e-06
Other,30-44,Other,High school diploma / GED,"$30,000 to $55,999",Other,9.047543662852733e-07
Other,30-44,Other,High school diploma / GED,"$30,000 to $55,999",Republican,1.296389383620617e-07
Other,30-44,Other,High school diploma / GED,"$56,000 to $99,999",Democrat,5.669807723868388e-07
Other,30-44,Other,High school diploma / GED,"$56,000 to $99,999",Independent,1.0723151558585311e-06
Other,30-44,Other,High school diploma / GED,"$56,000 to $99,999",Other,7.008711919647466e-07
Other,30-44,Other,High school diploma / GED,"$56,000 to $99,999",Republican,1.1566890494303935e-07
Other,30-44,Other,High school diploma / GED,"Less than $30,000",Democrat,6.89399978670679e-07
Other,30-44,Other,High school diploma / GED,"Less than $30,000",Independent,1.62748375227254e-06
Other,30-44,Other,High school diploma / GED,"Less than $30,000",Other,6.196320778647842e-07
Other,30-44,Other,High school diploma / GED,"Less than $30,000",Republican,1.607737641148424e-07
Other,30-44,Other,Less than high school,"$100,000 to $167,999",Democrat,1.9826742369478316e-08
Other,30-44,Other,Less than high school,"$100,000 to $167,999",Independent,1.47804873498726e-07
Other,30-44,Other,Less than high school,"$100,000 to $167,999",Other,3.4541794601145844e-07
Other,30-44,Other,Less than high school,"$100,000 to $167,999",Republican,7.238451735852733e-09
Other,30-44,Other,Less than high school,"$168,000 or more",Democrat,4.557000472764117e-09
Other,30-44,Other,Less than high school,"$168,000 or more",Independent,3.370407274848311e-08
Other,30-44,Other,Less than high school,"$168,000 or more",Other,7.941870476160232e-08
Other,30-44,Other,Less than high school,"$168,000 or more",Republican,1.5317879391686163e-09
Other,30-44,Other,Less than high school,"$30,000 to $55,999",Democrat,7.222162323000863e-08
Other,30-44,Other,Less than high school,"$30,000 to $55,999",Independent,5.567163869016401e-07
Other,30-44,Other,Less than high school,"$30,000 to $55,999",Other,1.3720165648829835e-06
Other,30-44,Other,Less than high school,"$30,000 to $55,999",Republican,2.7625103597381193e-08
Other,30-44,Other,Less than high school,"$56,000 to $99,999",Democrat,4.962995928811686e-08
Other,30-44,Other,Less than high school,"$56,000 to $99,999",Independent,3.710913024383156e-07
Other,30-44,Other,Less than high school,"$56,000 to $99,999",Other,8.089788513262987e-07
Other,30-44,Other,Less than high school,"$56,000 to $99,999",Republican,1.8873786615935557e-08
Other,30-44,Other,Less than high school,"Less than $30,000",Democrat,1.177446529083948e-07
Other,30-44,Other,Less than high school,"Less than $30,000",Independent,1.1234675425473187e-06
Other,30-44,Other,Less than high school,"Less than $30,000",Other,2.1119404467657208e-06
Other,30-44,Other,Less than high school,"Less than $30,000",Republican,4.381136173559139e-08
Other,30-44,Other,Master's degree / Professional degree,"$100,000 to $167,999",Democrat,1.0600812838288078e-06
Other,30-44,Other,Master's degree / Professional degree,"$100,000 to $167,999",Independent,9.933991653402414e-07
Other,30-44,Other,Master's degree / Professional degree,"$100,000 to $167,999",Other,3.616852571294785e-07
Other,30-44,Other,Master's degree / Professional degree,"$100,000 to $167,999",Republican,6.375407191672933e-08
Other,30-44,Other,Master's degree / Professional degree,"$168,000 or more",Democrat,8.442966416639693e-07
Other,30-44,Other,Master's degree / Professional degree,"$168,000 or more",Independent,7.686753302757088e-07
Other,30-44,Other,Master's degree / Professional degree,"$168,000 or more",Other,2.793049518573925e-07
Other,30-44,Other,Master's degree / Professional degree,"$168,000 or more",Republican,4.7462119808898465e-08
Other,30-44,Other,Master's degree / Professional degree,"$30,000 to $55,999",Democrat,5.286775487671551e-07
Other,30-44,Other,Master's degree / Professional degree,"$30,000 to $55,999",Independent,4.86906241514618e-07
Other,30-44,Other,Master's degree / Professional degree,"$30,000 to $55,999",Other,1.8225411423680932e-07
Other,30-44,Other,Master's degree / Professional degree,"$30,000 to $55,999",Republican,3.4522316288432054e-08
Other,30-44,Other,Master's degree / Professional degree,"$56,000 to $99,999",Democrat,1.119618063716554e-06
Other,30-44,Other,Master's degree / Professional degree,"$56,000 to $99,999",Independent,1.0157796700276402e-06
Other,30-44,Other,Master's degree / Professional degree,"$56,000 to $99,999",Other,3.39007350350223e-07
Other,30-44,Other,Master's degree / Professional degree,"$56,000 to $99,999",Republican,7.192624587475199e-08
Other,30-44,Other,Master's degree / Professional degree,"Less than $30,000",Democrat,3.7112530330264415e-07
Other,30-44,Other,Master's degree / Professional degree,"Less than $30,000",Independent,4.623391243436378e-07
Other,30-44,Other,Master's degree / Professional degree,"Less than $30,000",Other,1.3783307473222305e-07
Other,30-44,Other,Master's degree / Professional degree,"Less than $30,000",Republican,2.2102743981274087e-08
Other,30-44,Other,Some college or Associate's degree,"$100,000 to $167,999",Democrat,9.76655407442006e-07
Other,30-44,Other,Some college or Associate's degree,"$100,000 to $167,999",Independent,1.664352679023418e-06
Other,30-44,Other,Some college or Associate's degree,"$100,000 to $167,999",Other,9.272435417130835e-07
Other,30-44,Other,Some college or Associate's degree,"$100,000 to $167,999",Republican,1.3637480996710738e-07
Other,30-44,Other,Some college or Associate's degree,"$168,000 or more",Democrat,3.0474726481121944e-07
Other,30-44,Other,Some college or Associate's degree,"$168,000 or more",Independent,5.436460022495673e-07
Other,30-44,Other,Some college or Associate's degree,"$168,000 or more",Other,3.119762590551562e-07
Other,30-44,Other,Some college or Associate's degree,"$168,000 or more",Republican,4.148146882957014e-08
Other,30-44,Other,Some college or Associate's degree,"$30,000 to $55,999",Democrat,1.7017585010306138e-06
Other,30-44,Other,Some college or Associate's degree,"$30,000 to $55,999",Independent,2.8970214473451595e-06
Other,30-44,Other,Some college or Associate's degree,"$30,000 to $55,999",Other,1.677368554404116e-06
Other,30-44,Other,Some college or Associate's degree,"$30,000 to $55,999",Republican,2.399661643958206e-07
Other,30-44,Other,Some college or Associate's degree,"$56,000 to $99,999",Democrat,3.0840115738967783e-06
Other,30-44,Other,Some college or Associate's degree,"$56,000 to $99,999",Independent,2.437055995189922e-06
Other,30-44,Other,Some college or Associate's degree,"$56,000 to $99,999",Other,1.3279857151254915e-06
Other,30-44,Other,Some college or Associate's degree,"$56,000 to $99,999",Republican,2.7583257866873477e-07
Other,30-44,Other,Some college or Associate's degree,"Less than $30,000",Democrat,1.4802268457004316e-06
Other,30-44,Other,Some college or Associate's degree,"Less than $30,000",Independent,3.2361202982764796e-06
Other,30-44,Other,Some college or Associate's degree,"Less than $30,000",Other,1.914721133971545e-06
Other,30-44,Other,Some college or Associate's degree,"Less than $30,000",Republican,2.4037790884498585e-07
Other,30-44,White / Caucasian,Bachelor's degree,"$100,000 to $167,999",Democrat,5.875196962954968e-05
Other,30-44,White / Caucasian,Bachelor's degree,"$100,000 to $167,999",Independent,4.3524411903312354e-05
Other,30-44,White / Caucasian,Bachelor's degree,"$100,000 to $167,999",Other,1.708449966513549e-05
Other,30-44,White / Caucasian,Bachelor's degree,"$100,000 to $167,999",Republican,6.401876222599632e-06
Other,30-44,White / Caucasian,Bachelor's degree,"$168,000 or more",Democrat,3.6135415902108914e-05
Other,30-44,White / Caucasian,Bachelor's degree,"$168,000 or more",Independent,2.7982781324529195e-05
Other,30-44,White / Caucasian,Bachelor's degree,"$168,000 or more",Other,1.7929513500723727e-07
Other,30-44,White / Caucasian,Bachelor's degree,"$168,000 or more",Republican,2.4022529101157538e-06
Other,30-44,White / Caucasian,Bachelor's degree,"$30,000 to $55,999",Democrat,2.283186121512047e-05
Other,30-44,White / Caucasian,Bachelor's degree,"$30,000 to $55,999",Independent,2.340527957962654e-05
Other,30-44,White / Caucasian,Bachelor's degree,"$30,000 to $55,999",Other,1.2808824618310003e-05
Other,30-44,White / Caucasian,Bachelor's degree,"$30,000 to $55,999",Republican,3.1473758823094704e-06
Other,30-44,White / Caucasian,Bachelor's degree,"$56,000 to $99,999",Democrat,5.816289750286131e-05
Other,30-44,White / Caucasian,Bachelor's degree,"$56,000 to $99,999",Independent,3.700052435462756e-05
Other,30-44,White / Caucasian,Bachelor's degree,"$56,000 to $99,999",Other,1.5973064048213213e-05
Other,30-44,White / Caucasian,Bachelor's degree,"$56,000 to $99,999",Republican,7.458179226081133e-06
Other,30-44,White / Caucasian,Bachelor's degree,"Less than $30,000",Democrat,1.5104633345628968e-05
Other,30-44,White / Caucasian,Bachelor's degree,"Less than $30,000",Independent,9.9211393776364e-06
Other,30-44,White / Caucasian,Bachelor's degree,"Less than $30,000",Other,1.2103035723889402e-05
Other,30-44,White / Caucasian,Bachelor's degree,"Less than $30,000",Republican,1.4096589551439453e-06
Other,30-44,White / Caucasian,Doctorate degree / Ph.D.,"$100,000 to $167,999",Democrat,6.23428364098486e-06
Other,30-44,White / Caucasian,Doctorate degree / Ph.D.,"$100,000 to $167,999",Independent,2.008037546753914e-06
Other,30-44,White / Caucasian,Doctorate degree / Ph.D.,"$100,000 to $167,999",Other,6.035941362499822e-07
Other,30-44,White / Caucasian,Doctorate degree / Ph.D.,"$100,000 to $167,999",Republican,2.8484991650562136e-07
Other,30-44,White / Caucasian,Doctorate degree / Ph.D.,"$168,000 or more",Democrat,4.99753241602556e-06
Other,30-44,White / Caucasian,Doctorate degree / Ph.D.,"$168,000 or more",Independent,2.0279650917199467e-06
Other,30-44,White / Caucasian,Doctorate degree / Ph.D.,"$168,000 or more",Other,7.101541873778699e-07
Other,30-44,White / Caucasian,Doctorate degree / Ph.D.,"$168,000 or more",Republican,2.3049169389556814e-07
Other,30-44,White / Caucasian,Doctorate degree / Ph.D.,"$30,000 to $55,999",Democrat,1.463237088903309e-06
Other,30-44,White / Caucasian,Doctorate degree / Ph.D.,"$30,000 to $55,999",Independent,6.141393175302256e-07
Other,30-44,White / Caucasian,Doctorate degree / Ph.D.,"$30,000 to $55,999",Other,2.334544836676469e-07
Other,30-44,White / Caucasian,Doctorate degree / Ph.D.,"$30,000 to $55,999",Republican,7.632111119049381e-08
Other,30-44,White / Caucasian,Doctorate degree / Ph.D.,"$56,000 to $99,999",Democrat,2.6973197914437147e-06
Other,30-44,White / Caucasian,Doctorate degree / Ph.D.,"$56,000 to $99,999",Independent,2.276704396246268e-06
Other,30-44,White / Caucasian,Doctorate degree / Ph.D.,"$56,000 to $99,999",Other,7.495994940754086e-07
Other,30-44,White / Caucasian,Doctorate degree / Ph.D.,"$56,000 to $99,999",Republican,1.9066217030613716e-07
Other,30-44,White / Caucasian,Doctorate degree / Ph.D.,"Less than $30,000",Democrat,8.490952307399242e-07
Other,30-44,White / Caucasian,Doctorate degree / Ph.D.,"Less than $30,000",Independent,4.348704769854006e-07
Other,30-44,White / Caucasian,Doctorate degree / Ph.D.,"Less than $30,000",Other,1.3479981566878273e-07
Other,30-44,White / Caucasian,Doctorate degree / Ph.D.,"Less than $30,000",Republican,4.2587424833119874e-08
Other,30-44,White / Caucasian,High school diploma / GED,"$100,000 to $167,999",Democrat,1.0402599739049704e-05
Other,30-44,White / Caucasian,High school diploma / GED,"$100,000 to $167,999",Independent,1.0399099914864473e-05
Other,30-44,White / Caucasian,High school diploma / GED,"$100,000 to $167,999",Other,4.979999499315885e-06
Other,30-44,White / Caucasian,High school diploma / GED,"$100,000 to $167,999",Republican,1.456490054007869e-06
Other,30-44,White / Caucasian,High school diploma / GED,"$168,000 or more",Democrat,2.4382857514109534e-06
Other,30-44,White / Caucasian,High school diploma / GED,"$168,000 or more",Independent,2.8390307302431007e-06
Other,30-44,White / Caucasian,High school diploma / GED,"$168,000 or more",Other,3.1393613600321256e-07
Other,30-44,White / Caucasian,High school diploma / GED,"$168,000 or more",Republican,3.259486849384625e-07
Other,30-44,White / Caucasian,High school diploma / GED,"$30,000 to $55,999",Democrat,1.3675178635684016e-05
Other,30-44,White / Caucasian,High school diploma / GED,"$30,000 to $55,999",Independent,2.122032819638533e-05
Other,30-44,White / Caucasian,High school diploma / GED,"$30,000 to $55,999",Other,4.196163596565961e-06
Other,30-44,White / Caucasian,High school diploma / GED,"$30,000 to $55,999",Republican,3.374511366451425e-06
Other,30-44,White / Caucasian,High school diploma / GED,"$56,000 to $99,999",Democrat,1.4522258470544178e-05
Other,30-44,White / Caucasian,High school diploma / GED,"$56,000 to $99,999",Independent,2.6302425279892685e-05
Other,30-44,White / Caucasian,High school diploma / GED,"$56,000 to $99,999",Other,7.664295909452689e-06
Other,30-44,White / Caucasian,High school diploma / GED,"$56,000 to $99,999",Republican,3.947230801309352e-06
Other,30-44,White / Caucasian,High school diploma / GED,"Less than $30,000",Democrat,1.3030448940456398e-05
Other,30-44,White / Caucasian,High school diploma / GED,"Less than $30,000",Independent,2.4570522731023553e-05
Other,30-44,White / Caucasian,High school diploma / GED,"Less than $30,000",Other,3.4597511341564574e-06
Other,30-44,White / Caucasian,High school diploma / GED,"Less than $30,000",Republican,2.185496426353568e-06
Other,30-44,White / Caucasian,Less than high school,"$100,000 to $167,999",Democrat,6.143620070205975e-07
Other,30-44,White / Caucasian,Less than high school,"$100,000 to $167,999",Independent,2.0880531827156024e-06
Other,30-44,White / Caucasian,Less than high school,"$100,000 to $167,999",Other,5.452351067886522e-07
Other,30-44,White / Caucasian,Less than high school,"$100,000 to $167,999",Republican,2.3491609554021624e-07
Other,30-44,White / Caucasian,Less than high school,"$168,000 or more",Democrat,1.7440828520869426e-07
Other,30-44,White / Caucasian,Less than high school,"$168,000 or more",Independent,5.877854885643997e-07
Other,30-44,White / Caucasian,Less than high school,"$168,000 or more",Other,1.5277790513501683e-07
Other,30-44,White / Caucasian,Less than high school,"$168,000 or more",Republican,6.120958551002054e-08
Other,30-44,White / Caucasian,Less than high school,"$30,000 to $55,999",Democrat,2.809345823375246e-06
Other,30-44,White / Caucasian,Less than high school,"$30,000 to $55,999",Independent,7.188479390550871e-06
Other,30-44,White / Caucasian,Less than high school,"$30,000 to $55,999",Republican,9.135164259635002e-07
Other,30-44,White / Caucasian,Less than high school,"$56,000 to $99,999",Democrat,1.707723732044222e-06
Other,30-44,White / Caucasian,Less than high school,"$56,000 to $99,999",Independent,5.823070151142538e-06
Other,30-44,White / Caucasian,Less than high school,"$56,000 to $99,999",Other,1.4276045733159527e-06
Other,30-44,White / Caucasian,Less than high school,"$56,000 to $99,999",Republican,6.812683447843743e-07
Other,30-44,White / Caucasian,Less than high school,"Less than $30,000",Democrat,2.5726894245724017e-06
Other,30-44,White / Caucasian,Less than high school,"Less than $30,000",Independent,1.3486675331799857e-05
Other,30-44,White / Caucasian,Less than high school,"Less than $30,000",Other,3.2973339404130383e-06
Other,30-44,White / Caucasian,Less than high school,"Less than $30,000",Republican,9.612147353196298e-07
Other,30-44,White / Caucasian,Master's degree / Professional degree,"$100,000 to $167,999",Democrat,4.759915284635611e-05
Other,30-44,White / Caucasian,Master's degree / Professional degree,"$100,000 to $167,999",Independent,1.889809586965365e-05
Other,30-44,White / Caucasian,Master's degree / Professional degree,"$100,000 to $167,999",Other,6.211252994043366e-06
Other,30-44,White / Caucasian,Master's degree / Professional degree,"$100,000 to $167,999",Republican,2.713661879426766e-06
Other,30-44,White / Caucasian,Master's degree / Professional degree,"$168,000 or more",Democrat,3.3411037602782415e-05
Other,30-44,White / Caucasian,Master's degree / Professional degree,"$168,000 or more",Independent,1.826571738861718e-05
Other,30-44,White / Caucasian,Master's degree / Professional degree,"$168,000 or more",Other,8.191469724527895e-06
Other,30-44,White / Caucasian,Master's degree / Professional degree,"$168,000 or more",Republican,1.4183766332931453e-06
Other,30-44,White / Caucasian,Master's degree / Professional degree,"$30,000 to $55,999",Democrat,1.2114766758791415e-05
Other,30-44,White / Caucasian,Master's degree / Professional degree,"$30,000 to $55,999",Independent,7.508734004001506e-06
Other,30-44,White / Caucasian,Master's degree / Professional degree,"$30,000 to $55,999",Other,7.798277762685628e-06
Other,30-44,White / Caucasian,Master's degree / Professional degree,"$30,000 to $55,999",Republican,6.757302796227487e-07
Other,30-44,White / Caucasian,Master's degree / Professional degree,"$56,000 to $99,999",Democrat,3.291112323577828e-05
Other,30-44,White / Caucasian,Master's degree / Professional degree,"$56,000 to $99,999",Independent,1.5811498788967304e-05
Other,30-44,White / Caucasian,Master's degree / Professional degree,"$56,000 to $99,999",Other,1.1628178350156662e-05
Other,30-44,White / Caucasian,Master's degree / Professional degree,"$56,000 to $99,999",Republican,2.0384722855353657e-06
Other,30-44,White / Caucasian,Master's degree / Professional degree,"Less than $30,000",Democrat,6.422497816021886e-06
Other,30-44,White / Caucasian,Master's degree / Professional degree,"Less than $30,000",Independent,4.174620810148866e-06
Other,30-44,White / Caucasian,Master's degree / Professional degree,"Less than $30,000",Other,1.7515976340569265e-06
Other,30-44,White / Caucasian,Master's degree / Professional degree,"Less than $30,000",Republican,3.678729196043014e-07
Other,30-44,White / Caucasian,Some college or Associate's degree,"$100,000 to $167,999",Democrat,2.8441937325328896e-05
Other,30-44,White / Caucasian,Some college or Associate's degree,"$100,000 to $167,999",Independent,3.317118655577492e-05
Other,30-44,White / Caucasian,Some college or Associate's degree,"$100,000 to $167,999",Other,1.3890521078859353e-05
Other,30-44,White / Caucasian,Some college or Associate's degree,"$100,000 to $167,999",Republican,4.833741367323486e-06
Other,30-44,White / Caucasian,Some college or Associate's degree,"$168,000 or more",Democrat,1.0923966701480164e-05
Other,30-44,White / Caucasian,Some college or Associate's degree,"$168,000 or more",Independent,7.77165977256867e-06
Other,30-44,White / Caucasian,Some college or Associate's degree,"$168,000 or more",Other,4.91324560278337e-06
Other,30-44,White / Caucasian,Some college or Associate's degree,"$168,000 or more",Republican,7.788853371657277e-07
Other,30-44,White / Caucasian,Some college or Associate's degree,"$30,000 to $55,999",Democrat,3.5304703840987066e-05
Other,30-44,White / Caucasian,Some college or Associate's degree,"$30,000 to $55,999",Independent,4.2805766764519676e-05
Other,30-44,White / Caucasian,Some college or Associate's degree,"$30,000 to $55,999",Other,9.658110761038768e-06
Other,30-44,White / Caucasian,Some college or Associate's degree,"$30,000 to $55,999",Republican,5.146276608912896e-06
Other,30-44,White / Caucasian,Some college or Associate's degree,"$56,000 to $99,999",Democrat,4.148716928679711e-05
Other,30-44,White / Caucasian,Some college or Associate's degree,"$56,000 to $99,999",Independent,6.231265608860793e-05
Other,30-44,White / Caucasian,Some college or Associate's degree,"$56,000 to $99,999",Other,1.4309477265252709e-05
Other,30-44,White / Caucasian,Some college or Associate's degree,"$56,000 to $99,999",Republican,8.530687346493126e-06
Other,30-44,White / Caucasian,Some college or Associate's degree,"Less than $30,000",Democrat,2.6894033023050403e-05
Other,30-44,White / Caucasian,Some college or Associate's degree,"Less than $30,000",Independent,3.165932453153372e-05
Other,30-44,White / Caucasian,Some college or Associate's degree,"Less than $30,000",Other,1.2173241469341401e-05
Other,30-44,White / Caucasian,Some college or Associate's degree,"Less than $30,000",Republican,3.3844811191076894e-06
Other,45-59,Asian / Asian American,Bachelor's degree,"$100,000 to $167,999",Democrat,3.039411741549871e-06
Other,45-59,Asian / Asian American,Bachelor's degree,"$100,000 to $167,999",Independent,1.881304184645198e-06
Other,45-59,Asian / Asian American,Bachelor's degree,"$100,000 to $167,999",Other,3.7059830031203526e-07
Other,45-59,Asian / Asian American,Bachelor's degree,"$100,000 to $167,999",Republican,1.1512674799758397e-07
Other,45-59,Asian / Asian American,Bachelor's degree,"$168,000 or more",Democrat,1.7800750077498583e-06
Other,45-59,Asian / Asian American,Bachelor's degree,"$168,000 or more",Independent,1.9429493094006132e-06
Other,45-59,Asian / Asian American,Bachelor's degree,"$168,000 or more",Other,4.0192871385253235e-07
Other,45-59,Asian / Asian American,Bachelor's degree,"$168,000 or more",Republican,1.3401249743727872e-07
Other,45-59,Asian / Asian American,Bachelor's degree,"$30,000 to $55,999",Democrat,1.0822493738924717e-06
Other,45-59,Asian / Asian American,Bachelor's degree,"$30,000 to $55,999",Independent,1.2282666883919414e-06
Other,45-59,Asian / Asian American,Bachelor's degree,"$30,000 to $55,999",Other,2.646141569860491e-07
Other,45-59,Asian / Asian American,Bachelor's degree,"$30,000 to $55,999",Republican,9.259890554551403e-08
Other,45-59,Asian / Asian American,Bachelor's degree,"$56,000 to $99,999",Democrat,1.2996803697987951e-06
Other,45-59,Asian / Asian American,Bachelor's degree,"$56,000 to $99,999",Independent,2.193764348891107e-06
Other,45-59,Asian / Asian American,Bachelor's degree,"$56,000 to $99,999",Other,3.409911172881437e-07
Other,45-59,Asian / Asian American,Bachelor's degree,"$56,000 to $99,999",Republican,2.0650332239783185e-07
Other,45-59,Asian / Asian American,Bachelor's degree,"Less than $30,000",Democrat,9.727349257878145e-07
Other,45-59,Asian / Asian American,Bachelor's degree,"Less than $30,000",Independent,1.3366285300998465e-06
Other,45-59,Asian / Asian American,Bachelor's degree,"Less than $30,000",Other,2.1071369852617918e-07
Other,45-59,Asian / Asian American,Bachelor's degree,"Less than $30,000",Republican,8.001691208912078e-08
Other,45-59,Asian / Asian American,Doctorate degree / Ph.D.,"$100,000 to $167,999",Democrat,4.14022266704081e-07
Other,45-59,Asian / Asian American,Doctorate degree / Ph.D.,"$100,000 to $167,999",Independent,2.1209555392012645e-07
Other,45-59,Asian / Asian American,Doctorate degree / Ph.D.,"$100,000 to $167,999",Republican,1.1914481378134057e-08
Other,45-59,Asian / Asian American,Doctorate degree / Ph.D.,"$168,000 or more",Democrat,7.217485945495001e-07
Other,45-59,Asian / Asian American,Doctorate degree / Ph.D.,"$168,000 or more",Independent,3.66825680576821e-07
Other,45-59,Asian / Asian American,Doctorate degree / Ph.D.,"$168,000 or more",Republican,1.912329142434382e-08
Other,45-59,Asian / Asian American,Doctorate degree / Ph.D.,"$30,000 to $55,999",Democrat,1.3715128901102564e-07
Other,45-59,Asian / Asian American,Doctorate degree / Ph.D.,"$30,000 to $55,999",Independent,7.265025258140603e-08
Other,45-59,Asian / Asian American,Doctorate degree / Ph.D.,"$30,000 to $55,999",Republican,4.135173044955326e-09
Other,45-59,Asian / Asian American,Doctorate degree / Ph.D.,"$56,000 to $99,999",Democrat,2.8507656204435676e-07
Other,45-59,Asian / Asian American,Doctorate degree / Ph.D.,"$56,000 to $99,999",Independent,1.464768003085949e-07
Other,45-59,Asian / Asian American,Doctorate degree / Ph.D.,"$56,000 to $99,999",Republican,8.545426810129447e-09
Other,45-59,Asian / Asian American,Doctorate degree / Ph.D.,"Less than $30,000",Democrat,8.797455524207116e-08
Other,45-59,Asian / Asian American,Doctorate degree / Ph.D.,"Less than $30,000",Independent,5.768287409655239e-08
Other,45-59,Asian / Asian American,Doctorate degree / Ph.D.,"Less than $30,000",Republican,2.580237974454116e-09
Other,45-59,Asian / Asian American,High school diploma / GED,"$100,000 to $167,999",Democrat,4.458103297194261e-07
Other,45-59,Asian / Asian American,High school diploma / GED,"$100,000 to $167,999",Independent,6.107414835870239e-07
Other,45-59,Asian / Asian American,High school diploma / GED,"$100,000 to $167,999",Republican,1.6747851783636072e-08
Other,45-59,Asian / Asian American,High school diploma / GED,"$168,000 or more",Democrat,1.675090742899227e-07
Other,45-59,Asian / Asian American,High school diploma / GED,"$168,000 or more",Independent,2.2646160937639613e-07
Other,45-59,Asian / Asian American,High school diploma / GED,"$168,000 or more",Republican,5.962659138467437e-09
Other,45-59,Asian / Asian American,High school diploma / GED,"$30,000 to $55,999",Democrat,6.502415263069421e-07
Other,45-59,Asian / Asian American,High school diploma / GED,"$30,000 to $55,999",Independent,9.072917261935129e-07
Other,45-59,Asian / Asian American,High school diploma / GED,"$30,000 to $55,999",Republican,2.7694757154204283e-08
Other,45-59,Asian / Asian American,High school diploma / GED,"$56,000 to $99,999",Democrat,7.140139923057271e-07
Other,45-59,Asian / Asian American,High school diploma / GED,"$56,000 to $99,999",Independent,9.783032470032732e-07
Other,45-59,Asian / Asian American,High school diploma / GED,"$56,000 to $99,999",Republican,2.837667698912853e-08
Other,45-59,Asian / Asian American,High school diploma / GED,"Less than $30,000",Democrat,5.328069309276634e-07
Other,45-59,Asian / Asian American,High school diploma / GED,"Less than $30,000",Independent,9.283053877413066e-07
Other,45-59,Asian / Asian American,High school diploma / GED,"Less than $30,000",Republican,2.1109458114243692e-08
Other,45-59,Asian / Asian American,Less than high school,"$100,000 to $167,999",Democrat,2.399640127500259e-07
Other,45-59,Asian / Asian American,Less than high school,"$100,000 to $167,999",Independent,2.912236981586991e-07
Other,45-59,Asian / Asian American,Less than high school,"$100,000 to $167,999",Republican,1.995111051750707e-08
Other,45-59,Asian / Asian American,Less than high school,"$168,000 or more",Democrat,1.0772498575069508e-07
Other,45-59,Asian / Asian American,Less than high school,"$168,000 or more",Independent,1.2970686460677324e-07
Other,45-59,Asian / Asian American,Less than high school,"$168,000 or more",Republican,8.246366951904617e-09
Other,45-59,Asian / Asian American,Less than high school,"$30,000 to $55,999",Democrat,5.849239797452184e-07
Other,45-59,Asian / Asian American,Less than high school,"$30,000 to $55,999",Independent,7.34022532810657e-07
Other,45-59,Asian / Asian American,Less than high school,"$30,000 to $55,999",Republican,5.0952175917500276e-08
Other,45-59,Asian / Asian American,Less than high school,"$56,000 to $99,999",Democrat,4.880732157421086e-07
Other,45-59,Asian / Asian American,Less than high school,"$56,000 to $99,999",Independent,5.94107504214927e-07
Other,45-59,Asian / Asian American,Less than high school,"$56,000 to $99,999",Republican,4.226946354079296e-08
Other,45-59,Asian / Asian American,Less than high school,"Less than $30,000",Democrat,5.506457954396854e-07
Other,45-59,Asian / Asian American,Less than high school,"Less than $30,000",Independent,8.553322942254924e-07
Other,45-59,Asian / Asian American,Less than high school,"Less than $30,000",Republican,4.665997746302456e-08
Other,45-59,Asian / Asian American,Master's degree / Professional degree,"$100,000 to $167,999",Democrat,1.2233019908910353e-06
Other,45-59,Asian / Asian American,Master's degree / Professional degree,"$100,000 to $167,999",Independent,1.3095561169298175e-06
Other,45-59,Asian / Asian American,Master's degree / Professional degree,"$100,000 to $167,999",Other,2.6439207891971e-07
Other,45-59,Asian / Asian American,Master's degree / Professional degree,"$100,000 to $167,999",Republican,6.83694416986474e-08
Other,45-59,Asian / Asian American,Master's degree / Professional degree,"$168,000 or more",Democrat,2.2674429385607386e-06
Other,45-59,Asian / Asian American,Master's degree / Professional degree,"$168,000 or more",Independent,1.989413798060385e-06
Other,45-59,Asian / Asian American,Master's degree / Professional degree,"$168,000 or more",Other,1.1523688809455542e-07
Other,45-59,Asian / Asian American,Master's degree / Professional degree,"$168,000 or more",Republican,9.451076826059072e-08
Other,45-59,Asian / Asian American,Master's degree / Professional degree,"$30,000 to $55,999",Democrat,4.716483225478377e-07
Other,45-59,Asian / Asian American,Master's degree / Professional degree,"$30,000 to $55,999",Independent,5.227414550205705e-07
Other,45-59,Asian / Asian American,Master's degree / Professional degree,"$30,000 to $55,999",Other,5.359129892884312e-08
Other,45-59,Asian / Asian American,Master's degree / Professional degree,"$30,000 to $55,999",Republican,2.0170710733467358e-08
Other,45-59,Asian / Asian American,Master's degree / Professional degree,"$56,000 to $99,999",Democrat,9.059396935234105e-07
Other,45-59,Asian / Asian American,Master's degree / Professional degree,"$56,000 to $99,999",Independent,8.650845063102392e-07
Other,45-59,Asian / Asian American,Master's degree / Professional degree,"$56,000 to $99,999",Other,8.394378394012943e-08
Other,45-59,Asian / Asian American,Master's degree / Professional degree,"$56,000 to $99,999",Republican,3.576745269918257e-08
Other,45-59,Asian / Asian American,Master's degree / Professional degree,"Less than $30,000",Democrat,4.172746712503236e-07
Other,45-59,Asian / Asian American,Master's degree / Professional degree,"Less than $30,000",Independent,4.849702808665834e-07
Other,45-59,Asian / Asian American,Master's degree / Professional degree,"Less than $30,000",Other,4.1730823366560375e-08
Other,45-59,Asian / Asian American,Master's degree / Professional degree,"Less than $30,000",Republican,1.566367606976721e-08
Other,45-59,Asian / Asian American,Some college or Associate's degree,"$100,000 to $167,999",Democrat,1.4447860526063264e-06
Other,45-59,Asian / Asian American,Some college or Associate's degree,"$100,000 to $167,999",Independent,7.607330971290852e-07
Other,45-59,Asian / Asian American,Some college or Associate's degree,"$100,000 to $167,999",Other,2.985000951448966e-08
Other,45-59,Asian / Asian American,Some college or Associate's degree,"$100,000 to $167,999",Republican,6.069249806522302e-08
Other,45-59,Asian / Asian American,Some college or Associate's degree,"$168,000 or more",Democrat,7.826456296040927e-07
Other,45-59,Asian / Asian American,Some college or Associate's degree,"$168,000 or more",Independent,4.07977028190697e-07
Other,45-59,Asian / Asian American,Some college or Associate's degree,"$168,000 or more",Other,1.6917085224794057e-08
Other,45-59,Asian / Asian American,Some college or Associate's degree,"$168,000 or more",Republican,3.060581439864519e-08
Other,45-59,Asian / Asian American,Some college or Associate's degree,"$30,000 to $55,999",Democrat,1.4169171987654462e-06
Other,45-59,Asian / Asian American,Some college or Associate's degree,"$30,000 to $55,999",Independent,7.697559218763466e-07
Other,45-59,Asian / Asian American,Some college or Associate's degree,"$30,000 to $55,999",Other,3.3425369975882076e-08
Other,45-59,Asian / Asian American,Some college or Associate's degree,"$30,000 to $55,999",Republican,6.307119266549705e-08
Other,45-59,Asian / Asian American,Some college or Associate's degree,"$56,000 to $99,999",Democrat,1.9520305341891904e-06
Other,45-59,Asian / Asian American,Some college or Associate's degree,"$56,000 to $99,999",Independent,1.0326139745623864e-06
Other,45-59,Asian / Asian American,Some college or Associate's degree,"$56,000 to $99,999",Other,3.637714506277713e-08
Other,45-59,Asian / Asian American,Some college or Associate's degree,"$56,000 to $99,999",Republican,8.467449013676265e-08
Other,45-59,Asian / Asian American,Some college or Associate's degree,"Less than $30,000",Democrat,1.1048299821792192e-06
Other,45-59,Asian / Asian American,Some college or Associate's degree,"Less than $30,000",Independent,7.419886955002414e-07
Other,45-59,Asian / Asian American,Some college or Associate's degree,"Less than $30,000",Other,2.5258928346712236e-08
Other,45-59,Asian / Asian American,Some college or Associate's degree,"Less than $30,000",Republican,4.8156376620993767e-08
Other,45-59,Black / African American,Bachelor's degree,"$100,000 to $167,999",Democrat,2.654782536793944e-06
Other,45-59,Black / African American,Bachelor's degree,"$100,000 to $167,999",Independent,8.952634453691166e-07
Other,45-59,Black / African American,Bachelor's degree,"$100,000 to $167,999",Other,1.1601235581924082e-06
Other,45-59,Black / African American,Bachelor's degree,"$100,000 to $167,999",Republican,5.516340527266058e-08
Other,45-59,Black / African American,Bachelor's degree,"$168,000 or more",Democrat,1.0827305271381349e-06
Other,45-59,Black / African American,Bachelor's degree,"$168,000 or more",Independent,3.892013552147055e-07
Other,45-59,Black / African American,Bachelor's degree,"$168,000 or more",Other,5.58419915343129e-07
Other,45-59,Black / African American,Bachelor's degree,"$168,000 or more",Republican,2.1934374145325687e-08
Other,45-59,Black / African American,Bachelor's degree,"$30,000 to $55,999",Democrat,2.5173165803807278e-06
Other,45-59,Black / African American,Bachelor's degree,"$30,000 to $55,999",Independent,8.128275129732287e-07
Other,45-59,Black / African American,Bachelor's degree,"$30,000 to $55,999",Other,9.849844115884151e-07
Other,45-59,Black / African American,Bachelor's degree,"$30,000 to $55,999",Republican,5.159173587430389e-08
Other,45-59,Black / African American,Bachelor's degree,"$56,000 to $99,999",Democrat,3.5669234240185305e-06
Other,45-59,Black / African American,Bachelor's degree,"$56,000 to $99,999",Independent,1.0723341207099006e-06
Other,45-59,Black / African American,Bachelor's degree,"$56,000 to $99,999",Other,1.1905386240871432e-06
Other,45-59,Black / African American,Bachelor's degree,"$56,000 to $99,999",Republican,1.0465517195403567e-07
Other,45-59,Black / African American,Bachelor's degree,"Less than $30,000",Democrat,2.1323612339000136e-06
Other,45-59,Black / African American,Bachelor's degree,"Less than $30,000",Independent,8.554371559727317e-07
Other,45-59,Black / African American,Bachelor's degree,"Less than $30,000",Other,7.957674324774333e-07
Other,45-59,Black / African American,Bachelor's degree,"Less than $30,000",Republican,4.2635327056145936e-08
Other,45-59,Black / African American,Doctorate degree / Ph.D.,"$100,000 to $167,999",Democrat,2.110467538949805e-07
Other,45-59,Black / African American,Doctorate degree / Ph.D.,"$100,000 to $167,999",Independent,5.203173211866979e-08
Other,45-59,Black / African American,Doctorate degree / Ph.D.,"$100,000 to $167,999",Other,3.10901427604893e-08
Other,45-59,Black / African American,Doctorate degree / Ph.D.,"$100,000 to $167,999",Republican,3.470802749130498e-09
Other,45-59,Black / African American,Doctorate degree / Ph.D.,"$168,000 or more",Democrat,1.9146269882172166e-07
Other,45-59,Black / African American,Doctorate degree / Ph.D.,"$168,000 or more",Independent,4.683167621858021e-08
Other,45-59,Black / African American,Doctorate degree / Ph.D.,"$168,000 or more",Other,2.8214893036231074e-08
Other,45-59,Black / African American,Doctorate degree / Ph.D.,"$168,000 or more",Republican,2.8990832378311306e-09
Other,45-59,Black / African American,Doctorate degree / Ph.D.,"$30,000 to $55,999",Democrat,7.572847626149832e-08
Other,45-59,Black / African American,Doctorate degree / Ph.D.,"$30,000 to $55,999",Independent,1.9305372879959016e-08
Other,45-59,Black / African American,Doctorate degree / Ph.D.,"$30,000 to $55,999",Other,1.2164712059245967e-08
Other,45-59,Black / African American,Doctorate degree / Ph.D.,"$30,000 to $55,999",Republican,1.3048266703935845e-09
Other,45-59,Black / African American,Doctorate degree / Ph.D.,"$56,000 to $99,999",Democrat,1.8016008200060325e-07
Other,45-59,Black / African American,Doctorate degree / Ph.D.,"$56,000 to $99,999",Independent,4.454999336932749e-08
Other,45-59,Black / African American,Doctorate degree / Ph.D.,"$56,000 to $99,999",Other,2.4831464029893313e-08
Other,45-59,Black / African American,Doctorate degree / Ph.D.,"$56,000 to $99,999",Republican,3.0862466324594547e-09
Other,45-59,Black / African American,Doctorate degree / Ph.D.,"Less than $30,000",Democrat,6.660802310459311e-08
Other,45-59,Black / African American,Doctorate degree / Ph.D.,"Less than $30,000",Independent,2.1018324686485982e-08
Other,45-59,Black / African American,Doctorate degree / Ph.D.,"Less than $30,000",Other,1.0102236318553515e-08
Other,45-59,Black / African American,Doctorate degree / Ph.D.,"Less than $30,000",Republican,1.1164236783407967e-09
Other,45-59,Black / African American,High school diploma / GED,"$100,000 to $167,999",Democrat,1.6907894209134525e-06
Other,45-59,Black / African American,High school diploma / GED,"$100,000 to $167,999",Independent,4.884020555936824e-07
Other,45-59,Black / African American,High school diploma / GED,"$100,000 to $167,999",Other,2.494108337657057e-07
Other,45-59,Black / African American,High school diploma / GED,"$100,000 to $167,999",Republican,1.7100363802268024e-08
Other,45-59,Black / African American,High school diploma / GED,"$168,000 or more",Democrat,3.940665276090535e-07
Other,45-59,Black / African American,High school diploma / GED,"$168,000 or more",Independent,1.1299975918953523e-07
Other,45-59,Black / African American,High school diploma / GED,"$168,000 or more",Other,5.933758122876773e-08
Other,45-59,Black / African American,High school diploma / GED,"$168,000 or more",Republican,3.6764003542108385e-09
Other,45-59,Black / African American,High school diploma / GED,"$30,000 to $55,999",Democrat,5.042483568744098e-06
Other,45-59,Black / African American,High school diploma / GED,"$30,000 to $55,999",Independent,1.3759126790940568e-06
Other,45-59,Black / African American,High school diploma / GED,"$30,000 to $55,999",Other,7.126789527191344e-07
Other,45-59,Black / African American,High school diploma / GED,"$30,000 to $55,999",Republican,5.97108576393008e-08
Other,45-59,Black / African American,High school diploma / GED,"$56,000 to $99,999",Democrat,4.028285617776155e-06
Other,45-59,Black / African American,High school diploma / GED,"$56,000 to $99,999",Independent,1.3582718034027376e-06
Other,45-59,Black / African American,High school diploma / GED,"$56,000 to $99,999",Other,4.5258512478520955e-07
Other,45-59,Black / African American,High school diploma / GED,"$56,000 to $99,999",Republican,5.496854814397947e-08
Other,45-59,Black / African American,High school diploma / GED,"Less than $30,000",Democrat,7.85749811363264e-06
Other,45-59,Black / African American,High school diploma / GED,"Less than $30,000",Independent,2.1892151966148305e-06
Other,45-59,Black / African American,High school diploma / GED,"Less than $30,000",Other,1.628199297821403e-06
Other,45-59,Black / African American,High school diploma / GED,"Less than $30,000",Republican,7.85885273188327e-08
Other,45-59,Black / African American,Less than high school,"$100,000 to $167,999",Democrat,2.1247262025661122e-07
Other,45-59,Black / African American,Less than high school,"$100,000 to $167,999",Independent,1.569538326210625e-07
Other,45-59,Black / African American,Less than high school,"$100,000 to $167,999",Other,7.113840792282469e-08
Other,45-59,Black / African American,Less than high school,"$100,000 to $167,999",Republican,7.653361995444816e-10
Other,45-59,Black / African American,Less than high school,"$168,000 or more",Democrat,6.166231388382606e-08
Other,45-59,Black / African American,Less than high school,"$168,000 or more",Independent,4.482225019809078e-08
Other,45-59,Black / African American,Less than high school,"$168,000 or more",Other,2.0893135297938767e-08
Other,45-59,Black / African American,Less than high school,"$168,000 or more",Republican,2.0696006779908053e-10
Other,45-59,Black / African American,Less than high school,"$30,000 to $55,999",Democrat,1.0637943064307366e-06
Other,45-59,Black / African American,Less than high school,"$30,000 to $55,999",Independent,7.857977448955629e-07
Other,45-59,Black / African American,Less than high school,"$30,000 to $55,999",Other,4.066379813182058e-07
Other,45-59,Black / African American,Less than high school,"$30,000 to $55,999",Republican,4.209418861283773e-09
Other,45-59,Black / African American,Less than high school,"$56,000 to $99,999",Democrat,6.720348213161648e-07
Other,45-59,Black / African American,Less than high school,"$56,000 to $99,999",Independent,5.051191070537626e-07
Other,45-59,Black / African American,Less than high school,"$56,000 to $99,999",Other,2.0617587266491093e-07
Other,45-59,Black / African American,Less than high school,"$56,000 to $99,999",Republican,2.467827041439952e-09
Other,45-59,Black / African American,Less than high school,"Less than $30,000",Democrat,2.7182466964906e-06
Other,45-59,Black / African American,Less than high school,"Less than $30,000",Independent,2.66323102347823e-06
Other,45-59,Black / African American,Less than high school,"Less than $30,000",Other,1.1251234006700207e-08
Other,45-59,Black / African American,Less than high school,"Less than $30,000",Republican,1.5648246443734655e-08
Other,45-59,Black / African American,Master's degree / Professional degree,"$100,000 to $167,999",Democrat,1.9390264556023555e-06
Other,45-59,Black / African American,Master's degree / Professional degree,"$100,000 to $167,999",Independent,6.964749389639822e-07
Other,45-59,Black / African American,Master's degree / Professional degree,"$100,000 to $167,999",Other,1.625281087169611e-07
Other,45-59,Black / African American,Master's degree / Professional degree,"$100,000 to $167,999",Republican,2.7235927858581225e-08
Other,45-59,Black / African American,Master's degree / Professional degree,"$168,000 or more",Democrat,1.179367309152636e-06
Other,45-59,Black / African American,Master's degree / Professional degree,"$168,000 or more",Independent,4.632060662700784e-07
Other,45-59,Black / African American,Master's degree / Professional degree,"$168,000 or more",Other,1.1320604922399939e-07
Other,45-59,Black / African American,Master's degree / Professional degree,"$168,000 or more",Republican,1.620334294531149e-08
Other,45-59,Black / African American,Master's degree / Professional degree,"$30,000 to $55,999",Democrat,1.1804071225335649e-06
Other,45-59,Black / African American,Master's degree / Professional degree,"$30,000 to $55,999",Independent,4.060411009780736e-07
Other,45-59,Black / African American,Master's degree / Professional degree,"$30,000 to $55,999",Other,9.659607034655742e-08
Other,45-59,Black / African American,Master's degree / Professional degree,"$30,000 to $55,999",Republican,1.6588213305796425e-08
Other,45-59,Black / African American,Master's degree / Professional degree,"$56,000 to $99,999",Democrat,2.097689694052214e-06
Other,45-59,Black / African American,Master's degree / Professional degree,"$56,000 to $99,999",Independent,6.800248575790767e-07
Other,45-59,Black / African American,Master's degree / Professional degree,"$56,000 to $99,999",Other,1.411492627955308e-07
Other,45-59,Black / African American,Master's degree / Professional degree,"$56,000 to $99,999",Republican,2.8814744763067062e-08
Other,45-59,Black / African American,Master's degree / Professional degree,"Less than $30,000",Democrat,7.827114948888199e-07
Other,45-59,Black / African American,Master's degree / Professional degree,"Less than $30,000",Independent,3.326521485749277e-07
Other,45-59,Black / African American,Master's degree / Professional degree,"Less than $30,000",Other,6.031162172763798e-08
Other,45-59,Black / African American,Master's degree / Professional degree,"Less than $30,000",Republican,1.068817594754636e-08
Other,45-59,Black / African American,Some college or Associate's degree,"$100,000 to $167,999",Democrat,4.089620090589743e-06
Other,45-59,Black / African American,Some college or Associate's degree,"$100,000 to $167,999",Independent,9.474666848952944e-07
Other,45-59,Black / African American,Some college or Associate's degree,"$100,000 to $167,999",Other,1.6722351710042715e-07
Other,45-59,Black / African American,Some college or Associate's degree,"$100,000 to $167,999",Republican,2.6998421059111144e-08
Other,45-59,Black / African American,Some college or Associate's degree,"$168,000 or more",Democrat,9.745783102440302e-07
Other,45-59,Black / African American,Some college or Associate's degree,"$168,000 or more",Independent,3.521333652369801e-07
Other,45-59,Black / African American,Some college or Associate's degree,"$168,000 or more",Other,7.919714472196431e-08
Other,45-59,Black / African American,Some college or Associate's degree,"$168,000 or more",Republican,1.0286925517387589e-08
Other,45-59,Black / African American,Some college or Associate's degree,"$30,000 to $55,999",Democrat,6.752806741925965e-06
Other,45-59,Black / African American,Some college or Associate's degree,"$30,000 to $55,999",Independent,2.837872955342205e-06
Other,45-59,Black / African American,Some college or Associate's degree,"$30,000 to $55,999",Other,5.725147562906505e-07
Other,45-59,Black / African American,Some college or Associate's degree,"$30,000 to $55,999",Republican,6.771082775100818e-08
Other,45-59,Black / African American,Some college or Associate's degree,"$56,000 to $99,999",Democrat,7.421249184009755e-06
Other,45-59,Black / African American,Some college or Associate's degree,"$56,000 to $99,999",Independent,2.558171014203365e-06
Other,45-59,Black / African American,Some college or Associate's degree,"$56,000 to $99,999",Other,7.345793470001365e-07
Other,45-59,Black / African American,Some college or Associate's degree,"$56,000 to $99,999",Republican,3.0408972158764404e-08
Other,45-59,Black / African American,Some college or Associate's degree,"Less than $30,000",Democrat,8.402780586664242e-06
Other,45-59,Black / African American,Some college or Associate's degree,"Less than $30,000",Independent,3.6993194607368464e-06
Other,45-59,Black / African American,Some college or Associate's degree,"Less than $30,000",Other,8.007920605382118e-07
Other,45-59,Black / African American,Some college or Associate's degree,"Less than $30,000",Republican,9.231208568724463e-08
Other,45-59,Hispanic / Latino,Bachelor's degree,"$100,000 to $167,999",Democrat,2.0838581243815204e-06
Other,45-59,Hispanic / Latino,Bachelor's degree,"$100,000 to $167,999",Independent,1.8622573153624829e-06
Other,45-59,Hispanic / Latino,Bachelor's degree,"$100,000 to $167,999",Other,2.438557941634829e-07
Other,45-59,Hispanic / Latino,Bachelor's degree,"$100,000 to $167,999",Republican,2.6542707332195234e-07
Other,45-59,Hispanic / Latino,Bachelor's degree,"$168,000 or more",Democrat,1.2523975627975642e-06
Other,45-59,Hispanic / Latino,Bachelor's degree,"$168,000 or more",Independent,1.1459249315561024e-06
Other,45-59,Hispanic / Latino,Bachelor's degree,"$168,000 or more",Other,1.622508356938224e-07
Other,45-59,Hispanic / Latino,Bachelor's degree,"$168,000 or more",Republican,1.324379676870115e-07
Other,45-59,Hispanic / Latino,Bachelor's degree,"$30,000 to $55,999",Democrat,1.8266727238958018e-06
Other,45-59,Hispanic / Latino,Bachelor's degree,"$30,000 to $55,999",Independent,1.7515209402093897e-06
Other,45-59,Hispanic / Latino,Bachelor's degree,"$30,000 to $55,999",Other,2.4215296014558297e-07
Other,45-59,Hispanic / Latino,Bachelor's degree,"$30,000 to $55,999",Republican,2.253887400907359e-07
Other,45-59,Hispanic / Latino,Bachelor's degree,"$56,000 to $99,999",Democrat,3.225968019258876e-06
Other,45-59,Hispanic / Latino,Bachelor's degree,"$56,000 to $99,999",Independent,2.2101268752696428e-06
Other,45-59,Hispanic / Latino,Bachelor's degree,"$56,000 to $99,999",Other,3.7765272539800467e-07
Other,45-59,Hispanic / Latino,Bachelor's degree,"$56,000 to $99,999",Republican,2.945837372639669e-07
Other,45-59,Hispanic / Latino,Bachelor's degree,"Less than $30,000",Democrat,1.3806120788024726e-06
Other,45-59,Hispanic / Latino,Bachelor's degree,"Less than $30,000",Independent,1.6419276440903511e-06
Other,45-59,Hispanic / Latino,Bachelor's degree,"Less than $30,000",Other,1.686334862298843e-07
Other,45-59,Hispanic / Latino,Bachelor's degree,"Less than $30,000",Republican,1.672268775685555e-07
Other,45-59,Hispanic / Latino,Doctorate degree / Ph.D.,"$100,000 to $167,999",Democrat,1.2767169591508306e-07
Other,45-59,Hispanic / Latino,Doctorate degree / Ph.D.,"$100,000 to $167,999",Independent,1.505571020534017e-07
Other,45-59,Hispanic / Latino,Doctorate degree / Ph.D.,"$100,000 to $167,999",Other,5.308030938646133e-08
Other,45-59,Hispanic / Latino,Doctorate degree / Ph.D.,"$100,000 to $167,999",Republican,6.970068093705233e-09
Other,45-59,Hispanic / Latino,Doctorate degree / Ph.D.,"$168,000 or more",Democrat,1.258545414948872e-07
Other,45-59,Hispanic / Latino,Doctorate degree / Ph.D.,"$168,000 or more",Independent,1.4724529634792795e-07
Other,45-59,Hispanic / Latino,Doctorate degree / Ph.D.,"$168,000 or more",Other,5.2342914666899506e-08
Other,45-59,Hispanic / Latino,Doctorate degree / Ph.D.,"$168,000 or more",Republican,6.326107066038346e-09
Other,45-59,Hispanic / Latino,Doctorate degree / Ph.D.,"$30,000 to $55,999",Democrat,5.7048607789012395e-08
Other,45-59,Hispanic / Latino,Doctorate degree / Ph.D.,"$30,000 to $55,999",Independent,6.956343816098991e-08
Other,45-59,Hispanic / Latino,Doctorate degree / Ph.D.,"$30,000 to $55,999",Other,2.586321107222226e-08
Other,45-59,Hispanic / Latino,Doctorate degree / Ph.D.,"$30,000 to $55,999",Republican,3.26309557607575e-09
Other,45-59,Hispanic / Latino,Doctorate degree / Ph.D.,"$56,000 to $99,999",Democrat,1.03511598406189e-07
Other,45-59,Hispanic / Latino,Doctorate degree / Ph.D.,"$56,000 to $99,999",Independent,1.2243204405996307e-07
Other,45-59,Hispanic / Latino,Doctorate degree / Ph.D.,"$56,000 to $99,999",Other,4.026498563170389e-08
Other,45-59,Hispanic / Latino,Doctorate degree / Ph.D.,"$56,000 to $99,999",Republican,5.8864330738976926e-09
Other,45-59,Hispanic / Latino,Doctorate degree / Ph.D.,"Less than $30,000",Democrat,5.73991507475635e-08
Other,45-59,Hispanic / Latino,Doctorate degree / Ph.D.,"Less than $30,000",Independent,8.663513006744867e-08
Other,45-59,Hispanic / Latino,Doctorate degree / Ph.D.,"Less than $30,000",Other,2.456921183901188e-08
Other,45-59,Hispanic / Latino,Doctorate degree / Ph.D.,"Less than $30,000",Republican,3.1937366274272874e-09
Other,45-59,Hispanic / Latino,High school diploma / GED,"$100,000 to $167,999",Democrat,2.2714477803830445e-06
Other,45-59,Hispanic / Latino,High school diploma / GED,"$100,000 to $167,999",Independent,1.5567957847326816e-06
Other,45-59,Hispanic / Latino,High school diploma / GED,"$100,000 to $167,999",Other,8.200975008815868e-07
Other,45-59,Hispanic / Latino,High school diploma / GED,"$100,000 to $167,999",Republican,1.751247011014703e-07
Other,45-59,Hispanic / Latino,High school diploma / GED,"$168,000 or more",Democrat,6.150269635309911e-07
Other,45-59,Hispanic / Latino,High school diploma / GED,"$168,000 or more",Independent,4.184188730324111e-07
Other,45-59,Hispanic / Latino,High school diploma / GED,"$168,000 or more",Other,2.1942613594974335e-07
Other,45-59,Hispanic / Latino,High school diploma / GED,"$168,000 or more",Republican,4.3486094633780736e-08
Other,45-59,Hispanic / Latino,High school diploma / GED,"$30,000 to $55,999",Democrat,5.089163187665244e-06
Other,45-59,Hispanic / Latino,High school diploma / GED,"$30,000 to $55,999",Independent,2.8151917984309562e-06
Other,45-59,Hispanic / Latino,High school diploma / GED,"$30,000 to $55,999",Other,1.7147845019360525e-07
Other,45-59,Hispanic / Latino,High school diploma / GED,"$30,000 to $55,999",Republican,3.6259209156565224e-07
Other,45-59,Hispanic / Latino,High school diploma / GED,"$56,000 to $99,999",Democrat,4.268521418740057e-06
Other,45-59,Hispanic / Latino,High school diploma / GED,"$56,000 to $99,999",Independent,2.215138834240345e-06
Other,45-59,Hispanic / Latino,High school diploma / GED,"$56,000 to $99,999",Other,1.5495264287269822e-06
Other,45-59,Hispanic / Latino,High school diploma / GED,"$56,000 to $99,999",Republican,5.370812688244073e-07
Other,45-59,Hispanic / Latino,High school diploma / GED,"Less than $30,000",Democrat,4.212855910513902e-06
Other,45-59,Hispanic / Latino,High school diploma / GED,"Less than $30,000",Independent,3.821959628669324e-06
Other,45-59,Hispanic / Latino,High school diploma / GED,"Less than $30,000",Other,2.4096371461765086e-06
Other,45-59,Hispanic / Latino,High school diploma / GED,"Less than $30,000",Republican,2.3992685504115503e-07
Other,45-59,Hispanic / Latino,Less than high school,"$100,000 to $167,999",Democrat,2.083272803685303e-06
Other,45-59,Hispanic / Latino,Less than high school,"$100,000 to $167,999",Independent,1.3999216069915562e-06
Other,45-59,Hispanic / Latino,Less than high school,"$100,000 to $167,999",Other,8.625841949057904e-08
Other,45-59,Hispanic / Latino,Less than high school,"$100,000 to $167,999",Republican,1.5434937172904075e-07
Other,45-59,Hispanic / Latino,Less than high school,"$168,000 or more",Democrat,4.93826922183884e-07
Other,45-59,Hispanic / Latino,Less than high school,"$168,000 or more",Independent,3.2962395569536874e-07
Other,45-59,Hispanic / Latino,Less than high school,"$168,000 or more",Other,2.032697990678945e-08
Other,45-59,Hispanic / Latino,Less than high school,"$168,000 or more",Republican,3.373182536120488e-08
Other,45-59,Hispanic / Latino,Less than high school,"$30,000 to $55,999",Democrat,5.141827644549806e-06
Other,45-59,Hispanic / Latino,Less than high school,"$30,000 to $55,999",Independent,3.505731401507863e-06
Other,45-59,Hispanic / Latino,Less than high school,"$30,000 to $55,999",Other,2.82801550578061e-07
Other,45-59,Hispanic / Latino,Less than high school,"$30,000 to $55,999",Republican,6.710335053856641e-07
Other,45-59,Hispanic / Latino,Less than high school,"$56,000 to $99,999",Democrat,7.3191437535850335e-06
Other,45-59,Hispanic / Latino,Less than high school,"$56,000 to $99,999",Independent,3.135309954462886e-06
Other,45-59,Hispanic / Latino,Less than high school,"$56,000 to $99,999",Republican,2.6190065739390027e-07
Other,45-59,Hispanic / Latino,Less than high school,"Less than $30,000",Democrat,5.574641741248892e-06
Other,45-59,Hispanic / Latino,Less than high school,"Less than $30,000",Independent,6.774812536472691e-06
Other,45-59,Hispanic / Latino,Less than high school,"Less than $30,000",Other,7.596890802304342e-07
Other,45-59,Hispanic / Latino,Less than high school,"Less than $30,000",Republican,3.615470084246964e-07
Other,45-59,Hispanic / Latino,Master's degree / Professional degree,"$100,000 to $167,999",Democrat,1.1557658757817386e-06
Other,45-59,Hispanic / Latino,Master's degree / Professional degree,"$100,000 to $167,999",Independent,1.0127920420274987e-06
Other,45-59,Hispanic / Latino,Master's degree / Professional degree,"$100,000 to $167,999",Other,1.5401608870912637e-07
Other,45-59,Hispanic / Latino,Master's degree / Professional degree,"$100,000 to $167,999",Republican,1.0540223022577297e-07
Other,45-59,Hispanic / Latino,Master's degree / Professional degree,"$168,000 or more",Democrat,1.0740561474596023e-06
Other,45-59,Hispanic / Latino,Master's degree / Professional degree,"$168,000 or more",Independent,9.359302238592631e-07
Other,45-59,Hispanic / Latino,Master's degree / Professional degree,"$168,000 or more",Other,1.4414261358478654e-07
Other,45-59,Hispanic / Latino,Master's degree / Professional degree,"$168,000 or more",Republican,9.003211693771086e-08
Other,45-59,Hispanic / Latino,Master's degree / Professional degree,"$30,000 to $55,999",Democrat,7.492338581530885e-07
Other,45-59,Hispanic / Latino,Master's degree / Professional degree,"$30,000 to $55,999",Independent,6.69085277162252e-07
Other,45-59,Hispanic / Latino,Master's degree / Professional degree,"$30,000 to $55,999",Other,1.0427350018305811e-07
Other,45-59,Hispanic / Latino,Master's degree / Professional degree,"$30,000 to $55,999",Republican,7.234561931293377e-08
Other,45-59,Hispanic / Latino,Master's degree / Professional degree,"$56,000 to $99,999",Democrat,1.1665514383477223e-06
Other,45-59,Hispanic / Latino,Master's degree / Professional degree,"$56,000 to $99,999",Independent,9.652986007276294e-07
Other,45-59,Hispanic / Latino,Master's degree / Professional degree,"$56,000 to $99,999",Other,1.2054638438426313e-07
Other,45-59,Hispanic / Latino,Master's degree / Professional degree,"$56,000 to $99,999",Republican,1.1557144004930356e-07
Other,45-59,Hispanic / Latino,Master's degree / Professional degree,"Less than $30,000",Democrat,5.429309864262552e-07
Other,45-59,Hispanic / Latino,Master's degree / Professional degree,"Less than $30,000",Independent,5.82717125355113e-07
Other,45-59,Hispanic / Latino,Master's degree / Professional degree,"Less than $30,000",Other,6.510454518302241e-08
Other,45-59,Hispanic / Latino,Master's degree / Professional degree,"Less than $30,000",Republican,5.2056688574456164e-08
Other,45-59,Hispanic / Latino,Some college or Associate's degree,"$100,000 to $167,999",Democrat,2.8904048910876187e-06
Other,45-59,Hispanic / Latino,Some college or Associate's degree,"$100,000 to $167,999",Independent,2.8828247144105334e-06
Other,45-59,Hispanic / Latino,Some college or Associate's degree,"$100,000 to $167,999",Other,1.2443184472260432e-06
Other,45-59,Hispanic / Latino,Some college or Associate's degree,"$100,000 to $167,999",Republican,3.234070866615399e-07
Other,45-59,Hispanic / Latino,Some college or Associate's degree,"$168,000 or more",Democrat,1.381604370314199e-06
Other,45-59,Hispanic / Latino,Some college or Associate's degree,"$168,000 or more",Independent,8.026164591458099e-07
Other,45-59,Hispanic / Latino,Some college or Associate's degree,"$168,000 or more",Other,4.5838943723745366e-07
Other,45-59,Hispanic / Latino,Some college or Associate's degree,"$168,000 or more",Republican,8.960476702934795e-08
Other,45-59,Hispanic / Latino,Some college or Associate's degree,"$30,000 to $55,999",Democrat,5.178934969493321e-06
Other,45-59,Hispanic / Latino,Some college or Associate's degree,"$30,000 to $55,999",Independent,3.0866779886615393e-06
Other,45-59,Hispanic / Latino,Some college or Associate's degree,"$30,000 to $55,999",Other,6.896110434561142e-07
Other,45-59,Hispanic / Latino,Some college or Associate's degree,"$30,000 to $55,999",Republican,4.021318976684184e-07
Other,45-59,Hispanic / Latino,Some college or Associate's degree,"$56,000 to $99,999",Democrat,5.677685113083872e-06
Other,45-59,Hispanic / Latino,Some college or Associate's degree,"$56,000 to $99,999",Independent,3.4192587584253856e-06
Other,45-59,Hispanic / Latino,Some college or Associate's degree,"$56,000 to $99,999",Other,4.17083531455495e-06
Other,45-59,Hispanic / Latino,Some college or Associate's degree,"$56,000 to $99,999",Republican,4.613513871971024e-07
Other,45-59,Hispanic / Latino,Some college or Associate's degree,"Less than $30,000",Democrat,6.294329661365712e-06
Other,45-59,Hispanic / Latino,Some college or Associate's degree,"Less than $30,000",Independent,2.661032216393291e-06
Other,45-59,Hispanic / Latino,Some college or Associate's degree,"Less than $30,000",Other,6.860679294388056e-07
Other,45-59,Hispanic / Latino,Some college or Associate's degree,"Less than $30,000",Republican,2.502279923278006e-07
Other,45-59,Other,Bachelor's degree,"$100,000 to $167,999",Democrat,3.057250862177104e-07
Other,45-59,Other,Bachelor's degree,"$100,000 to $167,999",Independent,4.5395472493614536e-07
Other,45-59,Other,Bachelor's degree,"$100,000 to $167,999",Other,3.861467129993198e-07
Other,45-59,Other,Bachelor's degree,"$100,000 to $167,999",Republican,3.5080044700369697e-08
Other,45-59,Other,Bachelor's degree,"$168,000 or more",Democrat,2.068182165420442e-07
Other,45-59,Other,Bachelor's degree,"$168,000 or more",Independent,3.130556130551877e-07
Other,45-59,Other,Bachelor's degree,"$168,000 or more",Other,2.6640148963408993e-07
Other,45-59,Other,Bachelor's degree,"$168,000 or more",Republican,2.26024977560036e-08
Other,45-59,Other,Bachelor's degree,"$30,000 to $55,999",Democrat,2.195081251409798e-07
Other,45-59,Other,Bachelor's degree,"$30,000 to $55,999",Independent,3.238522910858711e-07
Other,45-59,Other,Bachelor's degree,"$30,000 to $55,999",Other,2.9395737169259747e-07
Other,45-59,Other,Bachelor's degree,"$30,000 to $55,999",Republican,2.509695396733019e-08
Other,45-59,Other,Bachelor's degree,"$56,000 to $99,999",Democrat,3.3836928702219426e-07
Other,45-59,Other,Bachelor's degree,"$56,000 to $99,999",Independent,4.93075838584436e-07
Other,45-59,Other,Bachelor's degree,"$56,000 to $99,999",Other,3.937652123991931e-07
Other,45-59,Other,Bachelor's degree,"$56,000 to $99,999",Republican,3.935136380695956e-08
Other,45-59,Other,Bachelor's degree,"Less than $30,000",Democrat,2.1623342710933476e-07
Other,45-59,Other,Bachelor's degree,"Less than $30,000",Independent,3.9703332164455155e-07
Other,45-59,Other,Bachelor's degree,"Less than $30,000",Other,2.7444421117238406e-07
Other,45-59,Other,Bachelor's degree,"Less than $30,000",Republican,2.4214801617135965e-08
Other,45-59,Other,Doctorate degree / Ph.D.,"$100,000 to $167,999",Democrat,3.8534858605378896e-08
Other,45-59,Other,Doctorate degree / Ph.D.,"$100,000 to $167,999",Independent,3.6594511813499605e-08
Other,45-59,Other,Doctorate degree / Ph.D.,"$100,000 to $167,999",Other,3.171486850848828e-08
Other,45-59,Other,Doctorate degree / Ph.D.,"$100,000 to $167,999",Republican,2.1295980528632476e-09
Other,45-59,Other,Doctorate degree / Ph.D.,"$168,000 or more",Democrat,3.2467776966789805e-08
Other,45-59,Other,Doctorate degree / Ph.D.,"$168,000 or more",Independent,3.059008341305429e-08
Other,45-59,Other,Doctorate degree / Ph.D.,"$168,000 or more",Other,2.6730796001795366e-08
Other,45-59,Other,Doctorate degree / Ph.D.,"$168,000 or more",Republican,1.6520442574758623e-09
Other,45-59,Other,Doctorate degree / Ph.D.,"$30,000 to $55,999",Democrat,2.4693434554497603e-08
Other,45-59,Other,Doctorate degree / Ph.D.,"$30,000 to $55,999",Independent,2.4247839917923088e-08
Other,45-59,Other,Doctorate degree / Ph.D.,"$30,000 to $55,999",Other,2.2160993179064307e-08
Other,45-59,Other,Doctorate degree / Ph.D.,"$30,000 to $55,999",Republican,1.4297750720075665e-09
Other,45-59,Other,Doctorate degree / Ph.D.,"$56,000 to $99,999",Democrat,3.121439139424761e-08
Other,45-59,Other,Doctorate degree / Ph.D.,"$56,000 to $99,999",Independent,2.9731479807840052e-08
Other,45-59,Other,Doctorate degree / Ph.D.,"$56,000 to $99,999",Other,2.4036085063100154e-08
Other,45-59,Other,Doctorate degree / Ph.D.,"$56,000 to $99,999",Republican,1.7968819453911067e-09
Other,45-59,Other,Doctorate degree / Ph.D.,"Less than $30,000",Democrat,2.0729186580659098e-08
Other,45-59,Other,Doctorate degree / Ph.D.,"Less than $30,000",Independent,2.519569799698971e-08
Other,45-59,Other,Doctorate degree / Ph.D.,"Less than $30,000",Other,1.7564603306556068e-08
Other,45-59,Other,Doctorate degree / Ph.D.,"Less than $30,000",Republican,1.1675550603281818e-09
Other,45-59,Other,High school diploma / GED,"$100,000 to $167,999",Democrat,8.760556744178631e-08
Other,45-59,Other,High school diploma / GED,"$100,000 to $167,999",Independent,1.9673593070542112e-07
Other,45-59,Other,High school diploma / GED,"$100,000 to $167,999",Other,1.7880304390885175e-07
Other,45-59,Other,High school diploma / GED,"$100,000 to $167,999",Republican,2.6015953510555155e-08
Other,45-59,Other,High school diploma / GED,"$168,000 or more",Democrat,3.2589684152727413e-08
Other,45-59,Other,High school diploma / GED,"$168,000 or more",Independent,6.961866034423e-08
Other,45-59,Other,High school diploma / GED,"$168,000 or more",Other,6.372257644530808e-08
Other,45-59,Other,High school diploma / GED,"$168,000 or more",Republican,8.491305022895867e-09
Other,45-59,Other,High school diploma / GED,"$30,000 to $55,999",Democrat,1.8875260373196975e-07
Other,45-59,Other,High school diploma / GED,"$30,000 to $55,999",Independent,4.0776009742338135e-07
Other,45-59,Other,High school diploma / GED,"$30,000 to $55,999",Other,3.9001343168677494e-07
Other,45-59,Other,High school diploma / GED,"$30,000 to $55,999",Republican,5.4052390922017676e-08
Other,45-59,Other,High school diploma / GED,"$56,000 to $99,999",Democrat,1.657872164275176e-07
Other,45-59,Other,High school diploma / GED,"$56,000 to $99,999",Independent,3.6271772893041865e-07
Other,45-59,Other,High school diploma / GED,"$56,000 to $99,999",Other,3.072638629730156e-07
Other,45-59,Other,High school diploma / GED,"$56,000 to $99,999",Republican,4.960394554791696e-08
Other,45-59,Other,High school diploma / GED,"Less than $30,000",Democrat,3.1461456902902474e-07
Other,45-59,Other,High school diploma / GED,"Less than $30,000",Independent,8.256076285710197e-07
Other,45-59,Other,High school diploma / GED,"Less than $30,000",Other,3.002395467936202e-07
Other,45-59,Other,High school diploma / GED,"Less than $30,000",Republican,5.491703294629118e-08
Other,45-59,Other,Less than high school,"$100,000 to $167,999",Democrat,3.216341891039589e-08
Other,45-59,Other,Less than high school,"$100,000 to $167,999",Independent,5.2007829151369446e-08
Other,45-59,Other,Less than high school,"$100,000 to $167,999",Other,1.2876520095333972e-07
Other,45-59,Other,Less than high school,"$100,000 to $167,999",Republican,7.955546566124854e-09
Other,45-59,Other,Less than high school,"$168,000 or more",Democrat,1.1256458728686164e-08
Other,45-59,Other,Less than high school,"$168,000 or more",Independent,1.8018229966894604e-08
Other,45-59,Other,Less than high school,"$168,000 or more",Other,4.4788870040284003e-08
Other,45-59,Other,Less than high school,"$168,000 or more",Republican,2.540269654054757e-09
Other,45-59,Other,Less than high school,"$30,000 to $55,999",Democrat,8.829719708086548e-08
Other,45-59,Other,Less than high school,"$30,000 to $55,999",Independent,1.47727037255209e-07
Other,45-59,Other,Less than high school,"$30,000 to $55,999",Other,3.8618152199135237e-07
Other,45-59,Other,Less than high school,"$30,000 to $55,999",Republican,2.294201191157077e-08
Other,45-59,Other,Less than high school,"$56,000 to $99,999",Democrat,5.976190922244623e-08
Other,45-59,Other,Less than high school,"$56,000 to $99,999",Independent,9.724735481694072e-08
Other,45-59,Other,Less than high school,"$56,000 to $99,999",Other,2.2603595613926339e-07
Other,45-59,Other,Less than high school,"$56,000 to $99,999",Republican,1.560817438330195e-08
Other,45-59,Other,Less than high school,"Less than $30,000",Democrat,1.9598321997032374e-07
Other,45-59,Other,Less than high school,"Less than $30,000",Independent,4.019011801087684e-07
Other,45-59,Other,Less than high school,"Less than $30,000",Other,7.862138949501155e-07
Other,45-59,Other,Less than high school,"Less than $30,000",Republican,4.755567851870348e-08
Other,45-59,Other,Master's degree / Professional degree,"$100,000 to $167,999",Democrat,2.218504481888422e-07
Other,45-59,Other,Master's degree / Professional degree,"$100,000 to $167,999",Independent,2.249855874133135e-07
Other,45-59,Other,Master's degree / Professional degree,"$100,000 to $167,999",Other,1.989956923614581e-07
Other,45-59,Other,Master's degree / Professional degree,"$100,000 to $167,999",Republican,1.4769296445146499e-08
Other,45-59,Other,Master's degree / Professional degree,"$168,000 or more",Democrat,2.561399799772212e-07
Other,45-59,Other,Master's degree / Professional degree,"$168,000 or more",Independent,2.5627964600181773e-07
Other,45-59,Other,Master's degree / Professional degree,"$168,000 or more",Other,2.2063037699990376e-07
Other,45-59,Other,Master's degree / Professional degree,"$168,000 or more",Republican,1.582812221050644e-08
Other,45-59,Other,Master's degree / Professional degree,"$30,000 to $55,999",Democrat,1.2458380532022237e-07
Other,45-59,Other,Master's degree / Professional degree,"$30,000 to $55,999",Independent,1.3116133589923952e-07
Other,45-59,Other,Master's degree / Professional degree,"$30,000 to $55,999",Other,1.2533502146692035e-07
Other,45-59,Other,Master's degree / Professional degree,"$30,000 to $55,999",Republican,8.639126625650458e-09
Other,45-59,Other,Master's degree / Professional degree,"$56,000 to $99,999",Democrat,1.9504114336144293e-07
Other,45-59,Other,Master's degree / Professional degree,"$56,000 to $99,999",Independent,1.997331840558922e-07
Other,45-59,Other,Master's degree / Professional degree,"$56,000 to $99,999",Other,1.7165747863512531e-07
Other,45-59,Other,Master's degree / Professional degree,"$56,000 to $99,999",Republican,1.3391111665531225e-08
Other,45-59,Other,Master's degree / Professional degree,"Less than $30,000",Democrat,1.2903512200360493e-07
Other,45-59,Other,Master's degree / Professional degree,"Less than $30,000",Independent,1.6881375336161112e-07
Other,45-59,Other,Master's degree / Professional degree,"Less than $30,000",Other,1.2594712575962567e-07
Other,45-59,Other,Master's degree / Professional degree,"Less than $30,000",Republican,8.653513523135027e-09
Other,45-59,Other,Some college or Associate's degree,"$100,000 to $167,999",Democrat,2.2367625814931114e-07
Other,45-59,Other,Some college or Associate's degree,"$100,000 to $167,999",Independent,5.343158157191009e-07
Other,45-59,Other,Some college or Associate's degree,"$100,000 to $167,999",Other,3.9374691215852604e-07
Other,45-59,Other,Some college or Associate's degree,"$100,000 to $167,999",Republican,5.507243996830203e-08
Other,45-59,Other,Some college or Associate's degree,"$168,000 or more",Democrat,9.283294647089505e-08
Other,45-59,Other,Some college or Associate's degree,"$168,000 or more",Independent,2.222461273719177e-07
Other,45-59,Other,Some college or Associate's degree,"$168,000 or more",Other,1.6832247546044673e-07
Other,45-59,Other,Some college or Associate's degree,"$168,000 or more",Republican,2.1394623624016014e-08
Other,45-59,Other,Some college or Associate's degree,"$30,000 to $55,999",Democrat,3.55118451190269e-07
Other,45-59,Other,Some college or Associate's degree,"$30,000 to $55,999",Independent,8.318258960830892e-07
Other,45-59,Other,Some college or Associate's degree,"$30,000 to $55,999",Other,5.787664226474697e-07
Other,45-59,Other,Some college or Associate's degree,"$30,000 to $55,999",Republican,8.385339609672036e-08
Other,45-59,Other,Some college or Associate's degree,"$56,000 to $99,999",Democrat,4.052395523491376e-07
Other,45-59,Other,Some college or Associate's degree,"$56,000 to $99,999",Independent,9.64144972868682e-07
Other,45-59,Other,Some college or Associate's degree,"$56,000 to $99,999",Other,6.53806707179962e-07
Other,45-59,Other,Some college or Associate's degree,"$56,000 to $99,999",Republican,1.0274150350263572e-07
Other,45-59,Other,Some college or Associate's degree,"Less than $30,000",Democrat,4.5507485390145475e-07
Other,45-59,Other,Some college or Associate's degree,"Less than $30,000",Independent,1.3248338597137298e-06
Other,45-59,Other,Some college or Associate's degree,"Less than $30,000",Other,7.095745370263327e-07
Other,45-59,Other,Some college or Associate's degree,"Less than $30,000",Republican,1.0525249569635977e-07
Other,45-59,White / Caucasian,Bachelor's degree,"$100,000 to $167,999",Democrat,1.573056735766803e-05
Other,45-59,White / Caucasian,Bachelor's degree,"$100,000 to $167,999",Independent,2.011820238663827e-05
Other,45-59,White / Caucasian,Bachelor's degree,"$100,000 to $167,999",Other,5.160471703745815e-06
Other,45-59,White / Caucasian,Bachelor's degree,"$100,000 to $167,999",Republican,4.049701366541632e-06
Other,45-59,White / Caucasian,Bachelor's degree,"$168,000 or more",Democrat,1.722456206566141e-05
Other,45-59,White / Caucasian,Bachelor's degree,"$168,000 or more",Independent,1.5379760677559607e-05
Other,45-59,White / Caucasian,Bachelor's degree,"$168,000 or more",Other,3.7808459634474573e-06
Other,45-59,White / Caucasian,Bachelor's degree,"$168,000 or more",Republican,2.971613994651103e-06
Other,45-59,White / Caucasian,Bachelor's degree,"$30,000 to $55,999",Democrat,7.5631997751728544e-06
Other,45-59,White / Caucasian,Bachelor's degree,"$30,000 to $55,999",Independent,9.584067092279347e-06
Other,45-59,White / Caucasian,Bachelor's degree,"$30,000 to $55,999",Other,2.4250970508866237e-06
Other,45-59,White / Caucasian,Bachelor's degree,"$30,000 to $55,999",Republican,1.5675483187352997e-06
Other,45-59,White / Caucasian,Bachelor's degree,"$56,000 to $99,999",Democrat,1.605259452473583e-05
Other,45-59,White / Caucasian,Bachelor's degree,"$56,000 to $99,999",Independent,1.6601191159650767e-05
Other,45-59,White / Caucasian,Bachelor's degree,"$56,000 to $99,999",Other,4.159032688609159e-06
Other,45-59,White / Caucasian,Bachelor's degree,"$56,000 to $99,999",Republican,3.190672292604638e-06
Other,45-59,White / Caucasian,Bachelor's degree,"Less than $30,000",Democrat,9.006136712570763e-06
Other,45-59,White / Caucasian,Bachelor's degree,"Less than $30,000",Independent,7.698904203046694e-06
Other,45-59,White / Caucasian,Bachelor's degree,"Less than $30,000",Other,4.03892461894905e-06
Other,45-59,White / Caucasian,Bachelor's degree,"Less than $30,000",Republican,1.0435205287767146e-06
Other,45-59,White / Caucasian,Doctorate degree / Ph.D.,"$100,000 to $167,999",Democrat,1.4391448308814169e-06
Other,45-59,White / Caucasian,Doctorate degree / Ph.D.,"$100,000 to $167,999",Independent,1.071320870847952e-06
Other,45-59,White / Caucasian,Doctorate degree / Ph.D.,"$100,000 to $167,999",Other,3.138222794208473e-07
Other,45-59,White / Caucasian,Doctorate degree / Ph.D.,"$100,000 to $167,999",Republican,1.768454051119714e-07
Other,45-59,White / Caucasian,Doctorate degree / Ph.D.,"$168,000 or more",Democrat,2.026214565027212e-06
Other,45-59,White / Caucasian,Doctorate degree / Ph.D.,"$168,000 or more",Independent,1.5181328712096346e-06
Other,45-59,White / Caucasian,Doctorate degree / Ph.D.,"$168,000 or more",Other,4.4749290839028706e-07
Other,45-59,White / Caucasian,Doctorate degree / Ph.D.,"$168,000 or more",Republican,2.274107694953509e-07
Other,45-59,White / Caucasian,Doctorate degree / Ph.D.,"$30,000 to $55,999",Democrat,3.2984148501337955e-07
Other,45-59,White / Caucasian,Doctorate degree / Ph.D.,"$30,000 to $55,999",Independent,2.5332051442122187e-07
Other,45-59,White / Caucasian,Doctorate degree / Ph.D.,"$30,000 to $55,999",Other,7.82783307881308e-08
Other,45-59,White / Caucasian,Doctorate degree / Ph.D.,"$30,000 to $55,999",Republican,4.251842225678878e-08
Other,45-59,White / Caucasian,Doctorate degree / Ph.D.,"$56,000 to $99,999",Democrat,9.284283805341342e-07
Other,45-59,White / Caucasian,Doctorate degree / Ph.D.,"$56,000 to $99,999",Independent,6.786986808648312e-07
Other,45-59,White / Caucasian,Doctorate degree / Ph.D.,"$56,000 to $99,999",Other,1.86013448353426e-07
Other,45-59,White / Caucasian,Doctorate degree / Ph.D.,"$56,000 to $99,999",Republican,1.2021327774962134e-07
Other,45-59,White / Caucasian,Doctorate degree / Ph.D.,"Less than $30,000",Democrat,3.751198325378321e-07
Other,45-59,White / Caucasian,Doctorate degree / Ph.D.,"Less than $30,000",Independent,3.3596020274656435e-07
Other,45-59,White / Caucasian,Doctorate degree / Ph.D.,"Less than $30,000",Other,7.987243037727238e-08
Other,45-59,White / Caucasian,Doctorate degree / Ph.D.,"Less than $30,000",Republican,4.8537769122428696e-08
Other,45-59,White / Caucasian,High school diploma / GED,"$100,000 to $167,999",Democrat,3.824981012939618e-06
Other,45-59,White / Caucasian,High school diploma / GED,"$100,000 to $167,999",Independent,7.205176402356005e-06
Other,45-59,White / Caucasian,High school diploma / GED,"$100,000 to $167,999",Other,2.2747811293825356e-06
Other,45-59,White / Caucasian,High school diploma / GED,"$100,000 to $167,999",Republican,2.1693361436065413e-06
Other,45-59,White / Caucasian,High school diploma / GED,"$168,000 or more",Democrat,1.8380103634387049e-06
Other,45-59,White / Caucasian,High school diploma / GED,"$168,000 or more",Independent,1.7865001662421836e-06
Other,45-59,White / Caucasian,High school diploma / GED,"$168,000 or more",Other,3.975073659914088e-07
Other,45-59,White / Caucasian,High school diploma / GED,"$168,000 or more",Republican,5.534392242353021e-07
Other,45-59,White / Caucasian,High school diploma / GED,"$30,000 to $55,999",Democrat,8.966651146048837e-06
Other,45-59,White / Caucasian,High school diploma / GED,"$30,000 to $55,999",Independent,9.79601856795183e-06
Other,45-59,White / Caucasian,High school diploma / GED,"$30,000 to $55,999",Other,5.508147344260515e-06
Other,45-59,White / Caucasian,High school diploma / GED,"$30,000 to $55,999",Republican,2.862015297875938e-06
Other,45-59,White / Caucasian,High school diploma / GED,"$56,000 to $99,999",Democrat,6.904585937651304e-06
Other,45-59,White / Caucasian,High school diploma / GED,"$56,000 to $99,999",Independent,1.4271852052023098e-05
Other,45-59,White / Caucasian,High school diploma / GED,"$56,000 to $99,999",Other,3.3733742441161104e-06
Other,45-59,White / Caucasian,High school diploma / GED,"$56,000 to $99,999",Republican,3.875052316448553e-06
Other,45-59,White / Caucasian,High school diploma / GED,"Less than $30,000",Democrat,8.579543367601688e-06
Other,45-59,White / Caucasian,High school diploma / GED,"Less than $30,000",Independent,1.5412896268460955e-05
Other,45-59,White / Caucasian,High school diploma / GED,"Less than $30,000",Other,5.1965544769433355e-06
Other,45-59,White / Caucasian,High school diploma / GED,"Less than $30,000",Republican,2.3592008430557636e-06
Other,45-59,White / Caucasian,Less than high school,"$100,000 to $167,999",Democrat,4.996170178907287e-07
Other,45-59,White / Caucasian,Less than high school,"$100,000 to $167,999",Independent,1.700419542377074e-06
Other,45-59,White / Caucasian,Less than high school,"$100,000 to $167,999",Other,5.689664889666918e-07
Other,45-59,White / Caucasian,Less than high school,"$100,000 to $167,999",Republican,1.5525542115412587e-07
Other,45-59,White / Caucasian,Less than high school,"$168,000 or more",Democrat,1.3863565204364306e-07
Other,45-59,White / Caucasian,Less than high school,"$168,000 or more",Independent,4.598440671013804e-07
Other,45-59,White / Caucasian,Less than high school,"$168,000 or more",Other,1.5101316098587218e-07
Other,45-59,White / Caucasian,Less than high school,"$168,000 or more",Republican,3.9256181687896135e-08
Other,45-59,White / Caucasian,Less than high school,"$30,000 to $55,999",Democrat,1.917110341244394e-06
Other,45-59,White / Caucasian,Less than high school,"$30,000 to $55,999",Independent,3.840336269761848e-06
Other,45-59,White / Caucasian,Less than high school,"$30,000 to $55,999",Other,2.879102551870462e-06
Other,45-59,White / Caucasian,Less than high school,"$30,000 to $55,999",Republican,6.521828162702163e-07
Other,45-59,White / Caucasian,Less than high school,"$56,000 to $99,999",Democrat,9.223969769059423e-07
Other,45-59,White / Caucasian,Less than high school,"$56,000 to $99,999",Independent,5.328583890077736e-06
Other,45-59,White / Caucasian,Less than high school,"$56,000 to $99,999",Other,2.1233640474382353e-07
Other,45-59,White / Caucasian,Less than high school,"$56,000 to $99,999",Republican,2.9032714751801815e-07
Other,45-59,White / Caucasian,Less than high school,"Less than $30,000",Democrat,2.7548966475208087e-06
Other,45-59,White / Caucasian,Less than high school,"Less than $30,000",Independent,1.1480315532694157e-05
Other,45-59,White / Caucasian,Less than high school,"Less than $30,000",Other,1.0266971848585458e-06
Other,45-59,White / Caucasian,Less than high school,"Less than $30,000",Republican,6.977693553970472e-07
Other,45-59,White / Caucasian,Master's degree / Professional degree,"$100,000 to $167,999",Democrat,1.176814008061988e-05
Other,45-59,White / Caucasian,Master's degree / Professional degree,"$100,000 to $167,999",Independent,1.1421760078956983e-05
Other,45-59,White / Caucasian,Master's degree / Professional degree,"$100,000 to $167,999",Other,3.2444968582074547e-06
Other,45-59,White / Caucasian,Master's degree / Professional degree,"$100,000 to $167,999",Republican,1.5114569031233874e-06
Other,45-59,White / Caucasian,Master's degree / Professional degree,"$168,000 or more",Democrat,1.4921326109165869e-05
Other,45-59,White / Caucasian,Master's degree / Professional degree,"$168,000 or more",Independent,1.3896689291377752e-05
Other,45-59,White / Caucasian,Master's degree / Professional degree,"$168,000 or more",Other,2.2524820663532928e-06
Other,45-59,White / Caucasian,Master's degree / Professional degree,"$168,000 or more",Republican,1.5590036274557594e-06
Other,45-59,White / Caucasian,Master's degree / Professional degree,"$30,000 to $55,999",Democrat,5.020206043117491e-06
Other,45-59,White / Caucasian,Master's degree / Professional degree,"$30,000 to $55,999",Independent,2.6543025294000125e-06
Other,45-59,White / Caucasian,Master's degree / Professional degree,"$30,000 to $55,999",Other,2.0844257511340017e-06
Other,45-59,White / Caucasian,Master's degree / Professional degree,"$30,000 to $55,999",Republican,3.8151950791664455e-07
Other,45-59,White / Caucasian,Master's degree / Professional degree,"$56,000 to $99,999",Democrat,8.942867412952633e-06
Other,45-59,White / Caucasian,Master's degree / Professional degree,"$56,000 to $99,999",Independent,7.5574449704510824e-06
Other,45-59,White / Caucasian,Master's degree / Professional degree,"$56,000 to $99,999",Other,4.3545528029901556e-06
Other,45-59,White / Caucasian,Master's degree / Professional degree,"$56,000 to $99,999",Republican,1.0185678260756164e-06
Other,45-59,White / Caucasian,Master's degree / Professional degree,"Less than $30,000",Democrat,2.873924967301882e-06
Other,45-59,White / Caucasian,Master's degree / Professional degree,"Less than $30,000",Independent,3.393895469748201e-06
Other,45-59,White / Caucasian,Master's degree / Professional degree,"Less than $30,000",Other,7.865247750918785e-07
Other,45-59,White / Caucasian,Master's degree / Professional degree,"Less than $30,000",Republican,3.404508370549092e-07
Other,45-59,White / Caucasian,Some college or Associate's degree,"$100,000 to $167,999",Democrat,1.4430875900093377e-05
Other,45-59,White / Caucasian,Some college or Associate's degree,"$100,000 to $167,999",Independent,1.707391744080688e-05
Other,45-59,White / Caucasian,Some college or Associate's degree,"$100,000 to $167,999",Other,7.364340514529992e-06
Other,45-59,White / Caucasian,Some college or Associate's degree,"$100,000 to $167,999",Republican,4.2075478422256975e-06
Other,45-59,White / Caucasian,Some college or Associate's degree,"$168,000 or more",Democrat,6.411234359334619e-06
Other,45-59,White / Caucasian,Some college or Associate's degree,"$168,000 or more",Independent,6.978532601514597e-06
Other,45-59,White / Caucasian,Some college or Associate's degree,"$168,000 or more",Other,2.340200840648111e-06
Other,45-59,White / Caucasian,Some college or Associate's degree,"$168,000 or more",Republican,1.3935482194091762e-06
Other,45-59,White / Caucasian,Some college or Associate's degree,"$30,000 to $55,999",Democrat,1.4633997240593431e-05
Other,45-59,White / Caucasian,Some college or Associate's degree,"$30,000 to $55,999",Independent,1.4359895889722851e-05
Other,45-59,White / Caucasian,Some college or Associate's degree,"$30,000 to $55,999",Other,4.387031969368395e-06
Other,45-59,White / Caucasian,Some college or Associate's degree,"$30,000 to $55,999",Republican,3.859526879903411e-06
Other,45-59,White / Caucasian,Some college or Associate's degree,"$56,000 to $99,999",Democrat,1.833046525797335e-05
Other,45-59,White / Caucasian,Some college or Associate's degree,"$56,000 to $99,999",Independent,2.5390944857656707e-05
Other,45-59,White / Caucasian,Some college or Associate's degree,"$56,000 to $99,999",Other,1.4715531078043549e-05
Other,45-59,White / Caucasian,Some college or Associate's degree,"$56,000 to $99,999",Republican,5.031103923129697e-06
Other,45-59,White / Caucasian,Some college or Associate's degree,"Less than $30,000",Democrat,1.4815658924345313e-05
Other,45-59,White / Caucasian,Some college or Associate's degree,"Less than $30,000",Independent,2.1445309621453397e-05
Other,45-59,White / Caucasian,Some college or Associate's degree,"Less than $30,000",Other,1.1531438274139959e-05
Other,45-59,White / Caucasian,Some college or Associate's degree,"Less than $30,000",Republican,2.1794989797367186e-06
Other,60+,Asian / Asian American,Bachelor's degree,"$100,000 to $167,999",Democrat,7.338777686537455e-07
Other,60+,Asian / Asian American,Bachelor's degree,"$100,000 to $167,999",Independent,3.7970983066609175e-07
Other,60+,Asian / Asian American,Bachelor's degree,"$100,000 to $167,999",Other,2.3985639240897214e-07
Other,60+,Asian / Asian American,Bachelor's degree,"$100,000 to $167,999",Republican,6.458017387220377e-08
Other,60+,Asian / Asian American,Bachelor's degree,"$168,000 or more",Democrat,5.867598861921933e-07
Other,60+,Asian / Asian American,Bachelor's degree,"$168,000 or more",Independent,2.996078554387094e-07
Other,60+,Asian / Asian American,Bachelor's degree,"$168,000 or more",Other,1.9329723132037696e-07
Other,60+,Asian / Asian American,Bachelor's degree,"$168,000 or more",Republican,4.775517014176346e-08
Other,60+,Asian / Asian American,Bachelor's degree,"$30,000 to $55,999",Democrat,7.359185335015928e-07
Other,60+,Asian / Asian American,Bachelor's degree,"$30,000 to $55,999",Independent,3.9524597357737005e-07
Other,60+,Asian / Asian American,Bachelor's degree,"$30,000 to $55,999",Other,2.6081263418144027e-07
Other,60+,Asian / Asian American,Bachelor's degree,"$30,000 to $55,999",Republican,6.762461848386651e-08
Other,60+,Asian / Asian American,Bachelor's degree,"$56,000 to $99,999",Democrat,9.213218185740421e-07
Other,60+,Asian / Asian American,Bachelor's degree,"$56,000 to $99,999",Independent,5.471078119742061e-07
Other,60+,Asian / Asian American,Bachelor's degree,"$56,000 to $99,999",Other,6.89160651371822e-08
Other,60+,Asian / Asian American,Bachelor's degree,"$56,000 to $99,999",Republican,8.159820067862126e-08
Other,60+,Asian / Asian American,Bachelor's degree,"Less than $30,000",Democrat,8.822694672049833e-07
Other,60+,Asian / Asian American,Bachelor's degree,"Less than $30,000",Independent,5.885728102419327e-07
Other,60+,Asian / Asian American,Bachelor's degree,"Less than $30,000",Other,2.937307465605982e-07
Other,60+,Asian / Asian American,Bachelor's degree,"Less than $30,000",Republican,7.862867000498803e-08
Other,60+,Asian / Asian American,Doctorate degree / Ph.D.,"$100,000 to $167,999",Democrat,9.849632500125537e-08
Other,60+,Asian / Asian American,Doctorate degree / Ph.D.,"$100,000 to $167,999",Independent,7.000415234876509e-08
Other,60+,Asian / Asian American,Doctorate degree / Ph.D.,"$100,000 to $167,999",Republican,3.4730800823430004e-09
Other,60+,Asian / Asian American,Doctorate degree / Ph.D.,"$168,000 or more",Democrat,1.351808487445286e-07
Other,60+,Asian / Asian American,Doctorate degree / Ph.D.,"$168,000 or more",Independent,9.532018191163691e-08
Other,60+,Asian / Asian American,Doctorate degree / Ph.D.,"$168,000 or more",Republican,4.388692898495803e-09
Other,60+,Asian / Asian American,Doctorate degree / Ph.D.,"$30,000 to $55,999",Democrat,5.4793466825107224e-08
Other,60+,Asian / Asian American,Doctorate degree / Ph.D.,"$30,000 to $55,999",Independent,4.026817273004227e-08
Other,60+,Asian / Asian American,Doctorate degree / Ph.D.,"$30,000 to $55,999",Republican,2.02425816863243e-09
Other,60+,Asian / Asian American,Doctorate degree / Ph.D.,"$56,000 to $99,999",Democrat,9.175720950245316e-08
Other,60+,Asian / Asian American,Doctorate degree / Ph.D.,"$56,000 to $99,999",Independent,6.540989286473202e-08
Other,60+,Asian / Asian American,Doctorate degree / Ph.D.,"$56,000 to $99,999",Republican,3.3702007439057403e-09
Other,60+,Asian / Asian American,Doctorate degree / Ph.D.,"Less than $30,000",Democrat,6.872924665603674e-08
Other,60+,Asian / Asian American,Doctorate degree / Ph.D.,"Less than $30,000",Independent,6.252119978164632e-08
Other,60+,Asian / Asian American,Doctorate degree / Ph.D.,"Less than $30,000",Republican,2.4699467640411766e-09
Other,60+,Asian / Asian American,High school diploma / GED,"$100,000 to $167,999",Democrat,2.10252668980201e-07
Other,60+,Asian / Asian American,High school diploma / GED,"$100,000 to $167,999",Independent,2.0797349722471504e-07
Other,60+,Asian / Asian American,High school diploma / GED,"$100,000 to $167,999",Other,1.1996115058597463e-07
Other,60+,Asian / Asian American,High school diploma / GED,"$100,000 to $167,999",Republican,1.4782135342557304e-08
Other,60+,Asian / Asian American,High school diploma / GED,"$168,000 or more",Democrat,1.0970266552400393e-07
Other,60+,Asian / Asian American,High school diploma / GED,"$168,000 or more",Independent,1.0683422613306763e-07
Other,60+,Asian / Asian American,High school diploma / GED,"$168,000 or more",Other,6.743359428438148e-08
Other,60+,Asian / Asian American,High school diploma / GED,"$168,000 or more",Republican,6.974563017943003e-09
Other,60+,Asian / Asian American,High school diploma / GED,"$30,000 to $55,999",Democrat,2.6281330570079777e-07
Other,60+,Asian / Asian American,High school diploma / GED,"$30,000 to $55,999",Independent,2.683776667157845e-07
Other,60+,Asian / Asian American,High school diploma / GED,"$30,000 to $55,999",Other,1.6614512782657387e-07
Other,60+,Asian / Asian American,High school diploma / GED,"$30,000 to $55,999",Republican,1.9286787101078752e-08
Other,60+,Asian / Asian American,High school diploma / GED,"$56,000 to $99,999",Democrat,1.7365331615666042e-07
Other,60+,Asian / Asian American,High school diploma / GED,"$56,000 to $99,999",Independent,3.2345783658157663e-07
Other,60+,Asian / Asian American,High school diploma / GED,"$56,000 to $99,999",Other,4.322023680747505e-07
Other,60+,Asian / Asian American,High school diploma / GED,"$56,000 to $99,999",Republican,1.8473554708380864e-08
Other,60+,Asian / Asian American,High school diploma / GED,"Less than $30,000",Democrat,6.421053453494899e-07
Other,60+,Asian / Asian American,High school diploma / GED,"Less than $30,000",Independent,5.94417715302929e-07
Other,60+,Asian / Asian American,High school diploma / GED,"Less than $30,000",Republican,1.42659088241898e-08
Other,60+,Asian / Asian American,Less than high school,"$100,000 to $167,999",Democrat,1.861714048113237e-07
Other,60+,Asian / Asian American,Less than high school,"$100,000 to $167,999",Independent,2.24368351730673e-07
Other,60+,Asian / Asian American,Less than high school,"$100,000 to $167,999",Republican,1.6761940658980154e-08
Other,60+,Asian / Asian American,Less than high school,"$168,000 or more",Democrat,1.0152161112844521e-07
Other,60+,Asian / Asian American,Less than high school,"$168,000 or more",Independent,1.2138724145942914e-07
Other,60+,Asian / Asian American,Less than high school,"$168,000 or more",Republican,8.415793619130995e-09
Other,60+,Asian / Asian American,Less than high school,"$30,000 to $55,999",Democrat,3.015023298360562e-07
Other,60+,Asian / Asian American,Less than high school,"$30,000 to $55,999",Independent,3.757237627999485e-07
Other,60+,Asian / Asian American,Less than high school,"$30,000 to $55,999",Republican,2.844096617944326e-08
Other,60+,Asian / Asian American,Less than high school,"$56,000 to $99,999",Democrat,3.027225926088003e-07
Other,60+,Asian / Asian American,Less than high school,"$56,000 to $99,999",Independent,3.659257079525873e-07
Other,60+,Asian / Asian American,Less than high school,"$56,000 to $99,999",Republican,2.8390756131175034e-08
Other,60+,Asian / Asian American,Less than high school,"Less than $30,000",Democrat,6.058216353257584e-07
Other,60+,Asian / Asian American,Less than high school,"Less than $30,000",Independent,9.344914798308835e-07
Other,60+,Asian / Asian American,Less than high school,"Less than $30,000",Republican,5.559136533628183e-08
Other,60+,Asian / Asian American,Master's degree / Professional degree,"$100,000 to $167,999",Democrat,3.5125307419117635e-07
Other,60+,Asian / Asian American,Master's degree / Professional degree,"$100,000 to $167,999",Independent,2.8281343088904364e-07
Other,60+,Asian / Asian American,Master's degree / Professional degree,"$100,000 to $167,999",Other,1.30217693961106e-08
Other,60+,Asian / Asian American,Master's degree / Professional degree,"$100,000 to $167,999",Republican,2.508763591528398e-08
Other,60+,Asian / Asian American,Master's degree / Professional degree,"$168,000 or more",Democrat,4.183704856969158e-07
Other,60+,Asian / Asian American,Master's degree / Professional degree,"$168,000 or more",Independent,3.339104581828819e-07
Other,60+,Asian / Asian American,Master's degree / Professional degree,"$168,000 or more",Other,1.54399600813126e-08
Other,60+,Asian / Asian American,Master's degree / Professional degree,"$168,000 or more",Republican,2.751300135057369e-08
Other,60+,Asian / Asian American,Master's degree / Professional degree,"$30,000 to $55,999",Democrat,2.77914861832595e-07
Other,60+,Asian / Asian American,Master's degree / Professional degree,"$30,000 to $55,999",Independent,2.3357241912711961e-07
Other,60+,Asian / Asian American,Master's degree / Professional degree,"$30,000 to $55,999",Other,1.1831625178671218e-08
Other,60+,Asian / Asian American,Master's degree / Professional degree,"$30,000 to $55,999",Republican,2.0790342744878573e-08
Other,60+,Asian / Asian American,Master's degree / Professional degree,"$56,000 to $99,999",Democrat,3.826157802907749e-07
Other,60+,Asian / Asian American,Master's degree / Professional degree,"$56,000 to $99,999",Independent,3.0883589804269724e-07
Other,60+,Asian / Asian American,Master's degree / Professional degree,"$56,000 to $99,999",Other,1.3234570287321015e-08
Other,60+,Asian / Asian American,Master's degree / Professional degree,"$56,000 to $99,999",Republican,2.846624329385382e-08
Other,60+,Asian / Asian American,Master's degree / Professional degree,"Less than $30,000",Democrat,3.0038228863289564e-07
Other,60+,Asian / Asian American,Master's degree / Professional degree,"Less than $30,000",Independent,3.0364948818843735e-07
Other,60+,Asian / Asian American,Master's degree / Professional degree,"Less than $30,000",Other,1.0240074124202863e-08
Other,60+,Asian / Asian American,Master's degree / Professional degree,"Less than $30,000",Republican,2.1879157772547676e-08
Other,60+,Asian / Asian American,Some college or Associate's degree,"$100,000 to $167,999",Democrat,3.360106074629599e-07
Other,60+,Asian / Asian American,Some college or Associate's degree,"$100,000 to $167,999",Independent,2.716090868225221e-07
Other,60+,Asian / Asian American,Some college or Associate's degree,"$100,000 to $167,999",Other,8.219861240998285e-08
Other,60+,Asian / Asian American,Some college or Associate's degree,"$100,000 to $167,999",Republican,3.743332589841126e-08
Other,60+,Asian / Asian American,Some college or Associate's degree,"$168,000 or more",Democrat,2.0528450879526154e-07
Other,60+,Asian / Asian American,Some college or Associate's degree,"$168,000 or more",Independent,1.6270913610231175e-07
Other,60+,Asian / Asian American,Some college or Associate's degree,"$168,000 or more",Other,4.886949902622987e-08
Other,60+,Asian / Asian American,Some college or Associate's degree,"$168,000 or more",Republican,2.072456278729397e-08
Other,60+,Asian / Asian American,Some college or Associate's degree,"$30,000 to $55,999",Democrat,4.1001457785816146e-07
Other,60+,Asian / Asian American,Some college or Associate's degree,"$30,000 to $55,999",Independent,3.397446149555714e-07
Other,60+,Asian / Asian American,Some college or Associate's degree,"$30,000 to $55,999",Other,1.0717182663905092e-07
Other,60+,Asian / Asian American,Some college or Associate's degree,"$30,000 to $55,999",Republican,4.729912997719129e-08
Other,60+,Asian / Asian American,Some college or Associate's degree,"$56,000 to $99,999",Democrat,4.890152170279986e-07
Other,60+,Asian / Asian American,Some college or Associate's degree,"$56,000 to $99,999",Independent,3.957807682547943e-07
Other,60+,Asian / Asian American,Some college or Associate's degree,"$56,000 to $99,999",Other,1.1147164540387843e-07
Other,60+,Asian / Asian American,Some college or Associate's degree,"$56,000 to $99,999",Republican,5.661406408659606e-08
Other,60+,Asian / Asian American,Some college or Associate's degree,"Less than $30,000",Democrat,5.306651552799664e-07
Other,60+,Asian / Asian American,Some college or Associate's degree,"Less than $30,000",Independent,5.432699999971667e-07
Other,60+,Asian / Asian American,Some college or Associate's degree,"Less than $30,000",Other,1.30387767862858e-07
Other,60+,Asian / Asian American,Some college or Associate's degree,"Less than $30,000",Republican,5.9399816977298584e-08
Other,60+,Black / African American,Bachelor's degree,"$100,000 to $167,999",Democrat,8.091516037559164e-07
Other,60+,Black / African American,Bachelor's degree,"$100,000 to $167,999",Independent,1.5629984136523875e-07
Other,60+,Black / African American,Bachelor's degree,"$100,000 to $167,999",Other,6.895760508005565e-08
Other,60+,Black / African American,Bachelor's degree,"$100,000 to $167,999",Republican,5.205219984035737e-09
Other,60+,Black / African American,Bachelor's degree,"$168,000 or more",Democrat,3.371440753407097e-07
Other,60+,Black / African American,Bachelor's degree,"$168,000 or more",Independent,6.632964500646501e-08
Other,60+,Black / African American,Bachelor's degree,"$168,000 or more",Other,2.8050115340765825e-08
Other,60+,Black / African American,Bachelor's degree,"$168,000 or more",Republican,2.0473992315579176e-09
Other,60+,Black / African American,Bachelor's degree,"$30,000 to $55,999",Democrat,1.316534852954575e-06
Other,60+,Black / African American,Bachelor's degree,"$30,000 to $55,999",Independent,3.09795501356981e-07
Other,60+,Black / African American,Bachelor's degree,"$30,000 to $55,999",Other,5.343118526926824e-08
Other,60+,Black / African American,Bachelor's degree,"$30,000 to $55,999",Republican,1.76979980311898e-08
Other,60+,Black / African American,Bachelor's degree,"$56,000 to $99,999",Democrat,1.5364366519141248e-06
Other,60+,Black / African American,Bachelor's degree,"$56,000 to $99,999",Independent,2.3246950116420454e-07
Other,60+,Black / African American,Bachelor's degree,"$56,000 to $99,999",Other,1.9989075662528373e-07
Other,60+,Black / African American,Bachelor's degree,"$56,000 to $99,999",Republican,4.790313405250902e-09
Other,60+,Black / African American,Bachelor's degree,"Less than $30,000",Democrat,1.7256803033194473e-06
Other,60+,Black / African American,Bachelor's degree,"Less than $30,000",Independent,4.0082128997612413e-07
Other,60+,Black / African American,Bachelor's degree,"Less than $30,000",Other,1.597101655091631e-07
Other,60+,Black / African American,Bachelor's degree,"Less than $30,000",Republican,1.0662364137879317e-08
Other,60+,Black / African American,Doctorate degree / Ph.D.,"$100,000 to $167,999",Democrat,8.032367422537749e-08
Other,60+,Black / African American,Doctorate degree / Ph.D.,"$100,000 to $167,999",Independent,1.966532815644671e-08
Other,60+,Black / African American,Doctorate degree / Ph.D.,"$100,000 to $167,999",Other,1.1496216242046183e-08
Other,60+,Black / African American,Doctorate degree / Ph.D.,"$100,000 to $167,999",Republican,1.4304911868852628e-09
Other,60+,Black / African American,Doctorate degree / Ph.D.,"$168,000 or more",Democrat,5.796226027932881e-08
Other,60+,Black / African American,Doctorate degree / Ph.D.,"$168,000 or more",Independent,1.4078904523001402e-08
Other,60+,Black / African American,Doctorate degree / Ph.D.,"$168,000 or more",Other,8.29863881707449e-09
Other,60+,Black / African American,Doctorate degree / Ph.D.,"$168,000 or more",Republican,9.504126007208443e-10
Other,60+,Black / African American,Doctorate degree / Ph.D.,"$30,000 to $55,999",Democrat,8.539123074161874e-08
Other,60+,Black / African American,Doctorate degree / Ph.D.,"$30,000 to $55,999",Independent,2.161724147406697e-08
Other,60+,Black / African American,Doctorate degree / Ph.D.,"$30,000 to $55,999",Other,1.3326717964045801e-08
Other,60+,Black / African American,Doctorate degree / Ph.D.,"$30,000 to $55,999",Republican,1.5932988547599214e-09
Other,60+,Black / African American,Doctorate degree / Ph.D.,"$56,000 to $99,999",Democrat,1.0273606954790542e-07
Other,60+,Black / African American,Doctorate degree / Ph.D.,"$56,000 to $99,999",Independent,2.5227838626626084e-08
Other,60+,Black / African American,Doctorate degree / Ph.D.,"$56,000 to $99,999",Other,1.37573257266025e-08
Other,60+,Black / African American,Doctorate degree / Ph.D.,"$56,000 to $99,999",Republican,1.9058353105244264e-09
Other,60+,Black / African American,Doctorate degree / Ph.D.,"Less than $30,000",Democrat,9.060578203697617e-08
Other,60+,Black / African American,Doctorate degree / Ph.D.,"Less than $30,000",Independent,2.8391967584244654e-08
Other,60+,Black / African American,Doctorate degree / Ph.D.,"Less than $30,000",Other,1.3351012766441586e-08
Other,60+,Black / African American,Doctorate degree / Ph.D.,"Less than $30,000",Republican,1.6445564002242413e-09
Other,60+,Black / African American,High school diploma / GED,"$100,000 to $167,999",Democrat,5.714443075949428e-07
Other,60+,Black / African American,High school diploma / GED,"$100,000 to $167,999",Independent,9.722064285671167e-08
Other,60+,Black / African American,High school diploma / GED,"$100,000 to $167,999",Other,4.6194801152321244e-08
Other,60+,Black / African American,High school diploma / GED,"$100,000 to $167,999",Republican,4.754778920265403e-09
Other,60+,Black / African American,High school diploma / GED,"$168,000 or more",Democrat,1.9027661263285283e-07
Other,60+,Black / African American,High school diploma / GED,"$168,000 or more",Independent,3.1563743221399574e-08
Other,60+,Black / African American,High school diploma / GED,"$168,000 or more",Other,1.6074762149375716e-08
Other,60+,Black / African American,High school diploma / GED,"$168,000 or more",Republican,1.4689655296513294e-09
Other,60+,Black / African American,High school diploma / GED,"$30,000 to $55,999",Democrat,2.3792812337732177e-06
Other,60+,Black / African American,High school diploma / GED,"$30,000 to $55,999",Independent,4.485388470869874e-07
Other,60+,Black / African American,High school diploma / GED,"$30,000 to $55,999",Other,4.7284060906017484e-07
Other,60+,Black / African American,High school diploma / GED,"$30,000 to $55,999",Republican,1.4050983491834411e-08
Other,60+,Black / African American,High school diploma / GED,"$56,000 to $99,999",Democrat,1.5435430559380982e-06
Other,60+,Black / African American,High school diploma / GED,"$56,000 to $99,999",Independent,3.332454061007441e-07
Other,60+,Black / African American,High school diploma / GED,"$56,000 to $99,999",Other,1.7190657805201532e-07
Other,60+,Black / African American,High school diploma / GED,"$56,000 to $99,999",Republican,2.2244783640016383e-08
Other,60+,Black / African American,High school diploma / GED,"Less than $30,000",Democrat,5.296573883983354e-06
Other,60+,Black / African American,High school diploma / GED,"Less than $30,000",Independent,6.569322676462963e-07
Other,60+,Black / African American,High school diploma / GED,"Less than $30,000",Other,4.194061374097221e-08
Other,60+,Black / African American,High school diploma / GED,"Less than $30,000",Republican,5.209608366217114e-08
Other,60+,Black / African American,Less than high school,"$100,000 to $167,999",Democrat,2.062522236358754e-07
Other,60+,Black / African American,Less than high school,"$100,000 to $167,999",Independent,4.370341928289881e-08
Other,60+,Black / African American,Less than high school,"$100,000 to $167,999",Other,6.0317229409366e-08
Other,60+,Black / African American,Less than high school,"$100,000 to $167,999",Republican,3.950344984493172e-09
Other,60+,Black / African American,Less than high school,"$168,000 or more",Democrat,6.720635530363226e-08
Other,60+,Black / African American,Less than high school,"$168,000 or more",Independent,1.4284404923576662e-08
Other,60+,Black / African American,Less than high school,"$168,000 or more",Other,1.8194165585966448e-08
Other,60+,Black / African American,Less than high school,"$168,000 or more",Republican,1.3225097689570084e-09
Other,60+,Black / African American,Less than high school,"$30,000 to $55,999",Democrat,1.0514150782509747e-06
Other,60+,Black / African American,Less than high school,"$30,000 to $55,999",Independent,2.3275048619733777e-07
Other,60+,Black / African American,Less than high school,"$30,000 to $55,999",Other,3.118488255219609e-07
Other,60+,Black / African American,Less than high school,"$30,000 to $55,999",Republican,2.3389943010536525e-08
Other,60+,Black / African American,Less than high school,"$56,000 to $99,999",Democrat,6.039757103035268e-07
Other,60+,Black / African American,Less than high school,"$56,000 to $99,999",Independent,1.294084047549205e-07
Other,60+,Black / African American,Less than high school,"$56,000 to $99,999",Other,1.5615392547175744e-07
Other,60+,Black / African American,Less than high school,"$56,000 to $99,999",Republican,1.3081030377889482e-08
Other,60+,Black / African American,Less than high school,"Less than $30,000",Democrat,3.389570391312123e-06
Other,60+,Black / African American,Less than high school,"Less than $30,000",Independent,8.18369289457975e-07
Other,60+,Black / African American,Less than high school,"Less than $30,000",Other,6.3024618564521055e-09
Other,60+,Black / African American,Less than high school,"Less than $30,000",Republican,8.349437038071287e-08
Other,60+,Black / African American,Master's degree / Professional degree,"$100,000 to $167,999",Democrat,6.006485052089946e-07
Other,60+,Black / African American,Master's degree / Professional degree,"$100,000 to $167,999",Independent,1.7462362735498459e-07
Other,60+,Black / African American,Master's degree / Professional degree,"$100,000 to $167,999",Other,2.3448514615343838e-08
Other,60+,Black / African American,Master's degree / Professional degree,"$100,000 to $167,999",Republican,4.0688690767579374e-09
Other,60+,Black / African American,Master's degree / Professional degree,"$168,000 or more",Democrat,3.282974155348596e-07
Other,60+,Black / African American,Master's degree / Professional degree,"$168,000 or more",Independent,9.890583797924055e-08
Other,60+,Black / African American,Master's degree / Professional degree,"$168,000 or more",Other,1.3758950312957238e-08
Other,60+,Black / African American,Master's degree / Professional degree,"$168,000 or more",Republican,2.119744980146379e-09
Other,60+,Black / African American,Master's degree / Professional degree,"$30,000 to $55,999",Democrat,7.301388497541531e-07
Other,60+,Black / African American,Master's degree / Professional degree,"$30,000 to $55,999",Independent,2.00265611939316e-07
Other,60+,Black / African American,Master's degree / Professional degree,"$30,000 to $55,999",Other,2.660355375192692e-08
Other,60+,Black / African American,Master's degree / Professional degree,"$30,000 to $55,999",Republican,4.822626182004074e-09
Other,60+,Black / African American,Master's degree / Professional degree,"$56,000 to $99,999",Democrat,1.0252144758607244e-06
Other,60+,Black / African American,Master's degree / Professional degree,"$56,000 to $99,999",Independent,2.2507353838182227e-07
Other,60+,Black / African American,Master's degree / Professional degree,"$56,000 to $99,999",Other,1.8660815873825163e-08
Other,60+,Black / African American,Master's degree / Professional degree,"$56,000 to $99,999",Republican,2.7124482749926504e-09
Other,60+,Black / African American,Master's degree / Professional degree,"Less than $30,000",Democrat,7.676032422702329e-07
Other,60+,Black / African American,Master's degree / Professional degree,"Less than $30,000",Independent,2.6204588485656577e-07
Other,60+,Black / African American,Master's degree / Professional degree,"Less than $30,000",Other,2.666218868302157e-08
Other,60+,Black / African American,Master's degree / Professional degree,"Less than $30,000",Republican,4.953111130606015e-09
Other,60+,Black / African American,Some college or Associate's degree,"$100,000 to $167,999",Democrat,1.1561213390505597e-06
Other,60+,Black / African American,Some college or Associate's degree,"$100,000 to $167,999",Independent,1.3163478138596306e-07
Other,60+,Black / African American,Some college or Associate's degree,"$100,000 to $167,999",Other,9.42186277917331e-08
Other,60+,Black / African American,Some college or Associate's degree,"$100,000 to $167,999",Republican,8.829413182192985e-09
Other,60+,Black / African American,Some college or Associate's degree,"$168,000 or more",Democrat,3.0555202964363665e-07
Other,60+,Black / African American,Some college or Associate's degree,"$168,000 or more",Independent,5.7772111656147186e-08
Other,60+,Black / African American,Some college or Associate's degree,"$168,000 or more",Other,1.7393057192744273e-08
Other,60+,Black / African American,Some college or Associate's degree,"$168,000 or more",Republican,2.732480875246075e-09
Other,60+,Black / African American,Some college or Associate's degree,"$30,000 to $55,999",Democrat,3.3130463431660637e-06
Other,60+,Black / African American,Some college or Associate's degree,"$30,000 to $55,999",Independent,5.98684643361567e-07
Other,60+,Black / African American,Some college or Associate's degree,"$30,000 to $55,999",Other,3.713249765388517e-07
Other,60+,Black / African American,Some college or Associate's degree,"$30,000 to $55,999",Republican,2.6172299664509484e-08
Other,60+,Black / African American,Some college or Associate's degree,"$56,000 to $99,999",Democrat,2.779543335681541e-06
Other,60+,Black / African American,Some college or Associate's degree,"$56,000 to $99,999",Independent,4.1499467841734437e-07
Other,60+,Black / African American,Some college or Associate's degree,"$56,000 to $99,999",Other,8.706528138539255e-10
Other,60+,Black / African American,Some college or Associate's degree,"$56,000 to $99,999",Republican,5.5196852759965895e-08
Other,60+,Black / African American,Some college or Associate's degree,"Less than $30,000",Democrat,5.510134783992741e-06
Other,60+,Black / African American,Some college or Associate's degree,"Less than $30,000",Independent,1.3288628102074181e-06
Other,60+,Black / African American,Some college or Associate's degree,"Less than $30,000",Other,3.254679731597304e-07
Other,60+,Black / African American,Some college or Associate's degree,"Less than $30,000",Republican,2.1455561749308893e-08
Other,60+,Hispanic / Latino,Bachelor's degree,"$100,000 to $167,999",Democrat,4.218073074442572e-07
Other,60+,Hispanic / Latino,Bachelor's degree,"$100,000 to $167,999",Independent,2.720742941511469e-07
Other,60+,Hispanic / Latino,Bachelor's degree,"$100,000 to $167,999",Other,1.1554337191539834e-07
Other,60+,Hispanic / Latino,Bachelor's degree,"$100,000 to $167,999",Republican,4.434168047274849e-08
Other,60+,Hispanic / Latino,Bachelor's degree,"$168,000 or more",Democrat,2.1554220914864282e-07
Other,60+,Hispanic / Latino,Bachelor's degree,"$168,000 or more",Independent,1.3979526783225633e-07
Other,60+,Hispanic / Latino,Bachelor's degree,"$168,000 or more",Other,5.6926857263046904e-08
Other,60+,Hispanic / Latino,Bachelor's degree,"$168,000 or more",Republican,2.1114687729227767e-08
Other,60+,Hispanic / Latino,Bachelor's degree,"$30,000 to $55,999",Democrat,6.012677308257379e-07
Other,60+,Hispanic / Latino,Bachelor's degree,"$30,000 to $55,999",Independent,3.964267500667068e-07
Other,60+,Hispanic / Latino,Bachelor's degree,"$30,000 to $55,999",Other,1.8511453952852682e-07
Other,60+,Hispanic / Latino,Bachelor's degree,"$30,000 to $55,999",Republican,6.554135486829348e-08
Other,60+,Hispanic / Latino,Bachelor's degree,"$56,000 to $99,999",Democrat,7.332870348615054e-07
Other,60+,Hispanic / Latino,Bachelor's degree,"$56,000 to $99,999",Independent,5.434129519119091e-07
Other,60+,Hispanic / Latino,Bachelor's degree,"$56,000 to $99,999",Other,1.4515211091036026e-07
Other,60+,Hispanic / Latino,Bachelor's degree,"$56,000 to $99,999",Republican,5.785554755501426e-08
Other,60+,Hispanic / Latino,Bachelor's degree,"Less than $30,000",Democrat,7.570936656514478e-07
Other,60+,Hispanic / Latino,Bachelor's degree,"Less than $30,000",Independent,6.005393325789756e-07
Other,60+,Hispanic / Latino,Bachelor's degree,"Less than $30,000",Other,2.3594178250604582e-07
Other,60+,Hispanic / Latino,Bachelor's degree,"Less than $30,000",Republican,7.826066258180145e-08
Other,60+,Hispanic / Latino,Doctorate degree / Ph.D.,"$100,000 to $167,999",Democrat,3.560150422999894e-08
Other,60+,Hispanic / Latino,Doctorate degree / Ph.D.,"$100,000 to $167,999",Independent,4.169106529577316e-08
Other,60+,Hispanic / Latino,Doctorate degree / Ph.D.,"$100,000 to $167,999",Other,1.4380516505150537e-08
Other,60+,Hispanic / Latino,Doctorate degree / Ph.D.,"$100,000 to $167,999",Republican,2.1047528489310683e-09
Other,60+,Hispanic / Latino,Doctorate degree / Ph.D.,"$168,000 or more",Democrat,3.41196889958957e-08
Other,60+,Hispanic / Latino,Doctorate degree / Ph.D.,"$168,000 or more",Independent,3.9641093624164944e-08
Other,60+,Hispanic / Latino,Doctorate degree / Ph.D.,"$168,000 or more",Other,1.3786733887839478e-08
Other,60+,Hispanic / Latino,Doctorate degree / Ph.D.,"$168,000 or more",Republican,1.8572188129016844e-09
Other,60+,Hispanic / Latino,Doctorate degree / Ph.D.,"$30,000 to $55,999",Democrat,2.8381924764102537e-08
Other,60+,Hispanic / Latino,Doctorate degree / Ph.D.,"$30,000 to $55,999",Independent,3.436733511498182e-08
Other,60+,Hispanic / Latino,Doctorate degree / Ph.D.,"$30,000 to $55,999",Other,1.2501051858794194e-08
Other,60+,Hispanic / Latino,Doctorate degree / Ph.D.,"$30,000 to $55,999",Republican,1.757992236592249e-09
Other,60+,Hispanic / Latino,Doctorate degree / Ph.D.,"$56,000 to $99,999",Democrat,4.288075479098616e-08
Other,60+,Hispanic / Latino,Doctorate degree / Ph.D.,"$56,000 to $99,999",Independent,5.03658921826904e-08
Other,60+,Hispanic / Latino,Doctorate degree / Ph.D.,"$56,000 to $99,999",Other,1.620571784920646e-08
Other,60+,Hispanic / Latino,Doctorate degree / Ph.D.,"$56,000 to $99,999",Republican,2.6406812470310283e-09
Other,60+,Hispanic / Latino,Doctorate degree / Ph.D.,"Less than $30,000",Democrat,3.303189098951184e-08
Other,60+,Hispanic / Latino,Doctorate degree / Ph.D.,"Less than $30,000",Independent,4.950966940636831e-08
Other,60+,Hispanic / Latino,Doctorate degree / Ph.D.,"Less than $30,000",Other,1.3736829670123268e-08
Other,60+,Hispanic / Latino,Doctorate degree / Ph.D.,"Less than $30,000",Republican,1.9902949138247594e-09
Other,60+,Hispanic / Latino,High school diploma / GED,"$100,000 to $167,999",Democrat,7.653443980784229e-07
Other,60+,Hispanic / Latino,High school diploma / GED,"$100,000 to $167,999",Independent,9.229191763371214e-08
Other,60+,Hispanic / Latino,High school diploma / GED,"$100,000 to $167,999",Other,2.7103417612647187e-08
Other,60+,Hispanic / Latino,High school diploma / GED,"$100,000 to $167,999",Republican,4.522547256319305e-08
Other,60+,Hispanic / Latino,High school diploma / GED,"$168,000 or more",Democrat,1.9954862013930265e-07
Other,60+,Hispanic / Latino,High school diploma / GED,"$168,000 or more",Independent,4.593392128849779e-08
Other,60+,Hispanic / Latino,High school diploma / GED,"$168,000 or more",Other,2.360574319728738e-08
Other,60+,Hispanic / Latino,High school diploma / GED,"$168,000 or more",Republican,1.5451801247924556e-08
Other,60+,Hispanic / Latino,High school diploma / GED,"$30,000 to $55,999",Democrat,1.4735057253531243e-06
Other,60+,Hispanic / Latino,High school diploma / GED,"$30,000 to $55,999",Independent,4.912281786985822e-07
Other,60+,Hispanic / Latino,High school diploma / GED,"$30,000 to $55,999",Other,2.887031868452185e-07
Other,60+,Hispanic / Latino,High school diploma / GED,"$30,000 to $55,999",Republican,1.3190511741256547e-07
Other,60+,Hispanic / Latino,High school diploma / GED,"$56,000 to $99,999",Democrat,1.280417667428616e-06
Other,60+,Hispanic / Latino,High school diploma / GED,"$56,000 to $99,999",Independent,3.3381031335384803e-07
Other,60+,Hispanic / Latino,High school diploma / GED,"$56,000 to $99,999",Other,2.408671325008107e-07
Other,60+,Hispanic / Latino,High school diploma / GED,"$56,000 to $99,999",Republican,1.1610347146888412e-07
Other,60+,Hispanic / Latino,High school diploma / GED,"Less than $30,000",Democrat,2.8446083858562695e-06
Other,60+,Hispanic / Latino,High school diploma / GED,"Less than $30,000",Independent,6.204845259314762e-07
Other,60+,Hispanic / Latino,High school diploma / GED,"Less than $30,000",Other,2.3825019948102817e-08
Other,60+,Hispanic / Latino,High school diploma / GED,"Less than $30,000",Republican,2.0271479499484157e-07
Other,60+,Hispanic / Latino,Less than high school,"$100,000 to $167,999",Democrat,6.564750136536178e-07
Other,60+,Hispanic / Latino,Less than high school,"$100,000 to $167,999",Independent,3.4600599925202095e-07
Other,60+,Hispanic / Latino,Less than high school,"$100,000 to $167,999",Other,1.9142265284735024e-08
Other,60+,Hispanic / Latino,Less than high school,"$100,000 to $167,999",Republican,5.7232406668019075e-08
Other,60+,Hispanic / Latino,Less than high school,"$168,000 or more",Democrat,1.8131143909505942e-07
Other,60+,Hispanic / Latino,Less than high school,"$168,000 or more",Independent,9.571210302023543e-08
Other,60+,Hispanic / Latino,Less than high school,"$168,000 or more",Other,5.40993466702915e-09
Other,60+,Hispanic / Latino,Less than high school,"$168,000 or more",Republican,1.4766688950660608e-08
Other,60+,Hispanic / Latino,Less than high school,"$30,000 to $55,999",Democrat,2.1087057497800685e-06
Other,60+,Hispanic / Latino,Less than high school,"$30,000 to $55,999",Independent,1.1492019233234266e-06
Other,60+,Hispanic / Latino,Less than high school,"$30,000 to $55,999",Other,6.704322465233196e-08
Other,60+,Hispanic / Latino,Less than high school,"$30,000 to $55,999",Republican,1.926016165419347e-07
Other,60+,Hispanic / Latino,Less than high school,"$56,000 to $99,999",Democrat,1.7111438263383377e-06
Other,60+,Hispanic / Latino,Less than high school,"$56,000 to $99,999",Independent,8.885176174604204e-07
Other,60+,Hispanic / Latino,Less than high school,"$56,000 to $99,999",Other,4.468420411633698e-08
Other,60+,Hispanic / Latino,Less than high school,"$56,000 to $99,999",Republican,1.5114456343965541e-07
Other,60+,Hispanic / Latino,Less than high school,"Less than $30,000",Democrat,4.879532338047628e-06
Other,60+,Hispanic / Latino,Less than high school,"Less than $30,000",Independent,2.937825929352316e-06
Other,60+,Hispanic / Latino,Less than high school,"Less than $30,000",Other,3.388970582441193e-07
Other,60+,Hispanic / Latino,Less than high school,"Less than $30,000",Republican,3.0889899917568537e-07
Other,60+,Hispanic / Latino,Master's degree / Professional degree,"$100,000 to $167,999",Democrat,3.643771562993959e-07
Other,60+,Hispanic / Latino,Master's degree / Professional degree,"$100,000 to $167,999",Independent,1.6141132637031823e-07
Other,60+,Hispanic / Latino,Master's degree / Professional degree,"$100,000 to $167,999",Other,3.6902795822528086e-08
Other,60+,Hispanic / Latino,Master's degree / Professional degree,"$100,000 to $167,999",Republican,2.07715256182543e-08
Other,60+,Hispanic / Latino,Master's degree / Professional degree,"$168,000 or more",Democrat,2.5995583927621146e-07
Other,60+,Hispanic / Latino,Master's degree / Professional degree,"$168,000 or more",Independent,1.246753610517642e-07
Other,60+,Hispanic / Latino,Master's degree / Professional degree,"$168,000 or more",Other,3.1293190631162586e-08
Other,60+,Hispanic / Latino,Master's degree / Professional degree,"$168,000 or more",Republican,1.4683051957150292e-08
Other,60+,Hispanic / Latino,Master's degree / Professional degree,"$30,000 to $55,999",Democrat,4.05173357305843e-07
Other,60+,Hispanic / Latino,Master's degree / Professional degree,"$30,000 to $55,999",Independent,1.8414604870650293e-07
Other,60+,Hispanic / Latino,Master's degree / Professional degree,"$30,000 to $55,999",Other,4.402774437801435e-08
Other,60+,Hispanic / Latino,Master's degree / Professional degree,"$30,000 to $55,999",Republican,2.404214389000438e-08
Other,60+,Hispanic / Latino,Master's degree / Professional degree,"$56,000 to $99,999",Democrat,4.895617979552356e-07
Other,60+,Hispanic / Latino,Master's degree / Professional degree,"$56,000 to $99,999",Independent,2.1335792666543273e-07
Other,60+,Hispanic / Latino,Master's degree / Professional degree,"$56,000 to $99,999",Other,4.4560715791945726e-08
Other,60+,Hispanic / Latino,Master's degree / Professional degree,"$56,000 to $99,999",Republican,2.8606441814429004e-08
Other,60+,Hispanic / Latino,Master's degree / Professional degree,"Less than $30,000",Democrat,4.96616796137176e-07
Other,60+,Hispanic / Latino,Master's degree / Professional degree,"Less than $30,000",Independent,2.571309609051263e-07
Other,60+,Hispanic / Latino,Master's degree / Professional degree,"Less than $30,000",Other,4.25138808926864e-08
Other,60+,Hispanic / Latino,Master's degree / Professional degree,"Less than $30,000",Republican,2.6763403940962104e-08
Other,60+,Hispanic / Latino,Some college or Associate's degree,"$100,000 to $167,999",Democrat,7.474112133440048e-07
Other,60+,Hispanic / Latino,Some college or Associate's degree,"$100,000 to $167,999",Independent,3.2654089946059713e-07
Other,60+,Hispanic / Latino,Some college or Associate's degree,"$100,000 to $167,999",Other,1.627679540702207e-07
Other,60+,Hispanic / Latino,Some college or Associate's degree,"$100,000 to $167,999",Republican,6.787597643096799e-08
Other,60+,Hispanic / Latino,Some college or Associate's degree,"$168,000 or more",Democrat,2.5896708399051906e-07
Other,60+,Hispanic / Latino,Some college or Associate's degree,"$168,000 or more",Independent,1.070126938195962e-07
Other,60+,Hispanic / Latino,Some college or Associate's degree,"$168,000 or more",Other,6.991577283363762e-08
Other,60+,Hispanic / Latino,Some college or Associate's degree,"$168,000 or more",Republican,2.056392113423646e-08
Other,60+,Hispanic / Latino,Some college or Associate's degree,"$30,000 to $55,999",Democrat,1.5588981945100502e-06
Other,60+,Hispanic / Latino,Some college or Associate's degree,"$30,000 to $55,999",Independent,6.895352641403958e-07
Other,60+,Hispanic / Latino,Some college or Associate's degree,"$30,000 to $55,999",Other,4.078160916718762e-07
Other,60+,Hispanic / Latino,Some college or Associate's degree,"$30,000 to $55,999",Republican,1.5870073129731295e-07
Other,60+,Hispanic / Latino,Some college or Associate's degree,"$56,000 to $99,999",Democrat,1.6549976777164505e-06
Other,60+,Hispanic / Latino,Some college or Associate's degree,"$56,000 to $99,999",Independent,5.651192393016374e-07
Other,60+,Hispanic / Latino,Some college or Associate's degree,"$56,000 to $99,999",Other,5.937051190707412e-07
Other,60+,Hispanic / Latino,Some college or Associate's degree,"$56,000 to $99,999",Republican,1.4533008793677968e-07
Other,60+,Hispanic / Latino,Some college or Associate's degree,"Less than $30,000",Democrat,2.9153543165131046e-06
Other,60+,Hispanic / Latino,Some college or Associate's degree,"Less than $30,000",Independent,4.14107697314762e-07
Other,60+,Hispanic / Latino,Some college or Associate's degree,"Less than $30,000",Other,2.6993454357608765e-07
Other,60+,Hispanic / Latino,Some college or Associate's degree,"Less than $30,000",Republican,2.0679049351178866e-07
Other,60+,Other,Bachelor's degree,"$100,000 to $167,999",Democrat,5.933791768187184e-08
Other,60+,Other,Bachelor's degree,"$100,000 to $167,999",Independent,8.471694984749502e-08
Other,60+,Other,Bachelor's degree,"$100,000 to $167,999",Other,3.7096010910138186e-08
Other,60+,Other,Bachelor's degree,"$100,000 to $167,999",Republican,9.34575903169859e-09
Other,60+,Other,Bachelor's degree,"$168,000 or more",Democrat,3.583207017879991e-08
Other,60+,Other,Bachelor's degree,"$168,000 or more",Independent,5.137113031175122e-08
Other,60+,Other,Bachelor's degree,"$168,000 or more",Other,2.3115640152982417e-08
Other,60+,Other,Bachelor's degree,"$168,000 or more",Republican,5.227712675725119e-09
Other,60+,Other,Bachelor's degree,"$30,000 to $55,999",Democrat,1.0109848509205722e-07
Other,60+,Other,Bachelor's degree,"$30,000 to $55,999",Independent,1.4897643793623157e-07
Other,60+,Other,Bachelor's degree,"$30,000 to $55,999",Other,6.859173124520049e-08
Other,60+,Other,Bachelor's degree,"$30,000 to $55,999",Republican,1.6667552244551316e-08
Other,60+,Other,Bachelor's degree,"$56,000 to $99,999",Democrat,1.0763614115068258e-07
Other,60+,Other,Bachelor's degree,"$56,000 to $99,999",Independent,1.5184290082126787e-07
Other,60+,Other,Bachelor's degree,"$56,000 to $99,999",Other,6.052874785749832e-08
Other,60+,Other,Bachelor's degree,"$56,000 to $99,999",Republican,1.7527478324016558e-08
Other,60+,Other,Bachelor's degree,"Less than $30,000",Democrat,1.3309509793176927e-07
Other,60+,Other,Bachelor's degree,"Less than $30,000",Independent,2.1916259636714736e-07
Other,60+,Other,Bachelor's degree,"Less than $30,000",Other,6.366589945848097e-08
Other,60+,Other,Bachelor's degree,"Less than $30,000",Republican,2.0307315608655207e-08
Other,60+,Other,Doctorate degree / Ph.D.,"$100,000 to $167,999",Democrat,1.1107060420365909e-08
Other,60+,Other,Doctorate degree / Ph.D.,"$100,000 to $167,999",Independent,1.0474404640425195e-08
Other,60+,Other,Doctorate degree / Ph.D.,"$100,000 to $167,999",Other,8.881280735854553e-09
Other,60+,Other,Doctorate degree / Ph.D.,"$100,000 to $167,999",Republican,6.647117716540572e-10
Other,60+,Other,Doctorate degree / Ph.D.,"$168,000 or more",Democrat,1.2723718839614484e-08
Other,60+,Other,Doctorate degree / Ph.D.,"$168,000 or more",Independent,1.1904473589964842e-08
Other,60+,Other,Doctorate degree / Ph.D.,"$168,000 or more",Other,1.0177490834337318e-08
Other,60+,Other,Doctorate degree / Ph.D.,"$168,000 or more",Republican,7.010896435927134e-10
Other,60+,Other,Doctorate degree / Ph.D.,"$30,000 to $55,999",Democrat,1.1438943639387404e-08
Other,60+,Other,Doctorate degree / Ph.D.,"$30,000 to $55,999",Independent,1.1154381705129019e-08
Other,60+,Other,Doctorate degree / Ph.D.,"$30,000 to $55,999",Other,9.973806990129985e-09
Other,60+,Other,Doctorate degree / Ph.D.,"$30,000 to $55,999",Republican,7.172367042106646e-10
Other,60+,Other,Doctorate degree / Ph.D.,"$56,000 to $99,999",Democrat,1.631420378955666e-08
Other,60+,Other,Doctorate degree / Ph.D.,"$56,000 to $99,999",Independent,1.543105296204694e-08
Other,60+,Other,Doctorate degree / Ph.D.,"$56,000 to $99,999",Other,1.2205120238538748e-08
Other,60+,Other,Doctorate degree / Ph.D.,"$56,000 to $99,999",Republican,1.0169999245764404e-09
Other,60+,Other,Doctorate degree / Ph.D.,"Less than $30,000",Democrat,2.2175683746412707e-08
Other,60+,Other,Doctorate degree / Ph.D.,"Less than $30,000",Independent,2.6766351554183408e-08
Other,60+,Other,Doctorate degree / Ph.D.,"Less than $30,000",Other,1.8255781248161772e-08
Other,60+,Other,Doctorate degree / Ph.D.,"Less than $30,000",Republican,1.352578542967302e-09
Other,60+,Other,High school diploma / GED,"$100,000 to $167,999",Democrat,2.801690536465624e-08
Other,60+,Other,High school diploma / GED,"$100,000 to $167,999",Independent,4.1504525653654125e-08
Other,60+,Other,High school diploma / GED,"$100,000 to $167,999",Other,5.540945102297434e-08
Other,60+,Other,High school diploma / GED,"$100,000 to $167,999",Republican,8.295085652251939e-09
Other,60+,Other,High school diploma / GED,"$168,000 or more",Democrat,1.1855256811400705e-08
Other,60+,Other,High school diploma / GED,"$168,000 or more",Independent,1.699301841515512e-08
Other,60+,Other,High school diploma / GED,"$168,000 or more",Other,2.173963038920497e-08
Other,60+,Other,High school diploma / GED,"$168,000 or more",Republican,3.226632183746923e-09
Other,60+,Other,High school diploma / GED,"$30,000 to $55,999",Democrat,8.917410016168733e-08
Other,60+,Other,High school diploma / GED,"$30,000 to $55,999",Independent,1.3437837636324053e-07
Other,60+,Other,High school diploma / GED,"$30,000 to $55,999",Other,1.830778248773014e-07
Other,60+,Other,High school diploma / GED,"$30,000 to $55,999",Republican,2.7633158779857978e-08
Other,60+,Other,High school diploma / GED,"$56,000 to $99,999",Democrat,6.762640520230138e-08
Other,60+,Other,High school diploma / GED,"$56,000 to $99,999",Independent,9.903249411299491e-08
Other,60+,Other,High school diploma / GED,"$56,000 to $99,999",Other,1.197993444987916e-07
Other,60+,Other,High school diploma / GED,"$56,000 to $99,999",Republican,2.0837086496336105e-08
Other,60+,Other,High school diploma / GED,"Less than $30,000",Democrat,2.4640944689293334e-07
Other,60+,Other,High school diploma / GED,"Less than $30,000",Independent,2.0874631733672232e-07
Other,60+,Other,High school diploma / GED,"Less than $30,000",Other,2.260344967622577e-07
Other,60+,Other,High school diploma / GED,"Less than $30,000",Republican,4.75822960330975e-08
Other,60+,Other,Less than high school,"$100,000 to $167,999",Democrat,2.260619154031005e-09
Other,60+,Other,Less than high school,"$100,000 to $167,999",Independent,1.759082681289353e-08
Other,60+,Other,Less than high school,"$100,000 to $167,999",Other,3.258230394372023e-08
Other,60+,Other,Less than high school,"$100,000 to $167,999",Republican,3.650476551562214e-09
Other,60+,Other,Less than high school,"$168,000 or more",Democrat,1.120114713824101e-09
Other,60+,Other,Less than high school,"$168,000 or more",Independent,8.647434301712208e-09
Other,60+,Other,Less than high school,"$168,000 or more",Other,1.6149797534076826e-08
Other,60+,Other,Less than high school,"$168,000 or more",Republican,1.6653668468476348e-09
Other,60+,Other,Less than high school,"$30,000 to $55,999",Democrat,1.0043891534785938e-08
Other,60+,Other,Less than high school,"$30,000 to $55,999",Independent,8.081467539403573e-08
Other,60+,Other,Less than high school,"$30,000 to $55,999",Other,1.5785377680292163e-07
Other,60+,Other,Less than high school,"$30,000 to $55,999",Republican,1.6992861771673902e-08
Other,60+,Other,Less than high school,"$56,000 to $99,999",Democrat,6.762960139317783e-09
Other,60+,Other,Less than high school,"$56,000 to $99,999",Independent,5.278313042331617e-08
Other,60+,Other,Less than high school,"$56,000 to $99,999",Other,9.119917941289192e-08
Other,60+,Other,Less than high school,"$56,000 to $99,999",Republican,1.13757434716726e-08
Other,60+,Other,Less than high school,"Less than $30,000",Democrat,2.7842313072650425e-08
Other,60+,Other,Less than high school,"Less than $30,000",Independent,2.7729759815001784e-07
Other,60+,Other,Less than high school,"Less than $30,000",Other,4.1314893737242993e-07
Other,60+,Other,Less than high school,"Less than $30,000",Republican,4.5822492765297043e-08
Other,60+,Other,Master's degree / Professional degree,"$100,000 to $167,999",Democrat,4.277665856034361e-08
Other,60+,Other,Master's degree / Professional degree,"$100,000 to $167,999",Independent,5.2507036160685075e-08
Other,60+,Other,Master's degree / Professional degree,"$100,000 to $167,999",Other,7.501476348325751e-08
Other,60+,Other,Master's degree / Professional degree,"$100,000 to $167,999",Republican,4.440727814298341e-09
Other,60+,Other,Master's degree / Professional degree,"$168,000 or more",Democrat,3.527434568283553e-08
Other,60+,Other,Master's degree / Professional degree,"$168,000 or more",Independent,4.6769585025532165e-08
Other,60+,Other,Master's degree / Professional degree,"$168,000 or more",Other,6.54533271148923e-08
Other,60+,Other,Master's degree / Professional degree,"$168,000 or more",Republican,3.687752404501664e-09
Other,60+,Other,Master's degree / Professional degree,"$30,000 to $55,999",Democrat,5.052207609644324e-08
Other,60+,Other,Master's degree / Professional degree,"$30,000 to $55,999",Independent,5.914531997232691e-08
Other,60+,Other,Master's degree / Professional degree,"$30,000 to $55,999",Other,9.172856028004536e-08
Other,60+,Other,Master's degree / Professional degree,"$30,000 to $55,999",Republican,5.044203574575657e-09
Other,60+,Other,Master's degree / Professional degree,"$56,000 to $99,999",Democrat,7.251113936261937e-08
Other,60+,Other,Master's degree / Professional degree,"$56,000 to $99,999",Independent,8.048396367402551e-08
Other,60+,Other,Master's degree / Professional degree,"$56,000 to $99,999",Other,1.1135115364285878e-07
Other,60+,Other,Master's degree / Professional degree,"$56,000 to $99,999",Republican,7.025395730636453e-09
Other,60+,Other,Master's degree / Professional degree,"Less than $30,000",Democrat,7.951650025288826e-08
Other,60+,Other,Master's degree / Professional degree,"Less than $30,000",Independent,1.0722643178661522e-07
Other,60+,Other,Master's degree / Professional degree,"Less than $30,000",Other,1.3032877958544026e-07
Other,60+,Other,Master's degree / Professional degree,"Less than $30,000",Republican,7.153605027483686e-09
Other,60+,Other,Some college or Associate's degree,"$100,000 to $167,999",Democrat,6.81724589459514e-08
Other,60+,Other,Some college or Associate's degree,"$100,000 to $167,999",Independent,1.0782893263261186e-07
Other,60+,Other,Some college or Associate's degree,"$100,000 to $167,999",Other,9.981191979327628e-08
Other,60+,Other,Some college or Associate's degree,"$100,000 to $167,999",Republican,1.2958395023229254e-08
Other,60+,Other,Some college or Associate's degree,"$168,000 or more",Democrat,2.56189194042524e-08
Other,60+,Other,Some college or Associate's degree,"$168,000 or more",Independent,4.2700857275601675e-08
Other,60+,Other,Some college or Associate's degree,"$168,000 or more",Other,4.171696459842632e-08
Other,60+,Other,Some college or Associate's degree,"$168,000 or more",Republican,4.612529127009965e-09
Other,60+,Other,Some college or Associate's degree,"$30,000 to $55,999",Democrat,1.5920983469984468e-07
Other,60+,Other,Some college or Associate's degree,"$30,000 to $55,999",Independent,2.451107971058914e-07
Other,60+,Other,Some college or Associate's degree,"$30,000 to $55,999",Other,3.9122020097480063e-07
Other,60+,Other,Some college or Associate's degree,"$30,000 to $55,999",Republican,4.1365206598660804e-08
Other,60+,Other,Some college or Associate's degree,"$56,000 to $99,999",Democrat,2.064127803603567e-07
Other,60+,Other,Some college or Associate's degree,"$56,000 to $99,999",Independent,2.5669796260193865e-07
Other,60+,Other,Some college or Associate's degree,"$56,000 to $99,999",Other,1.7880001772047042e-07
Other,60+,Other,Some college or Associate's degree,"$56,000 to $99,999",Republican,2.656320241992083e-08
Other,60+,Other,Some college or Associate's degree,"Less than $30,000",Democrat,3.9208583737069084e-07
Other,60+,Other,Some college or Associate's degree,"Less than $30,000",Independent,5.519504479545182e-07
Other,60+,Other,Some college or Associate's degree,"Less than $30,000",Other,2.9405272370008956e-07
Other,60+,Other,Some college or Associate's degree,"Less than $30,000",Republican,4.820867117245816e-08
Other,60+,White / Caucasian,Bachelor's degree,"$100,000 to $167,999",Democrat,6.595559003972529e-06
Other,60+,White / Caucasian,Bachelor's degree,"$100,000 to $167,999",Independent,5.22751739322937e-06
Other,60+,White / Caucasian,Bachelor's degree,"$100,000 to $167,999",Other,1.4874923973483052e-06
Other,60+,White / Caucasian,Bachelor's degree,"$100,000 to $167,999",Republican,1.2401723040745835e-06
Other,60+,White / Caucasian,Bachelor's degree,"$168,000 or more",Democrat,4.228181687062162e-06
Other,60+,White / Caucasian,Bachelor's degree,"$168,000 or more",Independent,3.4540900311090572e-06
Other,60+,White / Caucasian,Bachelor's degree,"$168,000 or more",Other,8.220957913964934e-07
Other,60+,White / Caucasian,Bachelor's degree,"$168,000 or more",Republican,7.340942229604634e-07
Other,60+,White / Caucasian,Bachelor's degree,"$30,000 to $55,999",Democrat,9.247692682213e-06
Other,60+,White / Caucasian,Bachelor's degree,"$30,000 to $55,999",Independent,7.272938815919822e-06
Other,60+,White / Caucasian,Bachelor's degree,"$30,000 to $55,999",Other,2.976771072347772e-06
Other,60+,White / Caucasian,Bachelor's degree,"$30,000 to $55,999",Republican,1.6598234910013126e-06
Other,60+,White / Caucasian,Bachelor's degree,"$56,000 to $99,999",Democrat,1.0864600205174454e-05
Other,60+,White / Caucasian,Bachelor's degree,"$56,000 to $99,999",Independent,8.751921241810904e-06
Other,60+,White / Caucasian,Bachelor's degree,"$56,000 to $99,999",Other,3.327694792670693e-06
Other,60+,White / Caucasian,Bachelor's degree,"$56,000 to $99,999",Republican,2.100193167289114e-06
Other,60+,White / Caucasian,Bachelor's degree,"Less than $30,000",Democrat,8.433240199761672e-06
Other,60+,White / Caucasian,Bachelor's degree,"Less than $30,000",Independent,7.0103757668388966e-06
Other,60+,White / Caucasian,Bachelor's degree,"Less than $30,000",Other,4.217121332724429e-06
Other,60+,White / Caucasian,Bachelor's degree,"Less than $30,000",Republican,1.5576887069879272e-06
Other,60+,White / Caucasian,Doctorate degree / Ph.D.,"$100,000 to $167,999",Democrat,8.579617747780312e-07
Other,60+,White / Caucasian,Doctorate degree / Ph.D.,"$100,000 to $167,999",Independent,5.943984907526094e-07
Other,60+,White / Caucasian,Doctorate degree / Ph.D.,"$100,000 to $167,999",Other,2.5374028170901725e-07
Other,60+,White / Caucasian,Doctorate degree / Ph.D.,"$100,000 to $167,999",Republican,1.4190379845180733e-07
Other,60+,White / Caucasian,Doctorate degree / Ph.D.,"$168,000 or more",Democrat,1.1241968982312656e-06
Other,60+,White / Caucasian,Doctorate degree / Ph.D.,"$168,000 or more",Independent,7.069289167730409e-07
Other,60+,White / Caucasian,Doctorate degree / Ph.D.,"$168,000 or more",Other,1.671067702145365e-07
Other,60+,White / Caucasian,Doctorate degree / Ph.D.,"$168,000 or more",Republican,9.680194500307748e-08
Other,60+,White / Caucasian,Doctorate degree / Ph.D.,"$30,000 to $55,999",Democrat,7.621438183607749e-07
Other,60+,White / Caucasian,Doctorate degree / Ph.D.,"$30,000 to $55,999",Independent,4.866627206463895e-07
Other,60+,White / Caucasian,Doctorate degree / Ph.D.,"$30,000 to $55,999",Other,1.1134335655167143e-07
Other,60+,White / Caucasian,Doctorate degree / Ph.D.,"$30,000 to $55,999",Republican,7.17034041777975e-08
Other,60+,White / Caucasian,Doctorate degree / Ph.D.,"$56,000 to $99,999",Democrat,1.289261051201879e-06
Other,60+,White / Caucasian,Doctorate degree / Ph.D.,"$56,000 to $99,999",Independent,9.497912535340641e-07
Other,60+,White / Caucasian,Doctorate degree / Ph.D.,"$56,000 to $99,999",Other,7.39033330334699e-08
Other,60+,White / Caucasian,Doctorate degree / Ph.D.,"$56,000 to $99,999",Republican,6.479761156124101e-08
Other,60+,White / Caucasian,Doctorate degree / Ph.D.,"Less than $30,000",Democrat,6.569181275040868e-07
Other,60+,White / Caucasian,Doctorate degree / Ph.D.,"Less than $30,000",Independent,5.142897622315535e-07
Other,60+,White / Caucasian,Doctorate degree / Ph.D.,"Less than $30,000",Other,8.704986915956001e-08
Other,60+,White / Caucasian,Doctorate degree / Ph.D.,"Less than $30,000",Republican,5.922168155361592e-08
Other,60+,White / Caucasian,High school diploma / GED,"$100,000 to $167,999",Democrat,2.0070054852381356e-06
Other,60+,White / Caucasian,High school diploma / GED,"$100,000 to $167,999",Independent,1.9577512963457547e-06
Other,60+,White / Caucasian,High school diploma / GED,"$100,000 to $167,999",Other,6.854911846891624e-07
Other,60+,White / Caucasian,High school diploma / GED,"$100,000 to $167,999",Republican,7.196825708551823e-07
Other,60+,White / Caucasian,High school diploma / GED,"$168,000 or more",Democrat,7.355740588209636e-07
Other,60+,White / Caucasian,High school diploma / GED,"$168,000 or more",Independent,5.928116537106455e-07
Other,60+,White / Caucasian,High school diploma / GED,"$168,000 or more",Other,1.9016236882737749e-07
Other,60+,White / Caucasian,High school diploma / GED,"$168,000 or more",Republican,2.391406449178751e-07
Other,60+,White / Caucasian,High school diploma / GED,"$30,000 to $55,999",Democrat,8.544195648873284e-06
Other,60+,White / Caucasian,High school diploma / GED,"$30,000 to $55,999",Independent,7.774251034186267e-06
Other,60+,White / Caucasian,High school diploma / GED,"$30,000 to $55,999",Other,5.908962795146963e-06
Other,60+,White / Caucasian,High school diploma / GED,"$30,000 to $55,999",Republican,2.809482869926527e-06
Other,60+,White / Caucasian,High school diploma / GED,"$56,000 to $99,999",Democrat,7.017033721695799e-06
Other,60+,White / Caucasian,High school diploma / GED,"$56,000 to $99,999",Independent,4.936562665332778e-06
Other,60+,White / Caucasian,High school diploma / GED,"$56,000 to $99,999",Other,1.735465447537963e-06
Other,60+,White / Caucasian,High school diploma / GED,"$56,000 to $99,999",Republican,2.1929487253732525e-06
Other,60+,White / Caucasian,High school diploma / GED,"Less than $30,000",Democrat,1.2255061249346897e-05
Other,60+,White / Caucasian,High school diploma / GED,"Less than $30,000",Independent,1.2940838200547594e-05
Other,60+,White / Caucasian,High school diploma / GED,"Less than $30,000",Other,4.123791502685691e-06
Other,60+,White / Caucasian,High school diploma / GED,"Less than $30,000",Republican,3.2380867666177822e-06
Other,60+,White / Caucasian,Less than high school,"$100,000 to $167,999",Democrat,1.8771628487018933e-07
Other,60+,White / Caucasian,Less than high school,"$100,000 to $167,999",Independent,4.896965816022238e-07
Other,60+,White / Caucasian,Less than high school,"$100,000 to $167,999",Other,1.338200254222383e-06
Other,60+,White / Caucasian,Less than high school,"$100,000 to $167,999",Republican,9.415897316012563e-08
Other,60+,White / Caucasian,Less than high school,"$168,000 or more",Democrat,9.722641890638633e-08
Other,60+,White / Caucasian,Less than high school,"$168,000 or more",Independent,1.4024683863268977e-07
Other,60+,White / Caucasian,Less than high school,"$168,000 or more",Other,1.0219146244020566e-07
Other,60+,White / Caucasian,Less than high school,"$168,000 or more",Republican,3.911433618696425e-08
Other,60+,White / Caucasian,Less than high school,"$30,000 to $55,999",Democrat,1.436411107517066e-06
Other,60+,White / Caucasian,Less than high school,"$30,000 to $55,999",Independent,2.334334481975486e-06
Other,60+,White / Caucasian,Less than high school,"$30,000 to $55,999",Other,2.612595509168e-06
Other,60+,White / Caucasian,Less than high school,"$30,000 to $55,999",Republican,7.586249969339049e-07
Other,60+,White / Caucasian,Less than high school,"$56,000 to $99,999",Democrat,6.00703099297683e-07
Other,60+,White / Caucasian,Less than high school,"$56,000 to $99,999",Independent,9.820411934714457e-07
Other,60+,White / Caucasian,Less than high school,"$56,000 to $99,999",Republican,5.583459633375454e-07
Other,60+,White / Caucasian,Less than high school,"Less than $30,000",Democrat,4.0091732209647726e-06
Other,60+,White / Caucasian,Less than high school,"Less than $30,000",Independent,6.059443962652427e-06
Other,60+,White / Caucasian,Less than high school,"Less than $30,000",Other,2.6926933185548123e-06
Other,60+,White / Caucasian,Less than high school,"Less than $30,000",Republican,1.459244521461993e-06
Other,60+,White / Caucasian,Master's degree / Professional degree,"$100,000 to $167,999",Democrat,7.036366439282234e-06
Other,60+,White / Caucasian,Master's degree / Professional degree,"$100,000 to $167,999",Independent,3.533866137960519e-06
Other,60+,White / Caucasian,Master's degree / Professional degree,"$100,000 to $167,999",Other,1.7662502462396767e-06
Other,60+,White / Caucasian,Master's degree / Professional degree,"$100,000 to $167,999",Republican,7.440159617435992e-07
Other,60+,White / Caucasian,Master's degree / Professional degree,"$168,000 or more",Democrat,6.232970953755161e-06
Other,60+,White / Caucasian,Master's degree / Professional degree,"$168,000 or more",Independent,2.6403550303774716e-06
Other,60+,White / Caucasian,Master's degree / Professional degree,"$168,000 or more",Other,6.912764212910669e-07
Other,60+,White / Caucasian,Master's degree / Professional degree,"$168,000 or more",Republican,5.787240015442569e-07
Other,60+,White / Caucasian,Master's degree / Professional degree,"$30,000 to $55,999",Democrat,6.681596929088697e-06
Other,60+,White / Caucasian,Master's degree / Professional degree,"$30,000 to $55,999",Independent,3.982972708374571e-06
Other,60+,White / Caucasian,Master's degree / Professional degree,"$30,000 to $55,999",Other,1.2400926569451973e-06
Other,60+,White / Caucasian,Master's degree / Professional degree,"$30,000 to $55,999",Republican,6.670707293910957e-07
Other,60+,White / Caucasian,Master's degree / Professional degree,"$56,000 to $99,999",Democrat,9.461034044840616e-06
Other,60+,White / Caucasian,Master's degree / Professional degree,"$56,000 to $99,999",Independent,5.711008543593459e-06
Other,60+,White / Caucasian,Master's degree / Professional degree,"$56,000 to $99,999",Other,1.3735145191003375e-06
Other,60+,White / Caucasian,Master's degree / Professional degree,"$56,000 to $99,999",Republican,1.1008440137305498e-06
Other,60+,White / Caucasian,Master's degree / Professional degree,"Less than $30,000",Democrat,4.986857683705078e-06
Other,60+,White / Caucasian,Master's degree / Professional degree,"Less than $30,000",Independent,3.7706763420430984e-06
Other,60+,White / Caucasian,Master's degree / Professional degree,"Less than $30,000",Other,1.7330363031073166e-06
Other,60+,White / Caucasian,Master's degree / Professional degree,"Less than $30,000",Republican,6.442025808608003e-07
Other,60+,White / Caucasian,Some college or Associate's degree,"$100,000 to $167,999",Democrat,4.8252810357854944e-06
Other,60+,White / Caucasian,Some college or Associate's degree,"$100,000 to $167,999",Independent,4.4967796499369794e-06
Other,60+,White / Caucasian,Some college or Associate's degree,"$100,000 to $167,999",Other,2.8669747607267964e-06
Other,60+,White / Caucasian,Some college or Associate's degree,"$100,000 to $167,999",Republican,1.3014778148660738e-06
Other,60+,White / Caucasian,Some college or Associate's degree,"$168,000 or more",Democrat,2.091935350457019e-06
Other,60+,White / Caucasian,Some college or Associate's degree,"$168,000 or more",Independent,1.5429672797460265e-06
Other,60+,White / Caucasian,Some college or Associate's degree,"$168,000 or more",Other,6.158811396212886e-07
Other,60+,White / Caucasian,Some college or Associate's degree,"$168,000 or more",Republican,4.873089446037481e-07
Other,60+,White / Caucasian,Some college or Associate's degree,"$30,000 to $55,999",Democrat,1.3592902950197056e-05
Other,60+,White / Caucasian,Some college or Associate's degree,"$30,000 to $55,999",Independent,1.249401089617647e-05
Other,60+,White / Caucasian,Some college or Associate's degree,"$30,000 to $55,999",Other,6.374967988207327e-06
Other,60+,White / Caucasian,Some college or Associate's degree,"$30,000 to $55,999",Republican,3.0887357424792974e-06
Other,60+,White / Caucasian,Some college or Associate's degree,"$56,000 to $99,999",Democrat,1.244753021475922e-05
Other,60+,White / Caucasian,Some college or Associate's degree,"$56,000 to $99,999",Independent,1.0704597170190235e-05
Other,60+,White / Caucasian,Some college or Associate's degree,"$56,000 to $99,999",Other,2.8706349538470047e-06
Other,60+,White / Caucasian,Some college or Associate's degree,"$56,000 to $99,999",Republican,3.144563888758744e-06
Other,60+,White / Caucasian,Some college or Associate's degree,"Less than $30,000",Democrat,1.7089628178580058e-05
Other,60+,White / Caucasian,Some college or Associate's degree,"Less than $30,000",Independent,1.4642600048302746e-05
Other,60+,White / Caucasian,Some college or Associate's degree,"Less than $30,000",Other,5.137202900825266e-06
Other,60+,White / Caucasian,Some college or Associate's degree,"Less than $30,000",Republican,3.0756136072169516e-06
