arm_title,e2_normsbeliefs,e2_distancing,e2_food,e2_others,e2_masks,gender,age_band,party
Placebo control (bird feeding),1.0,0.75,0.9375,0.75,0.875,Male,5,Republican
Reframing Bravery,,0.609375,0.75,0.3125,0.5714285714285714,Female,1,Republican
Reframing Bravery,1.0,0.71875,0.6875,0.78125,0.6428571428571429,Male,5,Independent
Placebo control (bird feeding),0.9166666666666666,0.8125,0.9375,0.78125,0.8214285714285714,Male,5,Republican
Baseline Information,0.9166666666666666,0.921875,0.9375,0.84375,1.0,Male,5,Republican
Protect Others - Linear Cooperation,1.0,0.875,0.625,0.3125,0.8928571428571429,Male,4,Democrat
Placebo control (bird feeding),1.0,0.984375,0.9375,0.9375,0.9821428571428572,Male,5,Republican
Reframing Bravery,0.9166666666666666,0.890625,0.9375,0.46875,0.75,Female,2,Democrat
Reframing Bravery,1.0,0.78125,0.9375,0.96875,0.9107142857142856,Female,5,Democrat
Protect Others - Linear Cooperation,0.75,0.53125,0.6875,0.1875,0.5357142857142857,Male,5,Republican
Baseline Information,1.0,0.828125,1.0,0.9375,0.7321428571428571,Female,5,Democrat
Reframing Bravery,0.9166666666666666,0.640625,0.875,0.59375,0.5,Male,5,Democrat
Placebo control (bird feeding),1.0,0.90625,0.9375,0.875,1.0,Male,5,Republican
Reframing Bravery,1.0,0.8125,0.4375,0.5625,0.3392857142857143,Male,2,Democrat
Baseline Information,1.0,0.703125,0.625,0.875,0.9642857142857144,Female,1,Democrat
Placebo control (bird feeding),1.0,0.90625,0.6875,0.9375,0.75,Female,5,Independent
Protect Others - Linear Cooperation,0.75,0.703125,0.8125,0.625,0.9107142857142856,Male,5,Democrat
Baseline Information,0.8333333333333334,0.921875,1.0,0.65625,0.9107142857142856,Male,5,Democrat
Protect Others - Linear Cooperation,0.75,0.84375,0.8125,0.25,0.3214285714285714,Male,5,Republican
Baseline Information,,0.640625,0.25,0.34375,0.375,Female,4,Republican
Protect Others - Linear Cooperation,1.0,1.0,0.8125,0.90625,0.9464285714285714,Male,5,Republican
Reframing Bravery,1.0,0.921875,0.9375,0.96875,0.9642857142857144,Male,4,Independent
Reframing Bravery,1.0,0.859375,0.9375,0.875,0.9285714285714286,Female,1,Republican
Placebo control (bird feeding),,0.671875,0.5,0.28125,0.6785714285714286,Male,5,Democrat
Baseline Information,1.0,0.875,1.0,0.75,1.0,Male,3,Independent
Baseline Information,0.8333333333333334,0.953125,0.875,0.6875,0.875,Male,5,Democrat
Protect Others - Linear Cooperation,0.3333333333333333,0.796875,1.0,0.84375,0.9285714285714286,Male,5,Republican
Baseline Information,1.0,0.890625,0.875,0.8125,0.875,Male,5,Republican
Placebo control (bird feeding),0.75,0.90625,0.8125,0.8125,0.8571428571428571,Male,5,Democrat
Protect Others - Linear Cooperation,1.0,0.859375,0.8125,1.0,0.875,Male,5,Democrat
Placebo control (bird feeding),0.8333333333333334,0.640625,0.6875,0.4375,0.8214285714285714,Male,3,Republican
Placebo control (bird feeding),1.0,0.796875,0.875,0.75,0.8571428571428571,Male,4,Democrat
Baseline Information,1.0,0.890625,1.0,0.96875,1.0,Female,1,Republican
Reframing Bravery,0.9166666666666666,0.875,1.0,0.84375,0.75,Male,3,Republican
Protect Others - Linear Cooperation,1.0,0.765625,0.625,0.9375,0.8928571428571429,Female,1,Democrat
Protect Others - Linear Cooperation,1.0,0.7021162403263961,0.9208381479035984,0.875,0.9821428571428572,Male,5,Republican
Placebo control (bird feeding),0.6666666666666666,0.4375,0.5,0.78125,1.0,Female,1,Democrat
Reframing Bravery,1.0,0.9375,1.0,0.875,1.0,Male,4,Democrat
Protect Others - Linear Cooperation,0.9166666666666666,0.46875,0.625,0.53125,0.9642857142857144,Female,2,Independent
Protect Others - Linear Cooperation,0.5833333333333334,0.390625,0.5,0.1875,0.4642857142857143,Male,5,Republican
Placebo control (bird feeding),1.0,0.625,0.9375,0.78125,1.0,Female,5,Republican
Reframing Bravery,0.75,0.359375,0.3125,0.5,0.7142857142857143,Female,3,Republican
Placebo control (bird feeding),0.6666666666666666,0.390625,0.3125,0.4375,0.7678571428571429,Female,2,Republican
Placebo control (bird feeding),0.5,0.546875,0.875,0.1875,0.4107142857142857,Female,5,Republican
Placebo control (bird feeding),1.0,0.9375,0.6875,0.5625,0.8392857142857143,Female,3,Republican
Baseline Information,0.1666666666666666,0.859375,0.875,0.03125,0.4285714285714285,Female,4,Democrat
Reframing Bravery,0.75,0.796875,0.875,0.6875,0.5892857142857143,Female,5,Democrat
Placebo control (bird feeding),,0.6875,0.25,0.0,0.4821428571428571,Female,3,Republican
Baseline Information,1.0,0.78125,0.9375,0.90625,0.75,Female,5,Republican
Baseline Information,0.9166666666666666,0.734375,0.75,0.75,0.9464285714285714,Male,3,Democrat
Baseline Information,1.0,0.90625,0.875,0.9375,0.9285714285714286,Female,4,Republican
Protect Others - Linear Cooperation,0.9166666666666666,0.734375,0.75,0.46875,0.4464285714285714,Female,5,Republican
Reframing Bravery,0.8333333333333334,0.78125,0.625,0.625,0.5892857142857143,Female,5,Democrat
Baseline Information,0.9166666666666666,0.703125,0.75,0.875,0.8571428571428571,Male,1,Republican
Baseline Information,0.9166666666666666,0.34375,0.0,0.375,0.5357142857142857,Female,1,Republican
Protect Others - Linear Cooperation,1.0,0.875,1.0,0.53125,0.6785714285714286,Male,3,Republican
Placebo control (bird feeding),1.0,1.0,0.875,0.9375,0.9285714285714286,Male,5,Republican
Protect Others - Linear Cooperation,1.0,0.84375,0.625,0.78125,0.75,Male,3,Republican
Baseline Information,1.0,0.734375,0.9375,0.96875,0.6607142857142857,Female,1,Democrat
Placebo control (bird feeding),,0.3009451959764134,0.0,0.1875,0.1964285714285714,Female,4,Democrat
Protect Others - Linear Cooperation,1.0,0.859375,0.875,0.9375,0.5178571428571429,Male,4,Republican
Reframing Bravery,1.0,0.796875,1.0,0.59375,0.8928571428571429,Female,5,Democrat
Protect Others - Linear Cooperation,1.0,0.84375,0.875,0.78125,0.7142857142857143,Female,5,Democrat
Reframing Bravery,1.0,0.6875,0.5,0.625,0.6785714285714286,Female,5,Democrat
Reframing Bravery,0.75,0.359375,0.125,0.59375,0.6785714285714286,Female,3,Republican
Protect Others - Linear Cooperation,0.9166666666666666,0.90625,0.875,0.9375,0.6964285714285714,Female,5,Democrat
Placebo control (bird feeding),1.0,1.0,1.0,0.78125,0.8571428571428571,Male,3,Republican
Baseline Information,1.0,0.375,0.3125,0.375,0.9285714285714286,Male,3,Republican
Reframing Bravery,1.0,0.96875,1.0,0.8125,0.9285714285714286,Female,4,Democrat
Placebo control (bird feeding),0.6666666666666666,0.65625,0.875,0.6875,0.6428571428571429,Male,4,Republican
Reframing Bravery,,0.5196951959764134,0.4375,0.125,0.8928571428571429,Male,5,Republican
Placebo control (bird feeding),1.0,0.859375,1.0,0.5,0.7678571428571429,Female,1,Republican
Reframing Bravery,,0.359375,0.3125,0.5625,0.7142857142857143,Male,2,Democrat
Placebo control (bird feeding),0.5833333333333334,0.34375,0.25,0.59375,0.8214285714285714,Female,3,Republican
Baseline Information,1.0,0.921875,0.875,0.8125,1.0,Male,3,Republican
Placebo control (bird feeding),1.0,0.9375,0.9375,1.0,1.0,Female,2,Democrat
Baseline Information,0.9166666666666666,0.765625,0.625,0.8125,0.7142857142857143,Female,2,Republican
Protect Others - Linear Cooperation,0.9166666666666666,0.796875,0.875,0.46875,0.5535714285714286,Female,2,Democrat
Reframing Bravery,1.0,0.9375,1.0,0.875,0.9285714285714286,Female,5,Republican
Baseline Information,1.0,0.65625,0.5,0.1875,1.0,Female,2,Independent
Baseline Information,0.3333333333333333,0.546875,0.5,0.3125,0.1785714285714285,Male,3,Republican
Protect Others - Linear Cooperation,1.0,0.890625,1.0,0.875,1.0,Male,1,Democrat
Baseline Information,0.0,0.96875,0.625,0.28125,0.4642857142857143,Female,5,Democrat
Reframing Bravery,0.6666666666666666,0.484375,0.25,0.375,0.7678571428571429,Male,3,Democrat
Placebo control (bird feeding),0.8333333333333334,0.734375,0.8125,0.5625,0.8571428571428571,Female,4,Republican
Reframing Bravery,0.75,0.5196951959764134,0.5,0.5,0.5,Male,2,Independent
Reframing Bravery,1.0,0.703125,0.625,0.625,0.8571428571428571,Male,4,Republican
Protect Others - Linear Cooperation,,0.609375,0.8125,0.59375,0.7142857142857143,Female,1,Independent
Protect Others - Linear Cooperation,1.0,0.8125,0.625,0.78125,0.7857142857142857,Female,3,Republican
Reframing Bravery,1.0,0.875,0.875,0.65625,0.7142857142857143,Male,2,Republican
Baseline Information,1.0,0.890625,0.75,0.90625,0.8035714285714286,Male,2,Democrat
Baseline Information,0.8333333333333334,0.875,1.0,0.71875,1.0,Male,2,Republican
Reframing Bravery,0.9166666666666666,0.796875,1.0,0.53125,0.875,Male,2,Democrat
Placebo control (bird feeding),1.0,0.90625,0.625,0.90625,1.0,Male,1,Republican
Baseline Information,1.0,0.875,0.875,0.625,0.9285714285714286,Female,4,Independent
Placebo control (bird feeding),0.6666666666666666,0.859375,0.8125,0.625,0.4821428571428571,Female,5,Democrat
Placebo control (bird feeding),0.9166666666666666,0.78125,0.9375,0.75,0.7857142857142857,Male,1,Republican
Placebo control (bird feeding),1.0,0.921875,0.9375,0.96875,1.0,Male,4,Republican
Reframing Bravery,0.9166666666666666,0.40625,0.5,0.40625,0.5178571428571429,Female,2,Republican
Placebo control (bird feeding),0.0,0.859375,1.0,0.78125,1.0,Female,1,Republican
Baseline Information,,0.4259451959764134,0.9375,0.28125,0.2142857142857142,Female,5,Republican
Reframing Bravery,0.0,0.21875,0.0625,0.0625,0.5,Female,4,Democrat
Protect Others - Linear Cooperation,0.8333333333333334,0.40625,0.125,0.25,0.8214285714285714,Female,5,Republican
Protect Others - Linear Cooperation,0.9166666666666666,0.921875,0.75,0.75,1.0,Female,5,Republican
Reframing Bravery,1.0,0.9375,0.9375,0.6875,0.7142857142857143,Female,3,Republican
Baseline Information,1.0,0.921875,1.0,0.9375,0.9464285714285714,Female,5,Republican
Placebo control (bird feeding),0.9166666666666666,0.6875,0.75,0.59375,0.6785714285714286,Male,3,Republican
Baseline Information,0.5833333333333334,0.4375,0.25,0.3125,0.3928571428571428,Female,2,Republican
Protect Others - Linear Cooperation,1.0,0.921875,0.75,0.96875,1.0,Male,5,Republican
Protect Others - Linear Cooperation,,0.34375,0.3125,0.0,0.5357142857142857,Female,2,Democrat
Baseline Information,1.0,0.609375,0.6875,0.875,0.7857142857142857,Female,2,Democrat
Baseline Information,1.0,0.953125,1.0,0.71875,0.7142857142857143,Male,4,Republican
Reframing Bravery,,0.4571951959764134,0.1875,0.4375,0.8035714285714286,Male,2,Republican
Placebo control (bird feeding),1.0,1.0,0.875,0.875,1.0,Male,2,Independent
Baseline Information,0.9166666666666666,0.8125,0.8125,0.28125,0.6071428571428571,Male,4,Republican
Reframing Bravery,0.9166666666666666,0.859375,0.8125,0.40625,0.2678571428571428,Male,2,Democrat
Protect Others - Linear Cooperation,1.0,0.578125,0.5625,0.9375,0.9285714285714286,Female,5,Democrat
Protect Others - Linear Cooperation,1.0,0.875,1.0,0.78125,0.8392857142857143,Male,4,Republican
Placebo control (bird feeding),0.9166666666666666,0.5,0.9375,0.65625,0.75,Female,4,Democrat
Placebo control (bird feeding),0.8333333333333334,0.421875,0.25,0.28125,0.9464285714285714,Male,2,Republican
Placebo control (bird feeding),1.0,0.875,0.5625,0.875,0.75,Male,2,Democrat
Placebo control (bird feeding),0.0,0.171875,0.5625,0.0,0.0892857142857142,Male,4,Republican
Protect Others - Linear Cooperation,1.0,0.921875,1.0,0.75,0.7142857142857143,Male,4,Republican
Baseline Information,1.0,0.5,0.25,0.5625,0.625,Male,2,Democrat
Protect Others - Linear Cooperation,0.75,0.953125,0.8125,0.40625,0.9285714285714286,Female,5,Democrat
Placebo control (bird feeding),1.0,0.890625,0.9375,0.9375,0.9821428571428572,Female,2,Republican
Placebo control (bird feeding),0.75,0.765625,0.5,0.59375,0.0714285714285714,Male,4,Republican
Protect Others - Linear Cooperation,1.0,0.75,1.0,0.75,0.8392857142857143,Female,4,Democrat
Protect Others - Linear Cooperation,1.0,0.890625,1.0,1.0,1.0,Male,4,Independent
Baseline Information,1.0,0.953125,0.875,0.90625,0.8928571428571429,Male,2,Independent
Protect Others - Linear Cooperation,1.0,0.5,0.625,0.53125,0.5714285714285714,Female,5,Republican
Placebo control (bird feeding),0.0,0.515625,0.4375,0.09375,0.0178571428571428,Female,2,Republican
Reframing Bravery,1.0,0.859375,0.5625,0.875,0.8392857142857143,Female,5,Republican
Protect Others - Linear Cooperation,0.9166666666666666,0.71875,0.9375,0.90625,0.8214285714285714,Female,3,Republican
Placebo control (bird feeding),1.0,0.640625,0.375,0.6875,0.75,Female,5,Republican
Reframing Bravery,1.0,0.96875,0.9375,0.5,0.8035714285714286,Male,5,Democrat
Baseline Information,1.0,0.921875,1.0,1.0,0.9642857142857144,Male,4,Republican
Protect Others - Linear Cooperation,1.0,0.859375,0.9375,0.375,1.0,Male,5,Republican
Placebo control (bird feeding),1.0,0.71875,0.125,0.5625,0.8571428571428571,Male,1,Democrat
Protect Others - Linear Cooperation,0.9166666666666666,0.71875,0.8125,0.46875,0.6428571428571429,Male,5,Democrat
Reframing Bravery,1.0,0.671875,0.375,0.8125,0.8571428571428571,Female,5,Democrat
Protect Others - Linear Cooperation,0.5,0.90625,1.0,0.4375,0.6071428571428571,Male,4,Democrat
Reframing Bravery,0.9166666666666666,0.5625,0.6875,0.5625,0.6428571428571429,Male,2,Republican
Reframing Bravery,0.3333333333333333,0.2696951959764134,0.125,0.03125,0.1071428571428571,Male,4,Republican
Reframing Bravery,0.6666666666666666,0.515625,0.375,0.3125,0.9285714285714286,Male,2,Republican
Reframing Bravery,0.8333333333333334,0.8125,0.875,0.09375,0.5357142857142857,Male,3,Democrat
Protect Others - Linear Cooperation,0.8333333333333334,0.84375,0.875,0.71875,0.9285714285714286,Male,4,Democrat
Placebo control (bird feeding),0.9166666666666666,0.296875,0.0625,0.53125,0.8035714285714286,Female,2,Republican
Placebo control (bird feeding),1.0,0.84375,0.8125,0.8125,0.9642857142857144,Female,5,Republican
Placebo control (bird feeding),0.5,0.828125,0.625,0.125,0.6607142857142857,Male,2,Republican
Protect Others - Linear Cooperation,0.5833333333333334,0.296875,0.0625,0.15625,0.3928571428571428,Male,3,Democrat
Baseline Information,0.9166666666666666,0.9375,0.9375,0.78125,0.9464285714285714,Female,1,Democrat
Baseline Information,1.0,0.90625,0.875,0.875,0.7678571428571429,Male,5,Democrat
Protect Others - Linear Cooperation,0.6666666666666666,0.9375,0.75,0.40625,0.6071428571428571,Male,3,Republican
Protect Others - Linear Cooperation,1.0,0.828125,0.75,0.8125,0.7142857142857143,Male,3,Republican
Placebo control (bird feeding),1.0,0.765625,0.875,0.875,0.6071428571428571,Female,1,Republican
Reframing Bravery,1.0,0.921875,1.0,0.71875,0.9285714285714286,Male,3,Republican
Reframing Bravery,0.9166666666666666,0.96875,0.75,0.71875,1.0,Female,2,Democrat
Protect Others - Linear Cooperation,1.0,0.9375,1.0,0.84375,1.0,Male,4,Republican
Placebo control (bird feeding),0.5,0.5625,0.25,0.375,0.7142857142857143,Female,5,Republican
Reframing Bravery,,0.53125,0.375,0.21875,0.0178571428571428,Female,5,Democrat
Reframing Bravery,1.0,0.75,1.0,1.0,1.0,Male,5,Republican
Reframing Bravery,1.0,0.734375,0.9375,1.0,0.8928571428571429,Female,4,Republican
Baseline Information,0.8333333333333334,0.5,0.25,0.875,0.6785714285714286,Male,5,Republican
Baseline Information,0.9166666666666666,0.6875,0.9375,0.375,0.5178571428571429,Female,2,Republican
Reframing Bravery,0.8333333333333334,0.8125,0.9375,0.875,0.625,Female,1,Democrat
Placebo control (bird feeding),0.0,0.203125,0.3125,0.0,0.0,Female,4,Republican
Placebo control (bird feeding),0.75,0.984375,1.0,0.875,0.75,Female,5,Democrat
Reframing Bravery,1.0,0.859375,0.875,0.78125,0.8571428571428571,Female,4,Independent
Baseline Information,,0.4884451959764134,0.5625,0.125,0.3214285714285714,Female,5,Republican
Placebo control (bird feeding),0.4166666666666667,0.5,0.625,0.25,0.3392857142857143,Female,5,Republican
Protect Others - Linear Cooperation,1.0,0.53125,0.5,0.90625,0.9642857142857144,Female,3,Republican
Baseline Information,1.0,0.875,0.8125,0.78125,0.9285714285714286,Female,2,Republican
Placebo control (bird feeding),1.0,0.890625,0.9375,0.875,0.7142857142857143,Female,2,Democrat
Protect Others - Linear Cooperation,0.9166666666666666,0.828125,0.625,0.75,0.9642857142857144,Male,3,Independent
Protect Others - Linear Cooperation,,0.296875,0.5625,0.25,0.1964285714285714,Female,5,Democrat
Baseline Information,0.5833333333333334,0.6446951959764134,0.5625,0.3125,0.4107142857142857,Female,5,Democrat
Protect Others - Linear Cooperation,1.0,0.9375,0.75,0.9375,0.9821428571428572,Male,4,Democrat
Protect Others - Linear Cooperation,1.0,0.9375,1.0,0.96875,0.8571428571428571,Male,5,Republican
Baseline Information,1.0,0.921875,1.0,0.8125,0.7142857142857143,Female,2,Democrat
Baseline Information,0.0,0.4375,0.25,0.0625,0.25,Female,5,Democrat
Placebo control (bird feeding),0.75,0.84375,0.75,0.53125,0.5535714285714286,Male,4,Democrat
Protect Others - Linear Cooperation,,0.8125,0.6875,0.40625,0.5714285714285714,Female,2,Democrat
Baseline Information,0.8333333333333334,0.828125,1.0,0.96875,1.0,Female,2,Republican
Placebo control (bird feeding),0.9166666666666666,0.84375,0.625,0.78125,0.875,Female,5,Republican
Reframing Bravery,1.0,0.828125,0.75,0.84375,1.0,Male,4,Republican
Reframing Bravery,1.0,0.875,0.8125,0.9375,0.9285714285714286,Male,4,Republican
Protect Others - Linear Cooperation,0.9166666666666666,0.546875,0.625,0.59375,0.8571428571428571,Female,5,Republican
Baseline Information,1.0,0.734375,0.75,0.78125,0.8928571428571429,Male,5,Republican
Baseline Information,1.0,0.90625,1.0,0.875,0.9821428571428572,Male,5,Democrat
Placebo control (bird feeding),0.8333333333333334,0.890625,0.5625,0.46875,0.8035714285714286,Male,5,Democrat
Placebo control (bird feeding),,0.515625,0.4375,0.15625,0.4285714285714285,Female,5,Republican
Baseline Information,,0.96875,0.625,0.28125,0.3214285714285714,Male,4,Democrat
Protect Others - Linear Cooperation,1.0,0.96875,1.0,0.6875,0.9285714285714286,Male,5,Republican
Protect Others - Linear Cooperation,0.5833333333333334,0.578125,0.5,0.46875,0.4285714285714285,Female,4,Republican
Protect Others - Linear Cooperation,0.9166666666666666,0.890625,0.9375,0.875,0.8214285714285714,Female,5,Republican
Placebo control (bird feeding),0.75,0.90625,0.8125,0.65625,0.6428571428571429,Male,4,Democrat
Placebo control (bird feeding),0.0,0.859375,1.0,0.5,0.9821428571428572,Female,4,Democrat
Reframing Bravery,1.0,0.78125,0.9375,0.6875,0.6428571428571429,Female,5,Republican
Placebo control (bird feeding),1.0,0.703125,0.9375,0.90625,0.7321428571428571,Male,3,Democrat
Protect Others - Linear Cooperation,0.6666666666666666,0.921875,1.0,0.8125,1.0,Female,5,Democrat
Baseline Information,,0.59375,0.8125,0.375,0.5,Female,5,Democrat
Placebo control (bird feeding),0.9166666666666666,0.890625,0.9375,1.0,0.9821428571428572,Female,5,Republican
Placebo control (bird feeding),0.75,0.453125,0.3125,0.15625,0.6428571428571429,Male,5,Republican
Baseline Information,1.0,0.765625,0.6875,0.9375,1.0,Female,5,Democrat
Baseline Information,1.0,0.984375,1.0,0.6875,0.9464285714285714,Male,4,Independent
Reframing Bravery,1.0,0.828125,1.0,0.375,1.0,Male,4,Republican
Placebo control (bird feeding),1.0,0.71875,0.75,0.75,0.75,Male,5,Independent
Reframing Bravery,1.0,0.859375,0.9375,0.8125,0.6607142857142857,Female,5,Republican
Protect Others - Linear Cooperation,0.75,0.859375,1.0,0.875,0.8214285714285714,Male,3,Independent
Placebo control (bird feeding),1.0,0.921875,1.0,0.9375,0.9285714285714286,Female,5,Republican
Reframing Bravery,,0.4259451959764134,0.5,0.0625,0.5714285714285714,Male,5,Republican
Placebo control (bird feeding),,0.359375,1.0,0.03125,0.1428571428571428,Male,5,Democrat
Baseline Information,0.9166666666666666,0.859375,1.0,0.4375,0.7142857142857143,Male,5,Democrat
Protect Others - Linear Cooperation,1.0,0.75,0.5,0.71875,0.8928571428571429,Female,5,Independent
Reframing Bravery,1.0,0.890625,0.8125,0.90625,1.0,Male,3,Republican
Placebo control (bird feeding),,0.359375,0.6875,0.0625,0.2678571428571428,Male,4,Republican
Reframing Bravery,0.9166666666666666,0.984375,0.9375,0.53125,0.6071428571428571,Female,5,Republican
Protect Others - Linear Cooperation,1.0,0.671875,0.5,0.5,0.625,Female,4,Democrat
Protect Others - Linear Cooperation,1.0,0.796875,0.875,0.53125,0.8928571428571429,Male,5,Democrat
Reframing Bravery,1.0,0.78125,1.0,0.7001722644000661,0.9285714285714286,Male,5,Republican
Protect Others - Linear Cooperation,0.75,0.65625,0.375,0.59375,0.5357142857142857,Male,5,Republican
Baseline Information,0.0,0.1875,0.5,0.0,0.0,Male,3,Democrat
Baseline Information,1.0,0.875,1.0,0.84375,0.9642857142857144,Female,3,Republican
Placebo control (bird feeding),1.0,0.75,0.8125,0.75,0.9285714285714286,Male,5,Democrat
Protect Others - Linear Cooperation,1.0,0.921875,0.625,0.71875,1.0,Male,5,Republican
Reframing Bravery,0.8333333333333334,0.84375,1.0,0.40625,0.8035714285714286,Male,5,Republican
Placebo control (bird feeding),0.5,0.40625,0.25,0.0,0.6071428571428571,Female,4,Democrat
Baseline Information,0.5,0.703125,0.5,0.15625,0.1607142857142857,Male,5,Republican
Reframing Bravery,0.8333333333333334,0.96875,1.0,0.4375,0.625,Female,3,Republican
Protect Others - Linear Cooperation,0.6666666666666666,0.546875,0.375,0.5,0.6428571428571429,Female,1,Republican
Placebo control (bird feeding),1.0,0.890625,0.9375,0.90625,0.7857142857142857,Female,2,Republican
Protect Others - Linear Cooperation,1.0,0.875,0.6875,0.4375,0.6607142857142857,Female,5,Republican
Baseline Information,0.5,0.171875,0.0,0.15625,0.8928571428571429,Female,5,Republican
Placebo control (bird feeding),1.0,0.90625,0.875,0.9375,0.8928571428571429,Female,5,Democrat
Baseline Information,1.0,0.8125,0.875,0.875,0.8928571428571429,Female,2,Republican
Baseline Information,0.3333333333333333,0.578125,0.875,0.1875,0.0357142857142857,Male,4,Republican
Reframing Bravery,1.0,0.96875,1.0,0.9375,0.9821428571428572,Female,4,Republican
Placebo control (bird feeding),0.6666666666666666,0.34375,0.125,0.1875,,Female,5,Republican
Protect Others - Linear Cooperation,,0.8125,1.0,0.5,0.0714285714285714,Male,2,Democrat
Baseline Information,,0.515625,0.5,,0.5535714285714286,Male,5,Democrat
Reframing Bravery,1.0,0.765625,1.0,0.5,0.6071428571428571,Female,1,Democrat
Protect Others - Linear Cooperation,0.9166666666666666,0.78125,0.875,0.28125,0.4821428571428571,Male,5,Republican
Placebo control (bird feeding),1.0,0.96875,0.8125,0.90625,0.9464285714285714,Female,4,Democrat
Baseline Information,1.0,0.8125,0.75,0.9375,0.875,Female,2,Republican
Protect Others - Linear Cooperation,0.6666666666666666,0.640625,0.8125,0.40625,0.3035714285714285,Male,4,Republican
Reframing Bravery,1.0,0.90625,0.75,0.90625,0.9642857142857144,Female,3,Independent
Protect Others - Linear Cooperation,0.75,0.5625,0.3125,0.65625,0.7321428571428571,Female,5,Republican
Reframing Bravery,1.0,0.640625,0.6875,0.90625,0.7142857142857143,Male,5,Republican
Placebo control (bird feeding),0.9166666666666666,0.7228201959764134,0.3125,0.21875,0.7321428571428571,Male,5,Republican
Baseline Information,1.0,0.984375,0.9375,0.84375,0.9821428571428572,Male,5,Independent
Baseline Information,1.0,0.984375,1.0,0.8125,1.0,Female,5,Democrat
Protect Others - Linear Cooperation,1.0,1.0,1.0,0.96875,0.8928571428571429,Male,4,Republican
Placebo control (bird feeding),,0.71875,0.4375,0.375,0.5535714285714286,Male,4,Republican
Baseline Information,1.0,0.828125,0.3125,0.71875,1.0,Female,5,Republican
Reframing Bravery,1.0,0.984375,1.0,0.875,0.7678571428571429,Female,5,Democrat
Placebo control (bird feeding),1.0,0.78125,0.625,0.5,0.8571428571428571,Male,4,Independent
Protect Others - Linear Cooperation,,0.640625,0.3125,0.0625,0.3928571428571428,Male,4,Democrat
Reframing Bravery,1.0,0.875,1.0,0.9375,0.875,Male,3,Republican
Protect Others - Linear Cooperation,,0.4964309057408344,,0.4375,0.5714285714285714,Female,5,Republican
Baseline Information,,0.453125,0.375,0.40625,0.6071428571428571,Male,2,Republican
Protect Others - Linear Cooperation,0.9166666666666666,1.0,1.0,0.96875,1.0,Male,5,Republican
Baseline Information,1.0,0.96875,0.6875,0.875,0.9821428571428572,Male,4,Independent
Baseline Information,0.9166666666666666,0.78125,0.9375,0.40625,0.6428571428571429,Male,4,Democrat
Protect Others - Linear Cooperation,1.0,0.921875,1.0,0.90625,0.8928571428571429,Female,1,Republican
Baseline Information,1.0,0.96875,0.8125,0.75,0.9642857142857144,Female,2,Independent
Reframing Bravery,1.0,0.796875,0.8125,0.375,1.0,Male,4,Republican
Baseline Information,1.0,0.921875,1.0,1.0,0.8571428571428571,Female,2,Republican
Baseline Information,1.0,0.90625,1.0,0.96875,0.6785714285714286,Male,5,Republican
Placebo control (bird feeding),,0.546875,0.5625,0.0625,0.25,Male,5,Republican
Baseline Information,,0.59375,1.0,0.0625,0.4821428571428571,Female,4,Republican
Placebo control (bird feeding),1.0,0.875,0.9375,0.65625,0.9821428571428572,Female,5,Republican
Baseline Information,,0.6290701959764134,0.25,0.125,0.4285714285714285,Female,4,Republican
Placebo control (bird feeding),0.9166666666666666,0.984375,1.0,0.90625,1.0,Female,2,Democrat
Baseline Information,0.6666666666666666,0.703125,0.625,0.59375,0.7321428571428571,Female,3,Independent
Placebo control (bird feeding),1.0,0.84375,1.0,0.8125,0.9642857142857144,Female,2,Republican
Reframing Bravery,1.0,0.890625,0.6875,0.375,0.7857142857142857,Male,5,Republican
Placebo control (bird feeding),1.0,0.625,0.5625,0.875,0.9285714285714286,Female,2,Republican
Placebo control (bird feeding),0.8333333333333334,0.671875,0.5,0.5,0.5535714285714286,Male,5,Republican
Reframing Bravery,,0.390625,0.375,0.15625,0.2857142857142857,Male,5,Republican
Reframing Bravery,0.9166666666666666,0.8125,0.875,0.75,0.9285714285714286,Male,2,Independent
Baseline Information,1.0,0.9375,0.875,0.96875,1.0,Male,5,Democrat
Placebo control (bird feeding),0.9166666666666666,0.84375,0.5625,0.3125,0.9821428571428572,Female,5,Democrat
Protect Others - Linear Cooperation,0.6666666666666666,0.6875,1.0,0.375,0.3214285714285714,Female,3,Democrat
Baseline Information,0.9166666666666666,0.953125,1.0,0.9375,0.9642857142857144,Female,4,Independent
Placebo control (bird feeding),0.8333333333333334,0.765625,1.0,0.53125,0.8214285714285714,Male,4,Republican
Reframing Bravery,0.8333333333333334,0.4375,0.4375,0.5625,0.3392857142857143,Female,3,Democrat
Protect Others - Linear Cooperation,1.0,0.953125,0.875,0.6875,0.9642857142857144,Male,3,Democrat
Baseline Information,,0.5665701959764134,0.3125,0.03125,0.2678571428571428,Male,4,Democrat
Placebo control (bird feeding),1.0,0.96875,1.0,1.0,0.8392857142857143,Male,4,Republican
Baseline Information,,0.2696951959764134,0.5625,0.15625,0.3214285714285714,Male,5,Republican
Placebo control (bird feeding),0.8333333333333334,0.796875,0.6875,0.65625,0.8571428571428571,Male,3,Democrat
Protect Others - Linear Cooperation,1.0,0.765625,0.8125,0.90625,0.8035714285714286,Female,4,Republican
Placebo control (bird feeding),0.8333333333333334,0.6875,0.875,0.59375,0.6071428571428571,Male,2,Democrat
Reframing Bravery,,0.3321951959764134,0.5,0.15625,0.2857142857142857,Male,5,Republican
Reframing Bravery,1.0,1.0,1.0,0.9375,0.9642857142857144,Male,5,Democrat
Reframing Bravery,1.0,0.703125,0.9375,0.96875,0.9821428571428572,Male,4,Independent
Baseline Information,,0.296875,0.25,0.125,0.1428571428571428,Female,3,Democrat
Reframing Bravery,0.9166666666666666,0.796875,0.875,0.75,0.8928571428571429,Male,1,Democrat
Baseline Information,0.6666666666666666,0.734375,0.875,0.5,0.5714285714285714,Male,4,Republican
Placebo control (bird feeding),0.0,0.71875,0.5625,0.21875,0.2857142857142857,Male,3,Republican
Protect Others - Linear Cooperation,0.8333333333333334,0.78125,1.0,0.3125,1.0,Male,5,Independent
Reframing Bravery,,0.6875,0.75,0.21875,0.25,Male,4,Republican
Placebo control (bird feeding),1.0,0.8125,1.0,0.84375,0.6428571428571429,Male,2,Republican
Placebo control (bird feeding),0.9166666666666666,0.828125,0.875,0.6875,0.9821428571428572,Male,5,Republican
Reframing Bravery,1.0,1.0,1.0,1.0,0.9285714285714286,Male,4,Democrat
Reframing Bravery,0.0,0.53125,0.75,0.0,0.0,Female,3,Democrat
Baseline Information,,0.734375,0.6875,0.53125,0.4821428571428571,Female,4,Republican
Placebo control (bird feeding),1.0,0.84375,0.875,0.375,0.7321428571428571,Female,4,Republican
Protect Others - Linear Cooperation,1.0,0.984375,1.0,1.0,1.0,Male,5,Republican
Protect Others - Linear Cooperation,,0.609375,0.6875,0.34375,0.5714285714285714,Male,5,Republican
Baseline Information,,0.3634451959764134,0.3125,0.1875,0.3928571428571428,Male,4,Republican
Placebo control (bird feeding),0.6666666666666666,0.53125,0.375,0.34375,0.5535714285714286,Male,5,Republican
Placebo control (bird feeding),1.0,0.890625,1.0,0.71875,0.9285714285714286,Female,2,Democrat
Protect Others - Linear Cooperation,1.0,0.765625,0.8125,0.375,0.8214285714285714,Female,5,Republican
Baseline Information,1.0,0.90625,0.9375,0.71875,0.8392857142857143,Male,4,Democrat
Reframing Bravery,1.0,0.96875,0.8125,0.96875,0.3928571428571428,Male,5,Independent
Reframing Bravery,,0.71875,0.3125,0.34375,0.6785714285714286,Female,5,Republican
Baseline Information,1.0,0.640625,0.625,0.8125,0.9821428571428572,Female,2,Democrat
Placebo control (bird feeding),0.9166666666666666,0.90625,0.9375,0.84375,0.9285714285714286,Female,4,Republican
Reframing Bravery,1.0,0.984375,1.0,0.75,0.875,Male,4,Republican
Placebo control (bird feeding),0.5833333333333334,0.65625,0.625,0.375,0.5178571428571429,Male,2,Republican
Baseline Information,,0.625,0.9375,0.375,0.5714285714285714,Male,5,Republican
Baseline Information,1.0,1.0,1.0,0.875,0.9464285714285714,Male,3,Republican
Reframing Bravery,1.0,1.0,1.0,0.71875,0.9642857142857144,Male,5,Republican
Protect Others - Linear Cooperation,0.9166666666666666,0.9375,1.0,0.84375,0.7678571428571429,Male,3,Democrat
Protect Others - Linear Cooperation,1.0,0.859375,0.9375,0.625,0.6964285714285714,Male,4,Republican
Protect Others - Linear Cooperation,0.8333333333333334,0.9375,0.8125,0.40625,0.375,Female,4,Democrat
Reframing Bravery,0.9166666666666666,0.765625,0.6875,0.875,0.8571428571428571,Female,2,Republican
Reframing Bravery,0.9166666666666666,0.78125,0.625,0.53125,1.0,Male,5,Democrat
Baseline Information,0.6666666666666666,0.8125,0.6875,0.6875,0.7142857142857143,Female,3,Republican
Protect Others - Linear Cooperation,1.0,0.984375,0.9375,1.0,0.9464285714285714,Female,2,Democrat
Placebo control (bird feeding),,0.875,0.875,0.125,0.5714285714285714,Female,5,Republican
Placebo control (bird feeding),1.0,0.796875,1.0,0.4375,0.8928571428571429,Female,4,Republican
Baseline Information,1.0,0.734375,0.875,0.5,0.8214285714285714,Female,4,Republican
Placebo control (bird feeding),,0.390625,0.4375,0.1875,0.7142857142857143,Female,3,Republican
Placebo control (bird feeding),1.0,0.96875,1.0,0.6875,1.0,Male,5,Democrat
Protect Others - Linear Cooperation,,0.515625,0.4375,0.40625,0.5357142857142857,Male,2,Republican
Placebo control (bird feeding),1.0,0.90625,1.0,0.625,0.8571428571428571,Male,5,Republican
Protect Others - Linear Cooperation,,0.890625,1.0,0.65625,0.6071428571428571,Male,3,Republican
Reframing Bravery,,0.5,0.5625,0.21875,0.5,Male,3,Democrat
Protect Others - Linear Cooperation,1.0,0.7540701959764134,0.875,0.75,0.6071428571428571,Male,5,Republican
Placebo control (bird feeding),1.0,0.578125,0.375,0.84375,0.6964285714285714,Male,5,Republican
Placebo control (bird feeding),1.0,0.84375,0.9375,0.65625,0.9821428571428572,Male,5,Republican
Reframing Bravery,1.0,0.96875,1.0,0.84375,0.875,Male,5,Democrat
Baseline Information,0.0,0.34375,0.25,0.0625,0.1428571428571428,Male,5,Republican
Baseline Information,,0.921875,0.8125,0.5,0.4642857142857143,Female,5,Republican
Reframing Bravery,0.9166666666666666,0.703125,0.75,0.4375,0.9285714285714286,Male,4,Republican
Reframing Bravery,1.0,0.734375,0.75,0.9375,0.5892857142857143,Male,4,Republican
Placebo control (bird feeding),1.0,0.90625,0.875,1.0,0.8571428571428571,Male,5,Republican
Baseline Information,0.9166666666666666,0.734375,0.5,0.625,0.9285714285714286,Female,4,Republican
Reframing Bravery,,0.5625,0.3125,0.40625,0.5535714285714286,Female,4,Democrat
Placebo control (bird feeding),0.6666666666666666,0.71875,0.6875,0.5625,0.5535714285714286,Male,4,Republican
Baseline Information,0.0,0.5,0.375,0.0625,0.4642857142857143,Female,4,Republican
Baseline Information,1.0,0.859375,1.0,0.75,0.9464285714285714,Male,5,Republican
Placebo control (bird feeding),,0.3634451959764134,0.125,0.03125,0.2321428571428571,Male,2,Democrat
Placebo control (bird feeding),1.0,0.875,1.0,0.6875,0.7857142857142857,Female,4,Democrat
Placebo control (bird feeding),0.5833333333333334,0.5625,0.4375,0.1875,0.2857142857142857,Female,4,Democrat
Protect Others - Linear Cooperation,1.0,1.0,0.9375,0.8125,0.7857142857142857,Male,3,Republican
Baseline Information,0.9166666666666666,0.921875,1.0,0.8125,0.6607142857142857,Male,5,Democrat
Reframing Bravery,0.8333333333333334,0.796875,0.875,0.3125,0.4107142857142857,Male,5,Republican
Reframing Bravery,0.9166666666666666,0.84375,0.875,0.78125,0.6785714285714286,Male,5,Republican
Placebo control (bird feeding),1.0,0.796875,0.8125,0.96875,0.875,Female,5,Democrat
Protect Others - Linear Cooperation,0.9166666666666666,0.53125,1.0,0.34375,0.6785714285714286,Male,4,Republican
Protect Others - Linear Cooperation,1.0,0.75,1.0,0.75,1.0,Male,5,Democrat
Reframing Bravery,0.9166666666666666,0.59375,0.5,0.625,0.8928571428571429,Male,5,Republican
Reframing Bravery,0.6666666666666666,0.578125,0.625,0.90625,0.5178571428571429,Female,5,Republican
Protect Others - Linear Cooperation,1.0,0.8125,0.8125,0.5,0.75,Female,5,Republican
Reframing Bravery,,0.53125,0.6875,0.15625,0.5178571428571429,Male,5,Republican
Placebo control (bird feeding),1.0,0.96875,0.6875,0.71875,1.0,Male,5,Republican
Baseline Information,0.6666666666666666,0.328125,0.4375,0.28125,0.6428571428571429,Male,5,Republican
Protect Others - Linear Cooperation,0.9166666666666666,0.875,0.9375,0.5,0.5357142857142857,Female,5,Independent
Protect Others - Linear Cooperation,1.0,0.59375,0.625,0.78125,0.9107142857142856,Male,5,Republican
Baseline Information,1.0,0.5,0.25,0.875,0.8214285714285714,Female,5,Republican
Baseline Information,1.0,0.9375,1.0,0.90625,0.9464285714285714,Male,2,Republican
Reframing Bravery,1.0,0.90625,0.9375,0.625,0.9821428571428572,Male,5,Republican
Reframing Bravery,1.0,0.953125,0.9375,0.75,1.0,Male,3,Republican
Baseline Information,0.9166666666666666,0.671875,0.875,0.84375,1.0,Male,4,Republican
Placebo control (bird feeding),0.6666666666666666,0.609375,0.875,0.4375,0.6607142857142857,Male,4,Republican
Protect Others - Linear Cooperation,1.0,0.78125,0.875,0.90625,0.8035714285714286,Female,5,Democrat
Reframing Bravery,1.0,0.796875,0.9375,0.46875,0.8571428571428571,Male,1,Democrat
Reframing Bravery,1.0,0.875,0.75,0.875,1.0,Male,5,Republican
Protect Others - Linear Cooperation,0.8333333333333334,0.640625,0.5625,0.625,0.7857142857142857,Female,2,Democrat
Baseline Information,1.0,0.921875,1.0,0.53125,0.9285714285714286,Male,3,Republican
Baseline Information,0.75,0.9375,1.0,0.5,0.8214285714285714,Female,5,Democrat
Protect Others - Linear Cooperation,0.75,0.875,1.0,0.78125,0.7857142857142857,Male,3,Republican
Reframing Bravery,0.75,0.9375,0.9375,0.4375,0.8928571428571429,Male,2,Republican
Baseline Information,1.0,0.84375,1.0,0.75,1.0,Female,3,Republican
Baseline Information,,0.65625,0.8125,0.125,0.4107142857142857,Female,4,Republican
Protect Others - Linear Cooperation,0.6666666666666666,0.3009451959764134,0.3125,0.375,0.5357142857142857,Male,5,Republican
Placebo control (bird feeding),0.8333333333333334,0.578125,0.5,0.71875,0.7321428571428571,Female,4,Republican
Protect Others - Linear Cooperation,1.0,0.96875,1.0,0.65625,1.0,Male,5,Democrat
Baseline Information,0.5,0.640625,0.8125,0.25,0.1071428571428571,Female,5,Democrat
Reframing Bravery,0.6666666666666666,0.25,0.0625,0.5,0.9285714285714286,Female,3,Democrat
Protect Others - Linear Cooperation,1.0,0.765625,0.25,0.84375,0.8035714285714286,Male,5,Republican
Placebo control (bird feeding),1.0,0.921875,1.0,0.5,1.0,Male,5,Republican
Baseline Information,1.0,0.96875,1.0,0.53125,0.9821428571428572,Male,5,Republican
Placebo control (bird feeding),1.0,0.859375,0.75,0.9375,1.0,Male,5,Republican
Baseline Information,1.0,0.90625,1.0,0.8125,0.7857142857142857,Male,2,Democrat
Protect Others - Linear Cooperation,1.0,0.953125,0.875,0.8125,0.9464285714285714,Female,4,Republican
Baseline Information,1.0,0.828125,0.9375,0.65625,1.0,Male,4,Republican
Baseline Information,0.8333333333333334,0.65625,0.625,0.65625,0.5892857142857143,Female,5,Republican
Protect Others - Linear Cooperation,0.75,0.6875,0.625,0.375,0.7678571428571429,Female,5,Republican
Placebo control (bird feeding),0.9166666666666666,0.796875,0.75,0.8125,0.8571428571428571,Male,2,Independent
Reframing Bravery,0.5833333333333334,0.796875,0.4375,0.375,0.6607142857142857,Female,5,Democrat
Protect Others - Linear Cooperation,,0.484375,0.375,0.5625,0.8214285714285714,Female,5,Republican
Placebo control (bird feeding),0.75,0.9375,0.6875,0.71875,0.8928571428571429,Male,2,Democrat
Reframing Bravery,0.8333333333333334,0.7696951959764134,1.0,0.625,0.8571428571428571,Male,4,Democrat
Placebo control (bird feeding),1.0,0.953125,1.0,0.71875,0.9107142857142856,Male,5,Independent
Baseline Information,1.0,0.8125,1.0,0.78125,0.9285714285714286,Male,3,Independent
Protect Others - Linear Cooperation,0.9166666666666666,0.421875,0.125,0.875,0.875,Female,4,Independent
Placebo control (bird feeding),,0.640625,0.9375,0.0,0.6428571428571429,Male,5,Republican
Protect Others - Linear Cooperation,0.0,0.578125,0.375,0.0,0.0357142857142857,Female,2,Republican
Protect Others - Linear Cooperation,1.0,0.765625,0.6875,0.59375,0.8928571428571429,Female,5,Republican
Placebo control (bird feeding),,0.53125,0.625,0.125,0.6071428571428571,Female,4,Democrat
Baseline Information,1.0,0.734375,0.75,0.84375,0.9107142857142856,Male,5,Republican
Reframing Bravery,,0.8009451959764134,0.75,0.8125,0.7142857142857143,Female,1,Independent
Protect Others - Linear Cooperation,,0.734375,0.75,0.125,0.5892857142857143,Male,5,Democrat
Reframing Bravery,1.0,0.875,1.0,1.0,0.9285714285714286,Male,5,Republican
Baseline Information,1.0,0.953125,1.0,0.84375,0.9464285714285714,Male,4,Republican
Reframing Bravery,1.0,0.84375,1.0,0.875,0.9642857142857144,Male,2,Democrat
Reframing Bravery,1.0,0.828125,1.0,0.59375,0.9285714285714286,Female,2,Republican
Reframing Bravery,0.75,0.671875,0.8125,0.78125,1.0,Female,4,Republican
Placebo control (bird feeding),,0.78125,0.8125,0.09375,0.6428571428571429,Female,5,Democrat
Protect Others - Linear Cooperation,1.0,0.234375,0.0,0.4375,0.7142857142857143,Male,2,Republican
Protect Others - Linear Cooperation,0.9166666666666666,0.890625,0.6875,0.65625,0.9285714285714286,Male,4,Democrat
Placebo control (bird feeding),1.0,0.953125,0.875,0.96875,1.0,Male,5,Democrat
Reframing Bravery,0.8333333333333334,0.859375,1.0,0.75,0.8392857142857143,Female,2,Democrat
Placebo control (bird feeding),1.0,0.875,1.0,0.53125,0.8571428571428571,Male,4,Republican
Protect Others - Linear Cooperation,1.0,0.703125,1.0,0.59375,0.9285714285714286,Female,3,Democrat
Placebo control (bird feeding),0.6666666666666666,0.875,0.9375,0.5625,0.6071428571428571,Female,4,Republican
Protect Others - Linear Cooperation,1.0,1.0,1.0,1.0,0.875,Female,5,Republican
Baseline Information,1.0,0.9375,1.0,0.53125,0.8392857142857143,Male,3,Democrat
Protect Others - Linear Cooperation,0.9166666666666666,0.8125,0.6875,0.3125,0.8214285714285714,Female,5,Democrat
Protect Others - Linear Cooperation,0.0,0.890625,0.75,0.90625,0.7142857142857143,Female,4,Republican
Reframing Bravery,1.0,0.609375,0.4375,0.5625,0.5,Male,4,Democrat
Placebo control (bird feeding),1.0,0.609375,1.0,0.5,0.9821428571428572,Female,5,Republican
Baseline Information,0.6666666666666666,0.34375,0.0,0.0,0.3928571428571428,Male,2,Republican
Protect Others - Linear Cooperation,1.0,0.921875,0.8125,0.84375,0.9821428571428572,Female,5,Democrat
Placebo control (bird feeding),,0.4884451959764134,0.75,0.21875,0.3035714285714285,Male,3,Republican
Protect Others - Linear Cooperation,1.0,0.9375,1.0,0.9375,0.9285714285714286,Male,5,Republican
Protect Others - Linear Cooperation,1.0,1.0,1.0,0.9375,0.9285714285714286,Male,4,Republican
Protect Others - Linear Cooperation,,0.71875,0.375,0.65625,0.8214285714285714,Male,5,Republican
Baseline Information,1.0,0.25,0.0625,0.5,0.8571428571428571,Male,2,Republican
Reframing Bravery,1.0,0.953125,0.9375,0.9375,0.9285714285714286,Female,5,Democrat
Reframing Bravery,,0.71875,0.6875,0.15625,0.4642857142857143,Female,3,Democrat
Reframing Bravery,1.0,0.8125,0.8125,0.84375,0.8214285714285714,Female,4,Democrat
Protect Others - Linear Cooperation,1.0,0.9375,1.0,0.65625,1.0,Male,5,Republican
Baseline Information,0.8333333333333334,0.90625,0.9375,0.59375,0.5,Male,3,Republican
Placebo control (bird feeding),1.0,0.96875,1.0,0.875,0.8571428571428571,Female,5,Republican
Reframing Bravery,,0.71875,0.25,0.1875,0.3928571428571428,Male,5,Democrat
Baseline Information,0.9166666666666666,0.78125,0.9375,0.34375,0.6785714285714286,Female,3,Democrat
Placebo control (bird feeding),0.75,0.25,0.0,0.46875,0.75,Female,1,Democrat
Protect Others - Linear Cooperation,1.0,0.5821951959764134,0.375,0.71875,0.5714285714285714,Female,5,Republican
Placebo control (bird feeding),1.0,0.765625,0.75,0.46875,0.625,Male,4,Democrat
Protect Others - Linear Cooperation,0.0,0.796875,1.0,0.78125,1.0,Male,5,Democrat
Baseline Information,1.0,0.609375,0.5625,0.875,0.9821428571428572,Female,2,Republican
Placebo control (bird feeding),1.0,0.78125,0.625,0.75,0.9821428571428572,Female,3,Republican
Reframing Bravery,1.0,1.0,0.875,0.71875,0.8571428571428571,Female,5,Republican
Baseline Information,0.9166666666666666,0.84375,0.75,0.96875,0.9821428571428572,Female,5,Republican
Placebo control (bird feeding),1.0,0.890625,1.0,0.9375,1.0,Male,3,Republican
Baseline Information,1.0,0.734375,0.4375,0.9375,1.0,Female,4,Republican
Reframing Bravery,0.9166666666666666,0.9375,0.625,0.65625,0.7857142857142857,Male,4,Republican
Reframing Bravery,1.0,0.9375,1.0,0.96875,1.0,Male,3,Republican
Placebo control (bird feeding),0.5833333333333334,0.671875,0.75,0.34375,0.9642857142857144,Female,5,Republican
Protect Others - Linear Cooperation,1.0,0.75,1.0,0.40625,0.9107142857142856,Male,3,Democrat
Baseline Information,0.9166666666666666,0.921875,1.0,0.84375,0.75,Female,2,Democrat
Protect Others - Linear Cooperation,1.0,0.921875,1.0,0.9375,0.8571428571428571,Female,5,Republican
Protect Others - Linear Cooperation,0.9166666666666666,0.953125,1.0,0.9375,0.9107142857142856,Female,4,Republican
Baseline Information,1.0,0.75,0.9375,0.71875,1.0,Female,5,Republican
Baseline Information,,0.28125,0.375,0.25,0.2678571428571428,Male,5,Republican
Baseline Information,0.0,0.25,0.1875,0.09375,0.0,Male,5,Republican
Protect Others - Linear Cooperation,,0.765625,0.5,0.1875,0.7321428571428571,Female,5,Republican
Protect Others - Linear Cooperation,1.0,0.78125,0.875,0.9375,1.0,Female,2,Democrat
Protect Others - Linear Cooperation,0.8333333333333334,0.5353201959764134,0.6875,0.46875,0.5178571428571429,Male,2,Independent
Placebo control (bird feeding),1.0,0.96875,0.9375,0.9375,0.8392857142857143,Male,5,Republican
Placebo control (bird feeding),,0.625,0.6875,0.125,0.6071428571428571,Male,4,Republican
Protect Others - Linear Cooperation,1.0,0.984375,0.9375,1.0,0.8928571428571429,Male,4,Republican
Placebo control (bird feeding),0.8333333333333334,0.875,0.8125,0.28125,0.8928571428571429,Male,4,Democrat
Placebo control (bird feeding),,0.453125,0.3125,0.125,0.0535714285714285,Female,5,Republican
Protect Others - Linear Cooperation,1.0,0.921875,,0.8825055711455926,1.0,Male,2,Republican
Baseline Information,1.0,0.9375,1.0,0.9375,0.9642857142857144,Female,1,Republican
Protect Others - Linear Cooperation,0.0,0.296875,0.5,0.0,0.0,Female,4,Republican
Placebo control (bird feeding),0.0,0.34375,0.4375,0.0,0.0714285714285714,Female,2,Democrat
Protect Others - Linear Cooperation,0.0,0.265625,0.125,0.0,0.0714285714285714,Male,4,Democrat
Baseline Information,0.9166666666666666,0.84375,0.875,0.75,0.7857142857142857,Female,1,Republican
Reframing Bravery,1.0,0.78125,0.625,0.96875,0.8214285714285714,Female,5,Republican
Baseline Information,1.0,0.875,0.75,0.46875,0.9464285714285714,Male,3,Democrat
Placebo control (bird feeding),,0.625,0.75,0.5625,0.5357142857142857,Female,2,Republican
Placebo control (bird feeding),1.0,0.875,0.9375,0.8125,0.8571428571428571,Male,5,Democrat
Reframing Bravery,0.5833333333333334,0.5625,0.5625,0.34375,0.6964285714285714,Female,5,Democrat
Baseline Information,1.0,0.78125,0.625,0.8125,0.8392857142857143,Male,5,Republican
Placebo control (bird feeding),0.0,0.875,1.0,0.40625,0.8392857142857143,Male,5,Democrat
Protect Others - Linear Cooperation,1.0,1.0,1.0,1.0,0.9285714285714286,Male,2,Democrat
Baseline Information,1.0,0.859375,1.0,0.875,0.9107142857142856,Female,5,Republican
Reframing Bravery,0.9166666666666666,0.734375,0.8125,0.75,0.8214285714285714,Male,4,Democrat
Baseline Information,1.0,0.890625,1.0,0.9375,1.0,Male,4,Republican
Baseline Information,1.0,0.9375,1.0,1.0,0.9285714285714286,Female,5,Republican
Baseline Information,0.75,0.375,0.25,0.65625,0.7321428571428571,Female,2,Democrat
Placebo control (bird feeding),1.0,0.953125,0.9375,0.9375,0.9642857142857144,Male,3,Republican
Baseline Information,0.9166666666666666,0.828125,1.0,0.53125,0.9285714285714286,Female,2,Independent
Baseline Information,1.0,0.8125,0.6875,0.59375,0.8214285714285714,Male,4,Republican
Placebo control (bird feeding),1.0,0.75,0.9375,0.65625,0.9821428571428572,Male,3,Democrat
Reframing Bravery,1.0,0.96875,1.0,0.84375,1.0,Female,4,Democrat
Protect Others - Linear Cooperation,,0.7384451959764134,0.5625,0.5625,0.6428571428571429,Female,5,Republican
Placebo control (bird feeding),0.8333333333333334,0.4375,0.125,0.65625,0.9464285714285714,Male,5,Republican
Protect Others - Linear Cooperation,,0.5,0.625,0.375,0.2678571428571428,Female,5,Republican
Placebo control (bird feeding),1.0,0.71875,1.0,0.6875,0.8214285714285714,Male,3,Republican
Reframing Bravery,1.0,0.96875,0.875,0.40625,0.9821428571428572,Male,2,Independent
Protect Others - Linear Cooperation,0.9166666666666666,0.9375,1.0,0.8125,1.0,Male,5,Republican
Baseline Information,1.0,0.765625,0.8125,0.625,0.7857142857142857,Female,1,Democrat
Reframing Bravery,0.75,0.6875,0.5,0.53125,0.5,Male,4,Democrat
Reframing Bravery,0.9166666666666666,0.8416261134938964,1.0,0.783151904997526,0.875,Female,5,Republican
Baseline Information,1.0,0.78125,0.75,0.90625,0.6607142857142857,Female,5,Republican
Baseline Information,1.0,0.71875,1.0,0.59375,0.75,Male,5,Republican
Placebo control (bird feeding),1.0,0.609375,0.5625,0.71875,0.8928571428571429,Male,1,Republican
Baseline Information,0.5,0.921875,1.0,0.21875,0.4821428571428571,Male,4,Democrat
Baseline Information,1.0,0.921875,0.625,0.21875,1.0,Male,3,Republican
Baseline Information,1.0,1.0,1.0,1.0,1.0,Male,5,Republican
Reframing Bravery,1.0,0.75,0.75,0.75,0.8928571428571429,Male,2,Democrat
Reframing Bravery,1.0,0.765625,0.6875,0.59375,1.0,Male,5,Republican
Protect Others - Linear Cooperation,0.9166666666666666,0.703125,0.6875,0.625,0.9285714285714286,Female,4,Republican
Reframing Bravery,0.9166666666666666,0.84375,0.8125,0.71875,0.6428571428571429,Female,2,Democrat
Reframing Bravery,,0.65625,0.3125,0.0,0.5714285714285714,Male,5,Republican
Placebo control (bird feeding),1.0,0.96875,0.8125,0.96875,0.9821428571428572,Male,5,Republican
Placebo control (bird feeding),1.0,0.890625,0.875,0.78125,0.9642857142857144,Male,3,Democrat
Baseline Information,1.0,0.859375,1.0,0.40625,0.6785714285714286,Male,5,Democrat
Protect Others - Linear Cooperation,0.75,0.65625,1.0,0.40625,0.7857142857142857,Female,5,Democrat
Protect Others - Linear Cooperation,,0.4375,0.5625,0.34375,0.6071428571428571,Female,4,Democrat
Placebo control (bird feeding),,0.4415701959764134,0.375,0.0,0.4285714285714285,Male,4,Republican
Placebo control (bird feeding),,0.4259451959764134,0.25,0.481422264400066,0.7142857142857143,Male,2,Independent
Placebo control (bird feeding),1.0,0.96875,1.0,0.59375,0.9285714285714286,Male,4,Republican
Reframing Bravery,0.9166666666666666,0.9375,0.875,0.625,0.8214285714285714,Male,5,Republican
Placebo control (bird feeding),1.0,0.953125,1.0,0.75,0.7857142857142857,Male,2,Republican
Protect Others - Linear Cooperation,0.6666666666666666,0.859375,0.3125,0.375,0.5892857142857143,Female,5,Republican
Placebo control (bird feeding),1.0,0.8125,1.0,0.65625,0.8035714285714286,Male,5,Republican
Reframing Bravery,1.0,0.84375,0.8125,0.875,0.8571428571428571,Male,5,Republican
Protect Others - Linear Cooperation,1.0,0.875,1.0,0.90625,0.9285714285714286,Female,5,Democrat
Reframing Bravery,1.0,0.703125,0.6875,0.5625,0.9285714285714286,Male,3,Republican
Baseline Information,1.0,0.96875,1.0,0.625,1.0,Male,4,Republican
Baseline Information,1.0,0.59375,0.625,0.8125,0.8928571428571429,Male,5,Republican
Reframing Bravery,0.5,0.71875,0.6875,0.0,0.5714285714285714,Male,2,Republican
Reframing Bravery,1.0,0.6875,0.875,0.375,0.75,Male,5,Republican
Protect Others - Linear Cooperation,0.4166666666666667,0.609375,0.75,0.03125,0.25,Male,5,Republican
Baseline Information,0.9166666666666666,0.96875,1.0,0.5625,0.875,Male,5,Republican
Placebo control (bird feeding),0.8333333333333334,0.609375,0.625,0.34375,0.5892857142857143,Female,5,Republican
Protect Others - Linear Cooperation,1.0,0.8125,1.0,0.875,1.0,Female,5,Republican
Reframing Bravery,,0.5,0.3125,0.1875,0.5714285714285714,Female,5,Democrat
Baseline Information,1.0,0.90625,0.9375,0.40625,0.7142857142857143,Male,5,Independent
Placebo control (bird feeding),0.9166666666666666,0.9375,0.75,0.59375,0.9821428571428572,Male,5,Democrat
Reframing Bravery,0.75,0.625,0.5,0.5,0.4107142857142857,Female,5,Democrat
Reframing Bravery,,0.890625,1.0,0.1875,0.375,Female,5,Republican
Reframing Bravery,1.0,0.703125,0.9375,0.65625,0.6785714285714286,Male,4,Republican
Protect Others - Linear Cooperation,0.6666666666666666,0.84375,0.75,0.5,0.9642857142857144,Male,5,Republican
Protect Others - Linear Cooperation,0.6666666666666666,0.671875,0.6875,0.25,0.5178571428571429,Male,5,Democrat
Protect Others - Linear Cooperation,1.0,0.984375,1.0,0.78125,0.9285714285714286,Male,3,Republican
Protect Others - Linear Cooperation,0.75,0.484375,0.25,0.3125,0.7678571428571429,Male,4,Democrat
Reframing Bravery,,0.3478201959764134,0.625,0.15625,0.1428571428571428,Male,4,Republican
Reframing Bravery,1.0,0.90625,0.9375,0.96875,0.1071428571428571,Male,2,Republican
Protect Others - Linear Cooperation,0.5833333333333334,0.609375,0.4375,0.3125,0.4642857142857143,Female,5,Democrat
Protect Others - Linear Cooperation,0.75,0.75,0.875,0.375,0.5535714285714286,Male,4,Republican
Reframing Bravery,1.0,0.921875,0.875,0.6875,0.8214285714285714,Male,2,Democrat
Reframing Bravery,0.75,0.796875,0.5625,0.375,0.8214285714285714,Female,4,Republican
Baseline Information,1.0,0.9375,1.0,1.0,0.9642857142857144,Male,2,Republican
Reframing Bravery,0.75,0.75,0.3125,0.1875,0.5,Male,4,Democrat
Protect Others - Linear Cooperation,0.0,0.15625,0.625,0.03125,0.2857142857142857,Female,4,Republican
Placebo control (bird feeding),1.0,1.0,1.0,0.75,0.9285714285714286,Male,4,Democrat
Placebo control (bird feeding),0.8333333333333334,0.765625,0.875,0.40625,0.8214285714285714,Female,3,Democrat
Placebo control (bird feeding),0.6666666666666666,0.609375,0.5625,0.6875,0.875,Male,5,Republican
Baseline Information,0.8333333333333334,1.0,1.0,0.15625,0.6964285714285714,Male,3,Democrat
Baseline Information,1.0,0.984375,1.0,1.0,1.0,Male,5,Republican
Baseline Information,1.0,0.90625,0.75,0.84375,0.9285714285714286,Female,5,Democrat
Protect Others - Linear Cooperation,0.8333333333333334,0.90625,1.0,0.78125,0.7857142857142857,Female,4,Republican
Reframing Bravery,1.0,1.0,1.0,0.53125,0.8928571428571429,Male,3,Democrat
Placebo control (bird feeding),1.0,0.953125,1.0,0.625,1.0,Male,5,Republican
Protect Others - Linear Cooperation,1.0,0.9375,1.0,0.875,0.9107142857142856,Female,2,Democrat
Protect Others - Linear Cooperation,1.0,0.859375,0.875,0.9375,0.5714285714285714,Male,2,Republican
Protect Others - Linear Cooperation,1.0,0.796875,0.9375,0.84375,0.8214285714285714,Male,5,Republican
Baseline Information,0.9166666666666666,0.75,0.375,0.6875,0.7857142857142857,Female,5,Republican
Reframing Bravery,,0.984375,0.4375,0.625,0.7678571428571429,Female,5,Republican
Protect Others - Linear Cooperation,1.0,0.828125,0.9375,0.96875,0.8571428571428571,Female,2,Democrat
Baseline Information,0.75,0.765625,0.8125,0.34375,0.9821428571428572,Male,5,Republican
Placebo control (bird feeding),1.0,0.875,1.0,0.8125,0.6428571428571429,Male,5,Republican
Reframing Bravery,0.5833333333333334,0.578125,0.25,0.25,0.4285714285714285,Male,5,Democrat
Placebo control (bird feeding),0.6666666666666666,0.8125,0.875,0.5,1.0,Male,5,Republican
Placebo control (bird feeding),,0.2384451959764134,0.0625,0.53125,0.3928571428571428,Female,2,Republican
Placebo control (bird feeding),1.0,0.796875,0.75,0.34375,0.9642857142857144,Male,4,Republican
Protect Others - Linear Cooperation,1.0,0.859375,0.8125,0.90625,0.9285714285714286,Female,4,Republican
Protect Others - Linear Cooperation,1.0,0.8125,1.0,0.90625,0.8928571428571429,Female,1,Republican
Baseline Information,1.0,0.8125,0.8125,0.78125,0.75,Female,2,Republican
Baseline Information,1.0,0.984375,1.0,0.9375,1.0,Male,5,Republican
Baseline Information,1.0,1.0,0.9375,0.84375,1.0,Female,5,Democrat
Placebo control (bird feeding),1.0,0.78125,0.8125,0.84375,0.8214285714285714,Male,5,Republican
Reframing Bravery,1.0,1.0,1.0,0.96875,0.8392857142857143,Male,5,Republican
Protect Others - Linear Cooperation,1.0,0.9375,0.875,0.59375,0.9821428571428572,Male,3,Republican
Reframing Bravery,0.8333333333333334,0.734375,0.75,0.34375,0.6964285714285714,Female,4,Republican
Reframing Bravery,,0.703125,0.6875,0.65625,0.8214285714285714,Female,5,Republican
Protect Others - Linear Cooperation,0.8333333333333334,0.890625,0.875,0.71875,0.8928571428571429,Female,5,Democrat
Placebo control (bird feeding),0.9166666666666666,0.6875,0.8125,0.90625,0.6785714285714286,Female,4,Republican
Protect Others - Linear Cooperation,1.0,0.9375,1.0,0.8125,0.9821428571428572,Male,5,Democrat
Placebo control (bird feeding),0.6666666666666666,0.84375,1.0,0.46875,0.375,Female,5,Republican
Protect Others - Linear Cooperation,1.0,0.765625,0.375,0.90625,0.5714285714285714,Male,5,Republican
Baseline Information,1.0,1.0,1.0,1.0,0.9285714285714286,Male,5,Republican
Placebo control (bird feeding),0.75,0.765625,1.0,0.46875,0.9642857142857144,Male,5,Republican
Placebo control (bird feeding),0.3333333333333333,0.484375,0.75,0.0,0.0357142857142857,Male,3,Democrat
Reframing Bravery,1.0,0.9375,1.0,0.75,0.8214285714285714,Female,5,Republican
Placebo control (bird feeding),0.5833333333333334,0.453125,0.5,0.28125,0.6071428571428571,Male,5,Republican
Reframing Bravery,1.0,0.828125,1.0,0.90625,0.5535714285714286,Male,5,Republican
Protect Others - Linear Cooperation,,0.609375,0.6875,0.0625,0.0535714285714285,Male,2,Republican
Protect Others - Linear Cooperation,1.0,0.8125,0.6875,0.75,0.6071428571428571,Male,3,Independent
Protect Others - Linear Cooperation,0.9166666666666666,0.953125,1.0,0.59375,0.9285714285714286,Male,4,Independent
Reframing Bravery,,0.53125,0.4375,0.09375,0.1785714285714285,Female,2,Republican
Reframing Bravery,1.0,0.875,0.75,0.59375,0.9642857142857144,Male,2,Republican
Protect Others - Linear Cooperation,,0.65625,0.75,0.28125,0.4285714285714285,Female,5,Republican
Reframing Bravery,1.0,0.734375,0.5625,0.875,1.0,Female,2,Republican
Reframing Bravery,0.8333333333333334,0.71875,0.5625,0.90625,0.5178571428571429,Male,2,Independent
Baseline Information,0.1666666666666666,0.625,0.6875,0.09375,0.0535714285714285,Female,2,Republican
Protect Others - Linear Cooperation,0.8333333333333334,0.9375,0.9375,0.84375,0.8035714285714286,Male,2,Democrat
Baseline Information,1.0,0.6875,1.0,0.375,0.7142857142857143,Female,3,Republican
Placebo control (bird feeding),0.6666666666666666,0.625,0.6875,0.375,0.6071428571428571,Male,5,Independent
Protect Others - Linear Cooperation,1.0,0.765625,0.9375,0.875,0.7142857142857143,Female,5,Independent
Reframing Bravery,0.75,0.734375,0.875,0.4375,0.8214285714285714,Male,4,Republican
Reframing Bravery,0.9166666666666666,0.59375,0.5,0.59375,0.625,Male,4,Republican
Baseline Information,0.9166666666666666,0.90625,1.0,0.65625,0.9107142857142856,Male,5,Republican
Placebo control (bird feeding),1.0,1.0,1.0,0.96875,0.8928571428571429,Male,5,Republican
Reframing Bravery,1.0,0.78125,0.4375,0.65625,0.3571428571428571,Male,4,Republican
Placebo control (bird feeding),0.0,0.09375,0.125,0.0,0.0714285714285714,Female,5,Democrat
Reframing Bravery,1.0,0.890625,1.0,0.8125,1.0,Male,5,Republican
Baseline Information,0.0,0.40625,0.5,0.28125,0.0892857142857142,Female,4,Republican
Baseline Information,0.75,0.859375,0.6875,0.875,1.0,Female,5,Republican
Reframing Bravery,1.0,0.9375,1.0,0.71875,1.0,Male,3,Republican
Reframing Bravery,1.0,0.984375,1.0,0.96875,0.9107142857142856,Male,3,Republican
Baseline Information,0.9166666666666666,0.875,0.875,0.65625,0.4642857142857143,Female,5,Democrat
Protect Others - Linear Cooperation,1.0,0.953125,1.0,0.8125,0.6785714285714286,Male,3,Democrat
Protect Others - Linear Cooperation,0.6666666666666666,0.34375,0.4375,0.125,0.5535714285714286,Male,5,Republican
Reframing Bravery,0.6666666666666666,0.625,0.4375,0.375,0.5,Female,5,Republican
Protect Others - Linear Cooperation,1.0,0.984375,1.0,0.96875,0.6428571428571429,Male,5,Republican
Reframing Bravery,,0.71875,0.3125,0.5,0.75,Female,5,Republican
Protect Others - Linear Cooperation,1.0,0.96875,1.0,0.90625,0.8214285714285714,Male,5,Republican
Baseline Information,0.9166666666666666,0.921875,1.0,0.59375,0.8035714285714286,Male,3,Republican
Protect Others - Linear Cooperation,1.0,0.828125,0.6875,0.625,0.8035714285714286,Female,5,Democrat
Reframing Bravery,0.75,0.640625,0.8125,0.40625,0.6785714285714286,Female,4,Democrat
Reframing Bravery,0.8333333333333334,0.8125,0.6875,0.84375,0.5714285714285714,Male,2,Democrat
Baseline Information,1.0,0.96875,1.0,1.0,0.9642857142857144,Male,3,Democrat
Protect Others - Linear Cooperation,1.0,0.765625,0.9375,0.75,0.6964285714285714,Male,3,Republican
Protect Others - Linear Cooperation,1.0,0.90625,1.0,0.90625,0.8928571428571429,Male,3,Republican
Placebo control (bird feeding),0.5,0.71875,0.5,0.375,0.5357142857142857,Female,5,Democrat
Reframing Bravery,1.0,0.90625,0.875,0.875,0.7857142857142857,Female,2,Democrat
Placebo control (bird feeding),1.0,0.96875,1.0,0.46875,0.8571428571428571,Male,5,Republican
Baseline Information,1.0,0.9375,1.0,0.96875,0.8214285714285714,Female,4,Democrat
Placebo control (bird feeding),1.0,0.921875,0.9375,0.71875,0.9464285714285714,Male,4,Democrat
Reframing Bravery,1.0,0.78125,0.8125,0.5625,0.3035714285714285,Female,5,Democrat
Reframing Bravery,,0.4375,1.0,0.5625,0.6785714285714286,Female,2,Democrat
Protect Others - Linear Cooperation,0.0,0.015625,0.0,0.0,0.125,Male,5,Republican
Reframing Bravery,,0.5,0.25,0.34375,0.5357142857142857,Male,5,Republican
Reframing Bravery,1.0,0.953125,1.0,,1.0,Male,5,Democrat
Placebo control (bird feeding),0.0,0.90625,0.75,0.25,0.9107142857142856,Male,3,Republican
Baseline Information,0.0,0.359375,0.4375,0.0,0.0,Male,2,Republican
Baseline Information,1.0,0.84375,0.9375,0.71875,0.7857142857142857,Male,4,Democrat
Baseline Information,1.0,0.875,0.9375,0.96875,1.0,Female,4,Independent
Reframing Bravery,0.9166666666666666,0.953125,1.0,0.84375,0.9107142857142856,Male,3,Democrat
Placebo control (bird feeding),,0.46875,0.25,0.25,0.1964285714285714,Male,3,Democrat
Protect Others - Linear Cooperation,1.0,0.6875,0.3125,0.84375,0.8214285714285714,Female,4,Republican
Placebo control (bird feeding),1.0,0.953125,1.0,0.71875,0.9642857142857144,Male,5,Republican
Protect Others - Linear Cooperation,1.0,0.9375,0.6875,0.9375,0.7142857142857143,Female,5,Democrat
Reframing Bravery,0.5,0.5,0.5,0.5,0.5,Male,2,Republican
Reframing Bravery,1.0,0.796875,0.625,0.9375,0.9821428571428572,Female,5,Republican
Placebo control (bird feeding),1.0,0.984375,1.0,0.84375,0.9642857142857144,Male,5,Republican
Baseline Information,1.0,0.625,0.8125,0.84375,0.7142857142857143,Male,4,Democrat
Placebo control (bird feeding),0.9166666666666666,0.703125,0.5625,0.6875,0.6428571428571429,Female,4,Republican
Placebo control (bird feeding),,0.34375,0.9375,0.09375,0.0714285714285714,Male,2,Republican
Placebo control (bird feeding),0.8333333333333334,0.859375,0.75,0.875,0.9642857142857144,Male,2,Republican
Protect Others - Linear Cooperation,1.0,0.703125,0.5625,0.71875,0.9107142857142856,Female,5,Independent
Baseline Information,1.0,0.8125,1.0,0.46875,0.8928571428571429,Male,5,Republican
Placebo control (bird feeding),0.0,0.875,1.0,0.84375,0.9464285714285714,Male,5,Republican
Reframing Bravery,0.9166666666666666,0.90625,0.9375,0.90625,0.7857142857142857,Female,4,Independent
Protect Others - Linear Cooperation,0.5833333333333334,0.59375,0.5625,0.3125,0.4821428571428571,Female,5,Democrat
Placebo control (bird feeding),0.8333333333333334,0.859375,0.5625,0.6875,0.7678571428571429,Female,5,Republican
Protect Others - Linear Cooperation,0.75,0.484375,1.0,0.34375,0.8571428571428571,Female,3,Democrat
Baseline Information,1.0,0.765625,0.9375,0.4375,0.9285714285714286,Female,5,Independent
Baseline Information,1.0,1.0,1.0,1.0,0.9464285714285714,Male,5,Republican
Reframing Bravery,1.0,0.703125,0.5,0.8125,0.6428571428571429,Female,5,Republican
Baseline Information,1.0,0.71875,0.5,0.5625,0.8214285714285714,Male,4,Democrat
Baseline Information,1.0,0.671875,0.625,0.21875,0.5714285714285714,Male,5,Republican
Placebo control (bird feeding),0.6666666666666666,0.5,0.3125,0.53125,0.6785714285714286,Male,4,Republican
Placebo control (bird feeding),1.0,1.0,1.0,0.5,1.0,Male,4,Democrat
Protect Others - Linear Cooperation,1.0,0.9375,0.875,0.96875,0.7857142857142857,Male,2,Republican
Reframing Bravery,0.8333333333333334,0.703125,0.75,0.6875,0.6785714285714286,Female,5,Democrat
Baseline Information,0.75,0.546875,0.3125,0.59375,0.75,Female,5,Republican
Reframing Bravery,0.0,0.9375,1.0,0.90625,0.9464285714285714,Male,4,Democrat
Protect Others - Linear Cooperation,0.3333333333333333,0.5196951959764134,0.1875,0.25,0.3928571428571428,Male,4,Republican
Reframing Bravery,,0.390625,0.5,0.0,0.0,Female,4,Democrat
Protect Others - Linear Cooperation,,0.359375,0.1875,0.15625,0.3928571428571428,Female,5,Republican
Baseline Information,0.0,0.53125,0.75,0.0,0.0714285714285714,Female,2,Democrat
Protect Others - Linear Cooperation,0.75,0.796875,0.5625,0.5,0.4285714285714285,Male,2,Republican
Baseline Information,0.9166666666666666,0.78125,0.75,0.6875,0.5714285714285714,Male,4,Independent
Placebo control (bird feeding),1.0,0.890625,1.0,0.78125,0.9107142857142856,Male,5,Republican
Placebo control (bird feeding),0.6666666666666666,0.75,0.9375,0.15625,0.375,Male,3,Democrat
Baseline Information,1.0,0.703125,0.875,0.96875,0.9642857142857144,Female,3,Republican
Baseline Information,1.0,0.96875,1.0,0.9375,0.9642857142857144,Male,4,Independent
Reframing Bravery,1.0,0.921875,1.0,0.5625,1.0,Male,4,Republican
Baseline Information,1.0,0.875,0.5625,0.875,0.875,Male,4,Democrat
Placebo control (bird feeding),,0.1603201959764134,0.125,0.0,0.0357142857142857,Female,4,Republican
Placebo control (bird feeding),1.0,1.0,1.0,0.75,1.0,Male,5,Republican
Baseline Information,1.0,1.0,1.0,0.84375,0.9821428571428572,Male,3,Republican
Protect Others - Linear Cooperation,0.75,0.390625,0.5625,0.34375,0.5,Female,5,Republican
Protect Others - Linear Cooperation,0.0,0.71875,1.0,0.125,0.3928571428571428,Female,5,Democrat
Reframing Bravery,,0.484375,1.0,0.375,0.75,Male,4,Democrat
Placebo control (bird feeding),0.8333333333333334,0.734375,0.5625,0.59375,0.5714285714285714,Male,3,Republican
Baseline Information,1.0,0.9375,0.8125,0.90625,0.875,Female,2,Republican
Placebo control (bird feeding),1.0,1.0,1.0,0.71875,0.9285714285714286,Male,2,Independent
Reframing Bravery,0.8333333333333334,0.8125,0.8125,0.9375,0.9642857142857144,Male,4,Republican
Protect Others - Linear Cooperation,1.0,0.8125,1.0,0.96875,0.9642857142857144,Male,3,Republican
Baseline Information,1.0,0.8634451959764134,1.0,0.75,0.875,Male,1,Democrat
Placebo control (bird feeding),0.4166666666666667,0.359375,0.0,0.0,0.0357142857142857,Male,2,Republican
Placebo control (bird feeding),,0.484375,0.1875,0.65625,0.5178571428571429,Female,5,Republican
Protect Others - Linear Cooperation,1.0,1.0,1.0,0.84375,1.0,Female,5,Democrat
Placebo control (bird feeding),0.9166666666666666,0.953125,0.875,0.84375,0.8214285714285714,Male,4,Republican
Placebo control (bird feeding),0.5,0.5,0.5,0.6875,0.5,Male,3,Democrat
Baseline Information,1.0,1.0,1.0,0.84375,1.0,Female,5,Republican
Protect Others - Linear Cooperation,0.8333333333333334,0.78125,0.625,0.4375,0.8214285714285714,Male,4,Democrat
Placebo control (bird feeding),1.0,0.734375,0.375,0.6875,0.9107142857142856,Female,2,Republican
Reframing Bravery,1.0,0.921875,0.8125,0.5,0.8571428571428571,Male,5,Republican
Reframing Bravery,1.0,0.96875,1.0,0.96875,0.9821428571428572,Male,4,Republican
Placebo control (bird feeding),0.8333333333333334,0.921875,1.0,0.46875,0.7321428571428571,Female,3,Republican
Protect Others - Linear Cooperation,1.0,0.890625,0.875,0.90625,1.0,Male,5,Republican
Baseline Information,0.6666666666666666,0.65625,0.6875,0.53125,0.4821428571428571,Female,5,Republican
Reframing Bravery,1.0,0.859375,0.875,0.84375,0.9285714285714286,Female,5,Democrat
Placebo control (bird feeding),1.0,1.0,1.0,1.0,1.0,Male,4,Republican
Placebo control (bird feeding),0.8333333333333334,0.84375,0.875,0.8125,0.9821428571428572,Female,5,Democrat
Protect Others - Linear Cooperation,0.9166666666666666,0.796875,0.9375,0.71875,0.8214285714285714,Female,5,Republican
Baseline Information,0.9166666666666666,0.78125,0.5,0.5,0.8928571428571429,Male,5,Republican
Protect Others - Linear Cooperation,0.0,0.140625,0.125,0.0625,0.0,Male,1,Republican
Reframing Bravery,,0.3790701959764134,0.375,0.25,0.25,Female,5,Republican
Reframing Bravery,,0.1446951959764134,0.5,0.125,0.75,Male,5,Republican
Protect Others - Linear Cooperation,0.9166666666666666,0.875,1.0,0.59375,0.8928571428571429,Male,3,Democrat
Baseline Information,0.9166666666666666,0.875,1.0,0.96875,1.0,Female,1,Republican
Reframing Bravery,,0.734375,0.9375,0.25,0.5357142857142857,Female,5,Democrat
Reframing Bravery,0.9166666666666666,0.75,0.75,0.9375,0.9464285714285714,Male,5,Democrat
Baseline Information,0.0,0.0625,0.5,0.0,0.125,Male,4,Republican
Placebo control (bird feeding),0.5833333333333334,0.71875,0.5,0.3125,0.5892857142857143,Female,4,Republican
Reframing Bravery,0.6666666666666666,0.859375,1.0,0.3125,0.1428571428571428,Male,5,Republican
Reframing Bravery,0.8333333333333334,0.75,0.625,0.8125,0.7142857142857143,Female,5,Independent
Placebo control (bird feeding),1.0,0.9375,0.9375,0.625,0.8571428571428571,Male,4,Independent
Protect Others - Linear Cooperation,1.0,0.9375,0.8125,0.875,0.7857142857142857,Male,5,Republican
Protect Others - Linear Cooperation,1.0,0.796875,0.875,0.96875,1.0,Female,1,Independent
Placebo control (bird feeding),0.9166666666666666,0.75,0.6875,0.625,0.7857142857142857,Male,4,Democrat
Protect Others - Linear Cooperation,1.0,0.921875,0.9375,0.84375,0.8214285714285714,Female,5,Democrat
Protect Others - Linear Cooperation,1.0,0.9375,1.0,0.6875,0.7142857142857143,Male,4,Republican
Protect Others - Linear Cooperation,1.0,0.90625,1.0,0.625,0.7857142857142857,Male,5,Democrat
Placebo control (bird feeding),0.6666666666666666,0.546875,0.5,0.5,0.3571428571428571,Male,3,Democrat
Placebo control (bird feeding),,0.53125,0.375,0.25,0.4464285714285714,Female,5,Democrat
Placebo control (bird feeding),1.0,0.84375,0.9375,0.75,0.6428571428571429,Male,5,Democrat
Protect Others - Linear Cooperation,1.0,0.890625,1.0,0.5625,0.9642857142857144,Male,5,Republican
Reframing Bravery,0.75,0.8125,1.0,0.875,0.6964285714285714,Female,4,Republican
Reframing Bravery,,0.359375,0.5,0.28125,0.3392857142857143,Male,5,Republican
Reframing Bravery,0.75,0.75,0.75,0.40625,0.25,Male,5,Republican
Reframing Bravery,1.0,0.921875,1.0,0.96875,0.9285714285714286,Male,4,Republican
Placebo control (bird feeding),0.75,0.609375,0.8125,0.6875,0.6071428571428571,Female,5,Democrat
Protect Others - Linear Cooperation,0.75,0.765625,0.75,0.5,0.5,Female,5,Democrat
Reframing Bravery,0.75,0.65625,0.6875,0.34375,0.8571428571428571,Male,5,Democrat
Baseline Information,0.6666666666666666,0.390625,0.375,0.84375,1.0,Male,5,Republican
Placebo control (bird feeding),1.0,0.953125,0.875,0.75,1.0,Female,5,Republican
Baseline Information,0.0,0.609375,0.5,0.53125,0.7142857142857143,Female,2,Republican
Baseline Information,1.0,0.8125,0.8125,0.9375,0.8928571428571429,Male,5,Republican
Protect Others - Linear Cooperation,1.0,0.765625,0.625,0.625,0.7678571428571429,Male,4,Republican
Reframing Bravery,0.6666666666666666,0.703125,0.75,0.6875,1.0,Male,5,Republican
Protect Others - Linear Cooperation,0.75,0.515625,0.4375,0.46875,0.6607142857142857,Male,4,Republican
Baseline Information,1.0,0.921875,0.9375,0.8125,1.0,Female,5,Republican
Baseline Information,0.9166666666666666,0.859375,1.0,0.53125,0.8214285714285714,Male,5,Republican
Baseline Information,1.0,0.920272759905875,0.75,0.875,,Male,3,Republican
Baseline Information,1.0,0.8946951959764134,1.0,0.46875,0.8392857142857143,Male,5,Republican
Reframing Bravery,0.0,0.203125,0.5625,0.0,0.0714285714285714,Male,4,Republican
Baseline Information,1.0,0.90625,0.4375,0.375,0.9642857142857144,Male,5,Republican
Baseline Information,0.6666666666666666,0.75,0.5625,0.53125,0.5892857142857143,Male,5,Republican
Baseline Information,0.5,0.5,0.5,0.5,0.5,Female,2,Republican
Protect Others - Linear Cooperation,0.5,0.859375,1.0,0.125,0.1428571428571428,Female,4,Republican
Placebo control (bird feeding),1.0,0.921875,1.0,0.625,0.6428571428571429,Female,5,Democrat
Protect Others - Linear Cooperation,0.9166666666666666,0.859375,0.6875,0.71875,0.9642857142857144,Female,4,Independent
Placebo control (bird feeding),0.6666666666666666,0.65625,0.375,0.21875,0.6607142857142857,Female,4,Democrat
Reframing Bravery,1.0,0.984375,0.75,0.8125,0.75,Male,5,Democrat
Baseline Information,0.8333333333333334,0.640625,0.8125,0.875,0.9642857142857144,Female,1,Democrat
Reframing Bravery,1.0,0.828125,1.0,0.96875,0.9285714285714286,Male,5,Independent
Protect Others - Linear Cooperation,0.9166666666666666,0.578125,0.8125,0.3125,0.7142857142857143,Female,5,Republican
Reframing Bravery,0.6666666666666666,0.9375,1.0,0.625,0.7857142857142857,Female,3,Democrat
Baseline Information,0.75,0.453125,0.3125,0.46875,0.5357142857142857,Male,1,Democrat
Reframing Bravery,0.9166666666666666,0.875,1.0,0.65625,1.0,Male,5,Republican
Placebo control (bird feeding),1.0,0.84375,0.9375,0.5625,0.625,Female,5,Republican
Placebo control (bird feeding),1.0,0.875,1.0,0.78125,0.8928571428571429,Female,4,Democrat
Baseline Information,,0.34375,0.3125,0.125,0.4107142857142857,Female,4,Democrat
Reframing Bravery,1.0,0.8478201959764134,1.0,0.875,0.8571428571428571,Female,1,Democrat
Placebo control (bird feeding),0.3333333333333333,0.546875,0.25,0.0,0.3214285714285714,Male,5,Republican
Baseline Information,1.0,0.9375,0.9375,0.65625,1.0,Male,4,Democrat
Placebo control (bird feeding),0.0,0.515625,0.625,0.59375,0.375,Male,5,Republican
Protect Others - Linear Cooperation,1.0,0.921875,0.8125,0.9375,0.9642857142857144,Female,5,Republican
Reframing Bravery,,0.3125,0.75,0.3125,0.0535714285714285,Male,4,Republican
Reframing Bravery,1.0,0.6875,0.625,0.96875,1.0,Male,5,Democrat
Baseline Information,1.0,0.828125,0.75,0.875,0.6071428571428571,Female,3,Democrat
Baseline Information,1.0,0.765625,0.8125,0.78125,0.9642857142857144,Female,1,Independent
Protect Others - Linear Cooperation,0.9166666666666666,0.9375,1.0,0.9375,0.9464285714285714,Male,2,Independent
Reframing Bravery,1.0,0.890625,0.875,0.8125,0.9285714285714286,Male,5,Republican
Baseline Information,1.0,0.703125,0.5,0.90625,0.7678571428571429,Female,2,Republican
Placebo control (bird feeding),,0.125,0.0,0.15625,0.25,Female,4,Democrat
Protect Others - Linear Cooperation,0.75,0.765625,1.0,0.625,0.6785714285714286,Female,5,Republican
Baseline Information,1.0,0.6875,0.75,0.53125,0.5,Male,3,Democrat
Baseline Information,0.3333333333333333,0.59375,0.75,0.0625,0.2142857142857142,Male,2,Democrat
Reframing Bravery,1.0,0.796875,1.0,0.875,1.0,Male,2,Republican
Reframing Bravery,1.0,0.9375,1.0,0.96875,0.9821428571428572,Female,2,Republican
Baseline Information,0.75,0.625,0.625,0.5625,0.5892857142857143,Male,4,Independent
Reframing Bravery,1.0,0.9375,0.75,0.9375,0.7678571428571429,Male,5,Republican
Placebo control (bird feeding),1.0,0.8125,0.6875,0.9375,0.9285714285714286,Female,5,Republican
Protect Others - Linear Cooperation,0.3333333333333333,0.640625,0.5,0.375,0.1428571428571428,Female,5,Democrat
Baseline Information,,0.5625,0.5,0.0625,0.5178571428571429,Female,4,Republican
Reframing Bravery,1.0,1.0,1.0,0.625,0.9285714285714286,Female,5,Republican
Protect Others - Linear Cooperation,1.0,0.796875,0.6875,0.9375,0.7678571428571429,Male,2,Republican
Reframing Bravery,0.75,0.828125,1.0,0.65625,0.5357142857142857,Female,5,Democrat
Reframing Bravery,1.0,0.921875,0.8125,1.0,0.9642857142857144,Female,3,Democrat
Protect Others - Linear Cooperation,0.8333333333333334,0.796875,0.625,0.75,0.9107142857142856,Female,4,Republican
Reframing Bravery,1.0,0.875,0.5,0.9375,0.8928571428571429,Female,3,Independent
Protect Others - Linear Cooperation,1.0,0.890625,0.8125,0.90625,0.8928571428571429,Female,5,Republican
Baseline Information,0.75,0.609375,0.625,0.625,0.6964285714285714,Male,4,Independent
Baseline Information,1.0,0.90625,0.8125,0.71875,0.7857142857142857,Male,3,Republican
Placebo control (bird feeding),1.0,0.9375,1.0,0.9375,1.0,Male,3,Democrat
Protect Others - Linear Cooperation,1.0,0.96875,1.0,0.9375,0.9285714285714286,Male,5,Republican
Baseline Information,0.1666666666666666,0.375,0.375,0.0,0.2142857142857142,Female,5,Democrat
Reframing Bravery,0.6666666666666666,0.65625,0.75,0.46875,0.6785714285714286,Female,4,Republican
Placebo control (bird feeding),0.9166666666666666,0.453125,0.4375,0.78125,0.6785714285714286,Female,4,Republican
Protect Others - Linear Cooperation,1.0,0.75,1.0,1.0,1.0,Male,2,Republican
Placebo control (bird feeding),1.0,1.0,1.0,0.59375,0.8928571428571429,Male,4,Independent
Placebo control (bird feeding),0.3333333333333333,0.59375,0.5625,0.125,0.0714285714285714,Female,5,Republican
Baseline Information,1.0,0.859375,0.6875,0.6875,0.8571428571428571,Female,1,Democrat
Placebo control (bird feeding),0.9166666666666666,0.671875,0.875,0.5625,0.8214285714285714,Male,3,Democrat
Protect Others - Linear Cooperation,0.75,0.875,1.0,0.59375,0.7142857142857143,Female,5,Republican
Protect Others - Linear Cooperation,0.75,0.859375,0.8125,0.625,0.5892857142857143,Female,5,Democrat
Placebo control (bird feeding),1.0,0.96875,1.0,0.40625,1.0,Male,5,Republican
Reframing Bravery,,0.796875,0.875,0.4375,0.4464285714285714,Male,4,Republican
Baseline Information,0.75,0.75,0.9375,0.34375,0.6071428571428571,Male,2,Democrat
Baseline Information,0.8333333333333334,0.609375,0.625,0.875,0.7678571428571429,Male,2,Republican
Placebo control (bird feeding),,0.578125,0.375,0.3125,0.6785714285714286,Female,4,Republican
Protect Others - Linear Cooperation,0.9166666666666666,0.84375,0.5,0.84375,1.0,Male,5,Republican
Placebo control (bird feeding),0.9166666666666666,0.703125,0.9375,0.4375,0.8928571428571429,Male,4,Democrat
Protect Others - Linear Cooperation,0.75,0.5625,0.375,0.71875,0.4285714285714285,Female,4,Republican
Reframing Bravery,0.6666666666666666,0.8125,0.9375,0.71875,0.9464285714285714,Female,5,Democrat
Protect Others - Linear Cooperation,1.0,0.84375,0.9375,0.75,0.9285714285714286,Male,4,Democrat
Placebo control (bird feeding),0.9166666666666666,0.890625,0.9375,0.78125,0.9642857142857144,Male,2,Independent
Reframing Bravery,1.0,1.0,1.0,0.75,0.9285714285714286,Male,1,Republican
Reframing Bravery,0.75,0.84375,1.0,0.4375,0.0892857142857142,Female,4,Democrat
Reframing Bravery,0.75,0.640625,0.6875,0.8125,0.6428571428571429,Male,3,Democrat
Placebo control (bird feeding),1.0,0.953125,1.0,1.0,0.7321428571428571,Male,2,Republican
Reframing Bravery,0.75,0.953125,1.0,0.5,0.9285714285714286,Female,5,Republican
Reframing Bravery,1.0,0.9375,1.0,0.96875,0.9285714285714286,Female,5,Independent
Reframing Bravery,1.0,0.609375,0.5,0.84375,1.0,Female,3,Democrat
Protect Others - Linear Cooperation,0.4166666666666667,0.515625,0.375,0.0625,0.4285714285714285,Male,4,Republican
Baseline Information,0.1666666666666666,0.53125,0.4375,0.0625,0.2321428571428571,Male,4,Democrat
Reframing Bravery,1.0,0.828125,0.6875,0.84375,0.9464285714285714,Female,2,Democrat
Placebo control (bird feeding),1.0,0.9375,1.0,1.0,1.0,Male,4,Republican
Placebo control (bird feeding),1.0,0.734375,0.875,0.625,0.3928571428571428,Female,2,Democrat
Placebo control (bird feeding),1.0,0.953125,1.0,0.71875,1.0,Male,3,Republican
Baseline Information,0.75,0.4375,0.0,0.84375,0.9285714285714286,Female,5,Independent
Protect Others - Linear Cooperation,1.0,0.8125,0.625,0.84375,0.8928571428571429,Female,5,Democrat
Reframing Bravery,,0.40625,0.375,0.375,0.375,Female,4,Republican
Placebo control (bird feeding),0.9166666666666666,0.875,0.875,0.6875,0.8214285714285714,Female,5,Independent
Baseline Information,,0.359375,0.3125,0.03125,0.1607142857142857,Female,4,Democrat
Baseline Information,1.0,0.921875,0.875,1.0,0.7321428571428571,Female,5,Republican
Reframing Bravery,0.8333333333333334,0.65625,0.4375,0.6875,0.9821428571428572,Male,4,Republican
Protect Others - Linear Cooperation,0.9166666666666666,0.8125,0.5625,0.4375,0.375,Female,5,Democrat
Reframing Bravery,1.0,0.84375,0.8125,0.6875,0.7857142857142857,Female,5,Democrat
Reframing Bravery,1.0,0.984375,1.0,1.0,1.0,Male,3,Republican
Protect Others - Linear Cooperation,0.5,0.546875,0.5,0.15625,0.3928571428571428,Female,5,Democrat
Placebo control (bird feeding),0.0,0.3165701959764134,0.625,0.0625,0.0357142857142857,Male,4,Democrat
Placebo control (bird feeding),0.8333333333333334,0.59375,0.625,0.8125,0.8928571428571429,Female,2,Independent
Baseline Information,1.0,0.953125,1.0,0.84375,0.9821428571428572,Male,5,Republican
Baseline Information,0.9166666666666666,0.65625,0.8125,0.78125,0.5714285714285714,Male,4,Republican
Reframing Bravery,0.8333333333333334,0.65625,1.0,0.6875,0.8571428571428571,Female,4,Republican
Placebo control (bird feeding),0.9166666666666666,0.890625,0.625,0.875,0.5178571428571429,Male,4,Democrat
Baseline Information,0.6666666666666666,0.828125,1.0,0.5,0.3928571428571428,Male,2,Democrat
Placebo control (bird feeding),1.0,0.703125,0.5625,0.5,0.4285714285714285,Male,2,Republican
Placebo control (bird feeding),,0.9375,0.8125,0.46875,0.8928571428571429,Female,5,Democrat
Reframing Bravery,0.9166666666666666,0.953125,0.9375,0.84375,0.9821428571428572,Female,4,Republican
Protect Others - Linear Cooperation,1.0,0.703125,0.6875,0.84375,0.7857142857142857,Male,1,Republican
Baseline Information,1.0,0.90625,0.875,1.0,0.7321428571428571,Female,3,Democrat
Baseline Information,1.0,0.90625,0.75,0.875,0.8571428571428571,Male,2,Republican
Baseline Information,,0.6446951959764134,0.4375,0.125,0.5,Male,4,Republican
Protect Others - Linear Cooperation,1.0,0.828125,0.875,0.9375,0.9285714285714286,Female,4,Republican
Reframing Bravery,1.0,0.984375,1.0,0.78125,0.9642857142857144,Male,3,Republican
Protect Others - Linear Cooperation,0.8333333333333334,1.0,1.0,0.96875,0.8214285714285714,Male,3,Republican
Protect Others - Linear Cooperation,0.9166666666666666,0.203125,0.0,0.4375,0.6785714285714286,Female,2,Republican
Reframing Bravery,0.6666666666666666,0.703125,0.5,0.0,0.3214285714285714,Male,5,Democrat
Placebo control (bird feeding),0.75,0.6875,0.75,0.75,0.8571428571428571,Male,1,Democrat
Protect Others - Linear Cooperation,0.0,0.46875,0.625,0.0625,0.0714285714285714,Male,4,Democrat
Protect Others - Linear Cooperation,1.0,0.78125,0.9375,1.0,0.6428571428571429,Female,4,Republican
Placebo control (bird feeding),0.0,0.265625,0.375,0.0,0.2857142857142857,Male,2,Republican
Protect Others - Linear Cooperation,0.4166666666666667,0.453125,0.4375,0.1875,0.4642857142857143,Female,4,Democrat
Protect Others - Linear Cooperation,0.75,0.828125,1.0,0.625,0.9107142857142856,Female,2,Democrat
Placebo control (bird feeding),,0.3946951959764134,0.1875,0.1875,0.2142857142857142,Female,3,Republican
Baseline Information,1.0,0.828125,0.875,0.96875,1.0,Male,4,Republican
Baseline Information,0.75,0.953125,1.0,0.5625,0.6785714285714286,Female,5,Democrat
Placebo control (bird feeding),1.0,0.875,0.8125,0.84375,0.5,Female,3,Republican
Reframing Bravery,,0.3009451959764134,0.25,0.0625,0.2857142857142857,Male,5,Republican
Reframing Bravery,1.0,0.890625,1.0,1.0,0.8928571428571429,Male,4,Republican
Baseline Information,0.0,0.171875,0.125,0.0,0.1785714285714285,Female,5,Independent
Placebo control (bird feeding),1.0,0.734375,1.0,0.8125,0.9642857142857144,Male,4,Republican
Protect Others - Linear Cooperation,0.75,0.59375,0.625,0.53125,1.0,Female,2,Democrat
Placebo control (bird feeding),0.5,0.59375,0.0,0.25,0.375,Female,3,Republican
Baseline Information,0.75,0.6875,0.8125,0.59375,0.6071428571428571,Female,4,Republican
Protect Others - Linear Cooperation,0.5,0.671875,0.4375,0.375,0.5,Male,4,Republican
Baseline Information,1.0,0.765625,0.9375,0.8125,0.9107142857142856,Male,5,Republican
Reframing Bravery,1.0,0.890625,0.6875,0.59375,0.8571428571428571,Male,4,Republican
Protect Others - Linear Cooperation,0.8333333333333334,0.9375,0.9375,0.84375,0.8392857142857143,Female,3,Republican
Reframing Bravery,1.0,0.875,0.5,1.0,0.9285714285714286,Male,5,Republican
Protect Others - Linear Cooperation,0.0,0.15625,0.25,0.0625,0.0,Male,5,Republican
Reframing Bravery,1.0,0.953125,0.5625,0.875,1.0,Male,4,Republican
Protect Others - Linear Cooperation,1.0,0.828125,0.8125,0.6875,0.6428571428571429,Female,5,Democrat
Placebo control (bird feeding),1.0,0.84375,0.875,0.90625,0.4821428571428571,Female,4,Independent
Baseline Information,1.0,0.8125,0.5625,0.5,0.9821428571428572,Male,4,Republican
Reframing Bravery,0.75,0.6875,0.5625,0.78125,0.3928571428571428,Female,5,Republican
Reframing Bravery,0.8333333333333334,0.71875,0.9375,0.46875,0.5357142857142857,Female,5,Democrat
Protect Others - Linear Cooperation,1.0,0.7874478994717728,0.902965682230655,0.84375,,Male,5,Democrat
Placebo control (bird feeding),0.5,0.453125,0.375,0.46875,0.625,Female,2,Democrat
Baseline Information,1.0,0.796875,0.75,0.9375,0.625,Male,4,Republican
Placebo control (bird feeding),0.75,0.625,0.75,0.4375,0.5,Female,5,Democrat
Placebo control (bird feeding),1.0,0.921875,1.0,0.625,0.9642857142857144,Male,4,Democrat
Reframing Bravery,0.5,0.90625,1.0,0.8125,0.6071428571428571,Female,3,Democrat
Reframing Bravery,1.0,0.859375,0.9375,0.59375,0.8928571428571429,Female,4,Democrat
Protect Others - Linear Cooperation,1.0,0.9375,1.0,0.875,0.9285714285714286,Male,3,Republican
Protect Others - Linear Cooperation,1.0,0.875,1.0,0.90625,0.75,Female,5,Republican
Baseline Information,0.8333333333333334,0.65625,0.625,0.53125,0.8035714285714286,Male,5,Republican
Protect Others - Linear Cooperation,1.0,1.0,0.875,0.40625,0.8571428571428571,Male,5,Republican
Placebo control (bird feeding),1.0,0.75,0.6875,0.4375,0.8571428571428571,Male,5,Republican
Baseline Information,1.0,0.9375,1.0,0.78125,0.9821428571428572,Male,5,Republican
Protect Others - Linear Cooperation,,0.5821951959764134,0.3125,0.0625,0.3928571428571428,Female,5,Republican
Reframing Bravery,0.8333333333333334,0.765625,0.8125,0.375,0.4821428571428571,Female,4,Democrat
Placebo control (bird feeding),0.9166666666666666,0.875,1.0,0.6875,0.9107142857142856,Female,4,Republican
Reframing Bravery,1.0,1.0,1.0,0.90625,1.0,Male,4,Independent
Baseline Information,1.0,0.859375,0.75,0.875,1.0,Female,4,Republican
Baseline Information,0.75,0.640625,0.5625,0.375,0.6428571428571429,Female,5,Democrat
Reframing Bravery,1.0,0.890625,1.0,0.9375,1.0,Male,5,Republican
Reframing Bravery,1.0,0.421875,0.5625,0.6875,0.8214285714285714,Male,4,Republican
Protect Others - Linear Cooperation,0.75,0.59375,0.4375,0.3125,0.5178571428571429,Female,4,Democrat
Placebo control (bird feeding),0.5833333333333334,0.75,0.9375,0.46875,0.7678571428571429,Female,5,Democrat
Protect Others - Linear Cooperation,0.5833333333333334,0.5040701959764134,0.3125,0.65625,0.6964285714285714,Female,2,Republican
Placebo control (bird feeding),0.5833333333333334,0.734375,0.8125,0.65625,0.4642857142857143,Female,5,Democrat
Protect Others - Linear Cooperation,1.0,0.484375,0.625,0.5,0.2857142857142857,Male,4,Republican
Placebo control (bird feeding),,0.8125,0.75,0.21875,0.8214285714285714,Male,4,Republican
Protect Others - Linear Cooperation,0.75,0.359375,0.25,0.59375,0.7142857142857143,Female,2,Democrat
Placebo control (bird feeding),0.5,0.5,0.5,0.5,0.5,Female,4,Republican
Protect Others - Linear Cooperation,0.75,0.859375,0.75,0.6875,0.5714285714285714,Female,5,Democrat
Placebo control (bird feeding),0.75,0.828125,1.0,0.53125,0.3571428571428571,Female,5,Republican
Baseline Information,1.0,0.890625,0.75,0.78125,0.9821428571428572,Female,5,Republican
Placebo control (bird feeding),0.0,0.359375,0.375,0.0625,0.1428571428571428,Male,3,Republican
Placebo control (bird feeding),1.0,0.921875,1.0,0.4375,0.75,Male,4,Republican
Baseline Information,1.0,0.859375,1.0,0.78125,0.9821428571428572,Male,5,Republican
Placebo control (bird feeding),0.9166666666666666,0.859375,0.6875,0.625,0.75,Male,4,Republican
Baseline Information,,0.8125,0.75,0.53125,0.6785714285714286,Male,4,Republican
Reframing Bravery,0.9166666666666666,0.953125,1.0,0.65625,0.9821428571428572,Male,4,Independent
Reframing Bravery,1.0,0.859375,0.9375,0.65625,0.8571428571428571,Female,5,Republican
Baseline Information,0.9166666666666666,0.75,0.4375,0.78125,0.8928571428571429,Male,1,Independent
Placebo control (bird feeding),1.0,0.625,0.875,1.0,0.875,Male,3,Republican
Reframing Bravery,1.0,0.9375,1.0,1.0,1.0,Male,4,Democrat
Baseline Information,,0.3946951959764134,0.3125,0.1875,0.2678571428571428,Male,4,Republican
Protect Others - Linear Cooperation,0.75,0.453125,0.4375,0.5,0.7142857142857143,Female,4,Republican
Reframing Bravery,1.0,0.828125,0.8125,1.0,0.7857142857142857,Female,5,Republican
Placebo control (bird feeding),,0.578125,0.6875,0.125,0.625,Male,4,Republican
Protect Others - Linear Cooperation,0.75,0.90625,0.9375,0.6875,0.8928571428571429,Male,4,Republican
Baseline Information,1.0,0.765625,0.9375,0.625,0.7142857142857143,Female,4,Republican
Reframing Bravery,1.0,0.828125,1.0,0.59375,0.8214285714285714,Male,4,Democrat
Reframing Bravery,0.8333333333333334,0.65625,0.875,0.6875,0.6785714285714286,Male,5,Republican
Baseline Information,1.0,0.796875,1.0,0.6875,0.9642857142857144,Male,2,Republican
Placebo control (bird feeding),0.6666666666666666,0.484375,0.25,0.9375,0.6607142857142857,Male,4,Republican
Protect Others - Linear Cooperation,1.0,0.78125,0.875,0.8125,0.8392857142857143,Male,4,Republican
Placebo control (bird feeding),0.8333333333333334,0.96875,0.6875,0.5625,0.8571428571428571,Male,5,Republican
Reframing Bravery,1.0,1.0,0.8125,0.96875,0.875,Female,5,Democrat
Placebo control (bird feeding),1.0,0.90625,1.0,1.0,0.875,Male,4,Republican
Protect Others - Linear Cooperation,0.3333333333333333,0.640625,0.5625,0.25,0.0,Female,3,Democrat
Baseline Information,1.0,0.671875,0.8125,0.875,0.5714285714285714,Female,3,Democrat
Protect Others - Linear Cooperation,1.0,0.71875,0.5625,0.6875,0.9107142857142856,Female,5,Republican
Reframing Bravery,0.0,0.5625,0.4375,0.03125,0.25,Male,4,Republican
Protect Others - Linear Cooperation,1.0,0.71875,1.0,0.5625,0.8928571428571429,Male,5,Independent
Baseline Information,1.0,0.96875,1.0,0.75,0.8571428571428571,Female,5,Republican
Protect Others - Linear Cooperation,1.0,0.78125,0.75,0.625,0.7857142857142857,Male,4,Republican
Placebo control (bird feeding),0.25,0.359375,0.3125,0.21875,0.25,Female,5,Republican
Baseline Information,0.8333333333333334,0.390625,0.1875,0.3125,0.6785714285714286,Female,5,Republican
Protect Others - Linear Cooperation,1.0,0.765625,1.0,0.6875,1.0,Female,5,Republican
Reframing Bravery,1.0,0.828125,0.8125,0.9375,0.8571428571428571,Male,2,Democrat
Placebo control (bird feeding),0.9166666666666666,0.9263849373247568,0.875,0.75,1.0,Male,4,Democrat
Placebo control (bird feeding),0.5833333333333334,0.796875,0.75,0.1875,0.7142857142857143,Female,4,Democrat
Protect Others - Linear Cooperation,0.9166666666666666,0.78125,0.75,0.6875,0.7142857142857143,Female,5,Independent
Baseline Information,1.0,0.890625,0.9375,1.0,0.9642857142857144,Female,5,Republican
Placebo control (bird feeding),1.0,0.8125,0.8125,0.96875,0.8392857142857143,Male,5,Democrat
Protect Others - Linear Cooperation,,0.5,0.625,0.0,0.0178571428571428,Male,4,Republican
Placebo control (bird feeding),0.9166666666666666,0.859375,0.8125,0.46875,0.6428571428571429,Male,4,Democrat
Reframing Bravery,1.0,0.828125,0.5625,1.0,1.0,Male,5,Republican
Baseline Information,0.1666666666666666,0.375,0.125,0.0,0.7142857142857143,Female,2,Democrat
Reframing Bravery,1.0,0.875,0.8125,0.96875,1.0,Female,3,Democrat
Protect Others - Linear Cooperation,,0.6875,0.375,0.125,0.1964285714285714,Male,2,Democrat
Reframing Bravery,0.8333333333333334,0.90625,0.6875,0.4375,0.7142857142857143,Male,2,Democrat
Reframing Bravery,,0.296875,0.5625,0.03125,0.0,Male,3,Republican
Placebo control (bird feeding),0.9166666666666666,0.96875,1.0,0.875,0.9464285714285714,Male,3,Independent
Baseline Information,1.0,0.921875,0.625,0.90625,0.5714285714285714,Female,4,Republican
Protect Others - Linear Cooperation,0.3333333333333333,0.34375,0.5,0.125,0.2857142857142857,Female,5,Republican
Reframing Bravery,1.0,0.8125,1.0,0.96875,0.9285714285714286,Male,4,Republican
Reframing Bravery,1.0,0.921875,1.0,0.9375,0.9642857142857144,Male,5,Democrat
Reframing Bravery,1.0,0.96875,1.0,0.96875,0.8571428571428571,Female,2,Democrat
Protect Others - Linear Cooperation,0.8333333333333334,0.78125,0.6875,0.5,0.6964285714285714,Female,5,Republican
Protect Others - Linear Cooperation,1.0,0.6903111601253298,0.625,0.28125,0.375,Male,5,Republican
Placebo control (bird feeding),1.0,0.5625,0.375,0.5625,0.6428571428571429,Male,4,Republican
Protect Others - Linear Cooperation,,0.6134451959764134,0.25,0.6875,0.7321428571428571,Female,4,Republican
Reframing Bravery,0.75,0.65625,0.5625,0.375,0.3928571428571428,Female,5,Republican
Reframing Bravery,1.0,0.859375,0.9375,0.9375,0.8571428571428571,Male,5,Republican
Protect Others - Linear Cooperation,1.0,1.0,1.0,0.96875,0.9821428571428572,Male,5,Republican
Placebo control (bird feeding),0.3333333333333333,0.375,0.5,0.3125,0.4285714285714285,Male,2,Republican
Placebo control (bird feeding),1.0,0.75,0.875,0.6875,0.7857142857142857,Female,2,Democrat
Placebo control (bird feeding),0.6666666666666666,0.921875,1.0,0.84375,0.9285714285714286,Male,5,Democrat
Baseline Information,,0.5978201959764134,0.9375,0.25,0.6428571428571429,Male,4,Republican
Protect Others - Linear Cooperation,1.0,0.953125,0.9375,0.8125,0.7142857142857143,Male,5,Democrat
Baseline Information,0.8333333333333334,0.59375,0.375,0.46875,0.6071428571428571,Male,2,Republican
Placebo control (bird feeding),0.8333333333333334,1.0,1.0,0.84375,0.9642857142857144,Male,4,Republican
Baseline Information,1.0,0.90625,0.9375,0.5,1.0,Male,5,Republican
Reframing Bravery,1.0,1.0,1.0,1.0,0.9464285714285714,Male,5,Republican
Placebo control (bird feeding),0.0,0.859375,0.875,0.78125,0.6964285714285714,Male,4,Republican
Reframing Bravery,,0.359375,0.25,0.09375,0.4642857142857143,Female,5,Democrat
Baseline Information,1.0,0.859375,0.875,0.65625,0.875,Male,5,Democrat
Reframing Bravery,0.75,0.78125,1.0,0.53125,0.8214285714285714,Female,5,Republican
Protect Others - Linear Cooperation,1.0,0.9375,0.9375,0.8125,0.6964285714285714,Male,3,Republican
Protect Others - Linear Cooperation,1.0,0.953125,1.0,0.84375,0.9821428571428572,Male,4,Republican
Protect Others - Linear Cooperation,0.9166666666666666,0.671875,0.625,0.875,0.6428571428571429,Female,5,Republican
Baseline Information,1.0,0.78125,1.0,0.90625,1.0,Male,2,Republican
Placebo control (bird feeding),0.9166666666666666,0.84375,0.8125,0.875,0.9642857142857144,Female,5,Republican
Baseline Information,0.0,0.359375,0.4375,0.0625,0.0,Female,4,Republican
Baseline Information,1.0,0.90625,1.0,0.90625,0.9107142857142856,Female,4,Democrat
Protect Others - Linear Cooperation,0.0,0.125,0.0,0.0,0.0,Male,4,Republican
Reframing Bravery,0.6666666666666666,0.71875,0.8125,0.4375,0.7857142857142857,Male,4,Democrat
Reframing Bravery,1.0,0.84375,0.875,0.875,0.9642857142857144,Male,5,Republican
Placebo control (bird feeding),1.0,0.984375,1.0,0.75,1.0,Male,5,Republican
Baseline Information,0.0,0.484375,0.5625,0.1875,0.0357142857142857,Female,4,Republican
Placebo control (bird feeding),1.0,0.859375,0.8125,0.75,0.4285714285714285,Male,4,Republican
Reframing Bravery,1.0,0.96875,1.0,0.71875,0.9464285714285714,Male,5,Republican
Protect Others - Linear Cooperation,1.0,0.90625,1.0,0.78125,0.9285714285714286,Female,5,Republican
Reframing Bravery,1.0,1.0,1.0,0.875,0.9821428571428572,Female,2,Republican
Reframing Bravery,,0.703125,0.75,0.25,0.3392857142857143,Female,2,Republican
Placebo control (bird feeding),0.8333333333333334,0.96875,1.0,0.65625,0.9821428571428572,Male,5,Independent
Protect Others - Linear Cooperation,0.9166666666666666,0.5,0.625,0.8125,0.9285714285714286,Female,4,Republican
Protect Others - Linear Cooperation,0.0,0.484375,0.625,0.09375,0.0178571428571428,Female,5,Democrat
Protect Others - Linear Cooperation,1.0,0.90625,1.0,0.96875,0.8928571428571429,Male,3,Republican
Reframing Bravery,1.0,0.953125,1.0,0.625,0.9285714285714286,Male,4,Republican
Baseline Information,1.0,0.90625,0.9375,0.34375,0.7142857142857143,Male,5,Republican
Reframing Bravery,1.0,0.6875,0.75,0.71875,0.75,Male,4,Republican
Protect Others - Linear Cooperation,0.75,0.90625,0.625,0.78125,0.8571428571428571,Male,2,Independent
Placebo control (bird feeding),,0.375,0.5,0.40625,0.4285714285714285,Male,4,Republican
Reframing Bravery,0.9166666666666666,0.5,0.3125,0.1875,0.4285714285714285,Male,4,Democrat
Baseline Information,1.0,0.921875,0.75,0.96875,0.9107142857142856,Male,4,Republican
Protect Others - Linear Cooperation,0.6666666666666666,0.734375,0.625,0.5625,0.8214285714285714,Male,4,Republican
Placebo control (bird feeding),0.9166666666666666,0.75,0.875,0.65625,0.6071428571428571,Female,5,Republican
Reframing Bravery,1.0,1.0,1.0,1.0,1.0,Male,2,Democrat
Placebo control (bird feeding),1.0,1.0,1.0,1.0,0.8928571428571429,Male,3,Republican
Placebo control (bird feeding),1.0,0.796875,0.8125,0.71875,0.6428571428571429,Female,5,Democrat
Reframing Bravery,1.0,0.875,0.8125,0.53125,0.8035714285714286,Female,5,Republican
Reframing Bravery,0.9166666666666666,0.828125,1.0,0.78125,0.9107142857142856,Female,5,Republican
Placebo control (bird feeding),0.8333333333333334,0.9375,1.0,0.5,0.3928571428571428,Male,5,Democrat
Placebo control (bird feeding),0.9166666666666666,0.46875,0.5625,0.34375,0.5714285714285714,Male,5,Republican
Protect Others - Linear Cooperation,1.0,0.8478201959764134,1.0,0.4375,0.8571428571428571,Male,3,Republican
Protect Others - Linear Cooperation,0.5,0.640625,0.5625,0.28125,0.5,Female,4,Republican
Placebo control (bird feeding),0.9166666666666666,0.765625,0.6875,0.46875,0.5178571428571429,Male,3,Democrat
Protect Others - Linear Cooperation,1.0,1.0,1.0,0.75,0.8571428571428571,Male,2,Republican
Baseline Information,0.75,0.6875,0.6875,0.625,0.5714285714285714,Female,5,Republican
Protect Others - Linear Cooperation,0.6666666666666666,0.75,0.75,0.4375,0.625,Male,5,Republican
Reframing Bravery,1.0,0.9375,0.625,1.0,0.8035714285714286,Male,5,Republican
Baseline Information,0.9166666666666666,0.890625,1.0,0.875,0.875,Male,2,Democrat
Placebo control (bird feeding),0.6666666666666666,0.5,0.6875,0.5625,0.5178571428571429,Male,2,Republican
Protect Others - Linear Cooperation,0.8333333333333334,0.875,1.0,0.65625,0.5892857142857143,Female,3,Republican
Placebo control (bird feeding),0.6666666666666666,0.546875,0.75,0.625,0.625,Female,3,Democrat
Protect Others - Linear Cooperation,0.6666666666666666,0.671875,0.75,0.90625,0.7142857142857143,Male,3,Democrat
Baseline Information,1.0,0.828125,0.875,1.0,0.9285714285714286,Male,5,Republican
Reframing Bravery,0.5,0.9375,1.0,0.5,0.1428571428571428,Female,5,Democrat
Protect Others - Linear Cooperation,1.0,0.96875,1.0,0.71875,0.4107142857142857,Male,4,Republican
Reframing Bravery,0.8333333333333334,0.796875,0.75,0.4375,0.6428571428571429,Female,5,Democrat
Placebo control (bird feeding),1.0,0.859375,1.0,0.9375,0.8214285714285714,Female,4,Independent
Reframing Bravery,1.0,0.96875,1.0,0.84375,0.9285714285714286,Female,2,Republican
Placebo control (bird feeding),0.9166666666666666,0.75,0.875,0.96875,0.6428571428571429,Female,5,Republican
Placebo control (bird feeding),,0.515625,0.5,0.375,0.2142857142857142,Female,5,Republican
Placebo control (bird feeding),0.3333333333333333,0.53125,0.375,0.5625,0.7142857142857143,Female,5,Democrat
Baseline Information,,0.6915701959764134,0.5625,0.34375,0.8571428571428571,Female,5,Democrat
Protect Others - Linear Cooperation,0.9166666666666666,0.9375,1.0,0.875,0.9285714285714286,Male,5,Republican
Reframing Bravery,0.9166666666666666,0.65625,0.75,0.21875,0.5714285714285714,Female,5,Republican
Reframing Bravery,0.8333333333333334,0.96875,1.0,0.8125,0.9642857142857144,Male,4,Republican
Reframing Bravery,0.6666666666666666,0.859375,0.9375,0.5,0.6428571428571429,Female,3,Democrat
Baseline Information,0.75,0.609375,0.6875,0.4375,0.5714285714285714,Male,4,Republican
Protect Others - Linear Cooperation,0.9166666666666666,0.78125,0.375,0.40625,0.5714285714285714,Female,4,Republican
Baseline Information,1.0,0.734375,0.5,0.75,1.0,Female,2,Democrat
Baseline Information,0.6666666666666666,0.703125,0.75,0.34375,0.1071428571428571,Male,3,Republican
Protect Others - Linear Cooperation,1.0,0.796875,0.625,0.875,0.8571428571428571,Male,2,Republican
Baseline Information,0.75,0.671875,0.5625,0.375,0.9821428571428572,Male,5,Republican
Reframing Bravery,,0.4375,0.125,0.5625,0.4642857142857143,Female,4,Democrat
Baseline Information,0.9166666666666666,0.890625,1.0,0.71875,1.0,Female,5,Democrat
Placebo control (bird feeding),1.0,0.84375,0.375,0.78125,0.5535714285714286,Male,4,Republican
Baseline Information,1.0,0.96875,0.9375,0.96875,0.9107142857142856,Female,2,Independent
Baseline Information,0.75,0.8125,0.75,0.375,0.25,Female,2,Democrat
Reframing Bravery,1.0,0.890625,0.9375,0.78125,0.8035714285714286,Male,5,Republican
Reframing Bravery,1.0,0.90625,1.0,0.53125,0.8214285714285714,Male,4,Republican
Placebo control (bird feeding),0.75,0.9103201959764134,0.625,0.375,0.7678571428571429,Male,4,Republican
Reframing Bravery,0.75,0.578125,0.75,0.6875,0.8035714285714286,Female,5,Republican
Protect Others - Linear Cooperation,1.0,0.765625,0.9375,0.3125,0.4642857142857143,Female,5,Republican
Reframing Bravery,1.0,0.71875,0.375,0.6875,0.9642857142857144,Female,4,Republican
Reframing Bravery,0.75,0.65625,0.4375,0.125,0.5357142857142857,Female,5,Republican
Protect Others - Linear Cooperation,1.0,0.796875,0.875,0.90625,0.6071428571428571,Male,5,Republican
Baseline Information,1.0,0.78125,0.625,0.5,0.8571428571428571,Female,3,Republican
Placebo control (bird feeding),1.0,0.875,1.0,1.0,1.0,Male,4,Republican
Baseline Information,1.0,0.765625,0.8125,1.0,0.9642857142857144,Male,1,Republican
Baseline Information,0.8333333333333334,0.828125,1.0,0.40625,0.6428571428571429,Female,4,Democrat
Placebo control (bird feeding),1.0,0.765625,0.5,0.625,0.4642857142857143,Female,5,Republican
Reframing Bravery,0.75,0.40625,0.0625,0.34375,0.2142857142857142,Female,3,Republican
Baseline Information,1.0,0.96875,1.0,0.625,0.1785714285714285,Male,4,Republican
Protect Others - Linear Cooperation,0.9166666666666666,0.859375,1.0,0.71875,0.8214285714285714,Male,2,Democrat
Baseline Information,1.0,0.859375,0.9375,0.625,0.9821428571428572,Female,3,Republican
Reframing Bravery,,0.828125,0.75,0.46875,0.2857142857142857,Female,5,Republican
Protect Others - Linear Cooperation,0.5833333333333334,0.765625,0.75,0.5,0.6071428571428571,Female,5,Republican
Protect Others - Linear Cooperation,1.0,0.9375,1.0,0.59375,0.9285714285714286,Male,2,Democrat
Protect Others - Linear Cooperation,1.0,0.765625,0.75,0.8125,0.8928571428571429,Female,5,Republican
Protect Others - Linear Cooperation,0.3333333333333333,0.5625,0.625,0.125,0.0357142857142857,Male,2,Democrat
Protect Others - Linear Cooperation,1.0,0.9375,0.9375,1.0,1.0,Female,4,Republican
Placebo control (bird feeding),0.75,0.375,0.3125,0.34375,0.6428571428571429,Male,4,Independent
Placebo control (bird feeding),1.0,1.0,1.0,0.9375,1.0,Male,4,Republican
Protect Others - Linear Cooperation,0.9166666666666666,0.765625,1.0,0.6875,0.7857142857142857,Female,5,Republican
Reframing Bravery,1.0,0.6875,0.5,0.6875,0.9107142857142856,Female,5,Democrat
Protect Others - Linear Cooperation,,0.734375,0.75,0.125,0.3214285714285714,Female,2,Republican
Placebo control (bird feeding),0.0,0.484375,0.75,0.125,0.4285714285714285,Male,4,Republican
Reframing Bravery,1.0,0.875,1.0,0.5625,0.9464285714285714,Male,5,Republican
Protect Others - Linear Cooperation,1.0,0.984375,1.0,0.875,0.9107142857142856,Female,3,Independent
Placebo control (bird feeding),1.0,0.640625,0.9375,0.5625,0.9642857142857144,Male,4,Republican
Protect Others - Linear Cooperation,1.0,0.875,0.9375,0.8125,0.7678571428571429,Male,2,Republican
Baseline Information,0.9166666666666666,0.875,1.0,0.65625,0.8392857142857143,Female,2,Democrat
Protect Others - Linear Cooperation,1.0,0.765625,1.0,0.46875,0.875,Male,5,Democrat
Baseline Information,1.0,0.6875,0.6875,0.9375,0.9285714285714286,Male,4,Republican
Baseline Information,1.0,0.890625,0.8125,0.46875,1.0,Male,4,Republican
Baseline Information,0.9166666666666666,0.984375,1.0,0.53125,0.7857142857142857,Male,4,Republican
Placebo control (bird feeding),0.8333333333333334,0.71875,1.0,0.6875,0.5535714285714286,Male,4,Democrat
Placebo control (bird feeding),0.75,0.53125,0.4375,0.28125,0.6071428571428571,Female,5,Republican
Placebo control (bird feeding),0.5,0.484375,0.75,0.375,0.5892857142857143,Female,5,Independent
Reframing Bravery,0.8333333333333334,0.53125,0.0,0.46875,0.5357142857142857,Female,3,Republican
Protect Others - Linear Cooperation,,0.4571951959764134,0.375,0.21875,0.3035714285714285,Female,5,Democrat
Placebo control (bird feeding),,0.671875,0.5,0.3125,0.1071428571428571,Female,4,Democrat
Placebo control (bird feeding),0.0,0.203125,0.5,0.09375,0.0178571428571428,Female,5,Republican
Baseline Information,0.8333333333333334,0.78125,0.75,0.59375,0.8928571428571429,Female,5,Democrat
Protect Others - Linear Cooperation,1.0,0.875,0.75,0.34375,0.9285714285714286,Female,5,Independent
Placebo control (bird feeding),0.6666666666666666,0.4375,0.375,0.5,0.75,Male,5,Republican
Placebo control (bird feeding),0.75,0.796875,0.6875,0.625,0.9642857142857144,Female,5,Republican
Protect Others - Linear Cooperation,1.0,0.609375,0.875,0.6875,0.9821428571428572,Female,5,Republican
Reframing Bravery,1.0,0.703125,0.8125,0.75,0.75,Male,1,Independent
Baseline Information,0.6666666666666666,0.921875,0.875,0.5625,0.9821428571428572,Female,2,Democrat
Baseline Information,0.75,0.734375,0.6875,0.71875,0.7678571428571429,Female,5,Republican
Protect Others - Linear Cooperation,0.75,0.6875,0.5,0.34375,0.5357142857142857,Female,5,Republican
Placebo control (bird feeding),0.8333333333333334,0.9375,0.75,0.8125,0.7142857142857143,Female,5,Democrat
Reframing Bravery,0.5833333333333334,0.375,0.125,0.40625,0.4285714285714285,Male,3,Republican
Placebo control (bird feeding),0.0,0.296875,0.375,0.03125,0.25,Male,5,Democrat
Baseline Information,0.8333333333333334,0.6875,0.6875,0.5625,1.0,Male,3,Democrat
Reframing Bravery,0.5833333333333334,0.8125,0.9375,0.4375,0.6071428571428571,Male,3,Republican
Placebo control (bird feeding),1.0,0.203125,0.0,0.375,0.9285714285714286,Female,2,Republican
Reframing Bravery,1.0,0.984375,1.0,0.625,0.9464285714285714,Female,5,Democrat
Placebo control (bird feeding),0.5,0.53125,0.5,0.40625,0.6785714285714286,Female,5,Republican
Reframing Bravery,0.0,0.71875,0.6875,0.46875,0.3928571428571428,Male,4,Republican
Reframing Bravery,0.5,0.515625,0.75,0.4375,0.4642857142857143,Female,4,Democrat
Baseline Information,0.9166666666666666,0.984375,1.0,1.0,0.8214285714285714,Male,4,Democrat
Reframing Bravery,1.0,1.0,1.0,0.9375,1.0,Male,3,Republican
Placebo control (bird feeding),0.6666666666666666,0.859375,0.625,0.4375,0.9642857142857144,Male,5,Republican
Placebo control (bird feeding),0.8333333333333334,0.640625,0.875,0.75,0.9285714285714286,Female,3,Republican
Protect Others - Linear Cooperation,1.0,0.875,1.0,0.75,0.5357142857142857,Male,4,Independent
Placebo control (bird feeding),1.0,0.6875,0.25,0.53125,0.8214285714285714,Male,3,Republican
Protect Others - Linear Cooperation,,0.4375,0.5,0.25,0.3392857142857143,Male,5,Republican
Placebo control (bird feeding),1.0,0.90625,1.0,1.0,0.6785714285714286,Female,2,Democrat
Placebo control (bird feeding),0.75,0.828125,0.9375,0.40625,0.4107142857142857,Female,5,Democrat
Placebo control (bird feeding),,0.828125,0.75,0.46875,0.7142857142857143,Male,4,Republican
Baseline Information,1.0,0.84375,0.625,0.96875,1.0,Female,2,Republican
Reframing Bravery,1.0,0.828125,1.0,0.46875,1.0,Male,5,Republican
Baseline Information,1.0,0.578125,0.75,0.8125,0.5714285714285714,Female,3,Republican
Reframing Bravery,1.0,0.671875,1.0,0.875,0.9285714285714286,Female,3,Republican
Reframing Bravery,1.0,0.90625,1.0,0.4375,0.8392857142857143,Male,4,Republican
Reframing Bravery,1.0,0.90625,1.0,0.875,1.0,Female,2,Democrat
Protect Others - Linear Cooperation,0.25,0.640625,0.25,0.28125,0.2321428571428571,Female,5,Democrat
Placebo control (bird feeding),1.0,0.828125,0.6875,0.5,0.3571428571428571,Male,5,Republican
Protect Others - Linear Cooperation,1.0,0.953125,1.0,0.9375,1.0,Male,4,Independent
Reframing Bravery,1.0,0.96875,1.0,0.9375,0.9821428571428572,Male,4,Democrat
Baseline Information,1.0,1.0,1.0,0.59375,0.9464285714285714,Male,5,Democrat
Placebo control (bird feeding),1.0,0.8125,1.0,0.875,0.9642857142857144,Male,3,Republican
Reframing Bravery,1.0,0.6875,0.6875,0.4375,0.6785714285714286,Female,4,Republican
Protect Others - Linear Cooperation,0.6666666666666666,0.65625,0.875,0.3125,0.5714285714285714,Female,5,Republican
Protect Others - Linear Cooperation,1.0,0.921875,1.0,0.9375,1.0,Female,2,Republican
Protect Others - Linear Cooperation,,0.5509451959764134,0.625,0.3125,0.5357142857142857,Male,5,Republican
Baseline Information,0.75,0.828125,0.8125,0.5625,0.7321428571428571,Male,5,Democrat
Placebo control (bird feeding),1.0,0.859375,0.8125,0.75,0.7142857142857143,Male,5,Independent
Reframing Bravery,1.0,0.859375,0.8125,0.84375,0.9285714285714286,Male,5,Republican
Placebo control (bird feeding),1.0,0.765625,0.875,0.71875,0.7142857142857143,Female,4,Democrat
Protect Others - Linear Cooperation,1.0,0.875,0.875,0.75,0.8035714285714286,Male,5,Independent
Reframing Bravery,,0.78125,1.0,0.34375,0.5357142857142857,Male,5,Republican
Placebo control (bird feeding),0.8333333333333334,0.78125,0.8125,0.59375,0.7857142857142857,Male,4,Republican
Baseline Information,1.0,0.90625,1.0,0.96875,1.0,Male,2,Independent
Protect Others - Linear Cooperation,0.9166666666666666,0.609375,0.8125,0.28125,0.6428571428571429,Male,4,Democrat
Protect Others - Linear Cooperation,1.0,0.9375,0.9375,1.0,0.6428571428571429,Male,3,Republican
Baseline Information,0.3333333333333333,0.3478201959764134,0.375,0.0625,0.0535714285714285,Male,5,Republican
Placebo control (bird feeding),,0.6446951959764134,0.4375,0.15625,0.0535714285714285,Male,3,Republican
Reframing Bravery,1.0,0.9375,1.0,0.96875,0.9821428571428572,Male,4,Republican
Baseline Information,0.0,0.4259451959764134,0.3125,0.0,0.3928571428571428,Male,2,Democrat
Protect Others - Linear Cooperation,,0.609375,0.5,0.28125,0.375,Female,4,Republican
Placebo control (bird feeding),1.0,0.9375,0.9375,1.0,1.0,Male,2,Democrat
Baseline Information,1.0,0.75,1.0,0.90625,0.9642857142857144,Male,2,Republican
Placebo control (bird feeding),0.8333333333333334,0.859375,0.6875,0.28125,0.7678571428571429,Male,5,Republican
Baseline Information,0.8333333333333334,0.578125,0.625,0.375,0.5357142857142857,Male,5,Republican
Reframing Bravery,1.0,0.890625,0.625,0.78125,0.7142857142857143,Female,4,Independent
Placebo control (bird feeding),,0.984375,1.0,0.8125,0.9285714285714286,Female,5,Republican
Placebo control (bird feeding),0.8333333333333334,0.703125,0.5625,0.65625,0.7142857142857143,Male,2,Independent
Placebo control (bird feeding),,0.6290701959764134,0.4375,0.3125,0.4821428571428571,Male,2,Independent
Baseline Information,1.0,0.953125,1.0,0.65625,0.9464285714285714,Female,3,Republican
Reframing Bravery,1.0,0.75,0.875,0.53125,0.9821428571428572,Female,4,Independent
Baseline Information,,0.859375,0.8125,0.96875,1.0,Female,5,Democrat
Baseline Information,1.0,0.984375,0.8125,0.84375,1.0,Female,1,Independent
Reframing Bravery,1.0,1.0,1.0,0.53125,0.7142857142857143,Male,4,Democrat
Reframing Bravery,1.0,0.6875,1.0,0.3125,0.5,Male,3,Republican
Protect Others - Linear Cooperation,1.0,0.796875,0.875,0.84375,0.9285714285714286,Male,3,Republican
Baseline Information,0.8333333333333334,0.703125,0.8125,0.5,0.5178571428571429,Female,4,Republican
Baseline Information,1.0,0.875,0.9375,0.90625,0.6785714285714286,Male,2,Republican
Reframing Bravery,1.0,0.921875,1.0,1.0,0.9821428571428572,Male,3,Republican
Placebo control (bird feeding),,0.3946951959764134,0.625,0.0625,0.2142857142857142,Female,5,Republican
Reframing Bravery,0.9166666666666666,0.5625,0.625,0.40625,0.6428571428571429,Male,3,Republican
Protect Others - Linear Cooperation,0.5,0.46875,0.4375,0.4375,0.5,Female,3,Republican
Baseline Information,0.5,0.4375,0.3125,0.0,0.5357142857142857,Female,5,Republican
Protect Others - Linear Cooperation,1.0,1.0,0.9375,0.78125,0.8928571428571429,Female,5,Republican
Protect Others - Linear Cooperation,,0.8946951959764134,0.6875,0.59375,0.6964285714285714,Female,4,Republican
Placebo control (bird feeding),,0.796875,0.875,0.6875,0.9642857142857144,Male,3,Republican
Protect Others - Linear Cooperation,1.0,0.8125,0.875,0.9375,0.75,Female,4,Republican
Placebo control (bird feeding),0.9166666666666666,0.953125,0.9375,0.84375,0.75,Male,2,Republican
Reframing Bravery,1.0,0.796875,0.8125,0.78125,0.9821428571428572,Male,3,Democrat
Reframing Bravery,1.0,0.90625,1.0,0.96875,1.0,Male,5,Independent
Baseline Information,0.5,0.5,0.5,0.5,0.5,Female,3,Democrat
Baseline Information,1.0,0.9375,0.8125,0.75,0.8035714285714286,Female,5,Republican
Placebo control (bird feeding),0.9166666666666666,0.921875,0.9375,0.375,0.5,Male,4,Republican
Baseline Information,1.0,0.84375,0.9375,0.90625,1.0,Male,2,Republican
Protect Others - Linear Cooperation,0.1666666666666666,0.875,1.0,0.125,0.0714285714285714,Male,5,Republican
Placebo control (bird feeding),0.5,0.6875,0.5,0.34375,0.0,Female,2,Republican
Baseline Information,1.0,0.78125,0.6875,0.71875,0.9285714285714286,Female,5,Democrat
Reframing Bravery,0.9166666666666666,0.578125,0.75,0.625,0.8571428571428571,Female,5,Republican
Placebo control (bird feeding),,0.5353201959764134,0.75,0.3125,0.9107142857142856,Female,5,Democrat
Reframing Bravery,0.8333333333333334,0.84375,0.875,0.65625,0.8928571428571429,Male,5,Democrat
Baseline Information,1.0,0.890625,1.0,0.9375,0.9642857142857144,Female,5,Democrat
Reframing Bravery,1.0,0.640625,0.75,0.71875,0.8571428571428571,Male,4,Republican
Placebo control (bird feeding),,0.515625,0.6875,0.28125,0.3214285714285714,Female,5,Democrat
Baseline Information,1.0,0.59375,0.8125,0.78125,0.8571428571428571,Female,3,Democrat
Protect Others - Linear Cooperation,0.9166666666666666,0.953125,1.0,0.71875,0.8571428571428571,Female,4,Republican
Reframing Bravery,0.9166666666666666,0.796875,0.9375,0.25,0.6785714285714286,Male,3,Democrat
Reframing Bravery,1.0,0.90625,0.75,0.84375,1.0,Female,5,Democrat
Protect Others - Linear Cooperation,1.0,0.96875,1.0,0.96875,0.9285714285714286,Male,5,Republican
Placebo control (bird feeding),0.8333333333333334,0.765625,1.0,0.6875,0.8214285714285714,Male,2,Independent
Reframing Bravery,0.6666666666666666,0.84375,0.9375,0.46875,0.625,Female,5,Democrat
Placebo control (bird feeding),,0.75,0.6875,0.46875,0.4107142857142857,Female,5,Democrat
Protect Others - Linear Cooperation,1.0,0.765625,0.9375,0.59375,0.875,Male,3,Democrat
Baseline Information,0.9166666666666666,0.78125,0.5625,0.875,0.6071428571428571,Male,1,Independent
Protect Others - Linear Cooperation,1.0,0.71875,0.625,0.96875,0.5357142857142857,Female,5,Republican
Placebo control (bird feeding),,0.84375,0.9375,0.21875,0.8035714285714286,Female,4,Democrat
Placebo control (bird feeding),0.1666666666666666,0.78125,0.9375,0.28125,0.5357142857142857,Female,5,Democrat
Baseline Information,1.0,0.90625,0.625,0.5625,0.7857142857142857,Male,5,Republican
Reframing Bravery,1.0,0.953125,0.5625,0.875,0.7678571428571429,Female,3,Independent
Baseline Information,0.8333333333333334,0.5625,0.875,0.90625,0.8571428571428571,Female,5,Independent
Reframing Bravery,0.75,0.71875,0.8125,0.5,0.7321428571428571,Male,2,Democrat
Reframing Bravery,1.0,0.828125,1.0,0.8125,1.0,Female,3,Republican
Placebo control (bird feeding),0.8333333333333334,0.9375,1.0,0.46875,0.8571428571428571,Male,5,Republican
Placebo control (bird feeding),1.0,0.734375,1.0,,0.8571428571428571,Female,4,Democrat
Protect Others - Linear Cooperation,0.6666666666666666,0.53125,0.625,0.53125,0.5178571428571429,Male,5,Republican
Baseline Information,0.75,0.640625,0.4375,0.5625,0.5714285714285714,Female,5,Republican
Placebo control (bird feeding),1.0,0.984375,1.0,0.84375,0.8571428571428571,Female,2,Republican
Placebo control (bird feeding),,0.46875,0.4375,0.5,0.8214285714285714,Male,2,Republican
Reframing Bravery,,0.4415701959764134,0.4375,0.21875,0.0892857142857142,Female,2,Democrat
Placebo control (bird feeding),0.0,0.0625,0.125,0.0,0.0,Male,3,Republican
Protect Others - Linear Cooperation,1.0,1.0,1.0,1.0,0.8928571428571429,Male,3,Democrat
Reframing Bravery,1.0,0.90625,1.0,0.625,0.9285714285714286,Male,2,Republican
Protect Others - Linear Cooperation,0.9166666666666666,0.671875,0.3125,0.59375,0.8571428571428571,Male,4,Democrat
Reframing Bravery,0.6666666666666666,0.796875,1.0,0.78125,0.7678571428571429,Female,5,Democrat
Protect Others - Linear Cooperation,1.0,0.921875,0.8125,0.5625,0.75,Female,4,Republican
Protect Others - Linear Cooperation,1.0,0.953125,1.0,0.625,0.7142857142857143,Male,3,Democrat
Baseline Information,0.6666666666666666,0.703125,0.5,0.40625,0.625,Female,5,Republican
Protect Others - Linear Cooperation,1.0,0.8125,0.75,0.46875,0.875,Male,2,Republican
Reframing Bravery,1.0,0.953125,1.0,0.90625,1.0,Male,3,Republican
Baseline Information,1.0,0.9375,1.0,0.875,0.9107142857142856,Male,2,Republican
Baseline Information,0.9166666666666666,0.921875,0.875,0.84375,0.9285714285714286,Male,3,Republican
Placebo control (bird feeding),1.0,0.78125,0.875,0.625,0.8214285714285714,Female,5,Democrat
Protect Others - Linear Cooperation,0.9166666666666666,0.984375,0.625,0.96875,0.6071428571428571,Male,3,Independent
Reframing Bravery,1.0,0.875,0.75,0.53125,0.6785714285714286,Male,5,Democrat
Baseline Information,1.0,0.796875,0.625,0.78125,1.0,Male,2,Republican
Placebo control (bird feeding),,0.3790701959764134,0.0625,0.0,0.4285714285714285,Male,4,Republican
Baseline Information,1.0,0.859375,1.0,0.8125,0.9821428571428572,Female,3,Democrat
Placebo control (bird feeding),0.9166666666666666,0.890625,0.5625,0.4375,0.6785714285714286,Male,4,Democrat
Protect Others - Linear Cooperation,1.0,0.890625,1.0,0.78125,0.9821428571428572,Male,5,Independent
Baseline Information,0.9166666666666666,0.890625,0.875,0.90625,0.7321428571428571,Female,4,Democrat
Placebo control (bird feeding),0.75,0.5625,0.5625,0.625,0.9642857142857144,Male,4,Republican
Protect Others - Linear Cooperation,0.8333333333333334,0.828125,0.8125,0.65625,0.8214285714285714,Female,4,Democrat
Placebo control (bird feeding),1.0,0.859375,1.0,0.875,0.75,Female,5,Republican
Baseline Information,0.8333333333333334,0.84375,0.75,0.25,0.6071428571428571,Male,5,Republican
Reframing Bravery,1.0,0.921875,0.6875,0.4375,1.0,Male,5,Republican
Baseline Information,1.0,0.875,0.75,0.84375,0.75,Male,4,Republican
Placebo control (bird feeding),,0.59375,1.0,0.46875,0.5,Male,2,Republican
Reframing Bravery,1.0,0.828125,0.375,0.875,1.0,Female,5,Republican
Placebo control (bird feeding),1.0,1.0,0.875,1.0,0.9821428571428572,Male,2,Independent
Reframing Bravery,,0.5,0.6875,0.375,0.5178571428571429,Female,1,Independent
Reframing Bravery,1.0,0.90625,0.875,0.6875,0.875,Male,5,Republican
Reframing Bravery,1.0,0.84375,1.0,0.875,0.9821428571428572,Male,2,Democrat
Protect Others - Linear Cooperation,0.0,0.5,0.5,0.0,0.0,Female,2,Democrat
Baseline Information,1.0,1.0,1.0,0.8125,1.0,Male,3,Independent
Reframing Bravery,0.0,0.375,0.5,0.15625,0.3928571428571428,Female,3,Republican
Placebo control (bird feeding),1.0,0.65625,0.8125,0.84375,0.6785714285714286,Male,4,Independent
Reframing Bravery,1.0,0.828125,0.875,0.90625,0.75,Female,5,Republican
Protect Others - Linear Cooperation,0.9166666666666666,0.921875,1.0,0.90625,0.9821428571428572,Female,4,Republican
Placebo control (bird feeding),0.9166666666666666,0.8125,0.8125,0.28125,0.6964285714285714,Male,5,Republican
Protect Others - Linear Cooperation,1.0,0.65625,0.6875,0.9375,0.6785714285714286,Female,2,Independent
Protect Others - Linear Cooperation,0.4166666666666667,0.828125,1.0,0.125,0.5178571428571429,Female,4,Democrat
Protect Others - Linear Cooperation,1.0,0.921875,1.0,1.0,1.0,Female,5,Democrat
Placebo control (bird feeding),0.8333333333333334,0.734375,0.875,0.65625,1.0,Female,4,Democrat
Baseline Information,1.0,0.953125,1.0,0.78125,0.9642857142857144,Male,5,Republican
Reframing Bravery,0.9166666666666666,0.734375,0.625,0.8125,0.5892857142857143,Male,2,Republican
Protect Others - Linear Cooperation,0.8333333333333334,0.78125,0.4375,0.28125,0.5,Male,5,Democrat
Baseline Information,1.0,0.96875,0.8125,0.8125,1.0,Male,5,Democrat
Reframing Bravery,0.5833333333333334,0.3125,0.3125,0.1875,0.4642857142857143,Male,5,Republican
Baseline Information,,0.5625,0.5625,0.15625,0.125,Female,5,Republican
Protect Others - Linear Cooperation,1.0,0.96875,0.8125,1.0,0.9285714285714286,Male,5,Republican
Baseline Information,0.9166666666666666,0.78125,0.875,0.59375,0.6428571428571429,Female,2,Republican
Reframing Bravery,1.0,1.0,1.0,0.71875,0.9464285714285714,Male,5,Independent
Placebo control (bird feeding),1.0,0.921875,1.0,0.3125,1.0,Male,4,Independent
Baseline Information,1.0,1.0,0.9375,0.90625,0.9464285714285714,Male,5,Republican
Reframing Bravery,0.5,0.5625,0.875,0.28125,0.5,Male,5,Republican
Protect Others - Linear Cooperation,1.0,1.0,1.0,0.96875,1.0,Male,5,Democrat
Placebo control (bird feeding),0.75,0.65625,0.75,0.71875,0.6607142857142857,Male,4,Democrat
Reframing Bravery,1.0,0.796875,0.75,0.78125,1.0,Male,3,Republican
Protect Others - Linear Cooperation,1.0,0.484375,0.625,0.40625,0.5535714285714286,Female,5,Republican
Baseline Information,0.9166666666666666,0.640625,0.5,0.71875,0.6071428571428571,Male,2,Democrat
Placebo control (bird feeding),0.5,0.5,0.5,0.6875,0.5,Female,2,Democrat
Placebo control (bird feeding),1.0,0.71875,0.6875,0.8125,0.9285714285714286,Male,4,Independent
Placebo control (bird feeding),,0.828125,1.0,0.28125,0.5357142857142857,Male,5,Republican
Protect Others - Linear Cooperation,0.6666666666666666,0.75,0.875,0.375,0.2142857142857142,Female,4,Democrat
Placebo control (bird feeding),1.0,0.765625,0.8125,0.90625,1.0,Male,5,Republican
Placebo control (bird feeding),,0.828125,0.75,0.84375,1.0,Male,3,Democrat
Reframing Bravery,,0.671875,0.5625,0.875,0.5,Male,5,Democrat
Protect Others - Linear Cooperation,0.6666666666666666,0.625,0.9375,0.40625,0.5714285714285714,Female,5,Republican
Protect Others - Linear Cooperation,0.8333333333333334,0.875,0.8125,0.4375,1.0,Female,2,Republican
Protect Others - Linear Cooperation,1.0,0.703125,0.875,0.90625,0.4642857142857143,Male,5,Republican
Reframing Bravery,1.0,0.78125,0.75,0.875,0.9285714285714286,Male,5,Republican
Protect Others - Linear Cooperation,1.0,0.96875,1.0,0.8125,0.9821428571428572,Female,5,Republican
Protect Others - Linear Cooperation,1.0,0.9375,1.0,0.6875,0.8392857142857143,Male,4,Republican
Protect Others - Linear Cooperation,0.9166666666666666,0.859375,1.0,0.53125,0.8571428571428571,Male,4,Independent
Baseline Information,0.0,0.265625,0.75,0.1875,0.1607142857142857,Female,4,Republican
Placebo control (bird feeding),0.0,0.28125,0.625,0.03125,0.0,Female,5,Republican
Placebo control (bird feeding),1.0,0.953125,1.0,0.9375,0.8928571428571429,Male,5,Republican
Baseline Information,1.0,0.921875,1.0,0.9375,0.6785714285714286,Male,5,Democrat
Protect Others - Linear Cooperation,0.5833333333333334,0.875,1.0,0.34375,0.4821428571428571,Male,5,Republican
Protect Others - Linear Cooperation,1.0,0.828125,0.625,1.0,0.9642857142857144,Male,5,Republican
Placebo control (bird feeding),1.0,0.9375,0.9375,0.75,0.8214285714285714,Male,3,Democrat
Placebo control (bird feeding),1.0,1.0,1.0,0.875,0.8571428571428571,Male,4,Democrat
Protect Others - Linear Cooperation,,0.5821951959764134,0.3125,0.34375,0.25,Male,4,Republican
Baseline Information,0.9166666666666666,0.625,1.0,0.25,1.0,Female,5,Republican
Reframing Bravery,1.0,0.828125,0.75,0.90625,0.75,Male,2,Democrat
Protect Others - Linear Cooperation,1.0,0.890625,1.0,0.71875,1.0,Female,4,Republican
Baseline Information,,0.390625,0.375,0.09375,0.0,Male,4,Democrat
Reframing Bravery,1.0,0.84375,0.9375,0.875,0.9285714285714286,Male,5,Republican
Baseline Information,1.0,0.9375,1.0,0.625,1.0,Male,2,Republican
Placebo control (bird feeding),1.0,0.984375,1.0,0.75,0.8928571428571429,Male,5,Republican
Baseline Information,0.9166666666666666,0.6915701959764134,0.6875,0.875,0.4821428571428571,Female,4,Republican
Reframing Bravery,1.0,0.75,0.75,0.65625,0.6428571428571429,Male,3,Republican
Placebo control (bird feeding),1.0,0.921875,0.9375,0.96875,0.7857142857142857,Female,4,Republican
Baseline Information,1.0,1.0,1.0,1.0,0.8928571428571429,Male,5,Republican
Protect Others - Linear Cooperation,1.0,0.9375,1.0,0.65625,0.9821428571428572,Male,5,Republican
Protect Others - Linear Cooperation,0.9166666666666666,0.9031206470891776,,0.90625,0.8035714285714286,Male,5,Democrat
Placebo control (bird feeding),1.0,0.9375,1.0,0.96875,0.9821428571428572,Male,4,Democrat
Placebo control (bird feeding),0.75,0.75,0.625,0.78125,0.6785714285714286,Female,5,Independent
Reframing Bravery,1.0,0.859375,1.0,0.65625,0.8214285714285714,Female,5,Republican
Protect Others - Linear Cooperation,0.75,0.8416261134938964,0.625,0.595651904997526,0.8571428571428571,Female,2,Republican
Reframing Bravery,0.9166666666666666,0.9375,0.875,0.65625,0.9642857142857144,Female,1,Republican
Baseline Information,1.0,0.875,0.9375,0.5625,0.5714285714285714,Female,4,Democrat
Placebo control (bird feeding),0.5,0.953125,1.0,0.34375,0.25,Male,2,Democrat
Reframing Bravery,,0.765625,0.75,0.625,0.6785714285714286,Male,4,Democrat
Baseline Information,1.0,0.90625,1.0,1.0,0.9821428571428572,Male,3,Republican
Baseline Information,,0.421875,0.3125,0.25,0.2321428571428571,Male,3,Republican
Protect Others - Linear Cooperation,0.0,0.5625,0.75,0.0,0.1785714285714285,Male,5,Republican
Protect Others - Linear Cooperation,0.6666666666666666,0.84375,1.0,0.15625,0.5892857142857143,Male,3,Republican
Placebo control (bird feeding),0.9166666666666666,0.734375,0.4375,0.96875,0.8928571428571429,Male,5,Republican
Placebo control (bird feeding),1.0,1.0,1.0,0.8125,0.875,Male,5,Republican
Placebo control (bird feeding),0.5,0.8009451959764134,1.0,0.46875,0.7857142857142857,Female,3,Democrat
Reframing Bravery,1.0,0.625,0.5625,0.78125,0.8214285714285714,Male,5,Republican
Protect Others - Linear Cooperation,,0.890625,0.9375,0.5625,0.8571428571428571,Male,5,Democrat
Reframing Bravery,0.3333333333333333,0.3125,0.0,0.0,0.3571428571428571,Male,3,Democrat
Baseline Information,0.0,0.359375,0.5625,0.0,0.7142857142857143,Male,5,Republican
Reframing Bravery,0.9166666666666666,0.8125,0.75,0.8125,0.7857142857142857,Male,4,Democrat
Placebo control (bird feeding),0.9166666666666666,0.859375,0.8125,0.5,0.9642857142857144,Male,5,Independent
Baseline Information,0.0,0.40625,0.625,0.125,0.4464285714285714,Female,4,Democrat
Protect Others - Linear Cooperation,0.8333333333333334,0.8125,0.9375,0.71875,0.9821428571428572,Male,5,Democrat
Placebo control (bird feeding),0.9166666666666666,0.921875,1.0,0.75,0.9285714285714286,Male,2,Democrat
Placebo control (bird feeding),0.75,0.765625,0.9375,0.90625,0.7857142857142857,Male,2,Republican
Reframing Bravery,,0.8125,0.8125,0.65625,0.8392857142857143,Male,5,Independent
Reframing Bravery,1.0,0.875,0.9375,0.84375,0.8214285714285714,Male,5,Republican
Reframing Bravery,,0.71875,0.375,0.625,0.7142857142857143,Female,5,Republican
Protect Others - Linear Cooperation,,0.609375,0.75,0.65625,0.9285714285714286,Male,3,Republican
Reframing Bravery,1.0,0.9375,1.0,0.96875,0.9285714285714286,Male,5,Democrat
Protect Others - Linear Cooperation,0.75,0.578125,0.5625,0.40625,0.5714285714285714,Male,1,Independent
Protect Others - Linear Cooperation,,0.875,0.8125,0.5625,0.7321428571428571,Female,3,Republican
Placebo control (bird feeding),0.9166666666666666,0.6875,0.3125,0.71875,0.6607142857142857,Female,4,Democrat
Placebo control (bird feeding),1.0,1.0,1.0,0.5,0.9464285714285714,Male,3,Democrat
Reframing Bravery,1.0,0.96875,1.0,0.75,0.9285714285714286,Male,5,Republican
Placebo control (bird feeding),0.9166666666666666,0.9375,0.875,0.59375,0.7857142857142857,Male,5,Democrat
Protect Others - Linear Cooperation,0.5,0.65625,0.25,0.125,0.4107142857142857,Female,5,Democrat
Protect Others - Linear Cooperation,,0.5353201959764134,0.5,0.53125,0.5892857142857143,Male,2,Republican
Reframing Bravery,0.8333333333333334,0.71875,0.75,0.15625,0.5,Female,2,Democrat
Protect Others - Linear Cooperation,1.0,0.96875,0.8125,0.90625,0.8571428571428571,Female,4,Republican
Placebo control (bird feeding),1.0,0.90625,0.875,0.75,0.8214285714285714,Male,5,Republican
Protect Others - Linear Cooperation,1.0,0.890625,0.8125,0.875,0.8392857142857143,Male,5,Independent
Baseline Information,1.0,0.875,0.8125,0.90625,0.75,Male,4,Republican
Baseline Information,1.0,0.625,0.625,0.875,,Male,3,Republican
Reframing Bravery,0.0,0.25,0.5,0.21875,0.375,Male,4,Republican
Protect Others - Linear Cooperation,0.9166666666666666,0.9375,1.0,0.84375,0.9642857142857144,Male,5,Republican
Baseline Information,0.3333333333333333,0.765625,1.0,0.625,0.5714285714285714,Male,4,Republican
Placebo control (bird feeding),1.0,0.765625,0.8125,1.0,0.6607142857142857,Male,2,Democrat
Reframing Bravery,0.4166666666666667,0.703125,0.75,0.5,0.3571428571428571,Male,5,Republican
Baseline Information,1.0,0.875,0.875,0.75,0.8571428571428571,Female,1,Democrat
Placebo control (bird feeding),0.5,0.703125,1.0,0.0625,0.4285714285714285,Male,4,Republican
Reframing Bravery,0.5,0.4415701959764134,0.125,0.21875,0.0714285714285714,Male,3,Republican
Reframing Bravery,0.75,0.53125,0.625,0.5,0.4464285714285714,Male,4,Independent
Reframing Bravery,0.9166666666666666,0.625,0.875,0.1875,0.6785714285714286,Male,2,Republican
Protect Others - Linear Cooperation,0.5,0.65625,0.75,0.1875,0.7142857142857143,Male,5,Republican
Protect Others - Linear Cooperation,1.0,0.984375,1.0,0.8125,0.8214285714285714,Female,3,Republican
Reframing Bravery,1.0,0.890625,1.0,0.9375,0.9464285714285714,Male,4,Republican
Placebo control (bird feeding),0.9166666666666666,0.8125,0.8125,0.40625,0.8392857142857143,Female,5,Democrat
Placebo control (bird feeding),0.1666666666666666,0.421875,0.3125,0.09375,0.0,Female,5,Republican
Reframing Bravery,0.8333333333333334,0.75,0.625,0.6875,0.6964285714285714,Male,4,Democrat
Placebo control (bird feeding),0.9166666666666666,0.796875,0.5625,0.8125,0.9285714285714286,Male,5,Republican
Protect Others - Linear Cooperation,1.0,0.9375,0.8125,0.4375,1.0,Female,3,Democrat
Reframing Bravery,0.5,0.578125,0.5625,0.28125,0.4642857142857143,Male,5,Republican
Reframing Bravery,,0.2540701959764134,0.1875,0.09375,0.2678571428571428,Female,5,Democrat
Protect Others - Linear Cooperation,0.8333333333333334,0.671875,0.5625,0.625,0.4285714285714285,Female,5,Republican
Baseline Information,1.0,0.625,0.625,0.5625,0.6785714285714286,Female,5,Republican
Placebo control (bird feeding),0.0,0.125,0.0,0.0,0.2857142857142857,Female,4,Democrat
Baseline Information,0.8333333333333334,0.84375,1.0,0.78125,0.9642857142857144,Female,1,Republican
Baseline Information,1.0,0.96875,1.0,1.0,0.375,Female,3,Republican
Placebo control (bird feeding),0.8333333333333334,0.78125,0.9375,0.40625,0.9285714285714286,Male,1,Independent
Placebo control (bird feeding),0.9166666666666666,0.78125,0.625,0.34375,0.7678571428571429,Male,4,Democrat
Protect Others - Linear Cooperation,1.0,0.84375,0.75,0.84375,0.8035714285714286,Female,2,Republican
Reframing Bravery,1.0,0.84375,0.8125,0.53125,0.7321428571428571,Female,4,Democrat
Baseline Information,1.0,0.890625,1.0,0.78125,0.9285714285714286,Male,2,Democrat
Baseline Information,1.0,0.96875,1.0,0.375,0.9285714285714286,Male,2,Democrat
Reframing Bravery,,0.640625,0.8125,0.4375,0.7142857142857143,Male,4,Republican
Protect Others - Linear Cooperation,1.0,0.921875,1.0,0.9375,0.3392857142857143,Male,3,Republican
Baseline Information,,0.8478201959764134,0.9375,0.78125,0.8214285714285714,Female,4,Republican
Protect Others - Linear Cooperation,0.6666666666666666,0.578125,0.5,0.0625,0.0714285714285714,Female,2,Republican
Placebo control (bird feeding),,0.625,0.5,0.15625,0.5714285714285714,Male,4,Republican
Protect Others - Linear Cooperation,1.0,0.84375,0.9375,0.78125,0.75,Female,2,Democrat
Baseline Information,1.0,0.78125,0.8125,0.5625,0.9821428571428572,Male,5,Republican
Baseline Information,,0.1875,0.0,0.0,0.0714285714285714,Female,3,Republican
Baseline Information,0.9166666666666666,0.890625,0.9375,0.75,0.8214285714285714,Female,2,Democrat
Placebo control (bird feeding),0.5833333333333334,0.453125,0.25,0.34375,0.3214285714285714,Male,4,Republican
Reframing Bravery,,0.40625,0.25,0.09375,0.1428571428571428,Female,3,Republican
Reframing Bravery,0.9166666666666666,0.796875,0.75,0.375,0.625,Male,5,Republican
Reframing Bravery,1.0,0.8125,0.75,0.90625,0.7142857142857143,Male,5,Republican
Baseline Information,0.9166666666666666,0.84375,0.8125,0.84375,0.8392857142857143,Female,1,Republican
Baseline Information,0.8333333333333334,0.71875,0.8125,0.375,0.3392857142857143,Male,3,Democrat
Placebo control (bird feeding),0.9166666666666666,0.4375,0.5,0.125,0.6785714285714286,Male,4,Republican
Reframing Bravery,1.0,0.859375,0.8125,0.46875,0.6785714285714286,Male,2,Democrat
Baseline Information,1.0,1.0,1.0,1.0,1.0,Male,4,Republican
Placebo control (bird feeding),0.0,0.46875,0.25,0.28125,0.2142857142857142,Male,3,Republican
Protect Others - Linear Cooperation,0.0,0.7853201959764134,0.9375,0.3125,0.6428571428571429,Male,5,Independent
Placebo control (bird feeding),1.0,0.859375,0.75,0.71875,0.9821428571428572,Male,2,Independent
Baseline Information,1.0,0.984375,1.0,0.8125,0.7857142857142857,Male,3,Republican
Reframing Bravery,0.75,0.828125,0.75,0.84375,0.6785714285714286,Female,2,Republican
Placebo control (bird feeding),0.5,0.515625,0.5,0.5,0.5,Female,3,Republican
Baseline Information,,0.625,0.5625,0.4375,0.5,Male,4,Republican
Reframing Bravery,1.0,0.9375,0.8125,0.65625,0.7678571428571429,Male,5,Independent
Protect Others - Linear Cooperation,1.0,0.875,0.9375,0.78125,0.9821428571428572,Male,5,Republican
Reframing Bravery,1.0,0.921875,0.875,0.4375,0.9821428571428572,Female,4,Republican
Reframing Bravery,0.9166666666666666,0.71875,0.625,0.84375,0.9285714285714286,Female,2,Republican
Baseline Information,1.0,0.96875,1.0,0.5,1.0,Male,3,Republican
Placebo control (bird feeding),0.1666666666666666,0.125,0.0,0.0625,0.0714285714285714,Male,4,Republican
Baseline Information,1.0,0.9375,1.0,0.625,1.0,Male,5,Republican
Protect Others - Linear Cooperation,,0.546875,0.25,0.25,0.375,Male,3,Democrat
Reframing Bravery,,0.6290701959764134,0.4375,0.25,0.2321428571428571,Male,4,Republican
Protect Others - Linear Cooperation,1.0,0.96875,1.0,0.84375,1.0,Male,4,Democrat
Protect Others - Linear Cooperation,1.0,0.796875,0.8125,0.375,0.8571428571428571,Male,4,Republican
Placebo control (bird feeding),0.0,0.328125,0.3125,0.15625,0.0892857142857142,Female,5,Republican
Reframing Bravery,1.0,0.671875,0.8125,0.46875,0.9285714285714286,Male,5,Democrat
Baseline Information,,0.53125,0.5625,0.1875,0.5714285714285714,Female,3,Democrat
Baseline Information,,0.6875,1.0,0.71875,0.6607142857142857,Female,3,Democrat
Protect Others - Linear Cooperation,0.75,0.765625,0.5625,0.375,0.0357142857142857,Male,5,Republican
Reframing Bravery,1.0,0.75,0.8125,1.0,1.0,Female,2,Republican
Placebo control (bird feeding),1.0,0.859375,1.0,0.78125,0.7857142857142857,Male,4,Democrat
Protect Others - Linear Cooperation,1.0,0.828125,1.0,0.9375,1.0,Male,5,Independent
Placebo control (bird feeding),1.0,1.0,1.0,0.84375,0.9285714285714286,Female,4,Independent
Baseline Information,0.9166666666666666,0.953125,0.9375,0.71875,0.75,Male,4,Independent
Protect Others - Linear Cooperation,1.0,0.828125,0.75,0.6875,0.6785714285714286,Female,5,Republican
Baseline Information,0.75,0.6875,0.5,0.5,0.5535714285714286,Female,5,Republican
Reframing Bravery,0.0,0.375,0.5,0.25,0.3214285714285714,Female,2,Democrat
Reframing Bravery,0.9166666666666666,0.828125,1.0,0.8125,0.7678571428571429,Male,4,Independent
Protect Others - Linear Cooperation,,0.484375,0.5,0.5,0.4642857142857143,Female,4,Republican
Baseline Information,0.9166666666666666,0.71875,0.8125,0.40625,0.3928571428571428,Male,5,Republican
Placebo control (bird feeding),0.9166666666666666,0.84375,1.0,0.71875,0.9642857142857144,Female,4,Republican
Baseline Information,0.9166666666666666,0.640625,0.8125,0.75,0.75,Female,4,Republican
Baseline Information,0.6666666666666666,0.84375,0.625,0.15625,0.4821428571428571,Male,5,Republican
Protect Others - Linear Cooperation,0.3333333333333333,0.40625,0.25,0.125,0.0,Male,5,Republican
Placebo control (bird feeding),0.5833333333333334,0.46875,0.375,0.53125,0.7142857142857143,Female,4,Republican
Placebo control (bird feeding),0.5,0.375,0.25,0.125,0.0714285714285714,Female,5,Republican
Baseline Information,1.0,0.875,0.8125,0.9375,0.8214285714285714,Female,4,Democrat
Protect Others - Linear Cooperation,1.0,0.9375,1.0,0.78125,0.9464285714285714,Male,5,Republican
Protect Others - Linear Cooperation,0.8333333333333334,0.84375,0.6875,0.65625,0.7857142857142857,Male,3,Democrat
Placebo control (bird feeding),0.4166666666666667,0.390625,0.375,0.0625,0.4107142857142857,Male,3,Republican
Protect Others - Linear Cooperation,1.0,1.0,1.0,0.65625,1.0,Male,5,Republican
Baseline Information,0.75,0.515625,0.625,0.5625,0.5,Female,3,Democrat
Placebo control (bird feeding),0.8333333333333334,0.7228201959764134,1.0,0.125,0.375,Male,3,Republican
Placebo control (bird feeding),0.9166666666666666,0.875,0.9375,0.53125,0.7678571428571429,Female,4,Republican
Protect Others - Linear Cooperation,0.8333333333333334,0.8125,0.75,0.78125,0.7142857142857143,Male,2,Republican
Reframing Bravery,0.6666666666666666,0.6875,0.75,0.5,0.3392857142857143,Male,3,Democrat
Placebo control (bird feeding),0.6666666666666666,0.609375,0.5,0.1875,0.5892857142857143,Female,4,Republican
Protect Others - Linear Cooperation,0.9166666666666666,0.6446951959764134,0.6875,0.6875,0.8928571428571429,Female,1,Democrat
Reframing Bravery,0.6666666666666666,0.796875,0.875,0.46875,0.5535714285714286,Male,3,Democrat
Reframing Bravery,1.0,0.890625,1.0,0.71875,0.9642857142857144,Male,2,Republican
Placebo control (bird feeding),0.9166666666666666,0.828125,1.0,0.78125,0.8571428571428571,Female,4,Democrat
Placebo control (bird feeding),0.8333333333333334,0.7546002930977542,0.8125,0.71875,0.375,Male,2,Democrat
Baseline Information,,0.6603201959764134,0.6875,0.59375,0.3214285714285714,Male,3,Democrat
Protect Others - Linear Cooperation,0.9166666666666666,0.8125,0.9375,0.625,0.9107142857142856,Male,5,Republican
Reframing Bravery,1.0,0.96875,1.0,0.875,0.625,Male,5,Republican
Protect Others - Linear Cooperation,0.9166666666666666,0.875,1.0,0.5,0.9285714285714286,Female,3,Independent
Placebo control (bird feeding),0.9166666666666666,0.6875,0.6875,0.65625,0.75,Female,4,Republican
Baseline Information,,0.6915701959764134,0.8125,0.34375,0.4464285714285714,Male,4,Republican
Reframing Bravery,1.0,0.703125,0.875,0.625,0.8392857142857143,Male,4,Independent
Reframing Bravery,1.0,0.90625,0.9375,0.71875,0.7857142857142857,Female,2,Republican
Baseline Information,1.0,0.9375,1.0,0.71875,0.9285714285714286,Male,5,Republican
Baseline Information,1.0,0.640625,0.875,0.25,0.5535714285714286,Female,5,Republican
Baseline Information,0.75,0.8125,0.3125,0.84375,0.7142857142857143,Female,2,Republican
Protect Others - Linear Cooperation,1.0,0.96875,0.9375,0.65625,0.75,Female,4,Democrat
Reframing Bravery,0.75,0.640625,0.25,0.21875,0.5,Male,5,Democrat
Baseline Information,1.0,0.75,0.6875,1.0,0.8571428571428571,Male,3,Independent
Baseline Information,,0.609375,0.9375,0.125,0.0357142857142857,Male,5,Democrat
Protect Others - Linear Cooperation,0.6666666666666666,0.859375,0.9375,0.34375,0.8571428571428571,Male,5,Democrat
Baseline Information,1.0,0.921875,0.6875,0.71875,0.8392857142857143,Male,3,Republican
Placebo control (bird feeding),0.9166666666666666,0.5625,0.5,0.9375,0.4821428571428571,Female,3,Republican
Reframing Bravery,1.0,0.828125,0.875,0.875,1.0,Female,4,Republican
Reframing Bravery,0.8333333333333334,0.9375,0.875,0.3125,0.5,Female,4,Republican
Baseline Information,1.0,0.828125,0.8125,0.34375,0.6071428571428571,Male,4,Republican
Placebo control (bird feeding),1.0,0.59375,1.0,0.4375,0.6428571428571429,Male,5,Republican
Placebo control (bird feeding),1.0,0.8125,0.8125,0.5,0.8571428571428571,Male,5,Republican
Placebo control (bird feeding),1.0,0.84375,1.0,0.5,1.0,Male,5,Republican
Baseline Information,1.0,0.453125,0.875,0.84375,1.0,Female,5,Republican
Reframing Bravery,0.75,0.609375,0.25,0.5625,0.8214285714285714,Female,4,Democrat
Reframing Bravery,0.5,0.5,0.5,0.5,0.5,Male,2,Democrat
Reframing Bravery,1.0,0.84375,1.0,0.875,0.6785714285714286,Female,1,Democrat
Placebo control (bird feeding),1.0,0.921875,0.8125,0.875,1.0,Male,4,Independent
Baseline Information,,0.5040701959764134,0.8125,0.1875,0.3035714285714285,Male,5,Republican
Placebo control (bird feeding),1.0,0.921875,0.875,0.9375,1.0,Female,4,Republican
Protect Others - Linear Cooperation,0.0,0.40625,0.5625,0.0,0.125,Female,2,Republican
Protect Others - Linear Cooperation,,0.7853201959764134,0.375,0.28125,0.4642857142857143,Male,4,Republican
Reframing Bravery,0.6666666666666666,0.578125,0.5625,0.125,0.3571428571428571,Male,5,Democrat
Protect Others - Linear Cooperation,1.0,0.75,0.75,0.53125,0.6785714285714286,Female,4,Republican
Protect Others - Linear Cooperation,1.0,0.921875,1.0,0.8125,0.8928571428571429,Male,5,Democrat
Baseline Information,1.0,1.0,1.0,0.75,0.9642857142857144,Male,5,Republican
Baseline Information,0.9166666666666666,0.828125,0.9375,0.75,0.9821428571428572,Female,2,Democrat
Baseline Information,0.9166666666666666,0.703125,0.9375,0.625,0.8928571428571429,Male,4,Democrat
Protect Others - Linear Cooperation,0.75,0.84375,0.9375,0.65625,0.7857142857142857,Female,4,Republican
Protect Others - Linear Cooperation,0.9166666666666666,0.234375,0.125,0.46875,0.8035714285714286,Female,2,Republican
Reframing Bravery,,0.953125,1.0,0.15625,0.6785714285714286,Male,5,Republican
Protect Others - Linear Cooperation,0.75,0.890625,0.625,0.4375,0.5,Male,3,Republican
Baseline Information,0.0,0.5625,0.4375,0.03125,0.0,Male,2,Democrat
Reframing Bravery,,0.8009451959764134,0.625,0.5,0.8928571428571429,Male,2,Democrat
Placebo control (bird feeding),1.0,0.953125,0.875,0.5,0.3214285714285714,Male,2,Democrat
Baseline Information,1.0,0.796875,1.0,0.71875,0.9285714285714286,Male,5,Democrat
Placebo control (bird feeding),1.0,0.890625,0.6875,0.875,0.6071428571428571,Male,3,Democrat
Reframing Bravery,0.6666666666666666,0.828125,0.8125,0.84375,0.3214285714285714,Female,2,Republican
Reframing Bravery,0.9166666666666666,0.890625,1.0,0.84375,0.8035714285714286,Male,2,Independent
Placebo control (bird feeding),1.0,0.8125,0.75,0.15625,0.9285714285714286,Male,4,Republican
Placebo control (bird feeding),1.0,0.6875,0.8125,0.8125,0.4821428571428571,Male,4,Republican
Baseline Information,1.0,0.96875,1.0,1.0,0.8928571428571429,Male,5,Republican
Reframing Bravery,1.0,0.984375,1.0,0.90625,1.0,Female,5,Republican
Baseline Information,1.0,0.921875,1.0,0.84375,0.8571428571428571,Female,2,Democrat
Placebo control (bird feeding),0.9166666666666666,0.59375,0.5625,0.4375,0.6785714285714286,Female,4,Democrat
Protect Others - Linear Cooperation,0.8333333333333334,0.84375,1.0,0.28125,0.7857142857142857,Male,2,Democrat
Baseline Information,0.9166666666666666,0.578125,0.25,0.625,1.0,Female,5,Democrat
Protect Others - Linear Cooperation,1.0,0.828125,1.0,0.9375,0.7321428571428571,Male,4,Democrat
Baseline Information,,0.84375,1.0,1.0,0.9285714285714286,Female,5,Republican
Protect Others - Linear Cooperation,0.9166666666666666,0.96875,1.0,0.75,0.8928571428571429,Male,2,Republican
Baseline Information,0.75,0.453125,0.6875,0.46875,0.5535714285714286,Male,2,Democrat
Placebo control (bird feeding),0.8333333333333334,0.875,1.0,0.5,0.7857142857142857,Male,4,Democrat
Protect Others - Linear Cooperation,0.6666666666666666,0.3125,0.125,0.71875,0.7321428571428571,Female,5,Democrat
Baseline Information,1.0,0.6875,1.0,0.78125,0.7678571428571429,Female,5,Republican
Placebo control (bird feeding),1.0,0.90625,0.8125,0.65625,1.0,Female,4,Republican
Placebo control (bird feeding),0.5833333333333334,0.59375,0.5625,0.21875,0.6071428571428571,Female,5,Democrat
Reframing Bravery,1.0,0.75,0.75,1.0,0.6428571428571429,Female,4,Republican
Placebo control (bird feeding),1.0,0.28125,0.25,0.28125,0.75,Female,5,Democrat
Protect Others - Linear Cooperation,0.5833333333333334,0.734375,0.5,0.1875,0.6785714285714286,Female,4,Republican
Reframing Bravery,0.5,0.5,0.5,0.6875,0.5,Female,1,Democrat
Protect Others - Linear Cooperation,1.0,0.984375,0.9375,0.96875,0.7857142857142857,Male,3,Republican
Baseline Information,0.0,0.1875,0.4375,0.0,0.0,Female,4,Republican
Placebo control (bird feeding),0.5833333333333334,0.578125,0.5,0.40625,0.2142857142857142,Female,4,Republican
Baseline Information,,0.625,0.4375,0.25,0.5178571428571429,Female,4,Republican
Reframing Bravery,0.75,0.828125,1.0,0.46875,0.9464285714285714,Female,4,Republican
Protect Others - Linear Cooperation,1.0,0.90625,0.9375,0.875,1.0,Female,5,Democrat
Reframing Bravery,0.75,0.796875,1.0,0.5625,0.5,Male,3,Democrat
Placebo control (bird feeding),0.6666666666666666,0.234375,0.0,0.46875,0.6964285714285714,Female,2,Democrat
Baseline Information,1.0,0.6875,0.8125,0.78125,0.6428571428571429,Male,4,Independent
Baseline Information,1.0,0.765625,0.8125,0.4375,0.8214285714285714,Male,4,Democrat
Reframing Bravery,0.6666666666666666,0.625,0.5,0.25,0.4464285714285714,Male,4,Democrat
Baseline Information,0.5,0.5,0.8125,0.1875,0.5357142857142857,Female,3,Democrat
Placebo control (bird feeding),1.0,0.296875,0.125,0.53125,1.0,Male,4,Republican
Placebo control (bird feeding),0.9166666666666666,0.71875,0.5,0.71875,0.8035714285714286,Female,4,Republican
Reframing Bravery,0.8333333333333334,0.703125,0.5,0.8125,0.6607142857142857,Female,1,Republican
Protect Others - Linear Cooperation,,0.5625,0.375,0.1875,0.375,Female,4,Independent
Baseline Information,0.75,0.609375,0.75,0.125,0.5892857142857143,Male,3,Democrat
Protect Others - Linear Cooperation,0.0,0.3125,0.5,0.5,0.0892857142857142,Female,5,Republican
Protect Others - Linear Cooperation,0.8333333333333334,0.84375,1.0,0.125,0.5714285714285714,Female,5,Republican
Baseline Information,1.0,0.703125,0.8125,0.8125,0.6428571428571429,Female,2,Republican
Protect Others - Linear Cooperation,0.8333333333333334,0.78125,0.6875,0.71875,1.0,Female,5,Independent
Protect Others - Linear Cooperation,0.5,0.4375,0.4375,0.5625,0.5,Female,2,Democrat
Placebo control (bird feeding),0.0,0.4375,0.5,0.125,0.0357142857142857,Male,2,Republican
Protect Others - Linear Cooperation,0.9166666666666666,0.78125,0.625,0.9375,0.5,Male,3,Republican
Placebo control (bird feeding),1.0,0.859375,1.0,0.6875,0.8928571428571429,Male,3,Independent
Reframing Bravery,,0.8790701959764134,1.0,0.28125,0.2321428571428571,Male,3,Republican
Protect Others - Linear Cooperation,,0.5625,0.6875,0.21875,0.5714285714285714,Female,5,Democrat
Baseline Information,0.8333333333333334,0.890625,0.75,0.75,1.0,Male,5,Republican
Reframing Bravery,1.0,0.75,1.0,0.875,0.7142857142857143,Male,5,Republican
Baseline Information,0.8333333333333334,0.5625,0.4375,0.71875,0.7321428571428571,Male,2,Democrat
Baseline Information,0.9166666666666666,0.78125,1.0,0.21875,0.75,Male,3,Republican
Reframing Bravery,0.9166666666666666,0.65625,0.6875,0.875,1.0,Female,2,Democrat
Placebo control (bird feeding),0.75,0.40625,0.125,0.53125,0.4821428571428571,Male,3,Republican
Baseline Information,0.75,0.765625,1.0,0.5,0.4285714285714285,Female,4,Republican
Reframing Bravery,0.9166666666666666,0.609375,0.625,0.625,0.6607142857142857,Male,5,Republican
Baseline Information,0.5833333333333334,0.75,0.75,0.1875,0.2142857142857142,Male,5,Democrat
Reframing Bravery,1.0,0.78125,0.6875,0.84375,0.9285714285714286,Female,1,Independent
Baseline Information,1.0,0.84375,0.875,1.0,0.9642857142857144,Male,5,Republican
Reframing Bravery,1.0,1.0,0.875,0.90625,1.0,Male,5,Democrat
Baseline Information,0.9166666666666666,0.6875,0.6875,0.6875,0.6071428571428571,Female,5,Independent
Placebo control (bird feeding),0.9166666666666666,0.765625,0.75,0.15625,0.75,Male,5,Democrat
Reframing Bravery,0.8333333333333334,0.59375,0.6875,0.71875,0.8214285714285714,Female,2,Democrat
Placebo control (bird feeding),1.0,0.90625,1.0,0.78125,0.7857142857142857,Male,4,Democrat
Placebo control (bird feeding),0.8333333333333334,0.828125,0.5,0.78125,1.0,Male,2,Independent
Placebo control (bird feeding),1.0,1.0,1.0,0.9375,0.7678571428571429,Female,5,Democrat
Protect Others - Linear Cooperation,,0.375,0.5,0.1875,0.4107142857142857,Female,4,Republican
Reframing Bravery,1.0,0.9375,1.0,0.9375,0.9285714285714286,Female,5,Republican
Reframing Bravery,0.9166666666666666,0.953125,1.0,0.90625,0.6964285714285714,Female,4,Republican
Baseline Information,1.0,0.875,0.75,0.5,0.6964285714285714,Male,4,Independent
Reframing Bravery,1.0,0.578125,0.375,0.5,0.8571428571428571,Female,3,Democrat
Placebo control (bird feeding),1.0,0.5625,0.5625,0.59375,0.8571428571428571,Female,3,Republican
Protect Others - Linear Cooperation,0.9166666666666666,0.859375,1.0,0.96875,0.8214285714285714,Female,1,Republican
Baseline Information,0.75,0.515625,0.5,0.625,0.5,Female,3,Republican
Baseline Information,1.0,0.84375,0.875,0.9375,0.9107142857142856,Female,4,Republican
Reframing Bravery,1.0,0.625,0.75,0.625,0.4464285714285714,Male,3,Republican
Protect Others - Linear Cooperation,1.0,0.96875,1.0,0.84375,0.9821428571428572,Male,2,Democrat
Reframing Bravery,0.0,0.5,0.875,0.28125,0.2678571428571428,Female,2,Democrat
Baseline Information,,0.6915701959764134,0.5625,0.21875,0.0178571428571428,Female,3,Republican
Placebo control (bird feeding),1.0,0.6875,0.4375,0.6875,0.6785714285714286,Male,3,Democrat
Protect Others - Linear Cooperation,1.0,0.921875,0.4375,0.8125,0.8928571428571429,Male,3,Republican
Protect Others - Linear Cooperation,0.0,0.0,0.0,0.0,0.1071428571428571,Male,3,Republican
Placebo control (bird feeding),1.0,0.984375,0.75,0.53125,0.875,Female,3,Democrat
Baseline Information,1.0,0.875,1.0,0.8125,0.6964285714285714,Male,3,Republican
Baseline Information,1.0,0.625,0.5625,0.9375,0.6785714285714286,Female,1,Democrat
Protect Others - Linear Cooperation,1.0,0.625,0.5,0.53125,0.8571428571428571,Male,3,Republican
Reframing Bravery,,0.40625,0.3125,0.0625,0.5535714285714286,Male,2,Republican
Reframing Bravery,0.8333333333333334,0.9375,1.0,0.6875,0.7321428571428571,Female,1,Independent
Placebo control (bird feeding),0.9166666666666666,0.78125,0.9375,0.65625,0.8035714285714286,Female,3,Independent
Placebo control (bird feeding),1.0,0.78125,0.9375,0.8125,1.0,Male,3,Democrat
Reframing Bravery,,0.5821951959764134,0.375,0.5625,0.5357142857142857,Female,5,Republican
Placebo control (bird feeding),0.8333333333333334,0.65625,0.875,0.6875,0.6428571428571429,Male,2,Republican
Baseline Information,1.0,0.71875,1.0,1.0,1.0,Male,4,Republican
Baseline Information,1.0,0.984375,1.0,1.0,0.7678571428571429,Male,4,Republican
Reframing Bravery,1.0,0.796875,0.8125,0.6561777456647399,1.0,Male,4,Independent
Reframing Bravery,0.6666666666666666,0.71875,0.75,0.25,0.5357142857142857,Female,4,Democrat
Protect Others - Linear Cooperation,1.0,0.9375,0.875,1.0,0.9642857142857144,Male,3,Independent
Placebo control (bird feeding),1.0,0.328125,0.375,0.4375,0.7142857142857143,Female,2,Republican
Placebo control (bird feeding),0.6666666666666666,0.796875,0.5,0.25,0.2142857142857142,Female,3,Republican
Reframing Bravery,1.0,1.0,0.9208381479035984,0.78125,0.9285714285714286,Male,4,Republican
Protect Others - Linear Cooperation,1.0,0.890625,0.875,0.8125,0.8571428571428571,Female,2,Democrat
Baseline Information,1.0,0.703125,0.75,0.84375,0.875,Female,3,Republican
Placebo control (bird feeding),0.8333333333333334,0.84375,0.75,0.6875,0.6607142857142857,Female,3,Republican
Reframing Bravery,0.6666666666666666,0.671875,0.6875,0.375,0.5535714285714286,Female,3,Democrat
Baseline Information,1.0,0.734375,0.0,0.34375,0.8928571428571429,Female,3,Republican
Placebo control (bird feeding),0.9166666666666666,0.796875,0.875,0.625,0.5357142857142857,Female,2,Democrat
Placebo control (bird feeding),,0.6290701959764134,0.875,0.15625,0.25,Male,2,Republican
Protect Others - Linear Cooperation,,0.578125,0.625,0.53125,0.4107142857142857,Male,4,Republican
Baseline Information,1.0,0.859375,0.8125,0.9375,1.0,Male,3,Republican
Protect Others - Linear Cooperation,,0.578125,0.4375,0.0625,0.6964285714285714,Female,5,Democrat
Protect Others - Linear Cooperation,0.8333333333333334,0.28125,0.1875,0.53125,0.7857142857142857,Male,2,Republican
Reframing Bravery,1.0,0.890625,0.875,0.84375,0.9642857142857144,Male,3,Independent
Protect Others - Linear Cooperation,1.0,0.90625,0.9375,1.0,0.9821428571428572,Female,1,Democrat
Placebo control (bird feeding),0.5833333333333334,0.484375,0.25,0.21875,0.3392857142857143,Female,4,Republican
Placebo control (bird feeding),1.0,0.828125,0.5625,0.96875,1.0,Female,2,Democrat
Protect Others - Linear Cooperation,0.9166666666666666,0.265625,0.125,0.46875,0.8214285714285714,Female,2,Republican
Protect Others - Linear Cooperation,0.8333333333333334,0.625,0.625,0.28125,0.6071428571428571,Male,2,Republican
Placebo control (bird feeding),1.0,0.828125,0.8125,0.875,0.9107142857142856,Male,2,Democrat
Reframing Bravery,,0.453125,0.4375,0.34375,0.25,Female,3,Republican
Baseline Information,0.9166666666666666,0.640625,0.25,0.75,0.8571428571428571,Male,1,Independent
Baseline Information,0.6666666666666666,0.7228201959764134,0.5,0.40625,0.5714285714285714,Male,3,Republican
Baseline Information,0.8333333333333334,0.21875,0.0625,0.53125,0.8035714285714286,Female,3,Republican
Placebo control (bird feeding),1.0,0.859375,0.75,0.875,0.5535714285714286,Male,2,Republican
Reframing Bravery,0.8333333333333334,0.96875,1.0,0.75,0.9285714285714286,Female,4,Republican
Placebo control (bird feeding),,0.515625,0.4375,0.46875,0.4821428571428571,Male,2,Republican
Protect Others - Linear Cooperation,,0.796875,1.0,0.3125,0.5,Female,3,Democrat
Baseline Information,1.0,0.796875,0.9375,0.625,1.0,Male,2,Republican
Placebo control (bird feeding),0.75,0.625,0.75,0.84375,0.8035714285714286,Female,2,Democrat
Placebo control (bird feeding),,0.453125,0.4375,0.15625,0.2678571428571428,Female,4,Republican
Protect Others - Linear Cooperation,0.8333333333333334,0.671875,0.8125,0.5,0.5,Female,2,Democrat
Placebo control (bird feeding),,0.875,1.0,0.1875,0.1785714285714285,Male,3,Republican
Protect Others - Linear Cooperation,1.0,0.75,1.0,1.0,1.0,Female,3,Republican
Baseline Information,1.0,0.8125,0.75,0.59375,0.7857142857142857,Male,2,Democrat
Placebo control (bird feeding),0.5833333333333334,0.78125,0.9375,0.40625,0.875,Female,3,Democrat
Placebo control (bird feeding),,0.328125,0.5,0.1875,0.3928571428571428,Male,3,Republican
Protect Others - Linear Cooperation,0.5,0.3125,0.0625,0.3125,0.3214285714285714,Male,3,Republican
Baseline Information,0.0,0.40625,0.25,0.09375,0.2142857142857142,Female,4,Democrat
Reframing Bravery,,0.484375,0.5,0.53125,0.4821428571428571,Male,2,Republican
Placebo control (bird feeding),0.3333333333333333,0.40625,0.25,0.0625,0.1428571428571428,Female,3,Democrat
Baseline Information,0.75,0.890625,0.9375,0.8125,0.8571428571428571,Male,3,Democrat
Protect Others - Linear Cooperation,0.9166666666666666,0.703125,0.9375,0.28125,0.5714285714285714,Female,3,Democrat
Baseline Information,0.6666666666666666,0.6446951959764134,0.5625,0.53125,0.4464285714285714,Female,1,Democrat
Reframing Bravery,1.0,0.84375,0.6875,0.4375,0.8571428571428571,Female,4,Democrat
Reframing Bravery,1.0,0.5,0.4375,0.5,0.8392857142857143,Male,3,Republican
Protect Others - Linear Cooperation,1.0,0.671875,0.6875,0.34375,0.9821428571428572,Female,2,Republican
Placebo control (bird feeding),0.75,0.8125,0.75,0.6875,0.3928571428571428,Male,3,Democrat
Reframing Bravery,,0.5,0.625,0.46875,0.5357142857142857,Female,2,Republican
Baseline Information,0.75,0.640625,0.6875,0.6875,0.8392857142857143,Male,2,Independent
Baseline Information,0.5,0.609375,0.75,0.4375,0.5535714285714286,Male,3,Republican
Placebo control (bird feeding),0.5,0.5,0.5,0.5,0.5,Male,2,Democrat
Reframing Bravery,0.75,0.453125,0.5625,0.46875,0.6785714285714286,Male,2,Republican
Placebo control (bird feeding),,,,,,Female,1,Republican
Protect Others - Linear Cooperation,0.5833333333333334,0.734375,1.0,0.65625,0.6428571428571429,Female,1,Republican
Baseline Information,0.8333333333333334,0.75,0.9375,0.6875,0.6071428571428571,Female,1,Republican
Protect Others - Linear Cooperation,,0.59375,0.1875,0.1875,0.5357142857142857,Male,2,Democrat
Placebo control (bird feeding),0.3333333333333333,0.5196951959764134,0.6875,0.25,0.375,Female,4,Republican
Placebo control (bird feeding),1.0,0.96875,1.0,0.78125,0.8214285714285714,Male,2,Democrat
Placebo control (bird feeding),,0.4103201959764134,0.4375,0.21875,0.5,Female,1,Republican
Reframing Bravery,0.9166666666666666,0.6875,0.625,0.125,0.3571428571428571,Male,3,Republican
Placebo control (bird feeding),0.6666666666666666,0.546875,0.8125,0.5625,0.6071428571428571,Female,3,Democrat
Protect Others - Linear Cooperation,1.0,0.84375,1.0,0.875,1.0,Female,4,Republican
Protect Others - Linear Cooperation,0.6666666666666666,0.609375,0.625,0.4375,0.4821428571428571,Male,2,Democrat
Baseline Information,1.0,0.984375,0.9375,1.0,0.9821428571428572,Male,4,Democrat
Protect Others - Linear Cooperation,0.6666666666666666,0.640625,0.3125,0.40625,0.7678571428571429,Female,4,Republican
Baseline Information,0.75,0.640625,1.0,0.5,0.5,Male,2,Democrat
Baseline Information,1.0,1.0,1.0,1.0,1.0,Female,4,Republican
Protect Others - Linear Cooperation,0.6666666666666666,0.65625,0.9375,0.34375,0.8214285714285714,Female,4,Republican
Reframing Bravery,1.0,0.71875,0.875,0.75,0.6428571428571429,Female,4,Independent
Reframing Bravery,0.8333333333333334,0.671875,0.875,0.9375,1.0,Male,4,Republican
Baseline Information,1.0,0.828125,1.0,0.34375,0.9107142857142856,Male,1,Republican
Protect Others - Linear Cooperation,1.0,0.921875,1.0,0.65625,1.0,Male,4,Independent
Baseline Information,1.0,0.359375,0.1875,0.375,0.8392857142857143,Male,3,Republican
Protect Others - Linear Cooperation,,0.5509451959764134,0.5625,0.4375,0.5,Male,2,Republican
Protect Others - Linear Cooperation,,0.75,0.5,0.15625,0.2142857142857142,Female,4,Republican
Baseline Information,1.0,0.890625,1.0,0.4375,1.0,Male,1,Republican
Reframing Bravery,1.0,0.875,0.8125,1.0,0.9642857142857144,Male,3,Republican
Placebo control (bird feeding),0.9166666666666666,0.28125,0.1875,0.65625,0.8392857142857143,Male,2,Republican
Reframing Bravery,0.6666666666666666,0.515625,0.375,0.375,0.5714285714285714,Female,4,Republican
Placebo control (bird feeding),0.6666666666666666,0.6875,0.6875,0.34375,0.5892857142857143,Male,2,Democrat
Reframing Bravery,,0.796875,0.75,0.46875,0.5892857142857143,Female,2,Independent
Placebo control (bird feeding),0.9166666666666666,0.546875,0.8125,0.8125,0.7857142857142857,Female,3,Republican
Placebo control (bird feeding),0.6666666666666666,0.71875,0.75,0.21875,0.6428571428571429,Female,4,Democrat
Protect Others - Linear Cooperation,1.0,0.921875,0.875,0.8125,0.5,Female,4,Republican
Baseline Information,1.0,1.0,1.0,1.0,1.0,Male,3,Independent
Protect Others - Linear Cooperation,1.0,0.984375,1.0,0.96875,0.9107142857142856,Male,2,Democrat
Baseline Information,0.75,0.921875,0.8125,0.5625,0.2142857142857142,Female,4,Democrat
Reframing Bravery,,0.5,0.375,0.21875,0.7321428571428571,Male,2,Republican
Protect Others - Linear Cooperation,1.0,0.796875,0.6875,0.9375,1.0,Female,2,Republican
Protect Others - Linear Cooperation,0.8333333333333334,0.78125,0.9375,0.78125,0.875,Female,3,Democrat
Baseline Information,0.0,0.5665701959764134,0.625,0.125,0.0535714285714285,Male,4,Democrat
Reframing Bravery,1.0,0.6875,0.5,0.625,0.6964285714285714,Male,2,Democrat
Placebo control (bird feeding),1.0,0.921875,1.0,0.8125,1.0,Male,4,Republican
Baseline Information,1.0,0.9375,1.0,0.5625,0.9285714285714286,Male,4,Democrat
Baseline Information,,0.46875,0.4375,0.03125,0.1607142857142857,Male,3,Democrat
Placebo control (bird feeding),1.0,0.84375,0.375,0.90625,0.7857142857142857,Male,3,Democrat
Placebo control (bird feeding),1.0,0.875,1.0,0.5,1.0,Male,3,Democrat
Placebo control (bird feeding),1.0,0.890625,1.0,0.90625,1.0,Male,2,Republican
Protect Others - Linear Cooperation,,0.5196951959764134,0.5625,0.0,0.375,Female,4,Democrat
Baseline Information,0.9166666666666666,0.484375,0.3125,0.625,0.7321428571428571,Male,3,Democrat
Reframing Bravery,1.0,0.8125,0.875,0.21875,0.5714285714285714,Male,3,Republican
Placebo control (bird feeding),1.0,0.796875,0.625,0.625,0.9642857142857144,Female,4,Republican
Placebo control (bird feeding),0.5,0.484375,0.625,0.125,0.6071428571428571,Female,3,Republican
Baseline Information,1.0,0.71875,0.8125,0.9375,0.8928571428571429,Male,3,Republican
Reframing Bravery,,0.640625,0.75,0.59375,0.6071428571428571,Female,4,Democrat
Protect Others - Linear Cooperation,0.3333333333333333,0.4571951959764134,0.5,0.15625,0.2142857142857142,Female,3,Democrat
Reframing Bravery,0.0,0.1875,0.375,0.0625,0.0,Female,4,Republican
Protect Others - Linear Cooperation,0.75,0.671875,0.6875,0.375,0.7321428571428571,Male,1,Independent
Placebo control (bird feeding),0.9166666666666666,0.890625,0.8125,0.15625,0.8928571428571429,Male,2,Republican
Placebo control (bird feeding),,0.484375,0.875,0.3125,0.3928571428571428,Male,3,Democrat
Protect Others - Linear Cooperation,1.0,0.921875,0.9375,0.875,0.9821428571428572,Male,3,Democrat
Placebo control (bird feeding),0.6666666666666666,0.515625,0.6875,0.5625,0.5714285714285714,Female,1,Republican
Baseline Information,0.6666666666666666,0.671875,0.375,0.59375,0.6785714285714286,Male,2,Democrat
Baseline Information,0.9166666666666666,0.921875,0.9375,0.8125,0.8392857142857143,Female,2,Democrat
Placebo control (bird feeding),0.0,0.875,0.75,0.9375,1.0,Male,3,Republican
Placebo control (bird feeding),1.0,0.1875,0.0,0.5,0.9285714285714286,Male,1,Republican
Reframing Bravery,0.6666666666666666,0.515625,0.5,0.40625,0.5714285714285714,Male,4,Republican
Baseline Information,1.0,0.921875,1.0,0.71875,0.75,Male,4,Republican
Baseline Information,1.0,0.765625,1.0,0.65625,1.0,Male,3,Republican
Placebo control (bird feeding),1.0,0.671875,1.0,0.65625,1.0,Female,3,Independent
Protect Others - Linear Cooperation,0.75,0.890625,1.0,0.75,0.7678571428571429,Male,2,Democrat
Protect Others - Linear Cooperation,1.0,0.609375,0.8125,0.71875,1.0,Male,4,Republican
Placebo control (bird feeding),,0.4415701959764134,0.75,0.25,0.5,Female,3,Republican
Reframing Bravery,1.0,0.984375,0.9375,0.71875,0.9107142857142856,Female,2,Democrat
Protect Others - Linear Cooperation,1.0,0.796875,0.625,0.40625,0.7142857142857143,Female,4,Democrat
Protect Others - Linear Cooperation,1.0,0.90625,1.0,1.0,0.7142857142857143,Male,5,Democrat
Placebo control (bird feeding),0.9166666666666666,0.921875,1.0,0.28125,0.9285714285714286,Male,4,Independent
Protect Others - Linear Cooperation,0.75,0.890625,0.9375,0.28125,0.6785714285714286,Male,2,Republican
Baseline Information,,0.5665701959764134,0.625,0.09375,0.1964285714285714,Male,4,Republican
Reframing Bravery,0.5,0.546875,0.3125,0.125,0.4285714285714285,Female,3,Democrat
Placebo control (bird feeding),0.75,0.59375,0.5,0.21875,0.6964285714285714,Male,3,Republican
Reframing Bravery,1.0,0.765625,0.9375,0.59375,0.8035714285714286,Male,3,Independent
Reframing Bravery,,0.6134451959764134,0.5625,0.03125,0.1964285714285714,Male,3,Republican
Baseline Information,,0.796875,0.625,0.0625,0.5535714285714286,Female,4,Democrat
Placebo control (bird feeding),0.9166666666666666,0.921875,1.0,0.78125,0.75,Male,3,Democrat
Reframing Bravery,1.0,0.859375,0.875,0.96875,0.8928571428571429,Male,3,Democrat
Baseline Information,0.9166666666666666,0.796875,1.0,0.4375,0.9285714285714286,Male,3,Democrat
Placebo control (bird feeding),0.5833333333333334,0.78125,0.8125,0.8125,0.7142857142857143,Female,4,Democrat
Protect Others - Linear Cooperation,0.9166666666666666,0.875,0.8125,0.84375,0.6428571428571429,Female,3,Democrat
Placebo control (bird feeding),0.75,0.765625,0.75,0.4375,0.7321428571428571,Male,3,Democrat
Baseline Information,0.5833333333333334,0.65625,0.0625,0.15625,0.5,Male,2,Democrat
Reframing Bravery,1.0,0.53125,0.5,0.3125,0.5,Male,2,Republican
Protect Others - Linear Cooperation,0.9166666666666666,0.890625,0.9375,0.8125,0.8571428571428571,Male,4,Republican
Placebo control (bird feeding),,0.8321951959764134,0.625,0.6875,0.4464285714285714,Female,3,Republican
Placebo control (bird feeding),1.0,0.859375,1.0,0.5,0.4285714285714285,Male,3,Republican
Baseline Information,1.0,0.1875,0.0,0.5,0.9285714285714286,Female,2,Republican
Placebo control (bird feeding),0.8333333333333334,0.5625,0.625,0.46875,0.8214285714285714,Male,2,Democrat
Placebo control (bird feeding),0.9166666666666666,0.765625,0.75,0.71875,0.625,Male,2,Republican
Baseline Information,0.6666666666666666,0.546875,0.5625,0.40625,0.5178571428571429,Male,3,Republican
Reframing Bravery,0.0,0.15625,0.0,0.5,0.2857142857142857,Female,4,Democrat
Reframing Bravery,1.0,0.765625,0.9375,0.6875,0.5892857142857143,Male,2,Republican
Reframing Bravery,,0.734375,0.5625,0.15625,0.5357142857142857,Male,4,Republican
Protect Others - Linear Cooperation,1.0,0.8125,0.75,0.78125,0.8392857142857143,Male,3,Republican
Placebo control (bird feeding),,0.6759451959764134,0.75,0.5625,0.5714285714285714,Female,1,Republican
Reframing Bravery,1.0,0.9375,1.0,1.0,0.9285714285714286,Male,2,Democrat
Baseline Information,,0.234375,0.375,0.46875,0.0178571428571428,Female,3,Republican
Baseline Information,,0.390625,0.5,0.125,0.0,Female,4,Democrat
Protect Others - Linear Cooperation,1.0,0.75,0.625,0.84375,0.4642857142857143,Male,4,Republican
Reframing Bravery,1.0,0.9375,0.9375,0.9375,0.9285714285714286,Male,2,Republican
Baseline Information,0.5,0.6875,0.9375,0.25,0.4642857142857143,Female,4,Democrat
Protect Others - Linear Cooperation,1.0,0.640625,0.5,0.65625,0.9642857142857144,Female,2,Republican
Reframing Bravery,0.6666666666666666,0.640625,0.75,0.375,0.5178571428571429,Male,3,Democrat
Protect Others - Linear Cooperation,1.0,0.921875,1.0,0.375,,Female,4,Republican
Reframing Bravery,0.8333333333333334,0.453125,0.1875,0.34375,0.6964285714285714,Female,2,Republican
Protect Others - Linear Cooperation,1.0,1.0,1.0,0.875,0.8928571428571429,Male,4,Democrat
Reframing Bravery,0.0,0.59375,0.5,0.0,0.4285714285714285,Female,2,Democrat
Baseline Information,1.0,0.9375,1.0,0.90625,1.0,Male,1,Democrat
Reframing Bravery,1.0,0.5,0.5,0.65625,0.9285714285714286,Male,2,Republican
Baseline Information,1.0,0.3125,0.3125,0.5,0.8928571428571429,Male,2,Republican
Baseline Information,1.0,0.6875,0.75,0.59375,0.8214285714285714,Female,4,Republican
Reframing Bravery,0.8333333333333334,0.265625,0.0625,0.59375,0.8392857142857143,Female,2,Republican
Reframing Bravery,0.8333333333333334,0.6875,0.625,0.8125,0.4285714285714285,Male,2,Democrat
Protect Others - Linear Cooperation,,0.46875,0.4375,0.625,0.5892857142857143,Male,2,Republican
Baseline Information,1.0,0.890625,1.0,0.53125,0.7142857142857143,Male,2,Republican
Reframing Bravery,1.0,0.775833780470138,,0.375,,Female,3,Democrat
Reframing Bravery,0.9166666666666666,0.53125,0.5,0.84375,0.5,Female,2,Republican
Protect Others - Linear Cooperation,0.75,0.71875,0.6875,0.40625,0.7142857142857143,Male,2,Democrat
Reframing Bravery,,0.78125,0.875,0.25,0.4642857142857143,Female,4,Republican
Protect Others - Linear Cooperation,,0.765625,0.875,0.53125,0.4285714285714285,Female,4,Republican
Reframing Bravery,0.9166666666666666,0.828125,0.9375,0.5625,0.9107142857142856,Male,3,Republican
Placebo control (bird feeding),0.6666666666666666,0.671875,0.3125,0.59375,0.6071428571428571,Male,4,Republican
Protect Others - Linear Cooperation,1.0,0.984375,0.875,0.8125,0.5178571428571429,Female,3,Republican
Placebo control (bird feeding),1.0,0.78125,1.0,0.375,1.0,Male,3,Republican
Baseline Information,0.5,0.53125,0.4375,0.6875,0.5357142857142857,Male,3,Republican
Baseline Information,1.0,1.0,1.0,0.6875,1.0,Male,3,Democrat
Placebo control (bird feeding),1.0,0.9375,0.875,0.9375,1.0,Male,2,Republican
Protect Others - Linear Cooperation,0.8333333333333334,0.90625,0.8125,0.5,0.7142857142857143,Male,2,Republican
Reframing Bravery,0.0,0.625,0.8125,0.25,0.125,Male,2,Independent
Placebo control (bird feeding),,0.625,0.9375,0.6875,0.7678571428571429,Female,4,Republican
Protect Others - Linear Cooperation,0.8333333333333334,0.21875,0.0625,0.53125,0.7142857142857143,Female,5,Republican
Protect Others - Linear Cooperation,1.0,0.796875,0.9375,0.75,1.0,Female,4,Republican
Placebo control (bird feeding),0.9166666666666666,0.734375,0.6875,0.6875,0.7142857142857143,Female,2,Republican
Baseline Information,0.75,0.78125,0.75,0.375,0.75,Male,2,Republican
Protect Others - Linear Cooperation,1.0,0.78125,0.4375,0.65625,0.9107142857142856,Male,2,Republican
Placebo control (bird feeding),1.0,0.828125,0.0625,1.0,1.0,Male,2,Republican
Reframing Bravery,,0.734375,0.8125,0.375,0.4821428571428571,Female,3,Democrat
Baseline Information,,0.6875,0.8125,0.1875,0.5714285714285714,Female,4,Republican
Baseline Information,0.9166666666666666,0.84375,1.0,0.53125,0.6071428571428571,Male,2,Republican
Baseline Information,0.8333333333333334,0.78125,0.8125,0.65625,0.9821428571428572,Male,4,Republican
Placebo control (bird feeding),0.8333333333333334,0.875,0.875,0.8125,0.9285714285714286,Male,2,Democrat
Reframing Bravery,0.5833333333333334,0.546875,0.875,0.5,0.5357142857142857,Male,2,Republican
Protect Others - Linear Cooperation,1.0,0.984375,0.8125,0.96875,0.8571428571428571,Male,2,Republican
Protect Others - Linear Cooperation,1.0,0.765625,0.875,0.59375,0.8035714285714286,Male,2,Republican
Reframing Bravery,,0.859375,0.6875,0.59375,0.5714285714285714,Male,1,Democrat
Placebo control (bird feeding),1.0,0.609375,0.6875,0.8125,0.9821428571428572,Male,4,Republican
Reframing Bravery,1.0,0.640625,0.625,0.21875,0.5714285714285714,Female,2,Republican
Reframing Bravery,0.8333333333333334,0.828125,1.0,0.59375,0.6071428571428571,Female,3,Democrat
Baseline Information,0.75,0.71875,0.25,0.4375,0.5357142857142857,Male,2,Republican
Baseline Information,1.0,0.90625,0.9375,0.625,0.875,Female,4,Democrat
Protect Others - Linear Cooperation,0.6666666666666666,0.71875,0.875,0.59375,0.4285714285714285,Male,3,Republican
Baseline Information,0.0,0.265625,0.375,0.0625,0.2142857142857142,Female,3,Democrat
Placebo control (bird feeding),1.0,0.84375,0.75,0.6875,0.1964285714285714,Female,1,Republican
Placebo control (bird feeding),0.6666666666666666,0.78125,0.8125,0.4375,0.625,Male,2,Democrat
Reframing Bravery,0.9166666666666666,0.765625,0.875,0.96875,1.0,Male,4,Republican
Protect Others - Linear Cooperation,0.0,0.578125,0.875,0.0,0.125,Female,4,Democrat
Baseline Information,1.0,0.875,1.0,0.78125,0.8214285714285714,Female,3,Republican
Protect Others - Linear Cooperation,0.9166666666666666,0.390625,0.125,0.84375,0.7142857142857143,Male,3,Democrat
Baseline Information,0.75,0.53125,0.125,0.375,0.5357142857142857,Female,3,Republican
Placebo control (bird feeding),1.0,0.765625,0.6875,0.875,0.9821428571428572,Female,2,Republican
Reframing Bravery,1.0,0.75,0.875,0.8125,0.6428571428571429,Male,2,Republican
Placebo control (bird feeding),0.6666666666666666,0.453125,0.6875,0.3125,0.375,Female,3,Democrat
Baseline Information,,0.8125,0.875,0.0625,0.5714285714285714,Female,4,Democrat
Reframing Bravery,0.5833333333333334,0.828125,0.75,0.4375,0.6428571428571429,Male,3,Republican
Placebo control (bird feeding),1.0,0.9375,1.0,0.9375,0.9285714285714286,Male,2,Democrat
Baseline Information,1.0,0.796875,0.8125,0.90625,0.9285714285714286,Male,1,Republican
Placebo control (bird feeding),1.0,0.28125,0.1875,0.40625,0.9285714285714286,Male,4,Republican
Protect Others - Linear Cooperation,0.6666666666666666,0.765625,0.8125,0.4375,0.6607142857142857,Female,3,Republican
Placebo control (bird feeding),,0.2853201959764134,0.375,0.15625,0.0714285714285714,Female,4,Republican
Reframing Bravery,0.0,0.4375,0.0,0.0,0.0,Female,5,Democrat
Baseline Information,1.0,1.0,1.0,0.8125,0.9642857142857144,Male,3,Republican
Reframing Bravery,1.0,0.78125,1.0,0.96875,0.9642857142857144,Female,1,Republican
Protect Others - Linear Cooperation,0.0,0.4375,0.0,0.125,0.0,Female,4,Republican
Baseline Information,1.0,0.65625,1.0,0.875,0.7857142857142857,Female,1,Democrat
Placebo control (bird feeding),,0.890625,0.625,0.59375,0.4642857142857143,Male,2,Democrat
Baseline Information,,0.515625,0.4375,0.0,0.0,Female,5,Democrat
Protect Others - Linear Cooperation,1.0,0.9375,0.9375,0.71875,1.0,Female,4,Democrat
Reframing Bravery,1.0,0.765625,0.625,0.5625,0.7857142857142857,Male,2,Democrat
Placebo control (bird feeding),0.8333333333333334,0.796875,0.875,0.46875,0.6785714285714286,Male,3,Republican
Placebo control (bird feeding),1.0,0.703125,0.8125,0.53125,0.7142857142857143,Male,2,Democrat
Placebo control (bird feeding),0.6666666666666666,0.40625,0.25,0.25,0.4821428571428571,Female,3,Democrat
Baseline Information,0.0,0.15625,0.25,0.0,0.3928571428571428,Female,4,Democrat
Reframing Bravery,1.0,0.734375,0.9375,0.78125,0.9642857142857144,Male,2,Democrat
Reframing Bravery,0.9166666666666666,0.78125,0.9375,0.375,0.2142857142857142,Female,5,Republican
Protect Others - Linear Cooperation,0.6666666666666666,0.890625,1.0,0.9375,0.9642857142857144,Male,4,Independent
Reframing Bravery,1.0,0.9375,1.0,0.84375,1.0,Male,4,Republican
Reframing Bravery,0.9166666666666666,0.703125,0.9375,0.46875,0.6071428571428571,Female,4,Democrat
Baseline Information,0.5,0.671875,0.8125,0.5625,0.2857142857142857,Male,2,Republican
Baseline Information,1.0,0.890625,0.5625,0.78125,0.8571428571428571,Female,3,Republican
Reframing Bravery,,0.796875,1.0,0.5,0.4285714285714285,Male,3,Democrat
Baseline Information,0.75,0.71875,0.625,0.4375,0.6607142857142857,Male,2,Republican
Reframing Bravery,,0.578125,0.875,0.1875,0.3571428571428571,Female,2,Republican
Protect Others - Linear Cooperation,0.6666666666666666,0.640625,0.75,0.4375,0.5357142857142857,Female,3,Republican
Baseline Information,1.0,0.78125,0.9375,0.8125,0.7678571428571429,Male,3,Republican
Placebo control (bird feeding),,0.5665701959764134,0.4375,0.59375,0.3571428571428571,Male,2,Republican
Placebo control (bird feeding),0.6666666666666666,0.828125,0.75,0.75,0.7321428571428571,Male,2,Independent
Protect Others - Linear Cooperation,0.0,0.59375,0.75,0.0,0.0,Female,4,Democrat
Protect Others - Linear Cooperation,0.8333333333333334,0.890625,1.0,0.46875,0.9821428571428572,Male,2,Democrat
Reframing Bravery,0.0,0.25,0.1875,0.0,0.0,Female,4,Republican
Protect Others - Linear Cooperation,1.0,1.0,1.0,0.78125,0.9285714285714286,Male,3,Republican
Placebo control (bird feeding),0.6666666666666666,0.40625,0.375,0.375,0.6964285714285714,Female,3,Republican
Protect Others - Linear Cooperation,1.0,0.65625,0.5625,0.9375,0.8928571428571429,Male,2,Independent
Placebo control (bird feeding),0.5,0.484375,0.25,0.4375,0.6428571428571429,Male,4,Republican
Placebo control (bird feeding),0.9166666666666666,0.90625,1.0,0.75,0.6964285714285714,Female,2,Democrat
Placebo control (bird feeding),0.0,0.53125,0.625,0.125,0.1785714285714285,Female,4,Republican
Protect Others - Linear Cooperation,1.0,0.84375,1.0,0.96875,0.9821428571428572,Male,4,Democrat
Placebo control (bird feeding),0.75,0.734375,0.4375,0.5625,0.9285714285714286,Female,3,Republican
Protect Others - Linear Cooperation,1.0,0.84375,0.875,0.9375,0.7857142857142857,Male,2,Republican
Reframing Bravery,0.75,0.734375,0.6875,0.40625,0.7857142857142857,Male,2,Independent
Reframing Bravery,0.9166666666666666,0.65625,0.5625,0.5,0.625,Female,3,Republican
Placebo control (bird feeding),,0.578125,0.5625,0.15625,0.6071428571428571,Male,2,Democrat
Baseline Information,0.3333333333333333,0.625,1.0,0.09375,0.1785714285714285,Male,2,Republican
Protect Others - Linear Cooperation,1.0,1.0,1.0,0.625,0.8214285714285714,Male,3,Republican
Placebo control (bird feeding),,0.8478201959764134,0.9375,0.3125,0.0714285714285714,Male,3,Democrat
Baseline Information,0.0,0.40625,0.75,0.0,0.0,Male,2,Democrat
Reframing Bravery,0.75,0.71875,0.75,1.0,1.0,Female,3,Republican
Reframing Bravery,0.4166666666666667,0.6134451959764134,0.375,0.5625,0.7321428571428571,Male,2,Republican
Placebo control (bird feeding),1.0,0.796875,1.0,0.6875,0.5714285714285714,Male,1,Republican
Baseline Information,1.0,0.9375,1.0,0.65625,0.7142857142857143,Male,2,Democrat
Protect Others - Linear Cooperation,,0.640625,0.375,0.84375,0.5178571428571429,Male,2,Independent
Reframing Bravery,0.9166666666666666,0.796875,1.0,0.5,0.6785714285714286,Female,3,Democrat
Reframing Bravery,0.8333333333333334,0.703125,1.0,0.5,0.5892857142857143,Male,2,Democrat
Protect Others - Linear Cooperation,1.0,0.859375,1.0,0.84375,0.8571428571428571,Female,3,Democrat
Baseline Information,0.75,0.609375,1.0,0.03125,0.3571428571428571,Female,3,Republican
Baseline Information,0.8333333333333334,0.765625,0.375,0.28125,0.4285714285714285,Female,3,Republican
Placebo control (bird feeding),0.9166666666666666,0.7702252930977542,0.5,0.46875,0.6428571428571429,Male,2,Democrat
Baseline Information,,0.640625,0.5625,0.0,0.4285714285714285,Female,3,Democrat
Baseline Information,,0.640625,0.75,0.5,0.0535714285714285,Female,1,Republican
Placebo control (bird feeding),1.0,0.953125,1.0,0.9375,0.9107142857142856,Male,2,Republican
Protect Others - Linear Cooperation,,0.25,0.125,0.1875,0.2678571428571428,Female,3,Democrat
Baseline Information,,0.546875,0.8125,0.15625,0.1964285714285714,Male,2,Democrat
Baseline Information,0.75,0.78125,1.0,0.53125,0.8214285714285714,Male,2,Republican
Placebo control (bird feeding),0.9166666666666666,0.578125,0.625,0.71875,0.8928571428571429,Female,3,Republican
Protect Others - Linear Cooperation,1.0,0.8125,0.25,0.5,0.9285714285714286,Male,3,Republican
Reframing Bravery,0.5,0.5,0.5625,0.4375,0.5,Male,1,Republican
Baseline Information,1.0,0.8478201959764134,0.8125,0.78125,0.4642857142857143,Male,4,Republican
Reframing Bravery,0.6666666666666666,0.359375,0.3125,0.0,0.2678571428571428,Male,2,Democrat
Baseline Information,1.0,0.984375,0.9375,0.9375,1.0,Male,2,Democrat
Placebo control (bird feeding),0.6666666666666666,0.484375,0.5,0.4375,0.6428571428571429,Male,3,Republican
Reframing Bravery,1.0,0.78125,0.75,0.625,0.7142857142857143,Male,3,Republican
Reframing Bravery,0.8333333333333334,0.84375,0.9375,0.65625,0.7678571428571429,Male,2,Republican
Baseline Information,1.0,0.859375,0.8125,0.6875,0.5357142857142857,Male,2,Republican
Baseline Information,0.0,0.4375,0.5,0.375,0.5714285714285714,Female,3,Republican
Protect Others - Linear Cooperation,1.0,0.921875,1.0,0.25,0.2857142857142857,Female,2,Republican
Protect Others - Linear Cooperation,0.9166666666666666,0.546875,1.0,0.75,0.7857142857142857,Male,2,Democrat
Reframing Bravery,0.75,0.71875,0.8125,0.4375,0.5,Male,3,Republican
Reframing Bravery,0.6666666666666666,0.796875,0.9375,0.40625,0.5535714285714286,Male,2,Democrat
Baseline Information,1.0,0.875,1.0,0.75,0.6428571428571429,Male,5,Republican
Reframing Bravery,0.75,0.765625,0.625,0.34375,0.9285714285714286,Female,4,Republican
Protect Others - Linear Cooperation,1.0,0.890625,1.0,0.3125,0.6071428571428571,Female,2,Independent
Baseline Information,,0.90625,1.0,0.78125,0.75,Male,2,Independent
Placebo control (bird feeding),,0.8125,0.75,0.75,0.6964285714285714,Male,3,Republican
Baseline Information,0.8333333333333334,0.828125,0.875,0.71875,0.8928571428571429,Female,4,Republican
Reframing Bravery,1.0,0.578125,0.5625,0.5,0.5714285714285714,Male,2,Independent
Baseline Information,,0.265625,0.3125,0.25,0.375,Female,4,Republican
Reframing Bravery,,0.5665701959764134,0.25,0.09375,0.125,Female,4,Republican
Placebo control (bird feeding),0.5,0.71875,0.875,0.125,0.4642857142857143,Male,2,Republican
Protect Others - Linear Cooperation,0.6666666666666666,0.671875,0.6875,0.53125,0.4464285714285714,Female,2,Republican
Placebo control (bird feeding),0.75,0.421875,0.5,0.71875,0.75,Female,3,Democrat
Placebo control (bird feeding),1.0,1.0,1.0,0.9375,0.9821428571428572,Male,3,Republican
Baseline Information,1.0,0.1875,0.0,0.5,0.9285714285714286,Female,4,Republican
Placebo control (bird feeding),0.8333333333333334,0.796875,0.875,0.5625,0.7857142857142857,Male,2,Democrat
Baseline Information,0.6666666666666666,0.421875,0.5,0.5,0.4821428571428571,Female,3,Democrat
Protect Others - Linear Cooperation,,0.578125,0.25,0.03125,0.6428571428571429,Male,3,Republican
Placebo control (bird feeding),0.0,0.28125,0.625,0.0,0.0357142857142857,Female,4,Democrat
Reframing Bravery,0.8333333333333334,0.828125,1.0,0.59375,0.9464285714285714,Female,3,Republican
Baseline Information,0.5833333333333334,0.5625,0.5625,0.4375,0.7142857142857143,Female,4,Republican
Reframing Bravery,1.0,0.984375,1.0,0.9375,1.0,Female,2,Republican
Baseline Information,0.3333333333333333,0.65625,0.5,0.21875,0.0714285714285714,Female,3,Democrat
Placebo control (bird feeding),0.9166666666666666,0.984375,0.8125,0.96875,0.9285714285714286,Male,3,Democrat
Protect Others - Linear Cooperation,,0.296875,0.25,0.3125,0.3392857142857143,Female,3,Republican
Protect Others - Linear Cooperation,0.4166666666666667,0.4375,0.375,0.0625,0.0357142857142857,Male,2,Democrat
Placebo control (bird feeding),,0.984375,1.0,0.875,1.0,Female,4,Republican
Reframing Bravery,0.75,0.90625,1.0,0.71875,0.5357142857142857,Male,3,Democrat
Reframing Bravery,0.8333333333333334,0.890625,1.0,0.6875,0.5357142857142857,Male,3,Republican
Protect Others - Linear Cooperation,0.8333333333333334,0.703125,0.125,0.53125,0.9285714285714286,Female,1,Independent
Reframing Bravery,1.0,0.453125,0.75,0.40625,0.75,Male,4,Republican
Baseline Information,1.0,0.75,0.8125,0.375,0.8214285714285714,Male,2,Independent
Baseline Information,0.6666666666666666,0.3125,0.4375,0.59375,0.7678571428571429,Female,3,Republican
Reframing Bravery,0.5,0.5,0.25,0.5625,0.5,Female,4,Democrat
Baseline Information,0.8333333333333334,0.234375,0.125,0.5625,0.8392857142857143,Male,2,Republican
Placebo control (bird feeding),1.0,0.703125,0.875,0.5625,0.7857142857142857,Male,2,Independent
Protect Others - Linear Cooperation,1.0,0.1875,0.0,0.4375,0.9285714285714286,Male,2,Democrat
Reframing Bravery,0.8333333333333334,0.90625,1.0,0.75,0.4107142857142857,Female,2,Republican
Protect Others - Linear Cooperation,0.9166666666666666,0.75,1.0,0.78125,0.9107142857142856,Female,2,Republican
Placebo control (bird feeding),1.0,0.875,1.0,0.875,0.9285714285714286,Female,1,Republican
Protect Others - Linear Cooperation,1.0,0.859375,1.0,0.96875,0.7857142857142857,Male,3,Democrat
Placebo control (bird feeding),0.25,0.3321951959764134,0.25,0.15625,0.3214285714285714,Male,2,Republican
Protect Others - Linear Cooperation,,0.546875,0.75,0.53125,0.6607142857142857,Female,3,Democrat
Protect Others - Linear Cooperation,1.0,0.59375,0.5,0.75,0.5535714285714286,Male,1,Democrat
Placebo control (bird feeding),1.0,0.859375,1.0,0.34375,0.6428571428571429,Female,3,Democrat
Reframing Bravery,0.0,0.546875,0.5625,0.125,0.4464285714285714,Female,4,Republican
Baseline Information,1.0,0.875,1.0,0.59375,0.9285714285714286,Female,2,Republican
Baseline Information,0.9166666666666666,0.78125,0.8125,0.53125,0.6428571428571429,Male,2,Republican
Reframing Bravery,,0.59375,0.8125,0.34375,0.1428571428571428,Female,3,Republican
Placebo control (bird feeding),1.0,0.6875,0.625,0.75,0.9285714285714286,Male,2,Republican
Placebo control (bird feeding),1.0,0.546875,0.75,0.53125,0.8035714285714286,Male,2,Democrat
Protect Others - Linear Cooperation,,0.46875,0.375,0.3125,0.4821428571428571,Male,2,Republican
Reframing Bravery,0.0,0.875,0.9375,0.125,0.0535714285714285,Female,3,Democrat
Reframing Bravery,1.0,0.75,0.9375,0.6875,1.0,Female,4,Democrat
Placebo control (bird feeding),1.0,0.90625,0.8125,0.875,0.9642857142857144,Male,1,Democrat
Protect Others - Linear Cooperation,1.0,0.890625,0.875,0.65625,0.4642857142857143,Female,2,Independent
Placebo control (bird feeding),0.6666666666666666,0.546875,0.375,0.3125,0.5892857142857143,Male,2,Democrat
Reframing Bravery,1.0,0.984375,1.0,0.9375,0.9285714285714286,Male,2,Republican
Placebo control (bird feeding),0.0,0.859375,0.9375,1.0,1.0,Male,4,Republican
Reframing Bravery,0.75,0.4415701959764134,0.3125,0.28125,0.2678571428571428,Male,3,Republican
Baseline Information,,0.796875,0.625,0.375,0.5178571428571429,Female,3,Democrat
Protect Others - Linear Cooperation,0.9166666666666666,0.65625,0.75,0.625,0.7678571428571429,Female,3,Independent
Protect Others - Linear Cooperation,0.9166666666666666,0.734375,0.6875,0.71875,0.8928571428571429,Male,2,Independent
Baseline Information,1.0,1.0,1.0,1.0,0.9107142857142856,Female,2,Democrat
Placebo control (bird feeding),0.6666666666666666,0.796875,0.8125,0.78125,0.5,Female,2,Democrat
Placebo control (bird feeding),0.8333333333333334,0.84375,1.0,0.34375,0.9821428571428572,Male,4,Democrat
Reframing Bravery,0.9166666666666666,0.921875,1.0,0.375,0.9464285714285714,Female,3,Independent
Placebo control (bird feeding),,0.65625,0.875,0.125,0.7142857142857143,Male,2,Democrat
Protect Others - Linear Cooperation,0.5,0.5,0.5,0.5,0.5,Male,2,Republican
Baseline Information,0.9166666666666666,0.375,0.1875,0.46875,0.7142857142857143,Male,2,Democrat
Placebo control (bird feeding),0.0,0.484375,0.75,0.0625,0.5,Female,3,Republican
Reframing Bravery,1.0,0.84375,0.8125,0.9375,0.6785714285714286,Female,2,Independent
Baseline Information,1.0,1.0,1.0,0.71875,0.9285714285714286,Male,4,Republican
Reframing Bravery,0.0,0.25,0.0,0.125,0.6785714285714286,Male,2,Republican
Protect Others - Linear Cooperation,0.5,0.578125,0.25,0.4375,0.3035714285714285,Male,2,Democrat
Baseline Information,1.0,0.859375,0.9375,1.0,0.9285714285714286,Female,4,Independent
Baseline Information,0.5,0.5,0.5,0.5,0.5,Female,4,Republican
Placebo control (bird feeding),0.9166666666666666,0.8125,0.75,0.9375,0.75,Female,1,Republican
Placebo control (bird feeding),0.9166666666666666,0.3125,0.1875,0.4375,0.75,Male,2,Republican
Protect Others - Linear Cooperation,0.9166666666666666,0.796875,0.8125,0.625,0.7857142857142857,Male,3,Democrat
Placebo control (bird feeding),1.0,0.90625,1.0,0.84375,0.7142857142857143,Male,4,Republican
Reframing Bravery,0.8333333333333334,0.90625,0.75,0.75,0.5714285714285714,Male,4,Democrat
Protect Others - Linear Cooperation,0.9166666666666666,0.703125,0.75,0.65625,0.7857142857142857,Male,3,Democrat
Reframing Bravery,1.0,0.921875,0.625,0.9375,1.0,Female,5,Independent
Protect Others - Linear Cooperation,1.0,0.84375,1.0,0.3125,0.9642857142857144,Male,2,Independent
Reframing Bravery,0.9166666666666666,0.78125,0.5,0.71875,0.5892857142857143,Male,3,Republican
Reframing Bravery,0.8333333333333334,0.953125,0.9375,0.65625,,Male,3,Democrat
Placebo control (bird feeding),0.8333333333333334,0.4264752930977543,0.75,0.34375,0.5535714285714286,Male,4,Independent
Baseline Information,1.0,0.578125,0.3125,0.9375,0.9285714285714286,Male,2,Democrat
Reframing Bravery,,0.5665701959764134,0.6875,0.28125,0.2678571428571428,Female,4,Republican
Protect Others - Linear Cooperation,1.0,0.875,1.0,0.96875,0.8214285714285714,Female,3,Democrat
Baseline Information,,0.484375,0.3125,0.65625,0.7857142857142857,Female,4,Republican
Protect Others - Linear Cooperation,1.0,0.71875,0.625,0.625,0.9642857142857144,Male,1,Democrat
Baseline Information,0.8333333333333334,0.96875,1.0,0.3125,0.8392857142857143,Female,3,Republican
Reframing Bravery,0.9166666666666666,0.90625,0.75,0.75,0.4285714285714285,Male,3,Democrat
Reframing Bravery,1.0,0.71875,0.75,0.8125,1.0,Male,3,Independent
Placebo control (bird feeding),0.75,0.921875,1.0,0.4375,0.5,Female,2,Democrat
Baseline Information,0.9166666666666666,0.875,1.0,0.96875,0.6964285714285714,Male,1,Democrat
Protect Others - Linear Cooperation,0.5,0.546875,0.5,0.5,0.5,Male,2,Democrat
Baseline Information,,0.703125,1.0,0.125,0.3035714285714285,Male,2,Democrat
Reframing Bravery,0.9166666666666666,0.890625,1.0,0.78125,0.5892857142857143,Male,2,Democrat
Protect Others - Linear Cooperation,0.9166666666666666,0.421875,0.3125,0.4375,0.5,Male,2,Republican
Protect Others - Linear Cooperation,0.9166666666666666,0.90625,0.5625,0.78125,0.9821428571428572,Male,3,Republican
Placebo control (bird feeding),0.8333333333333334,0.53125,0.625,0.71875,0.6785714285714286,Female,3,Republican
Protect Others - Linear Cooperation,0.9166666666666666,0.875,0.75,0.34375,1.0,Male,2,Independent
Reframing Bravery,0.9166666666666666,0.765625,0.75,0.65625,0.7142857142857143,Male,2,Democrat
Placebo control (bird feeding),0.6666666666666666,0.765625,0.75,0.8125,0.5357142857142857,Male,2,Democrat
Protect Others - Linear Cooperation,1.0,1.0,1.0,1.0,0.9642857142857144,Female,2,Republican
Reframing Bravery,,0.5509451959764134,0.6875,0.5,0.1785714285714285,Female,4,Democrat
Baseline Information,,0.421875,0.5,0.5,0.4642857142857143,Male,2,Republican
Reframing Bravery,1.0,0.734375,0.875,0.8125,0.75,Male,2,Democrat
Placebo control (bird feeding),,0.65625,0.8125,0.65625,0.9642857142857144,Male,2,Independent
Reframing Bravery,0.9166666666666666,0.734375,0.4375,0.78125,0.5892857142857143,Male,1,Republican
Protect Others - Linear Cooperation,0.3333333333333333,0.3125,0.3125,0.15625,0.3571428571428571,Female,3,Democrat
Placebo control (bird feeding),0.5,0.578125,0.625,0.375,0.5535714285714286,Male,2,Republican
Placebo control (bird feeding),1.0,0.9375,1.0,1.0,1.0,Male,5,Republican
Baseline Information,0.8333333333333334,0.484375,0.375,0.65625,0.6428571428571429,Female,3,Republican
Placebo control (bird feeding),1.0,0.859375,0.9375,0.875,0.9821428571428572,Male,1,Republican
Placebo control (bird feeding),,0.328125,0.375,0.0,0.4642857142857143,Female,3,Democrat
Protect Others - Linear Cooperation,1.0,0.96875,0.75,0.75,0.875,Male,2,Democrat
Protect Others - Linear Cooperation,,0.546875,0.5625,0.46875,0.4285714285714285,Male,2,Democrat
Placebo control (bird feeding),,0.515625,0.6875,0.40625,0.4107142857142857,Female,1,Democrat
Reframing Bravery,0.3333333333333333,0.609375,0.75,0.125,0.5535714285714286,Male,3,Democrat
Baseline Information,0.75,0.6875,1.0,0.65625,0.7142857142857143,Male,2,Democrat
Placebo control (bird feeding),0.9166666666666666,0.734375,0.8125,0.5625,0.5357142857142857,Female,2,Republican
Reframing Bravery,1.0,1.0,1.0,0.59375,0.9285714285714286,Male,4,Democrat
Reframing Bravery,,0.59375,0.625,0.3125,0.5357142857142857,Male,2,Republican
Reframing Bravery,,0.734375,0.875,0.4375,0.625,Male,1,Democrat
Placebo control (bird feeding),1.0,0.875,0.6875,0.78125,0.4285714285714285,Female,3,Democrat
Protect Others - Linear Cooperation,1.0,0.765625,1.0,1.0,0.7857142857142857,Male,2,Independent
Baseline Information,0.8333333333333334,0.875,0.9375,0.78125,0.8214285714285714,Female,2,Democrat
Baseline Information,0.9166666666666666,0.875,1.0,0.875,0.375,Male,4,Republican
Protect Others - Linear Cooperation,1.0,0.515625,0.25,0.46875,0.6785714285714286,Female,2,Democrat
Placebo control (bird feeding),1.0,0.859375,1.0,0.8125,0.875,Male,2,Democrat
Placebo control (bird feeding),1.0,0.8125,0.5,0.5,0.3571428571428571,Male,3,Republican
Baseline Information,0.75,0.78125,0.9375,0.3125,0.6785714285714286,Female,3,Republican
Protect Others - Linear Cooperation,1.0,0.5699114532230841,0.527965682230655,0.5617629473857826,,Male,2,Republican
Reframing Bravery,1.0,0.75,0.5625,0.9375,1.0,Male,2,Republican
Placebo control (bird feeding),0.8333333333333334,0.703125,0.9375,0.875,0.8214285714285714,Female,3,Democrat
Baseline Information,0.8333333333333334,0.8125,1.0,0.5625,0.8571428571428571,Female,1,Republican
Baseline Information,,0.65625,0.75,0.25,0.7321428571428571,Female,2,Democrat
Reframing Bravery,1.0,0.96875,1.0,0.8125,0.9107142857142856,Male,3,Republican
Protect Others - Linear Cooperation,0.8333333333333334,0.71875,0.875,0.59375,0.4642857142857143,Male,2,Democrat
Placebo control (bird feeding),1.0,0.6875,0.625,0.46875,0.7321428571428571,Male,1,Democrat
Reframing Bravery,0.6666666666666666,0.90625,1.0,0.78125,0.5357142857142857,Female,2,Democrat
Reframing Bravery,1.0,0.78125,0.375,0.8125,0.9107142857142856,Male,3,Republican
Baseline Information,0.75,0.625,0.5,0.46875,0.5,Male,1,Democrat
Reframing Bravery,1.0,0.9421002930977542,1.0,0.75,0.9285714285714286,Male,3,Republican
Reframing Bravery,1.0,0.96875,1.0,0.875,0.9821428571428572,Female,1,Republican
Protect Others - Linear Cooperation,1.0,0.875,1.0,0.875,0.75,Female,1,Democrat
Protect Others - Linear Cooperation,0.9166666666666666,0.953125,1.0,0.53125,1.0,Male,2,Republican
Placebo control (bird feeding),,0.390625,0.5625,0.03125,0.0714285714285714,Male,2,Republican
Placebo control (bird feeding),0.75,0.4415701959764134,0.5,0.53125,0.7321428571428571,Male,2,Republican
Baseline Information,,0.6915701959764134,1.0,0.15625,0.1785714285714285,Female,3,Democrat
Baseline Information,,0.6134451959764134,1.0,0.125,0.0178571428571428,Female,1,Republican
Protect Others - Linear Cooperation,0.9166666666666666,0.84375,1.0,0.4375,0.9285714285714286,Male,2,Democrat
Reframing Bravery,0.0,0.078125,0.25,0.0,0.0,Female,3,Republican
Protect Others - Linear Cooperation,0.5,0.890625,0.75,0.375,0.875,Male,2,Independent
Placebo control (bird feeding),1.0,0.703125,0.6875,0.78125,0.75,Female,3,Democrat
Baseline Information,0.9166666666666666,0.921875,0.9375,0.75,0.8214285714285714,Male,2,Independent
Protect Others - Linear Cooperation,0.8333333333333334,0.453125,0.4375,0.875,0.5357142857142857,Female,1,Republican
Reframing Bravery,1.0,0.859375,1.0,0.625,0.6428571428571429,Male,2,Democrat
Baseline Information,1.0,0.953125,1.0,0.96875,0.7321428571428571,Female,2,Independent
Protect Others - Linear Cooperation,,0.78125,0.5,0.21875,0.3392857142857143,Male,2,Democrat
Protect Others - Linear Cooperation,0.8333333333333334,0.828125,1.0,0.40625,0.6428571428571429,Male,1,Democrat
Baseline Information,0.9166666666666666,0.6440104166666667,0.8125,0.53125,0.5357142857142857,Male,2,Republican
Placebo control (bird feeding),1.0,0.796875,1.0,0.90625,0.7857142857142857,Female,3,Democrat
Reframing Bravery,0.9166666666666666,0.453125,0.625,0.625,0.7857142857142857,Female,2,Democrat
Placebo control (bird feeding),0.6666666666666666,0.421875,0.3125,0.53125,0.6428571428571429,Male,2,Independent
Baseline Information,0.5,0.46875,1.0,0.3125,0.9285714285714286,Female,2,Republican
Reframing Bravery,0.3333333333333333,0.703125,0.625,0.46875,0.3214285714285714,Female,2,Democrat
Placebo control (bird feeding),,0.78125,0.6875,0.9375,0.6428571428571429,Female,3,Republican
Reframing Bravery,1.0,0.765625,0.5625,0.84375,0.6071428571428571,Female,1,Democrat
Reframing Bravery,1.0,0.859375,1.0,0.90625,0.7142857142857143,Male,1,Democrat
Reframing Bravery,0.5833333333333334,0.6875,0.9375,0.09375,0.6071428571428571,Female,4,Democrat
Protect Others - Linear Cooperation,0.9166666666666666,0.7403455494142881,0.8125,0.8125,0.5892857142857143,Male,3,Republican
Baseline Information,,0.453125,0.625,0.09375,0.3571428571428571,Male,3,Democrat
Protect Others - Linear Cooperation,0.9166666666666666,0.671875,0.5,0.5625,0.4821428571428571,Male,2,Democrat
Placebo control (bird feeding),1.0,0.703125,0.6875,0.5,0.9285714285714286,Male,3,Independent
Baseline Information,1.0,0.796875,0.875,0.6875,0.9285714285714286,Male,2,Democrat
Placebo control (bird feeding),0.8333333333333334,0.71875,0.75,0.40625,0.5,Male,2,Democrat
Protect Others - Linear Cooperation,,0.7228201959764134,0.75,0.28125,0.4821428571428571,Female,4,Democrat
Protect Others - Linear Cooperation,1.0,0.859375,0.8125,0.875,0.6785714285714286,Female,3,Republican
Baseline Information,0.0,0.234375,0.3125,0.0,0.3571428571428571,Male,1,Democrat
Placebo control (bird feeding),0.5833333333333334,0.5509451959764134,0.75,0.125,0.3571428571428571,Male,2,Republican
Baseline Information,1.0,0.96875,1.0,0.78125,0.9464285714285714,Male,1,Independent
Placebo control (bird feeding),0.6666666666666666,0.828125,0.875,0.4375,0.5,Male,2,Republican
Reframing Bravery,0.8333333333333334,0.5625,0.4375,0.875,0.5714285714285714,Female,1,Democrat
Reframing Bravery,1.0,0.75,0.5625,1.0,1.0,Female,3,Republican
Placebo control (bird feeding),0.1666666666666666,0.78125,1.0,0.0,0.0714285714285714,Female,2,Democrat
Baseline Information,0.75,0.8790701959764134,0.75,0.8125,0.6785714285714286,Female,3,Democrat
Protect Others - Linear Cooperation,1.0,0.9375,1.0,1.0,0.9821428571428572,Male,2,Republican
Placebo control (bird feeding),1.0,0.6875,0.6875,0.71875,0.7857142857142857,Male,2,Democrat
Protect Others - Linear Cooperation,1.0,1.0,1.0,0.8125,1.0,Male,3,Independent
Placebo control (bird feeding),0.5833333333333334,0.828125,0.875,0.25,0.5,Male,2,Republican
Baseline Information,0.8333333333333334,0.9375,0.75,0.8125,0.7857142857142857,Male,2,Independent
Reframing Bravery,1.0,0.890625,1.0,0.625,0.7142857142857143,Male,1,Democrat
Placebo control (bird feeding),1.0,0.78125,1.0,0.875,0.8928571428571429,Male,2,Republican
Reframing Bravery,0.5,0.6409911303630362,0.625,0.0,,Female,2,Democrat
Reframing Bravery,0.8333333333333334,0.71875,1.0,0.4375,0.5714285714285714,Male,2,Democrat
Placebo control (bird feeding),0.5833333333333334,0.578125,0.75,0.46875,0.9107142857142856,Male,1,Democrat
Baseline Information,1.0,0.4375,0.25,0.4375,0.5,Male,2,Republican
Placebo control (bird feeding),1.0,0.953125,1.0,0.90625,0.9821428571428572,Female,2,Democrat
Reframing Bravery,1.0,0.84375,0.8125,0.96875,0.8392857142857143,Female,1,Republican
Baseline Information,1.0,0.796875,1.0,0.6875,0.75,Male,2,Independent
Baseline Information,1.0,0.875,0.625,0.40625,0.6785714285714286,Male,3,Republican
Protect Others - Linear Cooperation,0.6666666666666666,0.328125,0.25,0.53125,0.7142857142857143,Male,2,Independent
Baseline Information,0.8333333333333334,0.796875,0.75,0.71875,0.7142857142857143,Male,2,Republican
Baseline Information,1.0,1.0,1.0,0.90625,0.8571428571428571,Male,1,Democrat
Reframing Bravery,0.8333333333333334,0.75,0.75,0.53125,0.5714285714285714,Male,2,Republican
Protect Others - Linear Cooperation,1.0,0.765625,0.75,0.6875,0.7857142857142857,Male,2,Republican
Placebo control (bird feeding),1.0,0.90625,1.0,0.90625,0.9821428571428572,Female,2,Democrat
Protect Others - Linear Cooperation,1.0,0.984375,0.75,0.96875,0.9821428571428572,Male,2,Democrat
Baseline Information,,0.5,0.5,0.46875,0.4285714285714285,Male,1,Republican
Baseline Information,0.9166666666666666,0.953125,1.0,0.5,0.75,Male,2,Democrat
Reframing Bravery,0.9166666666666666,0.234375,0.0625,0.5,0.8035714285714286,Female,1,Republican
Reframing Bravery,1.0,0.875,1.0,0.59375,0.8214285714285714,Male,2,Democrat
Protect Others - Linear Cooperation,,0.5,0.5625,0.375,0.1785714285714285,Female,3,Democrat
Baseline Information,1.0,0.5625,0.375,0.78125,0.7321428571428571,Male,1,Republican
Placebo control (bird feeding),0.5,0.625,0.25,0.21875,0.2142857142857142,Male,2,Republican
Reframing Bravery,0.3333333333333333,0.53125,0.75,0.0,0.0,Male,2,Republican
Protect Others - Linear Cooperation,0.5833333333333334,0.5,0.375,0.34375,0.4821428571428571,Female,4,Democrat
Placebo control (bird feeding),1.0,0.921875,1.0,0.625,0.9642857142857144,Male,2,Republican
Protect Others - Linear Cooperation,1.0,0.796875,1.0,0.78125,0.7857142857142857,Male,2,Republican
Baseline Information,0.9166666666666666,0.953125,1.0,0.875,0.875,Female,3,Democrat
Placebo control (bird feeding),1.0,0.9375,1.0,1.0,0.1607142857142857,Female,2,Democrat
Baseline Information,0.0,0.453125,0.5,0.46875,0.0535714285714285,Female,3,Democrat
Baseline Information,0.75,0.6875,0.3125,0.6875,0.4642857142857143,Female,2,Democrat
Placebo control (bird feeding),1.0,0.828125,0.6875,0.8125,0.75,Male,2,Democrat
Reframing Bravery,0.5,0.359375,0.5625,0.34375,0.5892857142857143,Male,1,Republican
Placebo control (bird feeding),0.3333333333333333,0.21875,0.3125,0.09375,0.0714285714285714,Female,3,Republican
Protect Others - Linear Cooperation,1.0,0.875,0.875,0.8125,0.9107142857142856,Female,3,Democrat
Protect Others - Linear Cooperation,0.5,0.5,0.5625,0.46875,0.6607142857142857,Female,3,Democrat
Placebo control (bird feeding),0.8333333333333334,0.953125,0.875,0.875,0.7321428571428571,Male,2,Democrat
Reframing Bravery,1.0,0.8125,0.9375,1.0,0.75,Female,2,Independent
Protect Others - Linear Cooperation,1.0,0.984375,0.875,0.65625,0.7857142857142857,Male,2,Democrat
Reframing Bravery,1.0,0.890625,1.0,0.625,0.9821428571428572,Male,2,Democrat
Protect Others - Linear Cooperation,,0.46875,0.5625,0.125,0.4642857142857143,Male,1,Democrat
Baseline Information,0.5,0.5,0.5,0.5,0.5,Male,2,Democrat
Reframing Bravery,0.9166666666666666,0.671875,0.625,0.3125,0.5,Female,2,Republican
Placebo control (bird feeding),0.5,0.625,0.5625,0.3125,0.4642857142857143,Male,2,Democrat
Protect Others - Linear Cooperation,1.0,0.90625,1.0,0.9375,0.9821428571428572,Male,3,Democrat
Baseline Information,1.0,0.859375,1.0,0.8125,1.0,Male,4,Independent
Placebo control (bird feeding),1.0,0.5625,1.0,0.84375,0.9285714285714286,Male,2,Republican
Reframing Bravery,0.0,0.875,1.0,0.125,0.0714285714285714,Female,2,Republican
Baseline Information,0.5,0.5,0.5,0.6875,0.5,Male,2,Democrat
Reframing Bravery,0.8333333333333334,0.7707062170184696,0.6875,0.34375,0.6428571428571429,Female,3,Republican
Placebo control (bird feeding),0.9166666666666666,0.671875,0.8125,0.53125,0.5,Male,1,Democrat
Protect Others - Linear Cooperation,0.5833333333333334,0.625,0.8125,0.4375,0.4464285714285714,Female,3,Republican
Reframing Bravery,0.5833333333333334,0.9375,0.5625,0.375,0.5357142857142857,Male,2,Democrat
Baseline Information,0.0,0.5625,0.625,0.0,0.0,Male,1,Democrat
Baseline Information,1.0,0.875,0.9375,0.90625,0.875,Male,1,Republican
Reframing Bravery,1.0,0.96875,1.0,0.96875,0.9821428571428572,Male,1,Independent
Placebo control (bird feeding),1.0,0.953125,1.0,0.96875,0.9642857142857144,Male,2,Democrat
Protect Others - Linear Cooperation,0.9166666666666666,0.78125,0.5625,0.6875,0.7142857142857143,Male,1,Republican
Placebo control (bird feeding),0.75,0.3125,0.25,0.625,0.9642857142857144,Male,1,Republican
Baseline Information,1.0,0.765625,1.0,0.8125,0.5892857142857143,Male,2,Republican
Protect Others - Linear Cooperation,0.8333333333333334,0.25,0.0,0.59375,0.9285714285714286,Male,1,Republican
Placebo control (bird feeding),1.0,0.859375,0.875,0.84375,0.8928571428571429,Male,1,Independent
Reframing Bravery,0.9166666666666666,0.921875,1.0,0.84375,0.8035714285714286,Male,2,Republican
Protect Others - Linear Cooperation,1.0,0.953125,0.4375,0.59375,0.8571428571428571,Male,3,Democrat
Placebo control (bird feeding),1.0,0.609375,0.75,0.8125,0.9642857142857144,Female,1,Democrat
Reframing Bravery,1.0,0.859375,0.75,0.8125,1.0,Female,2,Republican
Baseline Information,1.0,0.828125,0.875,0.96875,0.5,Male,1,Republican
Protect Others - Linear Cooperation,0.5,0.515625,0.625,0.53125,0.2142857142857142,Male,1,Republican
Reframing Bravery,0.5833333333333334,0.671875,0.75,0.71875,0.6607142857142857,Male,1,Republican
Placebo control (bird feeding),0.8333333333333334,0.859375,0.75,0.65625,0.6607142857142857,Male,3,Democrat
Baseline Information,0.5,0.5,0.625,0.3125,0.5,Female,2,Republican
Protect Others - Linear Cooperation,0.5,0.328125,0.25,0.53125,0.7142857142857143,Female,2,Republican
Protect Others - Linear Cooperation,1.0,0.890625,1.0,0.96875,0.875,Male,1,Republican
Reframing Bravery,0.0,0.28125,0.1875,0.0,0.0,Female,3,Democrat
Placebo control (bird feeding),,0.3946951959764134,0.3125,0.09375,0.3392857142857143,Male,1,Republican
Protect Others - Linear Cooperation,1.0,0.765625,1.0,0.75,0.5714285714285714,Male,3,Republican
Baseline Information,1.0,0.96875,1.0,0.78125,0.8928571428571429,Male,3,Democrat
Placebo control (bird feeding),0.8333333333333334,0.484375,0.625,0.5,0.4285714285714285,Male,3,Democrat
Baseline Information,0.5,0.84375,1.0,0.75,0.3571428571428571,Female,3,Democrat
Reframing Bravery,1.0,0.671875,0.75,0.84375,0.5892857142857143,Male,2,Democrat
Reframing Bravery,,0.4259451959764134,0.5,0.59375,0.4285714285714285,Male,1,Republican
Reframing Bravery,1.0,0.53125,0.5,0.5,0.5,Male,2,Democrat
Placebo control (bird feeding),0.9166666666666666,0.578125,0.375,0.65625,0.8928571428571429,Male,1,Independent
Placebo control (bird feeding),1.0,0.796875,0.6875,0.625,0.4821428571428571,Male,1,Democrat
Protect Others - Linear Cooperation,,0.546875,0.625,0.46875,0.4642857142857143,Female,2,Republican
Baseline Information,1.0,0.921875,1.0,1.0,1.0,Male,2,Democrat
Baseline Information,0.8333333333333334,0.796875,0.9375,0.75,0.8214285714285714,Male,1,Democrat
Reframing Bravery,0.0,0.765625,1.0,0.5,0.3928571428571428,Male,2,Democrat
Protect Others - Linear Cooperation,1.0,0.984375,0.9375,0.96875,0.9464285714285714,Male,1,Republican
Placebo control (bird feeding),0.5,0.5625,0.875,0.75,0.5714285714285714,Female,2,Democrat
Baseline Information,1.0,0.3483502930977543,0.25,0.25,0.8571428571428571,Male,1,Democrat
Reframing Bravery,,0.5821951959764134,0.875,0.28125,0.75,Male,2,Democrat
Protect Others - Linear Cooperation,1.0,0.875,0.875,0.46875,0.8928571428571429,Female,2,Democrat
Protect Others - Linear Cooperation,0.5,0.5,0.5,0.5,0.5,Male,2,Democrat
Baseline Information,1.0,0.765625,0.75,0.5,0.9642857142857144,Male,3,Republican
Protect Others - Linear Cooperation,1.0,0.953125,1.0,0.9375,0.9642857142857144,Female,2,Democrat
Baseline Information,0.9166666666666666,0.953125,1.0,0.84375,0.9464285714285714,Male,1,Democrat
Reframing Bravery,1.0,0.890625,1.0,1.0,0.4285714285714285,Male,3,Republican
Baseline Information,1.0,0.9375,1.0,0.75,0.1071428571428571,Male,2,Democrat
Placebo control (bird feeding),0.9166666666666666,0.8125,0.4375,0.6875,0.9107142857142856,Male,1,Democrat
Reframing Bravery,1.0,0.875,0.9375,0.9375,0.8392857142857143,Male,2,Republican
Reframing Bravery,1.0,0.1875,0.0,0.5,0.9285714285714286,Female,1,Democrat
Protect Others - Linear Cooperation,1.0,0.1875,0.0,0.5,0.9285714285714286,Male,1,Republican
Protect Others - Linear Cooperation,1.0,0.703125,1.0,0.8125,1.0,Male,1,Democrat
Placebo control (bird feeding),0.6666666666666666,0.875,1.0,0.71875,0.5357142857142857,Female,3,Independent
Baseline Information,0.0,0.4259451959764134,0.3125,0.25,0.4642857142857143,Male,1,Democrat
Baseline Information,1.0,0.21875,0.125,0.53125,0.875,Male,1,Republican
Reframing Bravery,0.5,0.53125,0.5,0.5,0.6428571428571429,Female,1,Democrat
Protect Others - Linear Cooperation,,0.546875,0.625,0.25,0.4821428571428571,Male,2,Democrat
Reframing Bravery,1.0,0.671875,0.75,0.71875,0.4642857142857143,Female,3,Democrat
Placebo control (bird feeding),1.0,0.609375,0.75,0.8125,0.5,Male,1,Democrat
Protect Others - Linear Cooperation,1.0,0.6875,0.75,0.75,0.9285714285714286,Male,3,Republican
Baseline Information,0.75,0.828125,1.0,0.8125,0.4464285714285714,Male,2,Republican
Baseline Information,1.0,0.828125,0.6875,0.78125,0.9107142857142856,Male,3,Republican
Placebo control (bird feeding),0.5,0.84375,1.0,0.625,0.5,Male,2,Independent
Placebo control (bird feeding),0.4166666666666667,0.5,0.5625,0.625,0.6071428571428571,Male,2,Republican
Reframing Bravery,1.0,0.5625,1.0,0.625,0.9642857142857144,Male,2,Democrat
Reframing Bravery,0.6666666666666666,0.703125,0.8125,0.59375,0.9107142857142856,Male,1,Republican
Protect Others - Linear Cooperation,1.0,0.953125,1.0,0.625,0.7678571428571429,Female,1,Democrat
Baseline Information,0.8333333333333334,0.5625,0.625,0.78125,1.0,Female,2,Republican
Protect Others - Linear Cooperation,0.9166666666666666,0.796875,0.875,0.46875,0.875,Male,2,Democrat
Baseline Information,1.0,0.796875,1.0,0.75,0.8214285714285714,Male,3,Democrat
Placebo control (bird feeding),,0.671875,0.6875,0.34375,0.5,Female,3,Republican
Reframing Bravery,1.0,0.875,0.875,0.96875,0.9107142857142856,Male,3,Democrat
Placebo control (bird feeding),,0.640625,0.8125,0.375,0.5357142857142857,Male,1,Democrat
Baseline Information,0.75,0.9375,1.0,0.53125,0.9464285714285714,Male,3,Democrat
Protect Others - Linear Cooperation,1.0,0.640625,0.8125,0.84375,0.6428571428571429,Male,1,Republican
Protect Others - Linear Cooperation,1.0,0.828125,0.875,0.875,0.7857142857142857,Female,2,Republican
Placebo control (bird feeding),0.75,0.65625,0.4375,0.8125,0.6071428571428571,Male,2,Democrat
Reframing Bravery,0.8333333333333334,0.375,0.25,0.625,0.6607142857142857,Male,2,Republican
Protect Others - Linear Cooperation,,0.5625,0.375,0.4375,0.4285714285714285,Male,2,Democrat
Baseline Information,1.0,0.9375,0.9375,0.90625,0.5,Female,3,Republican
Reframing Bravery,0.5,0.484375,0.625,0.5,0.5,Male,1,Democrat
Protect Others - Linear Cooperation,0.8333333333333334,0.53125,0.6875,0.46875,0.5535714285714286,Female,2,Republican
Baseline Information,0.6666666666666666,0.265625,0.375,0.71875,0.9285714285714286,Female,2,Republican
Reframing Bravery,,0.46875,0.5,0.40625,0.3035714285714285,Female,2,Democrat
Baseline Information,1.0,0.703125,0.0625,0.28125,0.7857142857142857,Male,1,Democrat
Protect Others - Linear Cooperation,,0.5665701959764134,0.875,0.5625,0.9464285714285714,Male,3,Democrat
Placebo control (bird feeding),0.9166666666666666,0.765625,0.875,0.6875,0.7857142857142857,Female,3,Republican
Protect Others - Linear Cooperation,,0.75,0.75,0.1875,0.3214285714285714,Female,2,Democrat
Baseline Information,0.6666666666666666,0.84375,1.0,0.3125,1.0,Female,3,Democrat
Protect Others - Linear Cooperation,0.8333333333333334,0.625,0.5625,0.5625,0.4821428571428571,Female,2,Democrat
Baseline Information,1.0,0.90625,0.875,0.5625,1.0,Male,2,Republican
Reframing Bravery,0.3333333333333333,0.6134451959764134,0.25,0.375,0.0535714285714285,Female,3,Democrat
Placebo control (bird feeding),1.0,0.828125,1.0,0.875,1.0,Male,2,Republican
Placebo control (bird feeding),1.0,0.765625,1.0,0.875,0.4285714285714285,Male,4,Democrat
Baseline Information,0.9166666666666666,0.578125,0.5625,0.9375,0.5357142857142857,Male,3,Democrat
Placebo control (bird feeding),,0.5040701959764134,0.5625,0.5,0.5892857142857143,Male,2,Republican
Protect Others - Linear Cooperation,1.0,0.84375,0.9375,0.875,0.9464285714285714,Male,2,Independent
Reframing Bravery,1.0,0.953125,1.0,0.96875,0.9821428571428572,Male,1,Republican
Baseline Information,0.4166666666666667,0.390625,0.25,0.5,0.7142857142857143,Male,2,Independent
Reframing Bravery,1.0,0.984375,1.0,0.96875,1.0,Male,3,Independent
Placebo control (bird feeding),1.0,1.0,1.0,0.9375,0.9285714285714286,Male,3,Democrat
Protect Others - Linear Cooperation,,0.703125,0.9375,0.46875,0.5,Male,1,Republican
Baseline Information,0.8333333333333334,0.7247205494142881,0.8125,0.34375,0.7857142857142857,Male,1,Democrat
Placebo control (bird feeding),1.0,0.875,1.0,0.875,0.1071428571428571,Male,2,Republican
Protect Others - Linear Cooperation,0.5,0.578125,0.5,0.5,0.4285714285714285,Male,2,Republican
Placebo control (bird feeding),,0.6446951959764134,0.5625,0.5,0.3928571428571428,Male,3,Independent
Reframing Bravery,1.0,0.9375,1.0,0.8125,1.0,Male,1,Republican
Placebo control (bird feeding),0.5833333333333334,0.484375,0.5,0.5,0.5,Female,2,Independent
Baseline Information,0.9166666666666666,0.953125,0.875,0.90625,0.8571428571428571,Male,1,Republican
Protect Others - Linear Cooperation,1.0,0.8125,0.75,1.0,1.0,Male,2,Republican
Protect Others - Linear Cooperation,0.8333333333333334,0.734375,1.0,0.59375,0.5714285714285714,Female,2,Republican
Baseline Information,1.0,0.9375,1.0,0.875,0.9464285714285714,Male,2,Democrat
Placebo control (bird feeding),0.6666666666666666,0.640625,0.5625,0.625,0.5714285714285714,Male,3,Republican
Reframing Bravery,0.9166666666666666,0.609375,0.75,0.875,0.9642857142857144,Male,2,Independent
Baseline Information,,0.609375,0.4375,0.65625,0.4107142857142857,Male,2,Democrat
Placebo control (bird feeding),0.6666666666666666,0.859375,0.75,0.28125,0.6071428571428571,Female,4,Democrat
Protect Others - Linear Cooperation,0.75,0.34375,0.25,0.5,0.7142857142857143,Male,2,Independent
Baseline Information,1.0,0.921875,1.0,0.625,0.5714285714285714,Male,1,Democrat
Reframing Bravery,1.0,0.84375,1.0,0.5625,0.9821428571428572,Male,1,Independent
Placebo control (bird feeding),0.6666666666666666,0.609375,1.0,0.3125,0.6071428571428571,Male,2,Democrat
Protect Others - Linear Cooperation,0.75,0.484375,0.75,0.375,0.6785714285714286,Male,3,Democrat
Baseline Information,0.9166666666666666,0.84375,0.5,0.71875,0.5357142857142857,Female,3,Republican
Reframing Bravery,1.0,0.9375,0.8125,1.0,0.1428571428571428,Male,1,Republican
Reframing Bravery,,0.46875,0.375,0.375,0.5357142857142857,Male,2,Republican
Placebo control (bird feeding),0.5833333333333334,0.390625,0.3125,0.40625,0.6607142857142857,Male,2,Independent
Baseline Information,0.8333333333333334,0.40625,0.1875,0.59375,0.75,Female,1,Republican
Protect Others - Linear Cooperation,1.0,0.921875,1.0,0.96875,0.3928571428571428,Male,2,Republican
Placebo control (bird feeding),0.9166666666666666,0.71875,0.625,0.65625,0.4107142857142857,Male,3,Independent
Baseline Information,0.8333333333333334,0.90625,0.9375,0.6875,0.9464285714285714,Female,3,Republican
Protect Others - Linear Cooperation,0.75,0.90625,1.0,1.0,0.9821428571428572,Male,3,Democrat
Protect Others - Linear Cooperation,1.0,0.78125,0.625,0.8125,0.6071428571428571,Male,3,Republican
Reframing Bravery,0.75,0.4728201959764134,0.5625,0.25,0.5357142857142857,Female,3,Republican
Reframing Bravery,0.8333333333333334,0.765625,0.4375,0.6875,0.6428571428571429,Male,1,Republican
Placebo control (bird feeding),0.9166666666666666,0.609375,1.0,0.9375,0.5714285714285714,Male,1,Democrat
Baseline Information,0.1666666666666666,0.734375,0.75,0.5625,0.0714285714285714,Male,3,Democrat
Reframing Bravery,0.5,0.5,0.5,0.5,0.5,Male,3,Republican
Placebo control (bird feeding),0.1666666666666666,0.5625,0.5,0.125,0.0,Female,2,Democrat
Protect Others - Linear Cooperation,,0.546875,0.25,0.5,0.5357142857142857,Male,1,Republican
Baseline Information,1.0,0.40625,0.5,0.5,0.6785714285714286,Male,2,Democrat
Reframing Bravery,1.0,0.828125,0.9375,0.8125,0.6785714285714286,Male,1,Republican
Placebo control (bird feeding),0.5,0.234375,0.0625,0.59375,0.8035714285714286,Male,2,Democrat
Protect Others - Linear Cooperation,0.9166666666666666,0.78125,0.6875,0.625,0.7142857142857143,Male,2,Democrat
Reframing Bravery,1.0,0.921875,0.9375,0.875,0.9642857142857144,Female,3,Democrat
Protect Others - Linear Cooperation,0.9166666666666666,0.828125,1.0,0.84375,0.8035714285714286,Male,1,Independent
Protect Others - Linear Cooperation,1.0,0.625,1.0,0.9375,1.0,Male,2,Democrat
Reframing Bravery,0.6666666666666666,0.390625,0.4375,0.4375,0.7321428571428571,Male,2,Republican
Placebo control (bird feeding),0.5,0.609375,0.75,0.125,0.4285714285714285,Male,2,Democrat
Reframing Bravery,1.0,0.828125,0.625,0.9375,0.9285714285714286,Female,1,Republican
Placebo control (bird feeding),0.8333333333333334,0.828125,0.9375,0.59375,0.6785714285714286,Male,2,Democrat
Baseline Information,1.0,1.0,1.0,0.84375,1.0,Male,2,Republican
Reframing Bravery,1.0,0.90625,1.0,0.5,1.0,Male,3,Democrat
Protect Others - Linear Cooperation,0.6666666666666666,0.640625,0.4375,0.6875,0.6428571428571429,Female,1,Republican
Placebo control (bird feeding),0.9166666666666666,0.765625,0.75,0.875,0.8035714285714286,Male,3,Democrat
Protect Others - Linear Cooperation,0.5,0.5,0.5,0.6875,0.5,Male,1,Independent
Placebo control (bird feeding),0.9166666666666666,0.703125,0.875,0.75,0.8928571428571429,Female,2,Republican
Reframing Bravery,1.0,0.8125,0.5,0.84375,1.0,Female,3,Democrat
Placebo control (bird feeding),1.0,1.0,1.0,0.75,1.0,Male,2,Republican
Baseline Information,0.9166666666666666,0.90625,0.75,0.84375,0.8392857142857143,Male,1,Democrat
Protect Others - Linear Cooperation,0.0,0.3125,0.5,0.0,0.0714285714285714,Male,1,Democrat
Placebo control (bird feeding),0.9166666666666666,0.625,0.3125,0.9375,1.0,Male,2,Democrat
Baseline Information,1.0,0.46875,0.3125,0.8125,0.9285714285714286,Male,3,Republican
Protect Others - Linear Cooperation,1.0,0.828125,1.0,0.84375,0.875,Male,2,Independent
Baseline Information,1.0,0.5,0.75,0.25,0.6428571428571429,Male,2,Republican
Reframing Bravery,1.0,0.921875,1.0,0.90625,0.9285714285714286,Male,1,Democrat
Placebo control (bird feeding),1.0,0.6875,0.9375,0.53125,1.0,Male,1,Democrat
Protect Others - Linear Cooperation,0.8333333333333334,0.375,0.625,0.46875,0.5,Male,3,Independent
Baseline Information,1.0,0.921875,1.0,0.8125,0.9821428571428572,Male,3,Republican
Reframing Bravery,1.0,0.640625,0.8125,0.8125,0.8214285714285714,Female,2,Democrat
Baseline Information,1.0,0.765625,0.8125,0.75,0.75,Male,2,Republican
Reframing Bravery,,0.5196951959764134,0.5,0.53125,0.5178571428571429,Female,1,Republican
Baseline Information,,0.53125,0.5,0.8125,0.5,Male,1,Democrat
Baseline Information,,0.5353201959764134,0.375,0.46875,0.3928571428571428,Male,2,Republican
Placebo control (bird feeding),,0.515625,0.5,0.5625,0.4821428571428571,Female,1,Democrat
Protect Others - Linear Cooperation,0.5,0.40625,0.4375,0.3125,0.5178571428571429,Male,1,Democrat
Placebo control (bird feeding),0.9166666666666666,0.59375,0.6875,0.34375,0.625,Male,2,Independent
Reframing Bravery,0.6666666666666666,0.5196951959764134,0.4375,0.53125,0.6428571428571429,Male,1,Democrat
Reframing Bravery,,0.71875,0.625,0.40625,0.3928571428571428,Female,2,Democrat
Placebo control (bird feeding),0.8333333333333334,0.609375,0.75,0.53125,0.5178571428571429,Male,2,Democrat
Reframing Bravery,1.0,0.828125,1.0,0.78125,0.7678571428571429,Female,2,Independent
Baseline Information,1.0,0.8125,1.0,0.5625,0.5357142857142857,Female,3,Democrat
Baseline Information,1.0,0.75,0.6875,0.71875,0.9821428571428572,Male,2,Republican
Protect Others - Linear Cooperation,0.9166666666666666,0.90625,0.4375,0.875,0.3392857142857143,Female,2,Democrat
Placebo control (bird feeding),0.8333333333333334,0.671875,1.0,0.78125,0.9642857142857144,Male,1,Democrat
Protect Others - Linear Cooperation,0.75,0.671875,0.75,0.53125,0.3571428571428571,Male,2,Democrat
Placebo control (bird feeding),0.5,0.4375,0.125,0.4375,0.2142857142857142,Male,3,Republican
Reframing Bravery,1.0,0.90625,1.0,0.84375,0.6964285714285714,Female,2,Republican
Reframing Bravery,1.0,0.65625,1.0,0.5625,0.7142857142857143,Female,1,Republican
Baseline Information,0.75,0.8534505297328556,1.0,0.5625,,Male,3,Republican
Baseline Information,1.0,0.71875,1.0,0.71875,0.9285714285714286,Female,3,Republican
Reframing Bravery,,0.484375,0.5625,0.53125,0.4821428571428571,Female,2,Democrat
Placebo control (bird feeding),1.0,0.71875,0.375,0.9375,0.5357142857142857,Male,2,Republican
Placebo control (bird feeding),1.0,0.828125,0.875,0.6875,0.1964285714285714,Male,2,Independent
Reframing Bravery,1.0,0.875,1.0,0.8125,1.0,Male,3,Independent
Placebo control (bird feeding),0.3333333333333333,0.578125,0.5,0.21875,0.25,Male,1,Republican
Protect Others - Linear Cooperation,1.0,0.96875,1.0,0.96875,0.9821428571428572,Female,1,Republican
Baseline Information,,0.7228201959764134,0.8125,0.59375,0.6785714285714286,Male,2,Democrat
Baseline Information,0.0,0.421875,0.375,0.1875,0.0535714285714285,Female,4,Republican
Placebo control (bird feeding),0.0,0.71875,1.0,0.0,0.0892857142857142,Female,1,Republican
Reframing Bravery,,0.5625,0.875,0.6875,0.5535714285714286,Male,2,Democrat
Baseline Information,0.5,0.515625,0.5625,0.46875,0.5714285714285714,Male,1,Democrat
Placebo control (bird feeding),0.0,0.078125,0.0625,0.0625,0.5,Female,2,Republican
Protect Others - Linear Cooperation,1.0,0.96875,1.0,0.96875,0.2142857142857142,Male,1,Democrat
Baseline Information,1.0,0.703125,0.8125,0.875,0.8928571428571429,Female,2,Democrat
Protect Others - Linear Cooperation,0.9166666666666666,0.53125,0.5,0.5,0.5,Male,1,Democrat
Reframing Bravery,0.6666666666666666,0.75,1.0,0.6875,0.6785714285714286,Female,2,Republican
Reframing Bravery,0.9166666666666666,0.640625,0.6875,0.6875,0.5714285714285714,Male,2,Democrat
Placebo control (bird feeding),0.9166666666666666,0.78125,0.625,1.0,0.9642857142857144,Female,3,Republican
Baseline Information,0.0,,0.5625,0.5625,0.9821428571428572,Female,3,Republican
Baseline Information,1.0,0.78125,0.9375,0.78125,0.9821428571428572,Male,2,Independent
Protect Others - Linear Cooperation,0.75,0.5625,0.3125,0.78125,0.7678571428571429,Male,1,Republican
Reframing Bravery,1.0,0.703125,0.875,0.90625,0.7142857142857143,Female,2,Republican
Placebo control (bird feeding),0.8333333333333334,0.828125,0.625,0.875,0.9642857142857144,Male,1,Democrat
Reframing Bravery,0.75,0.59375,0.5,0.28125,0.5,Male,3,Republican
Reframing Bravery,,0.40625,0.3125,0.65625,0.7857142857142857,Female,2,Republican
Protect Others - Linear Cooperation,1.0,0.75,0.6875,0.46875,0.7321428571428571,Female,1,Democrat
Protect Others - Linear Cooperation,0.0,0.78125,1.0,0.0625,0.0357142857142857,Female,4,Republican
Baseline Information,0.5,0.84375,1.0,0.46875,0.375,Male,3,Republican
Protect Others - Linear Cooperation,1.0,0.40625,0.5,0.3125,0.8571428571428571,Female,3,Republican
Placebo control (bird feeding),0.5,0.75,0.8125,0.3125,0.5,Female,2,Democrat
Baseline Information,1.0,0.6875,0.5,0.5,0.6607142857142857,Male,1,Independent
Reframing Bravery,1.0,0.90625,1.0,0.96875,0.8214285714285714,Male,4,Republican
Reframing Bravery,0.75,0.515625,0.5,0.5625,0.5714285714285714,Male,1,Republican
Protect Others - Linear Cooperation,0.8333333333333334,0.34375,0.3125,0.5732141383294816,0.6964285714285714,Female,3,Republican
Placebo control (bird feeding),1.0,0.8125,0.9375,0.8125,0.7678571428571429,Female,2,Democrat
Baseline Information,1.0,0.1875,0.0,0.5,0.9285714285714286,Female,1,Republican
Placebo control (bird feeding),0.9166666666666666,0.578125,0.4375,0.65625,0.7142857142857143,Male,1,Democrat
Placebo control (bird feeding),0.8333333333333334,0.734375,0.8125,0.71875,0.6071428571428571,Male,1,Democrat
Baseline Information,1.0,0.71875,0.8125,0.40625,0.8214285714285714,Male,3,Democrat
Protect Others - Linear Cooperation,1.0,0.625,1.0,0.625,0.8571428571428571,Male,4,Republican
Placebo control (bird feeding),1.0,0.4375,0.0,0.5,0.9285714285714286,Female,3,Republican
Reframing Bravery,1.0,0.9375,0.875,0.96875,0.9642857142857144,Male,2,Republican
Baseline Information,0.8333333333333334,0.84375,0.8125,0.78125,0.9107142857142856,Male,2,Democrat
Reframing Bravery,0.4166666666666667,0.5,0.6708381479035985,0.59375,0.5178571428571429,Male,2,Democrat
Baseline Information,0.9166666666666666,0.8125,1.0,0.9375,0.6428571428571429,Female,1,Independent
Protect Others - Linear Cooperation,0.5,0.5,0.5,0.65625,0.5,Male,2,Republican
Placebo control (bird feeding),,0.75,0.9375,0.375,0.9285714285714286,Female,2,Democrat
Reframing Bravery,0.9166666666666666,0.8125,0.5,0.375,0.8571428571428571,Female,3,Republican
Placebo control (bird feeding),1.0,0.84375,1.0,0.9375,0.8214285714285714,Female,2,Democrat
Baseline Information,1.0,0.28125,0.0,0.8125,0.5,Female,2,Republican
Placebo control (bird feeding),0.8333333333333334,0.609375,0.9375,0.46875,0.7142857142857143,Male,1,Democrat
Reframing Bravery,1.0,0.90625,1.0,0.75,0.9285714285714286,Male,2,Independent
Protect Others - Linear Cooperation,1.0,0.59375,0.375,0.3125,0.75,Male,2,Republican
Placebo control (bird feeding),,0.453125,0.5625,0.09375,0.5178571428571429,Female,1,Independent
Baseline Information,0.6666666666666666,0.609375,0.6875,0.375,0.3571428571428571,Female,3,Republican
Baseline Information,,,,,,Male,2,Republican
Placebo control (bird feeding),0.5833333333333334,0.59375,0.4375,0.28125,1.0,Male,1,Democrat
Reframing Bravery,1.0,0.921875,0.9375,0.59375,0.9642857142857144,Male,1,Democrat
Reframing Bravery,0.8333333333333334,0.71875,0.875,0.78125,0.6071428571428571,Male,2,Democrat
Placebo control (bird feeding),0.9166666666666666,0.859375,1.0,0.71875,0.5357142857142857,Male,1,Republican
Protect Others - Linear Cooperation,0.9166666666666666,0.875,1.0,0.53125,0.25,Male,2,Independent
Placebo control (bird feeding),0.5,0.515625,0.5625,0.6875,0.6071428571428571,Male,1,Democrat
Protect Others - Linear Cooperation,,0.7071951959764134,0.6875,0.4375,0.2678571428571428,Male,2,Republican
Reframing Bravery,,0.78125,1.0,0.90625,0.5,Female,2,Republican
Baseline Information,0.3333333333333333,0.609375,0.375,0.0625,0.0,Female,2,Democrat
Protect Others - Linear Cooperation,0.8333333333333334,0.234375,0.0625,0.5,0.8392857142857143,Male,2,Republican
Baseline Information,,0.703125,1.0,0.59375,0.4107142857142857,Female,3,Democrat
Placebo control (bird feeding),0.9166666666666666,0.703125,1.0,0.84375,0.6785714285714286,Female,1,Republican
Reframing Bravery,1.0,0.859375,0.9375,0.53125,0.8928571428571429,Male,2,Democrat
Reframing Bravery,0.9166666666666666,0.765625,1.0,0.84375,0.8214285714285714,Male,1,Independent
Placebo control (bird feeding),0.6666666666666666,0.640625,0.6875,0.5625,0.7678571428571429,Female,2,Republican
Baseline Information,1.0,0.515625,0.75,0.375,0.7857142857142857,Female,1,Democrat
Protect Others - Linear Cooperation,,0.625,0.5625,0.53125,0.9285714285714286,Male,1,Republican
Placebo control (bird feeding),0.6666666666666666,0.5,0.75,0.71875,0.6428571428571429,Female,2,Independent
Baseline Information,1.0,0.84375,0.9375,0.90625,0.8392857142857143,Male,1,Independent
Baseline Information,0.6666666666666666,0.796875,0.9375,0.53125,0.7321428571428571,Female,3,Democrat
Placebo control (bird feeding),0.9166666666666666,0.890625,0.875,0.4375,0.7857142857142857,Female,3,Republican
Reframing Bravery,1.0,0.7938623618670625,0.5,0.5,0.8571428571428571,Male,1,Democrat
Baseline Information,,0.515625,0.75,0.5625,0.5714285714285714,Female,2,Democrat
Baseline Information,0.5833333333333334,0.640625,0.75,0.375,0.3571428571428571,Female,3,Republican
Placebo control (bird feeding),0.5,0.5,0.5,0.5,0.5,Female,2,Independent
Protect Others - Linear Cooperation,0.8333333333333334,0.765625,0.6875,0.78125,0.6607142857142857,Male,1,Republican
Protect Others - Linear Cooperation,1.0,0.828125,1.0,0.875,0.8392857142857143,Male,2,Democrat
Reframing Bravery,0.0,0.5509451959764134,0.75,0.125,0.0,Female,3,Democrat
Protect Others - Linear Cooperation,1.0,0.8125,1.0,0.6875,0.4642857142857143,Female,2,Republican
Baseline Information,0.5,0.703125,0.5625,0.71875,0.5714285714285714,Female,2,Republican
Placebo control (bird feeding),0.75,0.734375,0.6875,0.28125,0.5,Male,1,Democrat
Baseline Information,0.9166666666666666,0.3125,0.25,0.84375,0.5892857142857143,Female,1,Independent
Reframing Bravery,0.0,0.8125,1.0,0.53125,0.0714285714285714,Female,2,Democrat
Placebo control (bird feeding),1.0,0.8125,1.0,0.875,1.0,Female,3,Republican
Protect Others - Linear Cooperation,1.0,0.9375,1.0,0.9375,0.0714285714285714,Female,3,Democrat
Placebo control (bird feeding),0.75,0.515625,0.5,0.5,0.5,Male,1,Independent
Baseline Information,0.75,0.515625,0.3125,0.84375,0.6428571428571429,Male,1,Republican
Protect Others - Linear Cooperation,0.9166666666666666,0.78125,0.25,0.71875,0.9107142857142856,Male,1,Republican
Placebo control (bird feeding),0.8333333333333334,0.34375,0.1875,0.46875,0.5357142857142857,Female,1,Republican
Reframing Bravery,1.0,1.0,1.0,1.0,1.0,Female,1,Republican
Protect Others - Linear Cooperation,1.0,0.75,0.875,0.9375,0.8035714285714286,Female,3,Republican
Protect Others - Linear Cooperation,1.0,0.59375,0.5,0.8125,0.5714285714285714,Female,1,Democrat
Baseline Information,0.9166666666666666,0.828125,1.0,0.65625,0.5357142857142857,Male,1,Democrat
Reframing Bravery,0.9166666666666666,0.890625,1.0,0.8125,0.4107142857142857,Female,2,Independent
Reframing Bravery,0.0,0.625,0.75,0.5,0.0714285714285714,Female,1,Democrat
Placebo control (bird feeding),1.0,0.9375,1.0,0.78125,0.9642857142857144,Female,1,Republican
Reframing Bravery,0.6666666666666666,0.953125,0.75,0.6875,0.9642857142857144,Female,2,Republican
Baseline Information,0.75,0.390625,0.625,0.59375,0.75,Male,1,Independent
Baseline Information,1.0,1.0,1.0,1.0,0.8928571428571429,Male,1,Republican
Protect Others - Linear Cooperation,1.0,0.78125,1.0,0.96875,0.8214285714285714,Female,1,Republican
Placebo control (bird feeding),1.0,1.0,1.0,1.0,0.9285714285714286,Female,3,Republican
Placebo control (bird feeding),1.0,0.203125,0.0,0.5,0.9285714285714286,Male,1,Republican
Reframing Bravery,,0.4728201959764134,0.25,0.1875,0.375,Male,1,Republican
Baseline Information,1.0,0.875,1.0,0.9375,0.9464285714285714,Female,2,Independent
Reframing Bravery,,0.96875,1.0,0.28125,0.7142857142857143,Female,2,Republican
Baseline Information,1.0,0.9375,1.0,0.6875,0.9285714285714286,Female,1,Democrat
Placebo control (bird feeding),1.0,0.703125,0.5625,0.75,0.4107142857142857,Female,3,Democrat
Protect Others - Linear Cooperation,,0.828125,1.0,0.53125,0.2142857142857142,Female,3,Democrat
Placebo control (bird feeding),0.6666666666666666,0.359375,0.5625,0.46875,0.6607142857142857,Male,1,Democrat
Placebo control (bird feeding),0.9166666666666666,0.890625,1.0,0.75,0.9107142857142856,Female,3,Independent
Placebo control (bird feeding),1.0,0.828125,0.8125,0.9375,0.7142857142857143,Female,1,Democrat
Placebo control (bird feeding),0.5833333333333334,0.4375,0.4375,0.4375,0.5178571428571429,Male,1,Republican
Reframing Bravery,,0.703125,0.875,0.875,0.4285714285714285,Female,2,Republican
Reframing Bravery,,0.484375,0.3125,0.5,0.9107142857142856,Male,1,Republican
Protect Others - Linear Cooperation,1.0,0.890625,1.0,0.65625,0.9642857142857144,Male,1,Democrat
Baseline Information,0.5,0.609375,0.5,0.40625,0.5357142857142857,Male,1,Republican
Baseline Information,0.9166666666666666,0.921875,1.0,0.84375,0.4821428571428571,Female,1,Democrat
Placebo control (bird feeding),1.0,0.96875,0.9375,0.96875,0.9285714285714286,Male,1,Democrat
Reframing Bravery,,0.6446951959764134,0.625,0.4375,0.4285714285714285,Male,1,Republican
Protect Others - Linear Cooperation,1.0,0.96875,1.0,0.53125,0.5178571428571429,Female,3,Independent
Baseline Information,1.0,1.0,1.0,0.875,0.8928571428571429,Male,1,Independent
Placebo control (bird feeding),0.0,0.3125,0.0,0.0,0.0,Male,1,Republican
Placebo control (bird feeding),1.0,0.796875,0.6875,0.5,0.6071428571428571,Female,1,Republican
Protect Others - Linear Cooperation,0.5,0.5,0.5,0.5,0.5,Male,1,Republican
Reframing Bravery,,0.8125,0.8125,0.21875,0.5714285714285714,Male,1,Democrat
Placebo control (bird feeding),0.8333333333333334,0.3125,0.0,0.8125,0.7857142857142857,Male,1,Republican
Baseline Information,1.0,0.625,0.5625,0.78125,0.9285714285714286,Male,1,Democrat
Reframing Bravery,1.0,0.546875,0.3125,0.5625,0.7678571428571429,Female,2,Independent
Reframing Bravery,0.8333333333333334,0.359375,0.25,0.5,0.625,Female,1,Democrat
Protect Others - Linear Cooperation,0.75,0.609375,0.5,0.5,0.4464285714285714,Male,1,Republican
Baseline Information,0.8333333333333334,0.640625,0.8125,0.6875,0.9107142857142856,Female,1,Democrat
Placebo control (bird feeding),,0.6134451959764134,0.25,0.0,0.1607142857142857,Male,1,Democrat
Protect Others - Linear Cooperation,1.0,0.734375,0.75,0.96875,1.0,Male,1,Democrat
Baseline Information,0.75,0.921875,0.5,0.4375,0.6071428571428571,Male,3,Republican
Placebo control (bird feeding),0.5,0.421875,0.5625,0.65625,0.4821428571428571,Male,1,Democrat
Protect Others - Linear Cooperation,1.0,1.0,1.0,0.96875,0.8928571428571429,Male,1,Republican
Placebo control (bird feeding),1.0,0.75,0.5,0.375,0.6964285714285714,Male,2,Democrat
Protect Others - Linear Cooperation,0.9166666666666666,0.203125,0.25,0.375,0.8392857142857143,Male,2,Independent
Placebo control (bird feeding),1.0,0.84375,0.9375,0.625,0.9107142857142856,Female,3,Independent
Reframing Bravery,1.0,0.75,0.8125,0.9375,0.9285714285714286,Male,1,Democrat
Reframing Bravery,,0.328125,0.375,0.46875,0.7321428571428571,Female,2,Republican
Placebo control (bird feeding),1.0,0.8125,0.75,0.6875,0.9821428571428572,Female,3,Independent
Protect Others - Linear Cooperation,0.5,0.5,0.5,0.5,0.5,Male,1,Democrat
Baseline Information,0.75,0.78125,0.75,0.5625,0.5178571428571429,Female,1,Democrat
Protect Others - Linear Cooperation,0.9166666666666666,0.875,1.0,0.21875,1.0,Female,3,Democrat
Reframing Bravery,,0.3009451959764134,0.4375,0.46875,0.6071428571428571,Female,1,Democrat
Placebo control (bird feeding),0.5,0.484375,0.3125,0.34375,0.3571428571428571,Male,1,Democrat
Placebo control (bird feeding),0.5,0.5202252930977542,0.5,0.5,0.5,Female,3,Democrat
Protect Others - Linear Cooperation,1.0,0.25,0.375,0.625,0.9285714285714286,Female,1,Democrat
Placebo control (bird feeding),1.0,0.78125,0.6875,0.53125,0.75,Male,2,Democrat
Reframing Bravery,1.0,0.8125,0.6875,0.65625,0.4642857142857143,Male,2,Democrat
Protect Others - Linear Cooperation,1.0,0.875,0.875,0.40625,0.9285714285714286,Male,2,Democrat
Baseline Information,1.0,0.59375,0.625,0.5,0.2142857142857142,Male,1,Democrat
Protect Others - Linear Cooperation,0.9166666666666666,0.765625,0.625,0.84375,0.8035714285714286,Female,3,Republican
Baseline Information,0.5833333333333334,0.46875,0.3125,0.46875,0.6428571428571429,Female,2,Democrat
Reframing Bravery,0.9166666666666666,0.703125,0.6875,0.5,0.75,Female,1,Democrat
Baseline Information,,0.28125,0.0,0.46875,0.7857142857142857,Male,2,Republican
Protect Others - Linear Cooperation,1.0,0.703125,0.8125,0.9375,0.7857142857142857,Female,3,Democrat
Placebo control (bird feeding),0.8333333333333334,0.828125,0.9375,0.59375,0.5892857142857143,Male,1,Democrat
Baseline Information,,0.59375,0.25,0.375,0.5892857142857143,Male,1,Independent
Protect Others - Linear Cooperation,1.0,0.53125,0.0625,0.53125,0.8571428571428571,Male,1,Republican
Reframing Bravery,,0.5625,0.4375,0.40625,0.375,Male,1,Republican
Reframing Bravery,0.75,0.609375,0.625,0.46875,0.3928571428571428,Male,1,Democrat
Protect Others - Linear Cooperation,0.5833333333333334,0.75,0.5,0.625,0.6785714285714286,Female,2,Republican
Baseline Information,1.0,0.703125,0.6875,0.59375,0.75,Female,3,Independent
Placebo control (bird feeding),1.0,0.8125,0.6875,0.5,0.7857142857142857,Female,3,Democrat
Reframing Bravery,1.0,0.84375,1.0,0.5625,0.8035714285714286,Male,1,Republican
Reframing Bravery,,0.734375,0.8125,,0.6785714285714286,Male,1,Democrat
Protect Others - Linear Cooperation,0.9166666666666666,0.46875,0.5625,0.875,0.7857142857142857,Female,1,Independent
Baseline Information,0.25,0.5509451959764134,0.1875,0.15625,0.3035714285714285,Female,1,Republican
Reframing Bravery,1.0,0.640625,0.625,0.96875,1.0,Male,1,Republican
Reframing Bravery,1.0,0.765625,0.75,0.78125,0.9821428571428572,Female,1,Democrat
Protect Others - Linear Cooperation,0.75,0.828125,0.8125,0.5,0.9821428571428572,Female,1,Independent
Baseline Information,,0.421875,0.4375,0.5,0.4107142857142857,Female,1,Independent
Placebo control (bird feeding),,0.875,0.6875,0.71875,0.9642857142857144,Female,1,Independent
Protect Others - Linear Cooperation,0.5,0.5,0.5,0.5,0.5,Female,1,Republican
Placebo control (bird feeding),0.75,0.84375,1.0,0.625,0.4107142857142857,Male,1,Republican
Reframing Bravery,0.5,0.375,0.4375,0.1875,0.5178571428571429,Male,1,Republican
Baseline Information,1.0,0.9375,1.0,0.5625,0.9285714285714286,Female,3,Independent
Protect Others - Linear Cooperation,1.0,0.640625,0.5,0.6875,0.6071428571428571,Male,1,Republican
Reframing Bravery,,0.515625,0.3125,0.5,0.7142857142857143,Female,2,Republican
Baseline Information,1.0,0.890625,1.0,0.90625,0.6964285714285714,Male,1,Democrat
Baseline Information,0.9166666666666666,0.65625,0.625,0.5625,0.6428571428571429,Male,1,Democrat
Protect Others - Linear Cooperation,0.6666666666666666,0.65625,0.3125,0.75,0.7857142857142857,Male,1,Democrat
Reframing Bravery,1.0,0.921875,0.625,0.8125,0.7678571428571429,Male,1,Democrat
Baseline Information,0.9166666666666666,0.5625,0.5625,0.4375,0.4642857142857143,Male,1,Independent
Protect Others - Linear Cooperation,0.6666666666666666,0.578125,0.375,0.46875,0.7142857142857143,Male,1,Democrat
Placebo control (bird feeding),,0.5625,0.6083381479035985,0.53125,0.4642857142857143,Female,3,Republican
Reframing Bravery,1.0,0.71875,0.75,0.5625,0.4821428571428571,Male,1,Democrat
Baseline Information,,0.484375,0.5625,0.40625,0.4642857142857143,Female,1,Republican
Protect Others - Linear Cooperation,0.5,0.5,0.5,0.5,0.5,Male,1,Republican
Placebo control (bird feeding),1.0,0.90625,0.8125,0.90625,0.8392857142857143,Female,1,Democrat
Reframing Bravery,1.0,1.0,1.0,0.875,0.9285714285714286,Male,1,Independent
Reframing Bravery,0.75,0.84375,0.625,0.5,0.8571428571428571,Female,1,Republican
Protect Others - Linear Cooperation,,0.6134451959764134,0.5,0.40625,0.4464285714285714,Female,2,Republican
Baseline Information,1.0,0.890625,0.75,0.90625,1.0,Female,3,Republican
Protect Others - Linear Cooperation,0.9166666666666666,0.5625,1.0,0.5,0.6607142857142857,Female,2,Democrat
Placebo control (bird feeding),0.8333333333333334,0.8125,0.5,0.75,0.8928571428571429,Female,1,Democrat
Baseline Information,1.0,0.90625,0.875,0.96875,0.9642857142857144,Female,3,Republican
Placebo control (bird feeding),0.5,0.5,0.5625,0.46875,0.3928571428571428,Female,2,Republican
Protect Others - Linear Cooperation,0.9166666666666666,0.921875,1.0,0.71875,0.8571428571428571,Female,1,Democrat
Reframing Bravery,1.0,0.734375,0.6875,0.375,0.5,Male,1,Democrat
Reframing Bravery,1.0,0.90625,0.9375,0.625,0.8392857142857143,Female,3,Democrat
Reframing Bravery,0.75,0.625,0.9375,0.625,0.4642857142857143,Male,1,Democrat
Baseline Information,0.5,0.703125,1.0,0.46875,0.4285714285714285,Female,2,Democrat
Protect Others - Linear Cooperation,0.75,0.6875,0.625,0.90625,1.0,Male,2,Independent
Placebo control (bird feeding),1.0,0.75,1.0,0.90625,0.8571428571428571,Male,1,Independent
Protect Others - Linear Cooperation,0.75,0.640625,0.75,0.53125,0.4821428571428571,Female,1,Democrat
Baseline Information,1.0,1.0,1.0,0.90625,1.0,Female,3,Democrat
Placebo control (bird feeding),0.9166666666666666,0.71875,0.8125,0.75,1.0,Female,3,Democrat
Baseline Information,0.5,0.5,0.5,0.40625,0.5,Female,2,Democrat
Reframing Bravery,0.75,0.75,0.8125,0.59375,0.6964285714285714,Female,3,Independent
Reframing Bravery,1.0,0.796875,0.5625,0.6875,0.8571428571428571,Female,1,Democrat
Baseline Information,1.0,0.734375,0.9375,0.8125,1.0,Female,2,Democrat
Placebo control (bird feeding),0.0,0.15625,0.1875,0.1875,0.75,Female,2,Independent
Reframing Bravery,0.9166666666666666,0.875,0.8125,0.59375,0.9821428571428572,Male,1,Democrat
Protect Others - Linear Cooperation,,0.65625,0.5,0.125,0.4285714285714285,Female,4,Republican
Baseline Information,0.0,0.6446951959764134,0.5625,0.21875,0.0892857142857142,Female,2,Democrat
Protect Others - Linear Cooperation,0.5,0.5,0.5,0.5,0.5,Male,1,Republican
Protect Others - Linear Cooperation,1.0,0.90625,0.75,0.9375,0.5,Female,2,Republican
Protect Others - Linear Cooperation,0.75,0.421875,0.75,0.90625,0.9285714285714286,Female,2,Democrat
Baseline Information,0.6666666666666666,0.28125,0.3125,0.4375,0.7142857142857143,Female,1,Republican
Placebo control (bird feeding),1.0,0.65625,0.5,0.71875,0.6428571428571429,Male,1,Republican
Reframing Bravery,1.0,1.0,0.9375,0.40625,1.0,Male,1,Democrat
Reframing Bravery,1.0,0.953125,1.0,0.75,0.5535714285714286,Female,2,Democrat
Placebo control (bird feeding),0.9166666666666666,0.84375,0.875,0.5625,0.875,Female,1,Democrat
Protect Others - Linear Cooperation,,0.40625,0.375,0.0625,0.6071428571428571,Female,1,Independent
Baseline Information,1.0,0.890625,1.0,0.90625,1.0,Male,1,Democrat
Protect Others - Linear Cooperation,1.0,0.828125,1.0,0.8125,0.8214285714285714,Female,2,Republican
Reframing Bravery,1.0,0.921875,1.0,0.375,1.0,Male,1,Democrat
Baseline Information,1.0,0.921875,0.75,0.5625,0.9285714285714286,Female,5,Republican
Reframing Bravery,1.0,0.765625,0.75,0.90625,0.8392857142857143,Male,2,Democrat
Baseline Information,1.0,0.171875,0.0,0.5,0.9285714285714286,Female,2,Republican
Protect Others - Linear Cooperation,0.9166666666666666,0.6875,0.75,0.3125,0.7321428571428571,Female,1,Democrat
Placebo control (bird feeding),0.6666666666666666,0.90625,1.0,0.5,0.0,Male,1,Democrat
Baseline Information,0.8333333333333334,0.890625,0.6875,0.625,0.875,Female,1,Republican
Protect Others - Linear Cooperation,1.0,0.9375,0.875,0.71875,0.9821428571428572,Male,1,Independent
Reframing Bravery,1.0,0.84375,0.75,0.375,0.8928571428571429,Male,1,Independent
Reframing Bravery,,0.484375,0.375,0.25,0.6071428571428571,Female,2,Republican
Baseline Information,0.6666666666666666,0.65625,1.0,0.5,0.5357142857142857,Male,4,Democrat
Placebo control (bird feeding),0.0,0.828125,1.0,0.78125,0.875,Female,4,Democrat
Placebo control (bird feeding),1.0,0.75,0.6875,0.59375,0.9285714285714286,Male,1,Democrat
Reframing Bravery,0.8333333333333334,0.6875,0.6875,0.46875,0.9464285714285714,Female,1,Democrat
Protect Others - Linear Cooperation,1.0,0.96875,1.0,0.96875,0.6428571428571429,Male,1,Republican
Placebo control (bird feeding),1.0,0.59375,0.375,0.84375,0.6071428571428571,Male,1,Independent
Placebo control (bird feeding),1.0,0.40625,0.0,0.53125,0.9285714285714286,Female,1,Republican
Baseline Information,0.9166666666666666,0.921875,1.0,0.40625,0.9642857142857144,Male,1,Independent
Baseline Information,,0.703125,0.75,0.21875,0.0714285714285714,Male,1,Republican
Reframing Bravery,0.8333333333333334,0.65625,1.0,0.65625,0.7142857142857143,Female,2,Democrat
Protect Others - Linear Cooperation,,,,,,Female,2,Republican
Protect Others - Linear Cooperation,0.0,0.59375,0.5,0.46875,0.1964285714285714,Male,1,Republican
Baseline Information,0.0,0.234375,0.375,0.125,0.0714285714285714,Female,3,Republican
Reframing Bravery,0.6666666666666666,0.609375,0.5625,0.5,0.5178571428571429,Female,2,Republican
Protect Others - Linear Cooperation,1.0,0.71875,0.75,1.0,0.8571428571428571,Male,4,Independent
Baseline Information,1.0,0.8125,0.9375,0.78125,0.9107142857142856,Female,1,Democrat
Reframing Bravery,0.9166666666666666,0.3125,0.375,0.53125,0.9107142857142856,Male,1,Republican
Placebo control (bird feeding),0.4166666666666667,0.484375,0.6875,0.25,0.5714285714285714,Female,4,Independent
Protect Others - Linear Cooperation,1.0,0.1875,0.0,0.5,0.9285714285714286,Female,2,Republican
Reframing Bravery,1.0,0.828125,0.875,0.9375,0.7142857142857143,Male,1,Republican
Reframing Bravery,,0.65625,0.5,0.40625,0.0357142857142857,Female,3,Republican
Reframing Bravery,1.0,0.953125,0.75,0.6875,0.8571428571428571,Male,5,Republican
Baseline Information,0.8333333333333334,0.859375,1.0,0.3125,0.0714285714285714,Female,3,Republican
Protect Others - Linear Cooperation,1.0,0.84375,0.9375,0.90625,0.7857142857142857,Male,5,Independent
Protect Others - Linear Cooperation,1.0,0.96875,1.0,1.0,1.0,Male,1,Democrat
Protect Others - Linear Cooperation,1.0,1.0,0.9375,0.625,0.9821428571428572,Male,5,Republican
Baseline Information,1.0,0.890625,0.75,0.78125,0.9285714285714286,Male,4,Republican
Reframing Bravery,0.9166666666666666,0.734375,0.3125,0.4375,0.75,Female,2,Republican
Reframing Bravery,0.75,0.5625,0.375,0.34375,0.5357142857142857,Male,5,Republican
Protect Others - Linear Cooperation,0.5,0.5,0.5,0.34375,0.5,Female,1,Independent
Baseline Information,1.0,0.828125,0.875,0.8125,0.8928571428571429,Female,3,Independent
Reframing Bravery,,0.515625,0.5,0.4375,0.4107142857142857,Female,2,Democrat
Protect Others - Linear Cooperation,0.9166666666666666,0.8125,0.75,0.84375,0.8214285714285714,Male,2,Republican
Baseline Information,1.0,0.875,1.0,0.84375,1.0,Female,3,Democrat
Reframing Bravery,,0.796875,0.9375,0.53125,0.4285714285714285,Female,3,Democrat
Placebo control (bird feeding),0.6666666666666666,0.484375,0.3125,0.375,0.7142857142857143,Male,1,Democrat
Placebo control (bird feeding),,0.90625,1.0,0.46875,0.9285714285714286,Female,2,Democrat
Protect Others - Linear Cooperation,1.0,0.9375,1.0,1.0,0.8392857142857143,Male,1,Democrat
Reframing Bravery,1.0,0.625,1.0,0.9375,0.7142857142857143,Female,3,Republican
Placebo control (bird feeding),1.0,0.9375,1.0,0.78125,0.9821428571428572,Female,1,Republican
Baseline Information,1.0,0.9375,1.0,0.90625,0.9642857142857144,Male,1,Democrat
Baseline Information,,0.5978201959764134,0.5,0.46875,0.5535714285714286,Female,3,Republican
Reframing Bravery,1.0,0.453125,0.125,0.25,0.8571428571428571,Female,2,Democrat
Protect Others - Linear Cooperation,0.75,0.71875,1.0,0.25,0.4464285714285714,Male,1,Democrat
Placebo control (bird feeding),0.9166666666666666,0.953125,1.0,0.90625,0.9642857142857144,Female,2,Republican
Placebo control (bird feeding),,0.484375,0.5625,0.5,0.6607142857142857,Female,1,Democrat
Placebo control (bird feeding),0.9166666666666666,0.75,0.5625,0.875,1.0,Male,3,Independent
Protect Others - Linear Cooperation,0.8333333333333334,0.734375,0.6875,0.46875,0.5,Female,2,Democrat
Placebo control (bird feeding),1.0,0.96875,0.9375,0.65625,0.5714285714285714,Male,2,Republican
Reframing Bravery,0.75,0.703125,0.375,0.71875,0.9821428571428572,Female,3,Republican
Protect Others - Linear Cooperation,0.5,0.4375,0.5,0.46875,0.5357142857142857,Male,2,Democrat
Reframing Bravery,1.0,0.96875,0.6875,0.6875,0.7142857142857143,Male,2,Independent
Protect Others - Linear Cooperation,0.5,0.5,0.5,0.5,0.5,Female,1,Democrat
Placebo control (bird feeding),0.8333333333333334,0.28125,0.1875,0.53125,0.8214285714285714,Female,1,Republican
Placebo control (bird feeding),1.0,0.65625,0.6875,0.5,0.8571428571428571,Male,2,Republican
Baseline Information,0.8333333333333334,0.8125,0.875,0.75,1.0,Female,3,Democrat
Protect Others - Linear Cooperation,0.8333333333333334,0.8125,1.0,0.96875,0.9464285714285714,Female,1,Independent
Baseline Information,0.9166666666666666,0.75,0.875,0.9375,0.9107142857142856,Female,2,Democrat
Protect Others - Linear Cooperation,1.0,0.3478201959764134,0.1875,0.5,0.625,Female,2,Republican
Baseline Information,,0.5625,0.6875,0.71875,0.6964285714285714,Female,3,Republican
Protect Others - Linear Cooperation,,0.546875,0.5,0.1875,0.2857142857142857,Female,1,Republican
Placebo control (bird feeding),,0.640625,0.375,0.3125,0.6071428571428571,Female,3,Republican
Reframing Bravery,1.0,0.984375,0.875,1.0,0.9464285714285714,Male,3,Democrat
Protect Others - Linear Cooperation,0.6666666666666666,0.5625,0.1875,0.625,0.6607142857142857,Female,3,Democrat
Reframing Bravery,1.0,0.875,0.5625,1.0,1.0,Female,3,Democrat
Reframing Bravery,0.0,0.390625,0.875,0.0,0.0,Female,2,Republican
Placebo control (bird feeding),1.0,0.84375,1.0,0.96875,0.6785714285714286,Female,4,Republican
Placebo control (bird feeding),0.9166666666666666,0.75,1.0,0.5,0.75,Male,3,Democrat
Baseline Information,1.0,0.6875,0.6875,0.71875,1.0,Female,3,Independent
Placebo control (bird feeding),0.8333333333333334,0.9375,1.0,0.84375,0.7857142857142857,Female,3,Republican
Reframing Bravery,0.6666666666666666,0.71875,0.5625,0.5,0.5714285714285714,Female,2,Democrat
Reframing Bravery,0.75,0.671875,0.9375,0.40625,0.5357142857142857,Female,3,Democrat
Baseline Information,0.75,0.578125,0.5625,0.6875,0.6428571428571429,Female,3,Republican
Placebo control (bird feeding),1.0,0.796875,0.875,0.40625,0.3214285714285714,Female,3,Republican
Baseline Information,0.9166666666666666,0.609375,0.75,0.46875,0.6428571428571429,Male,2,Republican
Reframing Bravery,1.0,0.828125,0.75,0.90625,0.5357142857142857,Female,2,Republican
Protect Others - Linear Cooperation,1.0,1.0,0.5,0.25,1.0,Female,4,Republican
Protect Others - Linear Cooperation,1.0,0.953125,1.0,0.46875,1.0,Male,2,Democrat
Protect Others - Linear Cooperation,0.8333333333333334,0.84375,0.8125,0.46875,1.0,Male,1,Republican
Placebo control (bird feeding),1.0,0.875,0.5625,0.4375,0.7142857142857143,Female,3,Independent
Placebo control (bird feeding),,0.625,0.1875,0.8125,0.5357142857142857,Female,3,Democrat
Baseline Information,0.8333333333333334,0.78125,1.0,0.96875,0.6607142857142857,Female,3,Democrat
Placebo control (bird feeding),0.75,0.8125,1.0,0.84375,0.625,Female,1,Republican
Placebo control (bird feeding),0.75,0.625,0.5,0.53125,0.625,Male,2,Republican
Reframing Bravery,0.0,0.484375,0.5625,0.09375,0.2142857142857142,Male,2,Republican
Baseline Information,,0.671875,0.8125,0.3125,0.4642857142857143,Female,3,Democrat
Reframing Bravery,1.0,1.0,1.0,0.875,0.7857142857142857,Male,2,Democrat
Reframing Bravery,1.0,0.828125,0.625,0.84375,0.6785714285714286,Female,3,Democrat
Placebo control (bird feeding),0.5,0.5,0.5,0.6875,0.5,Female,1,Republican
Baseline Information,,0.578125,0.875,0.09375,0.3571428571428571,Female,4,Republican
Protect Others - Linear Cooperation,1.0,0.828125,0.875,0.875,0.875,Female,1,Independent
Protect Others - Linear Cooperation,,0.5509451959764134,0.625,0.6875,0.8928571428571429,Female,1,Democrat
Baseline Information,0.9166666666666666,0.625,0.75,0.40625,0.4642857142857143,Female,3,Democrat
Protect Others - Linear Cooperation,1.0,0.75,0.5625,0.875,0.7142857142857143,Female,3,Republican
Reframing Bravery,,0.6290701959764134,0.625,0.71875,0.5892857142857143,Female,1,Democrat
Baseline Information,,0.609375,0.375,0.4375,0.5357142857142857,Female,2,Republican
Reframing Bravery,1.0,0.9375,0.625,0.6875,0.3928571428571428,Female,2,Republican
Baseline Information,,0.5821951959764134,0.8125,0.09375,0.6071428571428571,Male,2,Republican
Reframing Bravery,1.0,0.75,1.0,0.53125,0.8214285714285714,Female,1,Republican
Placebo control (bird feeding),,0.671875,0.9375,0.5,0.7142857142857143,Female,1,Democrat
Baseline Information,0.75,0.65625,0.6875,0.5,0.5535714285714286,Female,5,Republican
Baseline Information,0.9166666666666666,0.84375,1.0,0.6875,0.9642857142857144,Male,2,Republican
Reframing Bravery,1.0,0.96875,0.8125,0.8125,0.9285714285714286,Male,2,Republican
Placebo control (bird feeding),1.0,0.5625,1.0,0.78125,1.0,Male,2,Democrat
Placebo control (bird feeding),0.8333333333333334,0.890625,0.875,0.71875,0.4107142857142857,Female,2,Democrat
Protect Others - Linear Cooperation,0.6666666666666666,0.578125,1.0,0.375,0.5714285714285714,Male,2,Democrat
Reframing Bravery,,0.28125,0.0625,0.53125,0.6964285714285714,Male,1,Democrat
Protect Others - Linear Cooperation,1.0,0.6875,0.9375,0.875,0.9642857142857144,Female,2,Independent
Reframing Bravery,1.0,0.90625,0.875,0.625,0.7678571428571429,Male,3,Democrat
Protect Others - Linear Cooperation,1.0,0.828125,0.875,0.9375,0.8214285714285714,Female,3,Republican
Placebo control (bird feeding),0.8333333333333334,0.765625,1.0,0.46875,0.7321428571428571,Male,2,Democrat
Placebo control (bird feeding),0.8333333333333334,0.75,0.5625,0.53125,0.7857142857142857,Female,5,Republican
Protect Others - Linear Cooperation,0.25,0.703125,0.6875,0.25,0.0714285714285714,Female,1,Republican
Placebo control (bird feeding),,0.625,0.8125,0.0625,0.5357142857142857,Male,2,Republican
Reframing Bravery,0.0,0.46875,0.375,0.34375,0.0714285714285714,Male,2,Democrat
Baseline Information,0.5833333333333334,0.515625,0.5,0.25,0.5,Male,1,Republican
Placebo control (bird feeding),0.5,0.6875,0.5625,0.3125,0.4464285714285714,Female,4,Democrat
Baseline Information,0.25,0.25,0.75,0.09375,0.2142857142857142,Female,1,Republican
Reframing Bravery,0.8333333333333334,0.640625,0.875,0.5,0.9107142857142856,Male,2,Republican
Reframing Bravery,0.0,0.203125,0.0,0.0,0.1785714285714285,Female,5,Democrat
Protect Others - Linear Cooperation,,0.484375,0.6875,0.1875,0.3214285714285714,Female,2,Democrat
Placebo control (bird feeding),1.0,0.765625,0.75,0.96875,1.0,Female,1,Republican
Reframing Bravery,1.0,0.953125,1.0,0.9375,1.0,Female,2,Independent
Protect Others - Linear Cooperation,0.0,0.421875,0.4375,0.75,0.7678571428571429,Female,1,Independent
Protect Others - Linear Cooperation,1.0,0.8125,0.8125,0.625,0.4642857142857143,Male,2,Independent
Reframing Bravery,1.0,0.953125,0.8125,0.90625,0.9642857142857144,Male,4,Republican
Placebo control (bird feeding),1.0,0.75,1.0,0.5625,1.0,Female,2,Republican
Baseline Information,1.0,0.984375,1.0,0.96875,0.9464285714285714,Male,1,Democrat
Placebo control (bird feeding),1.0,0.859375,0.8125,0.9375,0.6964285714285714,Female,2,Republican
Reframing Bravery,1.0,0.890625,1.0,0.40625,0.6964285714285714,Female,2,Republican
Protect Others - Linear Cooperation,1.0,0.9375,1.0,0.84375,0.6428571428571429,Female,5,Democrat
Reframing Bravery,0.6666666666666666,0.359375,0.4375,0.28125,0.3392857142857143,Male,1,Republican
Baseline Information,1.0,0.6875,0.75,0.6875,0.3571428571428571,Male,4,Republican
Protect Others - Linear Cooperation,1.0,0.953125,1.0,0.71875,0.9285714285714286,Male,4,Republican
Baseline Information,1.0,0.90625,1.0,0.875,1.0,Female,2,Republican
Protect Others - Linear Cooperation,0.75,0.609375,0.625,0.4375,0.5714285714285714,Male,4,Democrat
Placebo control (bird feeding),0.8333333333333334,0.9375,1.0,1.0,0.7857142857142857,Female,5,Republican
Placebo control (bird feeding),1.0,0.984375,1.0,0.78125,0.8035714285714286,Male,4,Independent
Protect Others - Linear Cooperation,0.5,0.8125,0.4375,0.375,0.0892857142857142,Female,5,Republican
Placebo control (bird feeding),0.6666666666666666,0.359375,0.0625,0.09375,0.3928571428571428,Female,2,Democrat
Baseline Information,0.75,0.53125,0.3125,0.59375,0.6607142857142857,Female,1,Democrat
Reframing Bravery,0.5,0.28125,0.0,0.25,0.3571428571428571,Female,4,Democrat
Reframing Bravery,0.5,0.515625,0.25,0.375,0.6785714285714286,Female,1,Republican
Reframing Bravery,1.0,0.703125,0.625,0.875,0.75,Male,1,Republican
Reframing Bravery,1.0,0.78125,1.0,0.9375,0.9285714285714286,Female,4,Independent
Baseline Information,1.0,0.84375,1.0,0.75,0.9821428571428572,Female,4,Independent
Placebo control (bird feeding),1.0,0.671875,0.9375,0.90625,0.8928571428571429,Female,3,Republican
Protect Others - Linear Cooperation,0.9166666666666666,0.921875,0.8125,0.84375,0.8571428571428571,Female,5,Democrat
Baseline Information,0.8333333333333334,0.984375,1.0,0.625,0.9285714285714286,Female,5,Republican
Placebo control (bird feeding),1.0,0.90625,1.0,1.0,1.0,Female,4,Republican
Baseline Information,0.0,0.40625,0.9375,0.0,0.0,Female,1,Republican
Baseline Information,0.75,0.84375,0.625,0.6875,0.7857142857142857,Female,5,Democrat
Placebo control (bird feeding),0.9166666666666666,0.859375,0.875,0.625,0.9821428571428572,Male,5,Democrat
Baseline Information,1.0,0.828125,0.9375,0.65625,0.4285714285714285,Female,1,Republican
Baseline Information,0.9166666666666666,0.921875,0.875,0.6875,0.8214285714285714,Male,2,Republican
Placebo control (bird feeding),0.9166666666666666,0.765625,0.6875,0.8125,0.875,Male,5,Republican
Protect Others - Linear Cooperation,,0.4415701959764134,0.75,0.125,0.4464285714285714,Female,2,Republican
Reframing Bravery,0.75,0.953125,1.0,0.625,0.3571428571428571,Female,5,Republican
Reframing Bravery,,0.421875,0.4375,0.5,0.6607142857142857,Female,1,Republican
Placebo control (bird feeding),0.5,0.5,0.5,0.5,0.5,Male,1,Republican
Baseline Information,1.0,0.828125,0.75,0.875,0.3928571428571428,Male,5,Independent
Baseline Information,1.0,0.609375,0.1875,0.34375,0.5535714285714286,Male,1,Republican
Reframing Bravery,1.0,0.796875,0.9208381479035984,0.5625,0.375,Female,2,Democrat
Reframing Bravery,0.6666666666666666,0.78125,0.5,0.40625,0.6785714285714286,Male,1,Democrat
Protect Others - Linear Cooperation,1.0,0.890625,0.625,0.96875,0.7857142857142857,Male,5,Republican
Baseline Information,1.0,0.9375,1.0,0.84375,0.7857142857142857,Male,4,Republican
Baseline Information,0.8333333333333334,0.515625,0.5,0.5,0.7142857142857143,Male,1,Democrat
Baseline Information,0.5,0.5,0.5,0.5,0.5,Male,2,Democrat
Placebo control (bird feeding),1.0,0.796875,1.0,0.53125,1.0,Male,5,Republican
Reframing Bravery,1.0,0.859375,1.0,0.78125,0.5178571428571429,Female,5,Independent
Reframing Bravery,,,,,,Female,2,Republican
Reframing Bravery,1.0,0.890625,0.8125,0.8125,0.6785714285714286,Male,1,Independent
Protect Others - Linear Cooperation,1.0,0.984375,1.0,0.71875,0.9821428571428572,Male,5,Republican
Reframing Bravery,0.6666666666666666,0.453125,0.375,0.59375,0.7857142857142857,Female,2,Republican
Protect Others - Linear Cooperation,1.0,0.890625,0.75,0.90625,1.0,Male,4,Independent
Baseline Information,1.0,0.515625,0.75,0.625,0.5357142857142857,Male,2,Republican
Baseline Information,,0.90625,0.875,0.5,0.4821428571428571,Female,4,Independent
Reframing Bravery,1.0,0.578125,0.8125,1.0,1.0,Female,4,Republican
Protect Others - Linear Cooperation,0.9166666666666666,0.796875,0.9375,0.625,0.6607142857142857,Female,1,Democrat
Placebo control (bird feeding),0.5,0.78125,0.875,0.40625,0.8571428571428571,Female,1,Republican
Baseline Information,0.9166666666666666,0.578125,0.5,0.6875,0.75,Male,1,Democrat
Placebo control (bird feeding),0.9166666666666666,0.71875,0.3125,0.75,0.8214285714285714,Female,3,Republican
Baseline Information,0.75,0.34375,0.25,0.5,0.7142857142857143,Female,2,Democrat
Placebo control (bird feeding),1.0,0.96875,1.0,1.0,1.0,Female,5,Democrat
Placebo control (bird feeding),0.6666666666666666,0.953125,1.0,0.6875,0.75,Female,2,Democrat
Placebo control (bird feeding),1.0,0.671875,0.875,0.84375,1.0,Male,4,Independent
Protect Others - Linear Cooperation,0.0,0.328125,0.375,0.0,0.0535714285714285,Female,2,Republican
Protect Others - Linear Cooperation,1.0,1.0,1.0,0.78125,0.8928571428571429,Female,4,Republican
Reframing Bravery,1.0,0.796875,0.5625,0.78125,0.9285714285714286,Female,5,Republican
Protect Others - Linear Cooperation,0.8333333333333334,0.75,0.8125,0.5,0.6607142857142857,Female,2,Democrat
Placebo control (bird feeding),0.75,0.671875,0.75,0.6875,0.4285714285714285,Female,2,Independent
Baseline Information,1.0,0.578125,0.375,0.46875,0.5178571428571429,Male,4,Independent
Reframing Bravery,0.75,0.8125,1.0,0.4375,0.6607142857142857,Female,1,Independent
Placebo control (bird feeding),1.0,1.0,1.0,1.0,0.9821428571428572,Male,4,Republican
Reframing Bravery,0.5,0.4375,0.625,0.34375,0.4642857142857143,Female,2,Democrat
Baseline Information,1.0,0.890625,1.0,0.6875,0.9821428571428572,Male,4,Republican
Protect Others - Linear Cooperation,1.0,0.703125,0.6875,0.96875,1.0,Female,1,Democrat
Baseline Information,0.6666666666666666,0.5313444240941295,0.375,0.4375,0.6428571428571429,Female,2,Independent
Baseline Information,0.5,0.625,0.5625,0.28125,0.4642857142857143,Male,1,Republican
Protect Others - Linear Cooperation,0.9166666666666666,0.703125,0.3125,0.65625,0.7857142857142857,Female,2,Democrat
Protect Others - Linear Cooperation,,0.859375,0.8125,0.53125,0.6785714285714286,Male,4,Republican
Baseline Information,1.0,0.796875,1.0,1.0,1.0,Male,4,Republican
Protect Others - Linear Cooperation,0.9166666666666666,0.953125,0.6875,0.75,1.0,Male,1,Republican
Placebo control (bird feeding),0.9166666666666666,0.65625,0.375,0.625,0.6071428571428571,Male,4,Independent
Protect Others - Linear Cooperation,1.0,0.8125,0.9375,0.71875,1.0,Female,4,Republican
Protect Others - Linear Cooperation,,0.140625,0.125,0.375,0.75,Male,1,Republican
Baseline Information,1.0,1.0,1.0,0.75,0.7142857142857143,Female,2,Independent
Reframing Bravery,1.0,0.890625,1.0,0.78125,0.9821428571428572,Female,3,Republican
Placebo control (bird feeding),0.8333333333333334,0.890625,0.9375,0.59375,0.9107142857142856,Female,2,Democrat
Reframing Bravery,1.0,0.890625,1.0,0.9375,0.9285714285714286,Male,5,Republican
Baseline Information,1.0,0.1875,0.0,0.5,0.9285714285714286,Male,2,Republican
Placebo control (bird feeding),1.0,0.875,0.75,1.0,0.9285714285714286,Male,5,Democrat
Protect Others - Linear Cooperation,0.9166666666666666,0.8125,0.625,0.96875,1.0,Female,5,Republican
Baseline Information,0.8333333333333334,0.71875,0.6875,0.6875,0.7857142857142857,Male,5,Independent
Protect Others - Linear Cooperation,1.0,0.765625,1.0,0.9375,1.0,Female,5,Democrat
Placebo control (bird feeding),1.0,0.8030728994717728,1.0,0.5625,0.7857142857142857,Female,3,Republican
Reframing Bravery,0.75,0.53125,0.6875,0.78125,0.625,Male,5,Republican
Baseline Information,1.0,0.875,1.0,0.375,0.8928571428571429,Female,5,Republican
Placebo control (bird feeding),0.8333333333333334,0.6875,0.6875,0.625,0.8928571428571429,Male,1,Republican
Protect Others - Linear Cooperation,1.0,0.796875,0.875,0.46875,1.0,Male,5,Republican
Reframing Bravery,0.6666666666666666,0.5941161303630362,0.4375,0.59375,0.7142857142857143,Female,4,Republican
Baseline Information,0.0,0.84375,0.6875,0.375,0.5,Female,4,Republican
Placebo control (bird feeding),1.0,1.0,1.0,1.0,1.0,Female,5,Republican
Protect Others - Linear Cooperation,1.0,1.0,1.0,0.75,1.0,Female,4,Independent
Baseline Information,1.0,0.953125,1.0,0.46875,0.9285714285714286,Male,5,Republican
Reframing Bravery,0.8333333333333334,0.625,0.6875,0.5,1.0,Female,2,Independent
Baseline Information,0.6666666666666666,0.5,0.5625,0.53125,0.5892857142857143,Female,3,Independent
Placebo control (bird feeding),0.5,0.5,0.5,0.5,0.5,Female,1,Democrat
Placebo control (bird feeding),1.0,0.90625,0.9375,0.78125,0.9821428571428572,Male,1,Republican
Baseline Information,1.0,0.671875,0.75,0.71875,0.8928571428571429,Male,5,Republican
Baseline Information,1.0,0.8014752930977542,1.0,1.0,1.0,Male,5,Republican
Protect Others - Linear Cooperation,1.0,0.65625,0.875,0.78125,0.9285714285714286,Male,5,Republican
Protect Others - Linear Cooperation,0.8333333333333334,0.3125,0.8125,0.5624277456647399,0.9285714285714286,Female,5,Democrat
Baseline Information,0.5,0.359375,0.6875,0.125,0.5714285714285714,Female,3,Republican
Placebo control (bird feeding),0.5,0.5,0.5,0.5625,0.5,Female,2,Democrat
Protect Others - Linear Cooperation,1.0,0.84375,0.9375,0.59375,0.6785714285714286,Female,5,Republican
Reframing Bravery,0.5,0.46875,0.1875,0.375,1.0,Female,3,Democrat
Reframing Bravery,1.0,0.75,0.6875,0.78125,1.0,Female,5,Republican
Placebo control (bird feeding),1.0,0.671875,1.0,0.40625,1.0,Female,5,Republican
Baseline Information,1.0,0.8125,0.75,0.59375,0.7857142857142857,Male,5,Republican
Protect Others - Linear Cooperation,0.9166666666666666,0.890625,1.0,0.65625,1.0,Male,5,Republican
Baseline Information,0.5,0.5,0.5,0.5,0.5357142857142857,Male,1,Republican
Protect Others - Linear Cooperation,1.0,1.0,1.0,1.0,0.9821428571428572,Female,3,Republican
Placebo control (bird feeding),1.0,0.703125,0.8125,0.875,,Male,5,Republican
Reframing Bravery,1.0,0.875,1.0,0.96875,0.875,Female,5,Republican
Baseline Information,1.0,0.8125,1.0,0.65625,0.7142857142857143,Female,1,Democrat
Baseline Information,1.0,1.0,1.0,0.96875,0.9285714285714286,Male,2,Republican
Baseline Information,0.8333333333333334,0.8125,0.875,0.59375,0.6071428571428571,Male,2,Democrat
Protect Others - Linear Cooperation,1.0,0.78125,0.5625,0.71875,0.5357142857142857,Male,2,Republican
Reframing Bravery,1.0,0.890625,0.9375,0.875,0.7857142857142857,Male,2,Republican
Protect Others - Linear Cooperation,1.0,0.84375,0.8125,0.84375,1.0,Male,3,Republican
Placebo control (bird feeding),0.75,0.75,0.25,0.625,0.8571428571428571,Female,3,Republican
Placebo control (bird feeding),1.0,0.9375,1.0,0.28125,0.9285714285714286,Female,4,Republican
Placebo control (bird feeding),1.0,0.75,0.75,0.40625,0.75,Female,4,Republican
Protect Others - Linear Cooperation,0.75,0.890625,1.0,0.75,0.8571428571428571,Female,1,Democrat
Reframing Bravery,0.8333333333333334,0.65625,0.9375,0.84375,1.0,Male,2,Republican
Placebo control (bird feeding),,0.2071951959764134,0.125,0.21875,0.8392857142857143,Male,3,Republican
Protect Others - Linear Cooperation,0.9166666666666666,0.34375,0.3125,0.4375,0.6964285714285714,Male,1,Independent
Reframing Bravery,1.0,0.84375,0.875,0.875,0.9642857142857144,Male,5,Republican
Baseline Information,0.5833333333333334,0.578125,0.8125,0.5625,0.4464285714285714,Male,1,Democrat
Baseline Information,1.0,0.71875,0.625,0.6875,0.7857142857142857,Male,2,Republican
Reframing Bravery,1.0,0.875,1.0,0.96875,0.5714285714285714,Female,4,Independent
Placebo control (bird feeding),1.0,0.84375,0.75,0.84375,0.9821428571428572,Male,3,Democrat
Protect Others - Linear Cooperation,1.0,0.71875,0.875,0.9375,0.9821428571428572,Female,4,Republican
Placebo control (bird feeding),,0.6603201959764134,0.25,0.375,0.4464285714285714,Male,2,Republican
Placebo control (bird feeding),1.0,0.9375,1.0,0.625,1.0,Male,5,Democrat
Baseline Information,,0.4103201959764134,0.4375,0.1875,0.25,Male,2,Democrat
Baseline Information,0.9166666666666666,0.71875,1.0,0.78125,1.0,Male,5,Republican
Baseline Information,,0.8009451959764134,0.875,0.15625,0.0178571428571428,Male,1,Democrat
Placebo control (bird feeding),1.0,1.0,1.0,1.0,0.8571428571428571,Female,3,Republican
Reframing Bravery,0.9166666666666666,0.671875,0.5625,0.59375,0.7857142857142857,Female,2,Independent
Placebo control (bird feeding),1.0,0.6875,0.75,0.78125,0.7857142857142857,Male,2,Republican
Placebo control (bird feeding),0.8333333333333334,0.90625,0.5,0.34375,0.6071428571428571,Male,3,Democrat
Protect Others - Linear Cooperation,1.0,0.703125,0.75,0.84375,0.75,Male,1,Republican
Protect Others - Linear Cooperation,1.0,0.875,0.75,0.5,0.875,Male,5,Republican
Protect Others - Linear Cooperation,1.0,0.875,1.0,0.4375,0.6785714285714286,Female,2,Republican
Placebo control (bird feeding),1.0,0.890625,1.0,0.9375,0.9642857142857144,Male,2,Republican
Baseline Information,,0.609375,0.4375,0.25,0.3392857142857143,Female,3,Republican
Reframing Bravery,0.0,0.4571951959764134,0.4375,0.0625,0.125,Male,3,Democrat
Reframing Bravery,0.9166666666666666,0.859375,1.0,0.84375,0.9107142857142856,Male,2,Democrat
Reframing Bravery,0.8333333333333334,0.765625,0.875,0.375,0.75,Male,2,Democrat
Reframing Bravery,0.6666666666666666,0.5,0.5625,0.21875,0.6071428571428571,Female,2,Republican
Baseline Information,1.0,0.890625,0.875,0.9375,0.9464285714285714,Male,5,Republican
Protect Others - Linear Cooperation,,0.484375,0.375,0.40625,0.4285714285714285,Male,3,Republican
Placebo control (bird feeding),0.6666666666666666,0.9375,1.0,0.84375,0.9285714285714286,Male,2,Democrat
Protect Others - Linear Cooperation,0.5833333333333334,0.765625,1.0,0.625,0.9821428571428572,Male,3,Republican
Protect Others - Linear Cooperation,1.0,0.984375,1.0,0.71875,0.7857142857142857,Male,3,Democrat
Baseline Information,0.9166666666666666,0.984375,0.9375,0.65625,0.8214285714285714,Female,4,Republican
Protect Others - Linear Cooperation,0.0,0.4259451959764134,0.5,0.125,0.0,Male,3,Republican
Baseline Information,0.8333333333333334,1.0,1.0,1.0,1.0,Male,2,Democrat
Reframing Bravery,1.0,0.953125,1.0,0.84375,0.9285714285714286,Female,4,Republican
Reframing Bravery,1.0,0.8125,0.9375,0.9375,0.9642857142857144,Male,1,Republican
Placebo control (bird feeding),1.0,0.96875,1.0,0.375,0.9464285714285714,Male,5,Republican
Protect Others - Linear Cooperation,0.8333333333333334,0.859375,0.9375,0.6875,0.8392857142857143,Male,3,Republican
Baseline Information,0.9166666666666666,0.875,1.0,0.90625,0.8928571428571429,Female,2,Independent
Reframing Bravery,0.75,0.71875,0.75,0.75,0.7857142857142857,Female,4,Republican
Placebo control (bird feeding),0.9166666666666666,0.671875,0.6875,0.6875,0.7678571428571429,Female,2,Republican
Protect Others - Linear Cooperation,1.0,0.703125,0.375,0.625,1.0,Female,3,Republican
Protect Others - Linear Cooperation,1.0,0.984375,1.0,0.59375,1.0,Female,2,Democrat
Placebo control (bird feeding),,0.75,0.375,0.21875,0.4821428571428571,Female,4,Democrat
Reframing Bravery,,0.734375,0.875,0.25,0.6785714285714286,Male,2,Democrat
Reframing Bravery,0.9166666666666666,0.953125,0.9375,0.78125,0.9821428571428572,Female,4,Democrat
Reframing Bravery,0.1666666666666666,0.578125,0.3125,0.125,0.3928571428571428,Female,4,Republican
Reframing Bravery,0.6666666666666666,0.703125,0.8125,0.4375,0.75,Male,2,Republican
Baseline Information,1.0,0.859375,0.75,0.9375,0.9642857142857144,Female,4,Democrat
Placebo control (bird feeding),0.75,0.6875,0.6875,0.5625,0.875,Female,3,Independent
Protect Others - Linear Cooperation,,0.640625,0.5625,0.71875,0.6071428571428571,Male,1,Democrat
Baseline Information,1.0,0.9375,1.0,0.84375,0.9642857142857144,Male,5,Democrat
Protect Others - Linear Cooperation,,0.796875,1.0,0.03125,0.1428571428571428,Male,3,Republican
Placebo control (bird feeding),0.6666666666666666,0.765625,0.625,0.46875,0.5714285714285714,Female,4,Democrat
Protect Others - Linear Cooperation,1.0,1.0,1.0,0.9375,1.0,Male,4,Republican
Placebo control (bird feeding),,0.25,0.0625,0.0,0.0178571428571428,Male,3,Republican
Reframing Bravery,0.75,0.859375,0.875,0.75,0.8928571428571429,Female,5,Republican
Placebo control (bird feeding),1.0,0.84375,0.75,0.71875,0.7321428571428571,Male,5,Democrat
Placebo control (bird feeding),0.9166666666666666,0.96875,0.8125,0.46875,0.9821428571428572,Female,4,Republican
Protect Others - Linear Cooperation,0.9166666666666666,0.84375,0.6875,0.59375,1.0,Female,2,Democrat
Placebo control (bird feeding),1.0,0.9375,1.0,0.71875,0.8928571428571429,Female,3,Democrat
Reframing Bravery,1.0,0.875,0.9375,0.9375,0.8571428571428571,Female,3,Democrat
Placebo control (bird feeding),0.5,0.359375,0.25,0.3125,0.625,Female,4,Democrat
Placebo control (bird feeding),0.8333333333333334,0.84375,1.0,0.625,0.9821428571428572,Female,5,Republican
Baseline Information,0.8333333333333334,0.234375,0.125,0.53125,0.8214285714285714,Female,1,Republican
Placebo control (bird feeding),0.3333333333333333,0.7696951959764134,0.5,0.375,0.4821428571428571,Male,4,Democrat
Protect Others - Linear Cooperation,0.75,0.453125,0.25,0.46875,0.8035714285714286,Male,2,Democrat
Protect Others - Linear Cooperation,0.5,0.5,0.5,0.59375,0.5,Female,1,Democrat
Reframing Bravery,,0.2540701959764134,0.1875,0.1875,0.0892857142857142,Male,2,Democrat
Protect Others - Linear Cooperation,0.0,0.5625,0.75,0.125,0.0714285714285714,Female,2,Democrat
Reframing Bravery,0.9166666666666666,0.8125,0.875,0.625,0.8928571428571429,Male,5,Republican
Reframing Bravery,1.0,0.734375,0.625,0.59375,0.75,Female,4,Republican
Reframing Bravery,,0.75,0.75,0.375,0.8928571428571429,Male,4,Democrat
Baseline Information,0.8333333333333334,0.59375,0.875,0.40625,0.6785714285714286,Female,2,Independent
Placebo control (bird feeding),0.8333333333333334,0.78125,0.9375,0.75,0.7142857142857143,Female,4,Republican
Placebo control (bird feeding),1.0,0.9375,0.75,0.84375,0.8928571428571429,Female,3,Democrat
Baseline Information,1.0,0.875,0.6875,0.5625,0.875,Male,5,Republican
Placebo control (bird feeding),1.0,0.984375,0.9375,1.0,0.9821428571428572,Male,5,Republican
Protect Others - Linear Cooperation,1.0,0.8125,0.625,0.5625,0.9285714285714286,Male,3,Democrat
Reframing Bravery,0.5,0.796875,0.8125,0.53125,0.6607142857142857,Female,2,Republican
Reframing Bravery,0.1666666666666666,0.796875,0.5,0.1875,0.6071428571428571,Female,3,Republican
Reframing Bravery,1.0,0.953125,0.875,0.8125,0.9821428571428572,Female,2,Republican
Baseline Information,,0.484375,0.4375,0.25,0.375,Female,4,Republican
Protect Others - Linear Cooperation,1.0,0.828125,0.625,0.8125,1.0,Male,5,Democrat
Protect Others - Linear Cooperation,0.75,0.625,0.75,0.40625,0.6071428571428571,Female,4,Republican
Reframing Bravery,0.75,0.890625,0.75,0.6875,0.375,Female,4,Democrat
Placebo control (bird feeding),1.0,0.9375,0.8125,0.9375,1.0,Female,3,Democrat
Placebo control (bird feeding),1.0,0.921875,0.875,0.84375,1.0,Male,5,Republican
Baseline Information,1.0,0.9375,1.0,0.71875,0.8214285714285714,Female,3,Republican
Reframing Bravery,1.0,0.1875,0.0,0.5,0.9285714285714286,Female,2,Republican
Placebo control (bird feeding),1.0,0.875,0.4375,0.9375,0.9285714285714286,Female,1,Democrat
Protect Others - Linear Cooperation,1.0,0.8125,1.0,0.34375,0.8571428571428571,Male,5,Democrat
Reframing Bravery,1.0,0.734375,0.875,0.5,0.0714285714285714,Female,2,Republican
Reframing Bravery,1.0,1.0,0.8125,0.96875,0.9642857142857144,Male,2,Republican
Placebo control (bird feeding),0.0,0.421875,0.625,0.375,0.4285714285714285,Female,4,Republican
Placebo control (bird feeding),1.0,0.8125,0.9375,0.6875,0.7142857142857143,Male,2,Independent
Placebo control (bird feeding),0.9166666666666666,0.890625,0.9375,0.6875,0.9285714285714286,Female,5,Republican
Protect Others - Linear Cooperation,,0.71875,0.625,0.28125,0.3928571428571428,Female,5,Democrat
Reframing Bravery,0.8333333333333334,0.4375,0.5,0.59375,0.8392857142857143,Female,4,Republican
Baseline Information,1.0,0.953125,0.9375,0.375,0.9821428571428572,Male,3,Republican
Placebo control (bird feeding),,0.40625,0.0625,0.5625,0.5,Male,1,Republican
Protect Others - Linear Cooperation,0.5,0.5,0.5,0.6875,0.5,Male,2,Democrat
Protect Others - Linear Cooperation,1.0,0.625,0.5,0.5,1.0,Male,3,Republican
Reframing Bravery,0.25,0.75,0.625,0.59375,0.8928571428571429,Female,3,Republican
Reframing Bravery,1.0,0.578125,0.4375,0.3125,0.7678571428571429,Female,2,Democrat
Placebo control (bird feeding),1.0,0.921875,0.5,0.75,0.8571428571428571,Female,4,Democrat
Protect Others - Linear Cooperation,0.9166666666666666,0.671875,0.75,0.8125,0.6428571428571429,Male,4,Republican
Placebo control (bird feeding),0.8333333333333334,0.671875,0.8125,0.40625,0.9642857142857144,Female,5,Republican
Protect Others - Linear Cooperation,0.8333333333333334,0.734375,0.375,0.40625,0.6785714285714286,Female,3,Republican
Reframing Bravery,1.0,0.921875,1.0,0.71875,1.0,Female,4,Republican
Reframing Bravery,0.0,0.390625,0.0625,0.25,0.0535714285714285,Female,4,Democrat
Protect Others - Linear Cooperation,1.0,1.0,1.0,0.46875,0.9285714285714286,Male,4,Republican
Placebo control (bird feeding),0.9166666666666666,0.71875,0.9375,0.6875,0.7857142857142857,Male,3,Republican
Protect Others - Linear Cooperation,0.5833333333333334,0.4375,0.1875,0.375,0.4285714285714285,Male,3,Republican
Protect Others - Linear Cooperation,1.0,0.71875,0.5,0.75,0.9642857142857144,Male,5,Republican
Baseline Information,0.9166666666666666,0.84375,0.5625,0.78125,0.7142857142857143,Female,5,Republican
Placebo control (bird feeding),1.0,0.84375,0.8125,0.78125,0.7142857142857143,Female,5,Democrat
Baseline Information,1.0,1.0,0.9375,0.78125,0.75,Female,4,Democrat
Placebo control (bird feeding),0.9166666666666666,0.75,0.875,0.78125,0.5178571428571429,Male,2,Democrat
Baseline Information,1.0,0.828125,1.0,0.65625,0.8928571428571429,Female,4,Democrat
Protect Others - Linear Cooperation,0.3333333333333333,0.75,1.0,0.25,0.3035714285714285,Female,5,Democrat
Reframing Bravery,0.75,0.5625,0.5625,0.375,0.6785714285714286,Female,4,Republican
Protect Others - Linear Cooperation,1.0,1.0,1.0,0.78125,0.9285714285714286,Female,4,Democrat
Reframing Bravery,1.0,0.90625,0.625,0.84375,0.9642857142857144,Male,5,Democrat
Baseline Information,,0.71875,0.875,0.15625,0.3571428571428571,Female,5,Democrat
Placebo control (bird feeding),0.0,0.359375,0.625,0.0625,0.3214285714285714,Female,5,Republican
Baseline Information,1.0,0.59375,0.75,0.65625,0.9285714285714286,Male,5,Independent
Reframing Bravery,0.9166666666666666,0.5625,0.5,0.21875,0.9107142857142856,Female,4,Republican
Baseline Information,0.9166666666666666,0.734375,0.75,0.71875,0.7321428571428571,Female,4,Democrat
Protect Others - Linear Cooperation,0.75,0.703125,0.75,0.5,0.875,Male,2,Democrat
Placebo control (bird feeding),1.0,0.734375,0.8125,0.96875,0.8571428571428571,Male,1,Democrat
Reframing Bravery,1.0,0.703125,0.5,0.84375,0.9285714285714286,Male,3,Republican
Placebo control (bird feeding),0.6666666666666666,0.25,0.4375,0.53125,0.8035714285714286,Female,2,Republican
Baseline Information,,0.421875,0.3125,0.5,0.6785714285714286,Female,5,Democrat
Baseline Information,,0.78125,1.0,0.6875,0.7678571428571429,Female,2,Democrat
Reframing Bravery,1.0,0.84375,0.75,0.6875,0.8214285714285714,Female,4,Democrat
Placebo control (bird feeding),1.0,0.84375,0.8125,0.65625,1.0,Female,4,Democrat
Protect Others - Linear Cooperation,0.75,0.734375,1.0,0.53125,0.8392857142857143,Male,2,Democrat
Placebo control (bird feeding),,0.515625,0.3125,0.25,0.5357142857142857,Female,4,Republican
Baseline Information,1.0,0.875,0.6875,0.71875,0.9642857142857144,Male,1,Independent
Protect Others - Linear Cooperation,,0.328125,0.1875,0.125,0.0357142857142857,Male,4,Democrat
Placebo control (bird feeding),0.75,0.734375,1.0,0.65625,0.7857142857142857,Female,2,Republican
Baseline Information,1.0,0.96875,1.0,0.75,0.8928571428571429,Male,2,Independent
Placebo control (bird feeding),0.9166666666666666,0.703125,1.0,0.9375,0.9642857142857144,Male,3,Democrat
Baseline Information,1.0,0.71875,0.5625,0.90625,0.8571428571428571,Female,2,Independent
Reframing Bravery,1.0,0.796875,0.75,0.6875,0.9642857142857144,Male,5,Republican
Protect Others - Linear Cooperation,,0.3946951959764134,0.3125,0.21875,0.375,Female,5,Republican
Protect Others - Linear Cooperation,1.0,0.75,0.4375,0.90625,0.8571428571428571,Male,3,Republican
Baseline Information,1.0,0.828125,1.0,0.8125,0.8571428571428571,Female,1,Republican
Reframing Bravery,1.0,0.96875,1.0,0.625,0.1785714285714285,Female,2,Republican
Protect Others - Linear Cooperation,1.0,1.0,0.5625,1.0,0.8571428571428571,Male,5,Republican
Placebo control (bird feeding),0.8333333333333334,0.6875,0.625,0.78125,0.5535714285714286,Female,4,Republican
Baseline Information,1.0,0.1875,0.25,0.0,0.5,Female,2,Democrat
Baseline Information,1.0,0.875,1.0,0.90625,0.9642857142857144,Male,4,Democrat
Placebo control (bird feeding),1.0,0.890625,1.0,0.78125,0.9821428571428572,Male,4,Republican
Reframing Bravery,,0.765625,0.75,0.46875,0.5714285714285714,Male,2,Democrat
Protect Others - Linear Cooperation,1.0,0.921875,0.9375,0.8125,0.9821428571428572,Male,2,Republican
Reframing Bravery,1.0,0.8125,0.875,1.0,0.9107142857142856,Female,4,Democrat
Protect Others - Linear Cooperation,0.6666666666666666,0.765625,0.8125,0.34375,0.7142857142857143,Female,4,Democrat
Placebo control (bird feeding),1.0,0.765625,1.0,0.6875,0.6428571428571429,Female,5,Republican
Placebo control (bird feeding),1.0,0.734375,0.9375,0.3125,0.7678571428571429,Male,4,Republican
Reframing Bravery,1.0,0.796875,0.9375,0.90625,1.0,Female,5,Democrat
Reframing Bravery,0.9166666666666666,0.8125,0.25,0.1875,0.8571428571428571,Male,5,Republican
Protect Others - Linear Cooperation,0.0,0.1875,0.5,0.0,0.3571428571428571,Male,3,Republican
Reframing Bravery,1.0,0.765625,1.0,0.5,0.9821428571428572,Male,3,Republican
Protect Others - Linear Cooperation,1.0,0.8125,0.75,0.96875,0.9642857142857144,Male,5,Republican
Reframing Bravery,1.0,0.71875,1.0,0.8125,0.8571428571428571,Female,5,Republican
Placebo control (bird feeding),0.6666666666666666,0.515625,0.25,0.71875,0.7142857142857143,Male,2,Democrat
Baseline Information,0.9166666666666666,0.90625,0.875,0.46875,0.9285714285714286,Female,2,Republican
Baseline Information,,0.734375,1.0,0.03125,0.0714285714285714,Female,5,Republican
Protect Others - Linear Cooperation,1.0,0.828125,1.0,0.375,0.5714285714285714,Female,4,Democrat
Reframing Bravery,1.0,0.828125,0.875,0.84375,1.0,Male,2,Democrat
Baseline Information,1.0,0.921875,1.0,1.0,0.9464285714285714,Male,4,Republican
Reframing Bravery,1.0,0.6875,0.5625,0.75,0.9821428571428572,Male,4,Democrat
Reframing Bravery,0.6666666666666666,0.640625,0.875,0.375,0.2678571428571428,Female,2,Independent
Placebo control (bird feeding),1.0,0.6875,0.625,0.8125,0.8035714285714286,Male,5,Republican
Placebo control (bird feeding),1.0,0.8125,0.9375,0.75,0.8928571428571429,Male,5,Democrat
Protect Others - Linear Cooperation,1.0,0.90625,1.0,0.5625,0.7857142857142857,Male,5,Republican
Reframing Bravery,1.0,0.953125,0.9375,0.8125,0.9464285714285714,Male,5,Republican
Protect Others - Linear Cooperation,1.0,0.8125,1.0,0.96875,0.875,Male,3,Republican
Protect Others - Linear Cooperation,1.0,0.765625,0.9375,0.96875,0.7857142857142857,Female,5,Democrat
Protect Others - Linear Cooperation,0.75,0.671875,0.75,0.6875,0.5714285714285714,Male,2,Democrat
Placebo control (bird feeding),1.0,0.984375,1.0,0.96875,0.8392857142857143,Female,5,Republican
Baseline Information,0.8333333333333334,0.65625,0.625,0.84375,0.7142857142857143,Female,4,Republican
Protect Others - Linear Cooperation,0.6666666666666666,0.84375,0.6875,0.4375,0.8571428571428571,Male,3,Republican
Protect Others - Linear Cooperation,1.0,0.9375,1.0,0.84375,0.9642857142857144,Male,3,Republican
Baseline Information,,0.75,0.625,0.4375,0.6964285714285714,Female,5,Democrat
Placebo control (bird feeding),0.6666666666666666,0.578125,0.375,0.375,0.6071428571428571,Female,5,Republican
Reframing Bravery,1.0,0.78125,1.0,0.90625,0.5714285714285714,Female,5,Republican
Baseline Information,0.9166666666666666,0.90625,0.9375,0.78125,0.9285714285714286,Female,3,Republican
Baseline Information,1.0,0.8125,1.0,0.96875,0.7857142857142857,Male,4,Republican
Reframing Bravery,0.9166666666666666,0.921875,1.0,0.71875,0.9285714285714286,Male,4,Republican
Reframing Bravery,,0.484375,0.625,0.21875,0.2857142857142857,Male,4,Republican
Protect Others - Linear Cooperation,0.6666666666666666,0.703125,0.6875,0.15625,0.5714285714285714,Female,4,Republican
Reframing Bravery,1.0,0.8125,0.6875,0.3125,0.6071428571428571,Female,4,Republican
Protect Others - Linear Cooperation,0.6666666666666666,0.9375,1.0,0.84375,0.9285714285714286,Male,1,Independent
Baseline Information,0.3333333333333333,0.671875,0.5625,0.125,0.3928571428571428,Female,2,Democrat
Reframing Bravery,0.6666666666666666,0.9375,1.0,0.5,0.4285714285714285,Female,4,Democrat
Protect Others - Linear Cooperation,1.0,0.84375,1.0,1.0,1.0,Male,2,Republican
Reframing Bravery,1.0,0.828125,1.0,0.6875,0.8392857142857143,Female,5,Republican
Reframing Bravery,1.0,0.921875,1.0,0.9375,0.8571428571428571,Female,2,Republican
Placebo control (bird feeding),0.9166666666666666,0.796875,0.6875,0.53125,0.6607142857142857,Male,2,Independent
Baseline Information,1.0,0.9375,1.0,0.6875,0.8928571428571429,Female,5,Republican
Baseline Information,0.3333333333333333,0.765625,0.8125,0.15625,0.5,Female,2,Democrat
Protect Others - Linear Cooperation,1.0,0.890625,0.8125,0.9375,0.9642857142857144,Female,5,Independent
Protect Others - Linear Cooperation,1.0,0.59375,0.5,0.5625,0.7857142857142857,Female,5,Republican
Placebo control (bird feeding),1.0,0.71875,0.8125,0.875,0.5357142857142857,Male,4,Republican
Reframing Bravery,0.5,0.4375,0.5,0.21875,0.7142857142857143,Female,2,Democrat
Placebo control (bird feeding),1.0,0.65625,1.0,0.90625,0.7857142857142857,Male,4,Democrat
Baseline Information,1.0,0.828125,1.0,0.90625,1.0,Male,5,Republican
Protect Others - Linear Cooperation,0.9166666666666666,0.859375,0.5625,0.34375,0.6785714285714286,Male,5,Independent
Placebo control (bird feeding),1.0,1.0,1.0,0.8125,1.0,Male,2,Republican
Protect Others - Linear Cooperation,1.0,0.796875,0.8125,0.53125,0.9642857142857144,Male,1,Republican
Placebo control (bird feeding),1.0,0.78125,0.875,0.8125,0.9642857142857144,Male,3,Republican
Reframing Bravery,0.1666666666666666,0.59375,0.375,0.09375,0.25,Female,3,Democrat
Placebo control (bird feeding),0.8333333333333334,0.921875,0.6875,0.65625,0.9107142857142856,Female,5,Democrat
Protect Others - Linear Cooperation,0.75,0.765625,0.875,0.625,0.8571428571428571,Female,1,Democrat
Baseline Information,0.6666666666666666,0.875,1.0,0.59375,0.7678571428571429,Female,5,Democrat
Baseline Information,1.0,0.984375,0.875,0.84375,0.8392857142857143,Male,5,Republican
Baseline Information,0.3333333333333333,0.46875,0.75,0.09375,0.3214285714285714,Male,5,Democrat
Reframing Bravery,,0.625,0.75,0.59375,0.5357142857142857,Male,3,Independent
Baseline Information,0.6666666666666666,0.65625,0.4375,0.1875,0.7857142857142857,Male,4,Democrat
Baseline Information,1.0,0.625,0.75,0.625,0.8571428571428571,Female,5,Republican
Placebo control (bird feeding),,0.78125,0.9375,0.8125,0.8214285714285714,Female,5,Democrat
Baseline Information,0.9166666666666666,0.859375,0.9375,0.90625,0.8928571428571429,Male,4,Democrat
Reframing Bravery,,0.4375,0.8125,0.09375,0.4107142857142857,Female,2,Democrat
Baseline Information,1.0,0.625,0.25,0.40625,0.3571428571428571,Female,5,Independent
Reframing Bravery,0.5,0.5625,0.75,0.5,0.6071428571428571,Male,4,Republican
Reframing Bravery,1.0,0.765625,0.875,0.875,0.9642857142857144,Male,4,Republican
Baseline Information,1.0,0.8125,0.9375,0.5625,0.8035714285714286,Female,5,Republican
Placebo control (bird feeding),1.0,0.953125,1.0,0.875,0.8214285714285714,Female,4,Republican
Reframing Bravery,0.8333333333333334,0.375,0.0,0.3125,0.6428571428571429,Male,3,Democrat
Protect Others - Linear Cooperation,,0.5040701959764134,0.0625,0.15625,0.4285714285714285,Female,5,Republican
Placebo control (bird feeding),,0.6875,0.875,0.125,0.0714285714285714,Male,2,Democrat
Baseline Information,,0.546875,0.4375,0.1875,0.3571428571428571,Female,4,Republican
Placebo control (bird feeding),0.8333333333333334,0.90625,1.0,0.4375,0.9821428571428572,Male,4,Republican
Placebo control (bird feeding),0.9166666666666666,0.78125,0.6875,0.75,0.7142857142857143,Female,4,Republican
Placebo control (bird feeding),0.8333333333333334,0.90625,0.5625,0.5625,0.9285714285714286,Female,5,Republican
Placebo control (bird feeding),,0.609375,0.6875,0.65625,0.5892857142857143,Male,3,Democrat
Placebo control (bird feeding),1.0,0.78125,1.0,0.90625,1.0,Male,5,Republican
Placebo control (bird feeding),0.9166666666666666,0.828125,1.0,0.8125,0.625,Male,4,Republican
Protect Others - Linear Cooperation,,0.6875,0.5625,0.0625,0.5,Female,2,Democrat
Baseline Information,0.8333333333333334,0.78125,0.5625,0.6875,0.5357142857142857,Male,2,Republican
Baseline Information,1.0,1.0,1.0,0.96875,0.8928571428571429,Male,4,Democrat
Placebo control (bird feeding),1.0,0.84375,1.0,1.0,1.0,Male,4,Democrat
Reframing Bravery,0.5,0.40625,0.75,0.21875,0.2857142857142857,Female,5,Democrat
Reframing Bravery,,0.578125,0.6875,0.1875,0.4285714285714285,Female,5,Democrat
Placebo control (bird feeding),0.9166666666666666,0.9375,1.0,0.6875,0.9285714285714286,Female,2,Democrat
Placebo control (bird feeding),0.75,0.6875,0.5,0.53125,0.4821428571428571,Male,1,Democrat
Protect Others - Linear Cooperation,0.75,0.421875,0.375,0.46875,0.7142857142857143,Male,3,Republican
Placebo control (bird feeding),0.0,0.4375,0.625,0.0,0.25,Male,4,Republican
Baseline Information,0.9166666666666666,0.625,0.8125,0.78125,0.5357142857142857,Male,4,Republican
Reframing Bravery,1.0,0.75,1.0,0.8125,0.8214285714285714,Male,5,Republican
Baseline Information,1.0,0.921875,1.0,0.96875,0.9821428571428572,Female,5,Republican
Reframing Bravery,1.0,0.84375,0.25,0.4375,1.0,Male,2,Democrat
Protect Others - Linear Cooperation,1.0,0.921875,1.0,0.84375,0.9821428571428572,Female,5,Republican
Protect Others - Linear Cooperation,1.0,0.859375,0.8125,0.78125,0.9642857142857144,Male,5,Republican
Baseline Information,,0.578125,0.625,0.34375,0.625,Female,5,Democrat
Protect Others - Linear Cooperation,0.9166666666666666,0.75,0.75,0.40625,0.6785714285714286,Female,3,Democrat
Baseline Information,1.0,0.921875,0.9375,1.0,0.7857142857142857,Female,3,Republican
Reframing Bravery,1.0,0.6875,0.625,0.5,0.8928571428571429,Male,1,Republican
Placebo control (bird feeding),0.0,0.328125,0.4375,0.375,0.1071428571428571,Male,5,Republican
Protect Others - Linear Cooperation,0.6666666666666666,0.703125,0.4375,0.28125,0.8214285714285714,Male,4,Republican
Protect Others - Linear Cooperation,0.0,0.75,1.0,0.96875,0.9464285714285714,Male,4,Republican
Reframing Bravery,,0.65625,0.5625,0.15625,0.1964285714285714,Male,3,Democrat
Baseline Information,0.8333333333333334,0.703125,0.875,0.75,0.9285714285714286,Female,3,Democrat
Baseline Information,1.0,0.84375,0.875,0.6875,0.9464285714285714,Male,4,Republican
Placebo control (bird feeding),1.0,1.0,1.0,1.0,0.8928571428571429,Female,5,Democrat
Baseline Information,0.8333333333333334,0.65625,0.6875,0.3125,0.75,Male,5,Democrat
Reframing Bravery,1.0,0.828125,0.75,0.75,0.8035714285714286,Male,5,Democrat
Protect Others - Linear Cooperation,0.5,0.375,0.1875,0.0,0.0714285714285714,Female,4,Republican
Baseline Information,,0.4375,0.625,0.0625,0.3928571428571428,Male,4,Republican
Reframing Bravery,1.0,0.875,1.0,0.90625,1.0,Female,5,Republican
Protect Others - Linear Cooperation,0.9166666666666666,0.671875,0.9375,0.78125,1.0,Male,5,Democrat
Protect Others - Linear Cooperation,1.0,0.796875,0.9375,0.75,0.6071428571428571,Female,1,Republican
Placebo control (bird feeding),0.9166666666666666,0.625,0.3125,0.25,0.7857142857142857,Female,3,Republican
Baseline Information,0.6666666666666666,0.640625,0.4375,0.125,0.4821428571428571,Male,2,Republican
Placebo control (bird feeding),1.0,0.671875,0.75,0.625,0.7857142857142857,Male,4,Republican
Placebo control (bird feeding),0.0,0.296875,0.25,0.09375,0.0,Female,4,Republican
Protect Others - Linear Cooperation,0.75,0.734375,0.375,0.78125,0.6428571428571429,Female,5,Democrat
Placebo control (bird feeding),,0.90625,1.0,0.1875,0.6785714285714286,Male,4,Democrat
Reframing Bravery,,0.546875,0.4375,0.125,0.4464285714285714,Female,4,Republican
Reframing Bravery,1.0,0.8125,0.6875,0.65625,0.7142857142857143,Female,4,Republican
Protect Others - Linear Cooperation,1.0,0.8125,0.9375,1.0,1.0,Female,3,Republican
Protect Others - Linear Cooperation,1.0,0.84375,1.0,0.96875,1.0,Female,2,Republican
Placebo control (bird feeding),0.9166666666666666,0.90625,1.0,1.0,0.8928571428571429,Male,5,Republican
Protect Others - Linear Cooperation,0.8333333333333334,0.703125,0.125,0.78125,0.6071428571428571,Male,2,Republican
Baseline Information,1.0,0.71875,1.0,0.8125,0.8571428571428571,Male,2,Independent
Placebo control (bird feeding),0.9166666666666666,0.484375,0.25,0.375,0.25,Female,5,Democrat
Protect Others - Linear Cooperation,0.9166666666666666,0.25,0.25,0.46875,0.7142857142857143,Male,2,Republican
Placebo control (bird feeding),1.0,0.84375,0.875,1.0,0.5714285714285714,Female,3,Democrat
Reframing Bravery,0.5,0.234375,0.3125,0.1875,0.2857142857142857,Male,4,Republican
Reframing Bravery,0.0,0.3009451959764134,0.25,0.125,0.1785714285714285,Male,4,Democrat
Baseline Information,0.5,0.875,0.6875,0.21875,0.7857142857142857,Male,4,Republican
Placebo control (bird feeding),1.0,0.953125,1.0,0.40625,0.8571428571428571,Female,4,Republican
Reframing Bravery,0.75,0.734375,0.875,0.8125,0.7321428571428571,Male,2,Democrat
Baseline Information,,0.90625,0.375,0.75,0.4464285714285714,Male,5,Republican
Baseline Information,0.9166666666666666,0.53125,1.0,0.875,0.9285714285714286,Female,2,Republican
Reframing Bravery,1.0,0.890625,0.9375,1.0,1.0,Female,5,Democrat
Protect Others - Linear Cooperation,,0.25,0.1875,0.15625,0.2321428571428571,Male,4,Republican
Reframing Bravery,0.9166666666666666,0.828125,0.875,0.46875,0.25,Female,4,Independent
Protect Others - Linear Cooperation,1.0,0.703125,0.9375,0.8125,0.8035714285714286,Female,2,Republican
Reframing Bravery,0.0,0.328125,0.125,0.21875,0.1607142857142857,Male,4,Republican
Baseline Information,0.75,0.78125,0.8125,0.625,0.9642857142857144,Female,2,Independent
Placebo control (bird feeding),,0.5,0.625,0.0,0.1964285714285714,Male,5,Republican
Baseline Information,1.0,0.765625,1.0,0.84375,0.9285714285714286,Female,4,Independent
Reframing Bravery,0.5833333333333334,0.6185303942593203,0.375,0.09375,0.4642857142857143,Female,5,Democrat
Placebo control (bird feeding),0.9166666666666666,0.671875,0.75,0.21875,0.875,Male,2,Republican
Placebo control (bird feeding),0.6666666666666666,0.4375,0.625,0.375,0.2142857142857142,Female,3,Republican
Reframing Bravery,1.0,0.875,1.0,0.90625,0.6785714285714286,Female,5,Republican
Placebo control (bird feeding),0.75,0.484375,0.75,0.125,0.4285714285714285,Female,3,Democrat
Placebo control (bird feeding),0.0,0.53125,0.125,0.34375,0.1785714285714285,Female,3,Republican
Placebo control (bird feeding),0.8333333333333334,0.8125,1.0,0.8125,0.7142857142857143,Female,5,Democrat
Placebo control (bird feeding),1.0,0.921875,0.5625,0.78125,0.7142857142857143,Male,3,Independent
Protect Others - Linear Cooperation,0.9166666666666666,0.78125,0.8125,0.375,0.6071428571428571,Female,4,Republican
Placebo control (bird feeding),0.5,0.5,0.5,0.5,0.5,Female,1,Democrat
Reframing Bravery,,0.796875,0.6875,0.28125,0.2142857142857142,Female,3,Democrat
Protect Others - Linear Cooperation,1.0,0.984375,1.0,0.875,1.0,Male,4,Republican
Baseline Information,0.75,0.703125,0.8125,0.53125,0.875,Female,5,Republican
Placebo control (bird feeding),0.8333333333333334,0.90625,0.9375,0.4375,0.9821428571428572,Male,4,Democrat
Baseline Information,1.0,0.75,0.6875,0.71875,0.8571428571428571,Female,4,Democrat
Reframing Bravery,1.0,0.84375,0.8125,0.90625,0.8214285714285714,Female,4,Independent
Placebo control (bird feeding),0.6666666666666666,0.59375,0.4375,0.5625,0.6071428571428571,Male,4,Republican
Reframing Bravery,0.8333333333333334,0.75,0.875,0.53125,0.8571428571428571,Female,2,Republican
Reframing Bravery,,0.625,0.75,0.21875,0.4285714285714285,Male,2,Republican
Protect Others - Linear Cooperation,,0.59375,0.4375,0.28125,0.0714285714285714,Male,2,Republican
Baseline Information,1.0,0.765625,0.6875,0.53125,0.8214285714285714,Male,5,Republican
Protect Others - Linear Cooperation,0.9166666666666666,0.75,0.9375,0.78125,0.8392857142857143,Female,5,Republican
Baseline Information,1.0,0.65625,0.5,0.90625,0.8571428571428571,Female,1,Democrat
Protect Others - Linear Cooperation,0.8333333333333334,0.84375,1.0,0.53125,0.6785714285714286,Female,4,Republican
Placebo control (bird feeding),0.9166666666666666,0.921875,1.0,0.25,0.8928571428571429,Male,5,Republican
Protect Others - Linear Cooperation,0.9166666666666666,0.328125,0.5,0.625,0.875,Male,3,Democrat
Reframing Bravery,0.75,0.765625,0.5,0.5,0.9821428571428572,Female,1,Republican
Baseline Information,0.3333333333333333,0.328125,0.1875,0.4375,0.6071428571428571,Female,3,Democrat
Reframing Bravery,0.9166666666666666,0.796875,0.625,0.375,0.6785714285714286,Male,3,Republican
Placebo control (bird feeding),0.6666666666666666,0.71875,0.9375,0.46875,0.6428571428571429,Male,3,Democrat
Reframing Bravery,0.9166666666666666,0.59375,0.8125,0.625,0.9107142857142856,Male,4,Republican
Baseline Information,1.0,0.765625,0.8125,0.6875,0.7857142857142857,Female,4,Republican
Baseline Information,,0.8009451959764134,1.0,0.5,0.6428571428571429,Female,3,Republican
Placebo control (bird feeding),1.0,0.984375,1.0,0.65625,0.9464285714285714,Female,3,Republican
Reframing Bravery,1.0,0.921875,1.0,0.90625,0.7857142857142857,Female,4,Republican
Reframing Bravery,0.8333333333333334,0.296875,0.1875,0.5,0.875,Female,2,Republican
Reframing Bravery,0.6666666666666666,0.703125,0.375,0.34375,0.7321428571428571,Female,2,Democrat
Placebo control (bird feeding),1.0,0.78125,0.875,0.78125,0.9642857142857144,Male,5,Republican
Baseline Information,1.0,0.8125,0.75,0.90625,0.75,Female,2,Republican
Baseline Information,0.6666666666666666,0.828125,0.875,0.4375,0.5714285714285714,Male,4,Democrat
Protect Others - Linear Cooperation,1.0,0.96875,1.0,0.78125,0.9642857142857144,Male,4,Republican
Protect Others - Linear Cooperation,1.0,0.75,0.25,0.375,0.625,Male,4,Democrat
Placebo control (bird feeding),,0.453125,0.5,0.5,0.0,Male,4,Republican
Reframing Bravery,1.0,0.9375,0.9375,1.0,1.0,Male,3,Democrat
Placebo control (bird feeding),0.9166666666666666,0.765625,0.875,0.875,0.7678571428571429,Female,2,Republican
Protect Others - Linear Cooperation,0.1666666666666666,0.5978201959764134,0.5,0.28125,0.3035714285714285,Male,4,Democrat
Protect Others - Linear Cooperation,,0.46875,0.9375,0.03125,0.5357142857142857,Male,2,Republican
Placebo control (bird feeding),0.9166666666666666,0.765625,0.875,0.90625,0.8928571428571429,Male,2,Independent
Placebo control (bird feeding),1.0,0.703125,0.5,0.84375,0.8571428571428571,Female,4,Democrat
Reframing Bravery,0.8333333333333334,0.296875,0.1875,0.4375,0.7857142857142857,Male,2,Republican
Baseline Information,0.8333333333333334,0.84375,0.9375,0.78125,0.6607142857142857,Female,5,Democrat
Reframing Bravery,0.75,0.5625,0.5,0.34375,0.3214285714285714,Female,5,Republican
Placebo control (bird feeding),1.0,0.90625,0.8125,0.5625,1.0,Male,5,Democrat
Baseline Information,1.0,0.875,0.9375,0.90625,1.0,Female,5,Republican
Protect Others - Linear Cooperation,1.0,0.96875,1.0,1.0,0.7678571428571429,Female,5,Democrat
Baseline Information,0.9166666666666666,0.6875,0.6875,0.53125,0.8571428571428571,Male,1,Democrat
Reframing Bravery,1.0,0.953125,1.0,0.9375,0.9107142857142856,Male,5,Democrat
Baseline Information,0.3333333333333333,0.40625,0.0625,0.25,0.75,Male,4,Republican
Protect Others - Linear Cooperation,1.0,0.71875,0.5,0.78125,0.8214285714285714,Female,5,Republican
Reframing Bravery,1.0,0.84375,0.625,0.96875,1.0,Male,3,Republican
Reframing Bravery,1.0,0.9375,0.8125,0.84375,1.0,Male,1,Republican
Placebo control (bird feeding),0.8333333333333334,0.734375,0.9375,0.40625,0.4464285714285714,Female,3,Republican
Reframing Bravery,0.1666666666666666,0.546875,0.6875,0.0,0.375,Male,4,Republican
Protect Others - Linear Cooperation,0.9166666666666666,0.828125,0.4375,0.78125,0.9821428571428572,Female,3,Democrat
Reframing Bravery,,0.703125,0.4375,0.21875,0.5,Female,5,Republican
Protect Others - Linear Cooperation,,0.6134451959764134,0.5625,0.5625,0.4107142857142857,Male,2,Republican
Baseline Information,1.0,0.890625,0.8125,0.71875,0.625,Male,1,Republican
Reframing Bravery,1.0,0.890625,0.8125,0.96875,0.9285714285714286,Male,3,Republican
Placebo control (bird feeding),,0.609375,0.9375,0.3125,0.3571428571428571,Female,4,Democrat
Protect Others - Linear Cooperation,0.75,0.453125,0.0625,0.3125,0.5357142857142857,Female,4,Republican
Protect Others - Linear Cooperation,1.0,0.890625,1.0,0.53125,0.9285714285714286,Male,4,Republican
Reframing Bravery,1.0,0.890625,0.9375,0.875,0.7857142857142857,Female,5,Independent
Placebo control (bird feeding),0.4166666666666667,0.296875,0.25,0.15625,0.375,Male,2,Republican
Reframing Bravery,1.0,0.84375,1.0,0.78125,0.6071428571428571,Male,1,Republican
Baseline Information,1.0,0.828125,0.5,0.78125,1.0,Female,2,Republican
Protect Others - Linear Cooperation,0.0,0.859375,1.0,0.53125,0.6071428571428571,Male,5,Republican
Baseline Information,1.0,0.796875,0.75,,0.8392857142857143,Female,2,Democrat
Reframing Bravery,1.0,0.6875,0.5625,0.78125,0.9642857142857144,Female,4,Republican
Reframing Bravery,1.0,0.953125,0.9375,0.78125,0.75,Female,4,Democrat
Reframing Bravery,1.0,0.703125,0.6875,0.375,0.5178571428571429,Male,3,Republican
Baseline Information,0.9166666666666666,0.734375,0.4375,0.8125,0.4107142857142857,Male,5,Republican
Placebo control (bird feeding),,0.25,0.5,0.03125,0.0178571428571428,Female,5,Democrat
Placebo control (bird feeding),1.0,0.953125,0.8125,0.8125,1.0,Male,1,Republican
Placebo control (bird feeding),1.0,0.8125,0.8125,0.8125,1.0,Male,2,Independent
Baseline Information,1.0,0.84375,0.875,0.78125,0.8392857142857143,Male,5,Independent
Placebo control (bird feeding),0.6666666666666666,0.671875,0.5,0.6875,0.3928571428571428,Male,5,Republican
Protect Others - Linear Cooperation,1.0,0.46875,0.5,0.375,0.4285714285714285,Male,3,Republican
Baseline Information,0.9166666666666666,0.59375,0.8125,0.4375,0.5714285714285714,Female,2,Democrat
Protect Others - Linear Cooperation,,0.75,0.8125,0.09375,0.75,Male,5,Republican
Placebo control (bird feeding),0.6666666666666666,0.59375,0.4375,0.59375,0.5,Female,4,Republican
Protect Others - Linear Cooperation,0.5,0.3125,0.125,0.75,0.8035714285714286,Male,3,Democrat
Reframing Bravery,0.6666666666666666,0.640625,0.4375,0.78125,0.9642857142857144,Female,3,Democrat
Placebo control (bird feeding),,0.34375,0.3125,0.125,0.375,Male,2,Democrat
Placebo control (bird feeding),0.0,0.265625,0.1875,0.0,0.0357142857142857,Female,3,Democrat
Baseline Information,0.9166666666666666,0.78125,0.8125,0.90625,0.9285714285714286,Male,3,Democrat
Placebo control (bird feeding),1.0,0.71875,1.0,0.875,0.9285714285714286,Female,5,Democrat
Protect Others - Linear Cooperation,1.0,1.0,1.0,0.875,0.9821428571428572,Male,5,Democrat
Baseline Information,1.0,0.890625,0.8125,0.90625,0.9642857142857144,Male,4,Independent
Reframing Bravery,1.0,0.859375,0.8125,0.6875,0.8571428571428571,Male,2,Republican
Placebo control (bird feeding),1.0,0.609375,0.25,0.6875,0.9285714285714286,Male,2,Republican
Baseline Information,0.75,0.5625,0.3125,0.75,0.7857142857142857,Female,2,Democrat
Reframing Bravery,0.9166666666666666,0.65625,0.6875,0.3125,0.4642857142857143,Male,5,Republican
Baseline Information,0.9166666666666666,0.640625,0.4375,0.96875,0.8571428571428571,Female,3,Democrat
Reframing Bravery,,0.71875,0.75,0.6875,0.9285714285714286,Female,2,Republican
Baseline Information,1.0,0.703125,0.8125,0.78125,0.7142857142857143,Male,5,Democrat
Placebo control (bird feeding),0.9166666666666666,0.90625,0.9375,0.9375,0.7142857142857143,Female,3,Republican
Reframing Bravery,,0.1875,0.4375,0.125,0.0714285714285714,Female,5,Republican
Reframing Bravery,0.0,0.734375,0.8125,0.75,0.8392857142857143,Male,5,Democrat
Baseline Information,1.0,0.859375,0.5625,0.875,0.7142857142857143,Male,3,Democrat
Baseline Information,1.0,0.828125,1.0,0.625,0.8571428571428571,Female,5,Republican
Placebo control (bird feeding),0.9166666666666666,0.921875,0.9375,0.875,0.9107142857142856,Female,4,Republican
Baseline Information,0.9166666666666666,0.59375,0.5625,0.375,0.7142857142857143,Male,4,Republican
Protect Others - Linear Cooperation,1.0,0.9375,1.0,0.6875,1.0,Female,5,Independent
Protect Others - Linear Cooperation,0.75,0.671875,0.75,0.4375,0.625,Male,5,Republican
Placebo control (bird feeding),1.0,0.765625,1.0,1.0,1.0,Male,1,Independent
Reframing Bravery,1.0,0.921875,0.8125,0.71875,0.7857142857142857,Female,4,Democrat
Baseline Information,1.0,0.6875,1.0,0.90625,0.8571428571428571,Male,2,Democrat
Placebo control (bird feeding),,0.5625,0.375,0.28125,0.2142857142857142,Female,5,Democrat
Placebo control (bird feeding),0.6666666666666666,0.75,0.6875,0.3125,0.5714285714285714,Male,5,Republican
Protect Others - Linear Cooperation,1.0,0.796875,0.875,0.625,0.75,Male,5,Republican
Reframing Bravery,1.0,0.96875,1.0,0.71875,0.9285714285714286,Female,4,Republican
Protect Others - Linear Cooperation,1.0,1.0,1.0,0.90625,0.9285714285714286,Female,3,Democrat
Protect Others - Linear Cooperation,0.75,0.671875,0.5,0.53125,0.6428571428571429,Female,5,Republican
Baseline Information,1.0,0.9375,0.9375,1.0,1.0,Female,3,Republican
Protect Others - Linear Cooperation,0.0,0.59375,0.625,0.0,0.1785714285714285,Female,4,Democrat
Placebo control (bird feeding),,0.734375,0.75,0.28125,0.5178571428571429,Female,4,Democrat
Protect Others - Linear Cooperation,1.0,0.875,1.0,0.71875,0.8571428571428571,Male,3,Republican
Reframing Bravery,,0.625,0.625,0.21875,0.2857142857142857,Female,3,Republican
Reframing Bravery,1.0,0.953125,1.0,1.0,0.75,Female,3,Independent
Reframing Bravery,,0.609375,0.5625,0.53125,0.5714285714285714,Female,1,Republican
Reframing Bravery,1.0,0.953125,1.0,0.65625,0.9464285714285714,Female,5,Republican
Reframing Bravery,0.8333333333333334,0.734375,0.9375,0.625,0.9285714285714286,Male,4,Independent
Protect Others - Linear Cooperation,0.6666666666666666,0.765625,0.875,0.71875,0.5535714285714286,Male,4,Democrat
Baseline Information,1.0,0.796875,0.5625,0.875,0.9285714285714286,Male,4,Democrat
Baseline Information,1.0,0.953125,1.0,0.71875,0.9464285714285714,Male,4,Democrat
Baseline Information,0.75,0.71875,0.4375,0.84375,0.7678571428571429,Female,5,Republican
Protect Others - Linear Cooperation,1.0,1.0,0.9375,0.8125,0.8214285714285714,Male,4,Independent
Reframing Bravery,,0.625,0.75,0.34375,0.4285714285714285,Female,5,Democrat
Baseline Information,1.0,0.828125,1.0,0.90625,0.9107142857142856,Male,1,Republican
Reframing Bravery,0.9166666666666666,0.71875,0.5625,0.625,0.8214285714285714,Female,2,Independent
Placebo control (bird feeding),,0.78125,0.6875,0.34375,0.5357142857142857,Female,3,Republican
Placebo control (bird feeding),1.0,0.765625,0.75,0.84375,0.8571428571428571,Female,2,Republican
Placebo control (bird feeding),0.3333333333333333,0.6875,0.5625,0.125,0.2678571428571428,Male,5,Republican
Protect Others - Linear Cooperation,0.5,0.59375,0.4375,0.71875,0.5714285714285714,Male,2,Democrat
Reframing Bravery,0.9166666666666666,0.875,0.4375,0.75,0.7321428571428571,Male,4,Independent
Reframing Bravery,1.0,0.875,0.9375,0.75,0.8928571428571429,Male,1,Republican
Protect Others - Linear Cooperation,1.0,0.9375,1.0,0.84375,1.0,Male,5,Republican
Placebo control (bird feeding),1.0,1.0,1.0,0.875,0.8928571428571429,Male,4,Republican
Placebo control (bird feeding),0.9166666666666666,0.8125,0.75,0.84375,0.8214285714285714,Male,4,Republican
Placebo control (bird feeding),0.6666666666666666,0.90625,1.0,0.6875,0.7857142857142857,Female,5,Democrat
Protect Others - Linear Cooperation,0.0,0.1875,0.0,0.09375,0.4464285714285714,Male,4,Republican
Placebo control (bird feeding),0.75,0.890625,1.0,0.53125,0.9285714285714286,Male,5,Republican
Protect Others - Linear Cooperation,0.8333333333333334,0.890625,0.9375,0.59375,0.7678571428571429,Female,5,Republican
Baseline Information,0.9166666666666666,0.75,0.625,0.46875,0.3928571428571428,Female,5,Democrat
Placebo control (bird feeding),0.5,0.5,0.5,0.5,0.5,Male,2,Democrat
Reframing Bravery,0.6666666666666666,0.78125,1.0,0.6875,0.7142857142857143,Male,3,Democrat
Reframing Bravery,1.0,0.890625,1.0,0.53125,0.8214285714285714,Male,3,Republican
Reframing Bravery,0.9166666666666666,0.21875,0.0,0.5625,0.8035714285714286,Male,2,Democrat
Placebo control (bird feeding),1.0,0.84375,0.8125,0.9375,0.7857142857142857,Male,5,Republican
Reframing Bravery,1.0,0.921875,0.9375,1.0,0.9285714285714286,Male,3,Republican
Placebo control (bird feeding),0.75,0.671875,0.4375,0.53125,0.5357142857142857,Female,5,Democrat
Baseline Information,0.8333333333333334,0.8125,0.75,0.46875,0.6607142857142857,Male,2,Republican
Placebo control (bird feeding),0.6666666666666666,0.71875,0.5,0.28125,0.5892857142857143,Female,3,Democrat
Placebo control (bird feeding),1.0,0.734375,0.875,0.375,0.8571428571428571,Female,2,Republican
Placebo control (bird feeding),1.0,0.90625,0.6875,1.0,1.0,Male,2,Republican
Reframing Bravery,1.0,1.0,0.8125,0.96875,1.0,Male,5,Republican
Protect Others - Linear Cooperation,0.75,0.453125,0.4375,0.59375,0.5535714285714286,Female,5,Democrat
Placebo control (bird feeding),0.0,0.703125,0.75,0.0,0.3571428571428571,Male,2,Republican
Baseline Information,0.9166666666666666,0.8125,0.8125,0.6875,0.6607142857142857,Female,5,Republican
Reframing Bravery,1.0,0.8125,0.625,0.53125,1.0,Male,5,Republican
Protect Others - Linear Cooperation,0.6666666666666666,0.59375,0.5625,0.34375,0.2678571428571428,Female,5,Republican
Placebo control (bird feeding),1.0,0.65625,1.0,0.46875,0.5714285714285714,Female,2,Democrat
Placebo control (bird feeding),0.6666666666666666,0.578125,0.4375,0.375,0.4464285714285714,Female,3,Democrat
Baseline Information,1.0,0.96875,0.9375,0.78125,1.0,Female,5,Democrat
Protect Others - Linear Cooperation,1.0,0.828125,1.0,0.78125,0.7142857142857143,Male,3,Republican
Baseline Information,1.0,0.8125,0.875,0.9375,0.9642857142857144,Female,2,Democrat
Protect Others - Linear Cooperation,1.0,0.859375,1.0,0.6875,0.6785714285714286,Male,5,Republican
Reframing Bravery,0.1666666666666666,0.7384451959764134,0.875,0.25,0.1964285714285714,Female,2,Republican
Protect Others - Linear Cooperation,1.0,0.703125,0.5,0.46875,0.8928571428571429,Male,4,Independent
Placebo control (bird feeding),1.0,0.84375,1.0,0.90625,0.875,Female,2,Democrat
Reframing Bravery,1.0,0.921875,1.0,0.9375,0.9285714285714286,Male,2,Democrat
Placebo control (bird feeding),0.75,0.71875,1.0,0.46875,0.5,Male,4,Republican
Placebo control (bird feeding),1.0,1.0,1.0,1.0,1.0,Female,2,Independent
Protect Others - Linear Cooperation,0.6666666666666666,0.796875,0.75,0.46875,0.5714285714285714,Female,5,Republican
Baseline Information,1.0,0.828125,1.0,0.96875,0.9285714285714286,Male,5,Republican
Reframing Bravery,1.0,0.890625,1.0,0.9375,0.4285714285714285,Female,4,Independent
Baseline Information,1.0,0.65625,0.5625,0.6875,0.75,Male,5,Independent
Protect Others - Linear Cooperation,,0.328125,0.25,0.34375,0.25,Female,3,Democrat
Reframing Bravery,0.9166666666666666,0.640625,0.375,0.4375,0.7857142857142857,Female,2,Republican
Placebo control (bird feeding),0.9166666666666666,0.921875,1.0,0.65625,0.9285714285714286,Male,2,Democrat
Protect Others - Linear Cooperation,0.8333333333333334,0.921875,0.875,0.21875,0.7678571428571429,Male,5,Republican
Reframing Bravery,1.0,0.890625,0.5625,1.0,0.9642857142857144,Male,3,Republican
Protect Others - Linear Cooperation,0.8333333333333334,0.921875,0.9375,0.90625,0.75,Male,5,Republican
Protect Others - Linear Cooperation,,1.0,1.0,0.75,0.9285714285714286,Female,2,Democrat
Baseline Information,0.6666666666666666,0.796875,0.875,0.625,0.8214285714285714,Male,3,Independent
Baseline Information,0.9166666666666666,0.890625,0.75,0.5,0.8571428571428571,Female,4,Democrat
Protect Others - Linear Cooperation,0.9166666666666666,0.640625,1.0,0.84375,0.7678571428571429,Male,5,Republican
Protect Others - Linear Cooperation,1.0,0.9375,0.8125,0.875,0.8571428571428571,Female,4,Democrat
Reframing Bravery,0.75,0.78125,1.0,0.625,0.8571428571428571,Female,5,Democrat
Protect Others - Linear Cooperation,1.0,0.765625,0.75,0.71875,0.6071428571428571,Female,4,Republican
Protect Others - Linear Cooperation,1.0,0.828125,1.0,0.4375,0.9464285714285714,Male,3,Independent
Baseline Information,1.0,0.953125,1.0,0.75,0.9464285714285714,Male,5,Democrat
Protect Others - Linear Cooperation,,0.71875,1.0,0.15625,0.2678571428571428,Female,4,Democrat
Reframing Bravery,1.0,0.96875,1.0,0.90625,1.0,Male,4,Republican
Baseline Information,1.0,0.8125,0.8125,0.9375,0.9821428571428572,Female,2,Republican
Protect Others - Linear Cooperation,1.0,0.796875,0.75,0.78125,0.8571428571428571,Male,5,Republican
Protect Others - Linear Cooperation,0.75,0.734375,0.875,0.40625,0.625,Female,5,Republican
Baseline Information,,0.3790701959764134,0.0,0.09375,0.2857142857142857,Male,3,Republican
Reframing Bravery,0.8333333333333334,0.546875,0.375,0.40625,0.7142857142857143,Female,5,Democrat
Placebo control (bird feeding),0.3333333333333333,0.15625,0.0,0.0,0.0535714285714285,Female,3,Democrat
Baseline Information,1.0,0.765625,0.8125,0.4375,0.6428571428571429,Male,2,Democrat
Baseline Information,0.9166666666666666,0.921875,0.9375,0.78125,0.875,Male,5,Republican
Reframing Bravery,1.0,0.828125,0.9375,0.875,1.0,Female,3,Republican
Placebo control (bird feeding),1.0,0.953125,1.0,0.8125,0.9285714285714286,Male,5,Democrat
Reframing Bravery,1.0,0.734375,0.8125,0.8125,0.9642857142857144,Male,2,Independent
Placebo control (bird feeding),0.9166666666666666,0.828125,0.6875,0.875,0.8571428571428571,Male,5,Republican
Protect Others - Linear Cooperation,1.0,0.75,0.625,0.84375,0.9642857142857144,Female,4,Republican
Protect Others - Linear Cooperation,1.0,0.9375,1.0,0.75,0.7857142857142857,Male,2,Republican
Reframing Bravery,0.5,0.40625,0.125,0.3515457083525391,0.7142857142857143,Female,5,Republican
Placebo control (bird feeding),0.8333333333333334,0.8125,0.8125,0.59375,0.75,Male,1,Democrat
Placebo control (bird feeding),0.6666666666666666,0.484375,0.75,0.375,0.4464285714285714,Male,5,Republican
Reframing Bravery,0.5,0.8125,0.5,0.15625,0.75,Male,5,Republican
Protect Others - Linear Cooperation,0.5,0.734375,0.625,0.40625,0.4821428571428571,Male,2,Republican
Baseline Information,1.0,0.84375,1.0,0.71875,0.875,Male,2,Republican
Protect Others - Linear Cooperation,1.0,0.625,0.6875,0.21875,0.8571428571428571,Male,5,Republican
Baseline Information,1.0,0.984375,1.0,0.875,1.0,Female,3,Republican
Placebo control (bird feeding),0.9166666666666666,0.921875,1.0,0.78125,0.8035714285714286,Female,3,Democrat
Protect Others - Linear Cooperation,0.75,0.828125,0.75,0.5,0.6428571428571429,Male,3,Republican
Placebo control (bird feeding),0.0,0.546875,0.8125,0.0625,0.1071428571428571,Male,5,Republican
Protect Others - Linear Cooperation,0.9166666666666666,0.875,1.0,0.6875,0.5535714285714286,Female,3,Republican
Reframing Bravery,1.0,0.984375,1.0,1.0,0.9642857142857144,Male,5,Republican
Placebo control (bird feeding),0.9166666666666666,0.671875,1.0,0.625,0.8214285714285714,Male,2,Independent
Placebo control (bird feeding),0.6666666666666666,0.453125,0.0625,0.375,0.6071428571428571,Male,4,Independent
Baseline Information,,0.625,0.4375,0.1875,0.4285714285714285,Female,5,Republican
Protect Others - Linear Cooperation,0.9166666666666666,0.671875,0.6875,0.875,0.8571428571428571,Female,4,Democrat
Reframing Bravery,1.0,0.9375,0.75,0.8125,0.7321428571428571,Female,2,Democrat
Baseline Information,0.9166666666666666,0.875,0.5625,0.6875,0.7857142857142857,Female,4,Independent
Placebo control (bird feeding),0.8333333333333334,0.46875,0.5,0.375,0.5892857142857143,Female,5,Republican
Reframing Bravery,0.9166666666666666,0.78125,1.0,0.71875,0.8214285714285714,Female,5,Republican
Reframing Bravery,1.0,0.8634451959764134,1.0,0.78125,0.5714285714285714,Female,5,Republican
Protect Others - Linear Cooperation,0.8333333333333334,0.890625,1.0,0.65625,0.9285714285714286,Female,4,Republican
Baseline Information,1.0,0.875,0.875,0.78125,0.8928571428571429,Male,5,Republican
Reframing Bravery,0.9166666666666666,0.4375,1.0,0.40625,0.6071428571428571,Male,5,Republican
Placebo control (bird feeding),1.0,0.84375,1.0,0.53125,0.7678571428571429,Female,2,Independent
Reframing Bravery,0.1666666666666666,0.375,0.75,0.0,0.5,Female,4,Republican
Placebo control (bird feeding),1.0,0.84375,0.5,0.8125,0.8035714285714286,Male,5,Republican
Placebo control (bird feeding),0.6666666666666666,0.75,0.9375,0.28125,0.8392857142857143,Female,5,Republican
Reframing Bravery,1.0,0.828125,0.5,0.90625,0.9107142857142856,Male,4,Republican
Placebo control (bird feeding),0.75,0.890625,1.0,0.59375,0.9464285714285714,Female,5,Republican
Baseline Information,1.0,0.71875,0.6875,0.875,0.8928571428571429,Male,4,Republican
Placebo control (bird feeding),1.0,0.84375,0.8125,0.5625,0.875,Male,5,Republican
Reframing Bravery,0.0,0.0625,0.0625,0.0,0.2678571428571428,Female,3,Democrat
Protect Others - Linear Cooperation,0.9166666666666666,0.625,0.9375,0.78125,0.8035714285714286,Male,1,Republican
Protect Others - Linear Cooperation,,0.4375,0.875,0.34375,0.0,Female,3,Republican
Reframing Bravery,1.0,0.953125,1.0,0.78125,1.0,Male,3,Republican
Baseline Information,0.9166666666666666,0.828125,0.9375,0.875,0.9285714285714286,Female,5,Democrat
Protect Others - Linear Cooperation,0.9166666666666666,0.65625,0.8125,0.4375,1.0,Female,3,Democrat
Protect Others - Linear Cooperation,0.9166666666666666,0.90625,1.0,0.8125,0.6785714285714286,Female,3,Democrat
Protect Others - Linear Cooperation,0.8333333333333334,0.71875,0.3125,0.5625,0.9107142857142856,Female,5,Republican
Protect Others - Linear Cooperation,1.0,0.765625,0.6875,0.34375,0.8035714285714286,Male,5,Democrat
Baseline Information,0.9166666666666666,0.734375,0.375,0.9375,0.8571428571428571,Male,2,Democrat
Reframing Bravery,0.75,0.75,0.875,0.46875,0.625,Male,4,Republican
Reframing Bravery,1.0,0.953125,1.0,0.78125,0.8571428571428571,Female,5,Republican
Protect Others - Linear Cooperation,0.75,0.921875,1.0,0.78125,0.5714285714285714,Female,4,Democrat
Placebo control (bird feeding),0.9166666666666666,0.734375,0.875,0.875,0.7142857142857143,Female,4,Democrat
Baseline Information,,0.4375,0.4375,0.15625,0.2857142857142857,Female,4,Democrat
Placebo control (bird feeding),1.0,0.828125,0.875,0.59375,0.7857142857142857,Male,5,Republican
Protect Others - Linear Cooperation,1.0,1.0,1.0,0.84375,0.9285714285714286,Male,4,Independent
Protect Others - Linear Cooperation,1.0,0.8125,1.0,0.875,0.9821428571428572,Male,3,Democrat
Protect Others - Linear Cooperation,,0.390625,0.5625,0.125,0.1964285714285714,Female,5,Republican
Protect Others - Linear Cooperation,1.0,0.84375,0.9375,0.84375,0.7857142857142857,Female,5,Democrat
Baseline Information,0.9166666666666666,0.859375,0.8125,0.78125,0.8571428571428571,Female,5,Democrat
Placebo control (bird feeding),1.0,0.65625,1.0,0.6875,0.5357142857142857,Male,4,Democrat
Placebo control (bird feeding),,0.78125,0.4375,0.46875,0.5535714285714286,Female,4,Democrat
Reframing Bravery,0.9166666666666666,0.78125,1.0,0.90625,0.8392857142857143,Female,4,Democrat
Reframing Bravery,1.0,0.921875,1.0,1.0,0.8928571428571429,Male,5,Republican
Reframing Bravery,,0.3634451959764134,0.125,0.125,0.0892857142857142,Male,4,Democrat
Reframing Bravery,,0.546875,0.625,0.125,0.25,Female,5,Republican
Protect Others - Linear Cooperation,0.9166666666666666,0.5625,0.5625,0.6875,0.5714285714285714,Female,3,Democrat
Placebo control (bird feeding),0.6666666666666666,0.59375,0.4375,0.28125,0.6607142857142857,Female,3,Republican
Reframing Bravery,0.8333333333333334,0.828125,0.8125,0.6875,1.0,Male,4,Republican
Placebo control (bird feeding),0.75,0.75,0.4375,0.65625,0.7857142857142857,Female,5,Democrat
Reframing Bravery,0.5833333333333334,0.5625,0.4375,0.21875,0.6964285714285714,Male,5,Republican
Reframing Bravery,0.6666666666666666,0.65625,0.375,0.28125,0.4642857142857143,Female,5,Democrat
Placebo control (bird feeding),1.0,0.953125,0.8125,0.65625,0.9821428571428572,Female,5,Democrat
Reframing Bravery,1.0,0.71875,0.5625,0.78125,0.8571428571428571,Female,4,Democrat
Reframing Bravery,0.5,0.78125,0.5625,0.65625,0.5,Female,5,Democrat
Protect Others - Linear Cooperation,1.0,0.890625,0.625,0.8125,0.75,Female,4,Democrat
Protect Others - Linear Cooperation,0.75,0.53125,0.5,0.4375,0.4107142857142857,Female,4,Republican
Protect Others - Linear Cooperation,,0.171875,0.75,0.25,0.6607142857142857,Male,5,Republican
Placebo control (bird feeding),0.75,0.625,0.5625,0.5625,0.4285714285714285,Male,5,Republican
Reframing Bravery,1.0,0.90625,1.0,0.90625,0.9642857142857144,Female,5,Democrat
Baseline Information,0.6666666666666666,0.375,0.25,0.40625,0.5357142857142857,Male,4,Republican
Baseline Information,1.0,0.890625,1.0,0.25,0.875,Male,5,Republican
Placebo control (bird feeding),0.6666666666666666,0.375,0.1875,0.46875,0.2142857142857142,Male,2,Republican
Placebo control (bird feeding),0.5833333333333334,0.71875,0.4375,0.625,0.8214285714285714,Male,4,Democrat
Reframing Bravery,1.0,0.984375,1.0,1.0,0.9285714285714286,Female,3,Republican
Baseline Information,1.0,0.59375,0.75,0.875,0.75,Male,3,Democrat
Placebo control (bird feeding),1.0,0.78125,0.6875,0.59375,0.8035714285714286,Male,3,Republican
Reframing Bravery,0.9166666666666666,0.765625,0.375,0.40625,0.625,Female,4,Democrat
Protect Others - Linear Cooperation,1.0,0.828125,0.4375,0.65625,1.0,Female,4,Republican
Reframing Bravery,1.0,0.96875,1.0,0.75,0.8035714285714286,Male,5,Democrat
Placebo control (bird feeding),0.75,0.703125,0.625,0.59375,0.625,Male,5,Republican
Reframing Bravery,1.0,0.796875,0.875,0.71875,0.9285714285714286,Male,2,Republican
Baseline Information,0.75,0.75,0.6875,0.59375,0.4285714285714285,Male,5,Republican
Protect Others - Linear Cooperation,1.0,0.8125,0.6875,0.8125,1.0,Female,2,Republican
Reframing Bravery,1.0,0.9375,0.625,0.59375,0.7142857142857143,Female,3,Independent
Placebo control (bird feeding),,0.59375,0.5,0.15625,0.25,Female,3,Democrat
Baseline Information,0.9166666666666666,0.609375,0.75,0.5625,0.6428571428571429,Female,5,Republican
Baseline Information,,0.4415701959764134,0.25,0.21875,0.4107142857142857,Female,5,Democrat
Protect Others - Linear Cooperation,0.9166666666666666,0.828125,0.75,0.46875,0.8571428571428571,Male,3,Democrat
Baseline Information,1.0,0.90625,0.625,0.96875,0.8928571428571429,Male,5,Republican
Protect Others - Linear Cooperation,1.0,0.921875,1.0,0.96875,0.7857142857142857,Male,3,Republican
Baseline Information,1.0,0.953125,0.9375,0.53125,0.9285714285714286,Male,5,Republican
Baseline Information,1.0,0.75,1.0,0.6875,0.8928571428571429,Female,4,Republican
Reframing Bravery,1.0,0.703125,0.4375,0.75,0.75,Female,3,Republican
Placebo control (bird feeding),1.0,0.765625,0.9375,0.84375,0.9285714285714286,Male,4,Independent
Protect Others - Linear Cooperation,1.0,0.796875,0.9375,0.90625,0.5714285714285714,Female,2,Democrat
Protect Others - Linear Cooperation,,0.890625,0.5625,0.40625,0.8214285714285714,Male,5,Republican
Baseline Information,0.0,0.390625,0.5625,0.0,0.0892857142857142,Male,4,Republican
Reframing Bravery,0.5833333333333334,0.796875,1.0,0.3125,0.625,Male,4,Republican
Baseline Information,1.0,0.546875,0.5625,0.46875,0.25,Male,2,Democrat
Baseline Information,0.5,0.5625,0.5,0.0625,0.5,Male,4,Republican
Reframing Bravery,0.9166666666666666,0.71875,0.75,0.75,0.9821428571428572,Female,3,Independent
Protect Others - Linear Cooperation,1.0,0.875,1.0,0.375,0.6607142857142857,Female,5,Republican
Reframing Bravery,0.5,0.421875,0.1875,0.125,0.3928571428571428,Male,5,Democrat
Reframing Bravery,1.0,0.90625,1.0,0.6875,0.9821428571428572,Male,4,Republican
Baseline Information,1.0,0.859375,1.0,0.75,1.0,Male,5,Republican
Baseline Information,1.0,0.8125,1.0,0.46875,0.7857142857142857,Male,4,Republican
Placebo control (bird feeding),0.9166666666666666,0.765625,1.0,0.9375,0.5535714285714286,Male,5,Democrat
Protect Others - Linear Cooperation,0.6666666666666666,0.65625,0.3125,0.59375,0.4285714285714285,Female,4,Independent
Reframing Bravery,,0.359375,0.1875,0.75,0.4464285714285714,Female,2,Republican
Reframing Bravery,1.0,0.90625,0.75,0.65625,0.6607142857142857,Male,3,Republican
Baseline Information,1.0,0.828125,0.9375,0.78125,0.9642857142857144,Female,2,Republican
Placebo control (bird feeding),0.9166666666666666,0.84375,0.75,0.75,0.9464285714285714,Female,5,Independent
Placebo control (bird feeding),0.8333333333333334,0.65625,0.75,0.78125,0.7857142857142857,Female,1,Republican
Placebo control (bird feeding),0.5,0.609375,0.5625,0.71875,0.9642857142857144,Female,3,Democrat
Baseline Information,0.9166666666666666,0.875,1.0,0.90625,0.7321428571428571,Male,2,Republican
Baseline Information,,0.671875,0.6875,0.1875,0.3928571428571428,Male,4,Democrat
Placebo control (bird feeding),,0.671875,0.125,0.375,0.9464285714285714,Female,3,Democrat
Reframing Bravery,1.0,0.828125,0.6875,0.8125,0.9464285714285714,Male,3,Republican
Protect Others - Linear Cooperation,1.0,0.953125,0.9375,0.90625,0.9285714285714286,Female,3,Republican
Reframing Bravery,1.0,0.828125,1.0,0.875,0.5714285714285714,Male,3,Democrat
Protect Others - Linear Cooperation,0.8333333333333334,0.90625,0.9375,0.9375,1.0,Female,5,Republican
Placebo control (bird feeding),0.9166666666666666,0.890625,0.875,0.875,0.9285714285714286,Female,2,Independent
Protect Others - Linear Cooperation,1.0,0.765625,1.0,0.78125,0.7857142857142857,Male,1,Independent
Baseline Information,1.0,0.890625,0.9375,0.96875,0.7142857142857143,Female,1,Democrat
Placebo control (bird feeding),,0.671875,0.625,0.09375,0.5714285714285714,Male,3,Democrat
Reframing Bravery,1.0,0.71875,0.875,0.5625,0.5714285714285714,Male,5,Democrat
Baseline Information,0.8333333333333334,0.640625,0.625,0.53125,1.0,Male,5,Democrat
Placebo control (bird feeding),0.9166666666666666,0.859375,0.4375,0.84375,0.6785714285714286,Male,3,Republican
Reframing Bravery,0.9166666666666666,0.65625,0.3125,0.46875,0.625,Male,4,Republican
Protect Others - Linear Cooperation,1.0,0.703125,0.375,0.40625,0.8571428571428571,Female,3,Democrat
Protect Others - Linear Cooperation,1.0,0.984375,1.0,0.71875,1.0,Female,5,Democrat
Reframing Bravery,1.0,1.0,1.0,0.71875,0.9107142857142856,Female,1,Republican
Reframing Bravery,1.0,0.9375,1.0,0.84375,1.0,Male,5,Republican
Protect Others - Linear Cooperation,1.0,0.921875,1.0,0.875,0.1428571428571428,Female,5,Republican
Baseline Information,1.0,0.828125,0.6875,0.71875,0.7142857142857143,Female,4,Independent
Protect Others - Linear Cooperation,0.8333333333333334,0.828125,0.8125,0.5625,0.7857142857142857,Female,5,Republican
Placebo control (bird feeding),1.0,0.6875,1.0,0.8125,1.0,Male,1,Independent
Placebo control (bird feeding),0.0,0.53125,0.75,0.0625,0.4107142857142857,Female,4,Democrat
Protect Others - Linear Cooperation,0.75,0.859375,1.0,0.40625,0.8928571428571429,Male,3,Democrat
Reframing Bravery,,0.53125,0.6875,0.34375,0.4464285714285714,Female,2,Republican
Placebo control (bird feeding),,0.8125,0.875,0.40625,0.4285714285714285,Female,3,Democrat
Reframing Bravery,0.75,0.40625,0.3125,0.1875,0.4821428571428571,Male,4,Republican
Reframing Bravery,0.8333333333333334,0.8575352490105541,0.902965682230655,0.78125,,Male,4,Democrat
Baseline Information,,0.46875,0.4375,0.15625,0.3571428571428571,Male,5,Democrat
Placebo control (bird feeding),1.0,0.90625,0.75,0.65625,0.9821428571428572,Male,2,Democrat
Reframing Bravery,1.0,0.265625,0.5625,0.375,0.9821428571428572,Male,3,Republican
Protect Others - Linear Cooperation,0.75,0.890625,1.0,0.9375,1.0,Male,1,Democrat
Protect Others - Linear Cooperation,,0.390625,0.375,0.03125,0.1964285714285714,Male,3,Republican
Placebo control (bird feeding),0.9166666666666666,0.640625,0.625,0.6875,0.8928571428571429,Female,5,Democrat
Baseline Information,0.9166666666666666,0.78125,0.8125,0.40625,0.6428571428571429,Male,5,Republican
Placebo control (bird feeding),1.0,0.890625,0.5625,0.5625,0.9642857142857144,Male,5,Republican
Reframing Bravery,0.75,0.859375,0.875,0.75,0.9642857142857144,Female,4,Republican
Protect Others - Linear Cooperation,1.0,0.9375,1.0,0.65625,0.9642857142857144,Male,1,Republican
Protect Others - Linear Cooperation,1.0,0.78125,0.875,0.875,0.6785714285714286,Male,5,Democrat
Placebo control (bird feeding),1.0,0.890625,0.8125,0.90625,0.8928571428571429,Male,1,Democrat
Placebo control (bird feeding),1.0,1.0,1.0,0.84375,0.6785714285714286,Male,5,Republican
Baseline Information,0.9166666666666666,0.96875,0.9375,0.875,1.0,Male,3,Republican
Placebo control (bird feeding),1.0,0.8125,1.0,0.875,0.7321428571428571,Male,5,Republican
Placebo control (bird feeding),0.9166666666666666,0.9375,1.0,0.875,0.7678571428571429,Male,5,Republican
Reframing Bravery,0.0,0.4375,0.25,0.0,0.1071428571428571,Female,2,Democrat
Placebo control (bird feeding),0.9166666666666666,0.484375,0.625,0.34375,0.9642857142857144,Male,3,Republican
Placebo control (bird feeding),1.0,0.921875,0.8125,0.4375,1.0,Male,2,Independent
Baseline Information,0.9166666666666666,0.890625,0.75,0.8125,0.25,Male,5,Republican
Reframing Bravery,1.0,1.0,0.9375,0.96875,0.8928571428571429,Male,2,Republican
Baseline Information,0.9166666666666666,0.90625,0.875,0.65625,0.9107142857142856,Female,5,Republican
Protect Others - Linear Cooperation,0.9166666666666666,0.6875,0.75,0.65625,0.6785714285714286,Male,3,Republican
Protect Others - Linear Cooperation,1.0,0.9375,1.0,0.8125,0.9821428571428572,Male,3,Democrat
Placebo control (bird feeding),1.0,0.640625,0.8125,0.9375,0.8035714285714286,Male,1,Democrat
Placebo control (bird feeding),0.75,0.546875,0.75,0.5,0.5,Female,2,Democrat
Reframing Bravery,1.0,0.859375,0.875,0.84375,0.9642857142857144,Female,1,Independent
Reframing Bravery,1.0,0.796875,0.875,1.0,1.0,Female,4,Republican
Placebo control (bird feeding),0.75,0.875,1.0,0.53125,0.8928571428571429,Female,4,Republican
Placebo control (bird feeding),1.0,0.875,0.625,0.78125,1.0,Female,2,Democrat
Baseline Information,1.0,0.796875,0.625,0.9375,0.4285714285714285,Female,3,Republican
Protect Others - Linear Cooperation,0.75,0.6875,0.25,0.59375,0.5535714285714286,Male,3,Republican
Placebo control (bird feeding),1.0,0.921875,0.625,0.78125,0.8928571428571429,Female,5,Republican
Protect Others - Linear Cooperation,1.0,0.875,1.0,0.65625,0.8571428571428571,Female,2,Republican
Protect Others - Linear Cooperation,0.8333333333333334,0.609375,0.5,0.5625,0.6785714285714286,Male,1,Republican
Placebo control (bird feeding),0.5833333333333334,0.65625,0.5625,0.28125,0.4464285714285714,Female,5,Democrat
Placebo control (bird feeding),0.75,0.734375,0.375,0.5,0.7142857142857143,Female,5,Democrat
Reframing Bravery,1.0,0.859375,0.875,0.75,0.9821428571428572,Male,5,Democrat
Baseline Information,0.5,0.546875,0.5625,0.25,0.4642857142857143,Female,4,Democrat
Protect Others - Linear Cooperation,,0.5353201959764134,0.5,0.3125,0.4107142857142857,Male,3,Independent
Baseline Information,0.6666666666666666,0.5625,0.3125,0.4375,0.5357142857142857,Female,5,Republican
Placebo control (bird feeding),0.3333333333333333,0.5,0.5625,0.125,0.375,Male,1,Democrat
Reframing Bravery,0.3333333333333333,0.4981602490105541,0.1875,0.3125,0.5357142857142857,Female,3,Republican
Placebo control (bird feeding),0.9166666666666666,0.921875,1.0,0.4375,0.9107142857142856,Male,5,Democrat
Baseline Information,1.0,0.8125,0.875,0.71875,0.8928571428571429,Male,4,Republican
Baseline Information,0.6666666666666666,0.703125,0.875,0.4375,0.9821428571428572,Female,5,Republican
Baseline Information,0.6666666666666666,0.59375,0.8125,0.0625,0.4107142857142857,Female,5,Democrat
Placebo control (bird feeding),1.0,0.96875,1.0,0.71875,0.9642857142857144,Male,5,Republican
Reframing Bravery,0.9166666666666666,0.78125,0.9375,0.5,0.7321428571428571,Female,4,Democrat
Protect Others - Linear Cooperation,1.0,0.875,1.0,0.90625,0.8571428571428571,Male,5,Republican
Reframing Bravery,1.0,0.640625,0.4375,0.90625,0.75,Male,5,Democrat
Reframing Bravery,0.75,0.625,0.5,0.09375,0.2678571428571428,Male,5,Democrat
Protect Others - Linear Cooperation,0.8333333333333334,0.640625,1.0,0.65625,0.5535714285714286,Male,2,Democrat
Reframing Bravery,0.75,0.6875,0.8125,0.15625,0.1607142857142857,Male,3,Republican
Protect Others - Linear Cooperation,0.8333333333333334,0.7853201959764134,1.0,0.65625,0.7857142857142857,Male,4,Democrat
Reframing Bravery,1.0,0.96875,1.0,1.0,0.5178571428571429,Male,2,Republican
Protect Others - Linear Cooperation,1.0,0.6875,0.5,0.59375,0.7321428571428571,Female,5,Democrat
Reframing Bravery,1.0,0.703125,0.9375,0.4375,0.8571428571428571,Male,5,Republican
Protect Others - Linear Cooperation,1.0,0.8125,0.8125,0.96875,1.0,Male,2,Republican
Reframing Bravery,0.6666666666666666,0.796875,0.5625,0.5,0.7321428571428571,Female,3,Democrat
Placebo control (bird feeding),,0.3009451959764134,0.25,0.0,0.2142857142857142,Female,4,Republican
Reframing Bravery,1.0,0.84375,0.6875,0.84375,0.8571428571428571,Male,5,Independent
Protect Others - Linear Cooperation,1.0,0.78125,1.0,0.78125,1.0,Male,4,Republican
Baseline Information,0.6666666666666666,0.8125,0.875,0.65625,0.6071428571428571,Female,4,Democrat
Placebo control (bird feeding),0.75,0.71875,0.75,0.875,0.8571428571428571,Male,3,Republican
Baseline Information,,0.515625,0.8125,0.25,0.4642857142857143,Female,5,Democrat
Placebo control (bird feeding),,0.5625,0.5,0.1875,0.5,Male,3,Republican
Protect Others - Linear Cooperation,0.75,0.75,0.625,0.375,0.6071428571428571,Female,5,Republican
Reframing Bravery,1.0,0.8125,0.5,0.90625,0.6785714285714286,Male,3,Independent
Baseline Information,1.0,0.96875,1.0,0.875,0.8392857142857143,Male,4,Republican
Protect Others - Linear Cooperation,1.0,0.828125,0.5625,0.75,1.0,Male,4,Republican
Baseline Information,1.0,0.828125,0.8125,0.65625,0.6428571428571429,Male,4,Republican
Reframing Bravery,1.0,0.796875,0.5625,0.96875,0.8928571428571429,Male,5,Republican
Baseline Information,1.0,0.7071951959764134,0.6875,0.46875,0.5714285714285714,Male,5,Republican
Protect Others - Linear Cooperation,0.5,0.78125,0.75,0.5625,0.6071428571428571,Male,5,Republican
Reframing Bravery,1.0,0.796875,0.8125,0.4375,0.8214285714285714,Male,3,Republican
Placebo control (bird feeding),1.0,0.453125,0.4375,0.65625,0.7857142857142857,Male,3,Independent
Reframing Bravery,1.0,1.0,1.0,0.90625,0.9464285714285714,Male,4,Republican
Protect Others - Linear Cooperation,0.9166666666666666,0.890625,0.8125,0.0625,0.9285714285714286,Male,4,Democrat
Baseline Information,1.0,0.9375,0.9375,0.90625,0.9464285714285714,Male,4,Republican
Reframing Bravery,1.0,0.828125,1.0,1.0,0.75,Male,4,Republican
Placebo control (bird feeding),0.1666666666666666,0.65625,0.5,0.0,0.5,Male,3,Republican
Baseline Information,1.0,0.796875,0.875,0.34375,0.5714285714285714,Male,5,Republican
Placebo control (bird feeding),0.9166666666666666,0.890625,0.9375,0.90625,0.8928571428571429,Male,5,Republican
Placebo control (bird feeding),1.0,0.953125,0.8125,0.65625,0.875,Male,5,Republican
Protect Others - Linear Cooperation,0.9166666666666666,0.859375,0.8125,0.78125,0.8214285714285714,Male,4,Democrat
Protect Others - Linear Cooperation,1.0,0.921875,1.0,0.96875,0.9821428571428572,Male,4,Republican
Baseline Information,1.0,1.0,1.0,0.78125,0.8214285714285714,Male,5,Independent
Reframing Bravery,1.0,0.9375,0.9375,0.5,1.0,Male,3,Republican
Protect Others - Linear Cooperation,1.0,0.96875,0.75,0.90625,0.9821428571428572,Male,5,Republican
Protect Others - Linear Cooperation,0.75,0.6759451959764134,0.5,0.5,0.7142857142857143,Female,5,Republican
Protect Others - Linear Cooperation,0.9166666666666666,0.5,0.625,0.625,0.8571428571428571,Female,5,Republican
Baseline Information,1.0,0.703125,0.75,0.46875,0.3571428571428571,Male,2,Democrat
Placebo control (bird feeding),1.0,0.890625,0.8125,0.875,0.6428571428571429,Male,2,Democrat
Reframing Bravery,1.0,0.953125,1.0,0.90625,0.7857142857142857,Male,5,Republican
Baseline Information,0.0,0.3790701959764134,0.25,0.0,0.3571428571428571,Female,2,Republican
Reframing Bravery,1.0,0.484375,0.4375,0.6875,0.9642857142857144,Male,1,Democrat
Baseline Information,,0.6875,0.8125,0.28125,0.375,Female,5,Democrat
Baseline Information,0.6666666666666666,0.578125,0.625,0.40625,0.5535714285714286,Male,3,Republican
Baseline Information,0.9166666666666666,0.765625,1.0,0.78125,0.7857142857142857,Male,5,Independent
Baseline Information,1.0,0.875,1.0,0.875,0.7321428571428571,Male,2,Independent
Reframing Bravery,1.0,0.9375,0.8125,0.875,0.9821428571428572,Male,3,Republican
Reframing Bravery,1.0,0.890625,1.0,0.8125,0.9464285714285714,Female,2,Democrat
Placebo control (bird feeding),1.0,0.53125,0.625,0.3125,0.9285714285714286,Male,5,Independent
Placebo control (bird feeding),0.1666666666666666,0.609375,1.0,0.0625,0.1428571428571428,Female,5,Democrat
Placebo control (bird feeding),0.75,0.640625,1.0,0.59375,0.6428571428571429,Female,5,Democrat
Baseline Information,1.0,0.84375,0.75,0.84375,0.6785714285714286,Male,5,Republican
Reframing Bravery,0.0,0.859375,1.0,0.34375,0.4285714285714285,Female,4,Democrat
Reframing Bravery,1.0,0.875,0.8125,0.96875,1.0,Female,4,Independent
Reframing Bravery,1.0,0.875,1.0,0.84375,0.7857142857142857,Male,4,Republican
Baseline Information,1.0,0.875,1.0,0.9375,0.75,Female,5,Democrat
Protect Others - Linear Cooperation,1.0,0.765625,0.8125,0.53125,0.9285714285714286,Male,4,Republican
Placebo control (bird feeding),0.9166666666666666,0.640625,0.6875,0.46875,0.7857142857142857,Male,5,Republican
Placebo control (bird feeding),0.8333333333333334,0.9375,0.75,0.875,0.8571428571428571,Male,2,Democrat
Placebo control (bird feeding),0.8333333333333334,0.640625,0.75,0.9375,0.6071428571428571,Male,4,Republican
Reframing Bravery,0.6666666666666666,0.9375,1.0,0.5,0.9285714285714286,Female,4,Democrat
Reframing Bravery,1.0,0.78125,1.0,0.9375,1.0,Male,4,Independent
Baseline Information,1.0,0.953125,1.0,0.90625,0.8571428571428571,Male,5,Republican
Reframing Bravery,,0.609375,1.0,0.0625,0.0357142857142857,Female,4,Democrat
Reframing Bravery,0.6666666666666666,0.578125,1.0,0.96875,0.8392857142857143,Female,2,Democrat
Reframing Bravery,1.0,0.953125,1.0,1.0,1.0,Male,4,Independent
Reframing Bravery,0.5,0.5,0.1875,0.34375,0.5,Male,5,Republican
Baseline Information,1.0,0.90625,1.0,0.8125,0.875,Female,4,Republican
Placebo control (bird feeding),0.9166666666666666,0.84375,1.0,0.59375,0.75,Female,5,Republican
Protect Others - Linear Cooperation,0.0,0.703125,0.8125,0.8125,0.4285714285714285,Female,3,Democrat
Baseline Information,0.5833333333333334,0.390625,0.625,0.125,0.3928571428571428,Male,3,Republican
Protect Others - Linear Cooperation,1.0,0.984375,1.0,0.65625,0.9821428571428572,Female,1,Republican
Protect Others - Linear Cooperation,0.9166666666666666,0.78125,1.0,,0.7857142857142857,Female,5,Democrat
Baseline Information,1.0,0.578125,0.5625,0.59375,1.0,Male,4,Republican
Placebo control (bird feeding),1.0,0.6875,0.75,0.5,0.625,Male,1,Republican
Protect Others - Linear Cooperation,0.8333333333333334,0.859375,1.0,0.84375,0.9821428571428572,Male,5,Democrat
Protect Others - Linear Cooperation,0.0,0.8125,0.8125,0.6875,0.8571428571428571,Female,4,Republican
Placebo control (bird feeding),1.0,0.890625,1.0,0.90625,0.4642857142857143,Female,2,Democrat
Baseline Information,1.0,0.765625,0.5,0.90625,0.3928571428571428,Female,4,Republican
Reframing Bravery,0.9166666666666666,0.71875,0.5,0.5625,0.7142857142857143,Male,2,Democrat
Placebo control (bird feeding),0.6666666666666666,0.671875,0.6875,0.40625,0.5892857142857143,Female,4,Republican
Reframing Bravery,0.6666666666666666,0.390625,0.375,0.0625,0.5714285714285714,Male,5,Democrat
Placebo control (bird feeding),1.0,1.0,1.0,0.90625,0.7857142857142857,Male,4,Republican
Baseline Information,1.0,0.78125,0.6875,0.96875,0.9642857142857144,Male,5,Republican
Placebo control (bird feeding),0.5,0.734375,0.875,0.0,0.0357142857142857,Male,4,Republican
Protect Others - Linear Cooperation,1.0,1.0,1.0,0.875,1.0,Female,4,Republican
Protect Others - Linear Cooperation,1.0,0.8796002930977542,0.75,0.6875,0.8392857142857143,Female,5,Republican
Baseline Information,,0.125,0.375,,0.1071428571428571,Female,5,Republican
Placebo control (bird feeding),0.75,0.828125,0.5625,0.46875,0.8928571428571429,Male,5,Republican
Baseline Information,1.0,0.6875,1.0,0.5625,1.0,Female,5,Democrat
Placebo control (bird feeding),0.0,0.5,0.25,0.0,0.0714285714285714,Female,2,Democrat
Reframing Bravery,,0.84375,1.0,0.3125,0.9642857142857144,Male,5,Republican
Placebo control (bird feeding),1.0,0.9375,0.8125,0.90625,0.7857142857142857,Male,4,Independent
Placebo control (bird feeding),,0.578125,0.375,0.25,0.25,Female,5,Democrat
Protect Others - Linear Cooperation,1.0,0.9375,1.0,0.96875,1.0,Male,2,Republican
Baseline Information,1.0,0.71875,1.0,0.8125,0.75,Female,5,Democrat
Reframing Bravery,1.0,0.6875,1.0,0.59375,0.8928571428571429,Male,3,Democrat
Baseline Information,0.9166666666666666,0.9375,1.0,0.90625,0.8214285714285714,Female,5,Republican
Placebo control (bird feeding),0.9166666666666666,0.859375,0.6875,0.4375,0.7142857142857143,Male,2,Democrat
Placebo control (bird feeding),1.0,0.1875,0.125,0.46875,0.9285714285714286,Male,2,Democrat
Baseline Information,0.8333333333333334,0.90625,1.0,0.875,0.8571428571428571,Male,5,Independent
Placebo control (bird feeding),1.0,0.828125,0.9375,0.8125,0.6785714285714286,Female,3,Republican
Placebo control (bird feeding),0.9166666666666666,0.65625,0.6875,0.6875,0.8928571428571429,Male,2,Democrat
Reframing Bravery,0.5,0.15625,0.4375,0.125,0.1785714285714285,Female,5,Democrat
Reframing Bravery,1.0,0.625,1.0,0.375,1.0,Male,3,Republican
Protect Others - Linear Cooperation,0.5,0.4375,0.8125,0.40625,0.8571428571428571,Male,5,Republican
Placebo control (bird feeding),1.0,0.984375,1.0,0.5,0.9285714285714286,Male,5,Democrat
Placebo control (bird feeding),0.75,0.421875,0.1875,0.4375,0.5535714285714286,Male,1,Republican
Reframing Bravery,0.0,0.578125,0.25,0.34375,0.6428571428571429,Female,3,Democrat
Protect Others - Linear Cooperation,0.75,0.875,0.5,0.59375,0.7857142857142857,Female,3,Republican
Baseline Information,1.0,0.625,0.5625,0.53125,0.8214285714285714,Male,2,Independent
Reframing Bravery,0.6666666666666666,0.9415701959764134,1.0,0.6875,0.5357142857142857,Female,5,Republican
Reframing Bravery,0.8333333333333334,0.765625,0.625,0.90625,0.7321428571428571,Female,3,Democrat
Reframing Bravery,0.9166666666666666,0.90625,1.0,0.625,0.8392857142857143,Female,5,Democrat
Baseline Information,1.0,0.828125,1.0,0.96875,0.8214285714285714,Male,4,Republican
Placebo control (bird feeding),1.0,0.828125,0.4375,0.65625,0.6428571428571429,Female,4,Republican
Baseline Information,1.0,0.78125,0.6875,0.90625,1.0,Female,5,Republican
Protect Others - Linear Cooperation,1.0,0.96875,0.625,0.375,1.0,Male,5,Democrat
Baseline Information,0.9166666666666666,0.578125,0.875,0.6875,0.6785714285714286,Male,4,Republican
Reframing Bravery,1.0,1.0,1.0,0.9375,0.8571428571428571,Male,4,Democrat
Reframing Bravery,0.8333333333333334,0.765625,1.0,0.59375,0.5714285714285714,Male,3,Republican
Placebo control (bird feeding),,0.40625,0.3125,0.15625,0.3928571428571428,Male,5,Republican
Reframing Bravery,1.0,0.65625,0.625,0.90625,0.9642857142857144,Female,1,Democrat
Placebo control (bird feeding),,0.203125,0.0625,0.46875,0.8214285714285714,Female,1,Republican
Placebo control (bird feeding),1.0,0.96875,1.0,0.625,1.0,Male,4,Republican
Protect Others - Linear Cooperation,0.9166666666666666,0.28125,0.0625,0.59375,0.8035714285714286,Female,2,Republican
Reframing Bravery,0.8333333333333334,0.90625,0.875,0.6875,1.0,Male,4,Independent
Baseline Information,0.9166666666666666,0.921875,0.75,0.71875,0.6785714285714286,Male,4,Republican
Placebo control (bird feeding),1.0,0.640625,0.4375,0.96875,0.8571428571428571,Female,3,Republican
Baseline Information,1.0,0.859375,0.75,0.96875,0.5357142857142857,Male,2,Republican
Placebo control (bird feeding),0.9166666666666666,0.828125,0.8125,0.6875,0.9464285714285714,Male,3,Democrat
Baseline Information,1.0,0.984375,1.0,0.96875,0.9642857142857144,Male,1,Democrat
Placebo control (bird feeding),,0.5978201959764134,0.6875,0.09375,0.3571428571428571,Male,5,Republican
Baseline Information,0.75,0.890625,0.9375,0.28125,0.9642857142857144,Male,4,Democrat
Baseline Information,,0.5040701959764134,0.25,0.1875,0.5535714285714286,Male,5,Republican
Protect Others - Linear Cooperation,1.0,0.8125,0.8125,0.9375,1.0,Male,5,Republican
Placebo control (bird feeding),1.0,0.71875,0.625,0.8125,0.9107142857142856,Female,5,Independent
Reframing Bravery,,0.2853201959764134,0.25,0.25,0.4464285714285714,Male,4,Democrat
Protect Others - Linear Cooperation,1.0,0.890625,0.8125,0.59375,1.0,Female,2,Democrat
Reframing Bravery,1.0,0.953125,0.875,1.0,0.9285714285714286,Male,4,Republican
Baseline Information,0.6666666666666666,0.90625,0.4375,0.4375,1.0,Male,5,Republican
Baseline Information,0.5,0.734375,0.75,0.25,0.3928571428571428,Male,3,Republican
Baseline Information,,0.609375,0.25,0.21875,0.5,Male,5,Republican
Reframing Bravery,0.6666666666666666,0.4375,0.625,0.1875,0.5357142857142857,Male,3,Republican
Placebo control (bird feeding),0.5,0.453125,0.5625,0.1875,0.5,Male,5,Republican
Protect Others - Linear Cooperation,,0.453125,0.3125,0.28125,0.4642857142857143,Female,5,Republican
Baseline Information,1.0,0.96875,1.0,0.84375,1.0,Male,5,Independent
Baseline Information,1.0,0.6875,0.5,0.84375,0.7142857142857143,Female,1,Democrat
Baseline Information,1.0,0.859375,1.0,1.0,0.9821428571428572,Male,5,Republican
Placebo control (bird feeding),,0.5509451959764134,0.375,0.15625,0.7142857142857143,Male,5,Republican
Placebo control (bird feeding),0.75,0.90625,1.0,0.4375,0.875,Male,5,Republican
Placebo control (bird feeding),1.0,0.703125,1.0,0.46875,0.75,Male,4,Democrat
Placebo control (bird feeding),1.0,0.640625,0.5625,0.5625,0.7857142857142857,Male,3,Republican
Reframing Bravery,0.75,0.3125,0.25,0.0,0.2857142857142857,Male,2,Republican
Reframing Bravery,1.0,0.96875,0.875,0.78125,0.5714285714285714,Female,4,Republican
Baseline Information,0.9166666666666666,0.8125,0.75,0.84375,0.8571428571428571,Male,4,Democrat
Placebo control (bird feeding),0.25,0.21875,0.625,0.0,0.1071428571428571,Female,4,Democrat
Placebo control (bird feeding),1.0,0.890625,1.0,0.71875,0.9642857142857144,Male,5,Republican
Reframing Bravery,1.0,0.9375,0.875,0.9375,1.0,Female,4,Republican
Reframing Bravery,1.0,0.9375,1.0,1.0,1.0,Female,2,Democrat
Reframing Bravery,0.75,0.40625,0.3125,0.40625,0.5892857142857143,Female,5,Democrat
Placebo control (bird feeding),,0.75,1.0,0.21875,0.4821428571428571,Male,4,Republican
Protect Others - Linear Cooperation,1.0,0.59375,0.75,0.59375,0.9285714285714286,Male,4,Democrat
Protect Others - Linear Cooperation,,0.75,0.75,0.4375,0.5178571428571429,Female,4,Democrat
Baseline Information,0.9166666666666666,0.90625,0.9375,0.75,0.75,Female,4,Republican
Baseline Information,0.9166666666666666,0.984375,0.9375,0.5,0.3928571428571428,Female,4,Democrat
Reframing Bravery,0.0,0.109375,0.0625,0.03125,0.1607142857142857,Male,5,Republican
Protect Others - Linear Cooperation,1.0,0.8125,1.0,0.96875,0.9285714285714286,Male,4,Republican
Placebo control (bird feeding),0.75,0.6875,0.5625,0.8125,0.4285714285714285,Male,5,Democrat
Reframing Bravery,0.9166666666666666,0.875,0.6875,0.875,1.0,Male,3,Democrat
Protect Others - Linear Cooperation,0.5833333333333334,0.65625,0.4375,0.15625,0.7857142857142857,Female,5,Republican
Protect Others - Linear Cooperation,1.0,0.921875,1.0,0.65625,1.0,Male,5,Republican
Reframing Bravery,1.0,0.8125,0.8125,0.5,0.875,Male,5,Republican
Protect Others - Linear Cooperation,,0.75,0.9375,0.375,0.7142857142857143,Male,2,Democrat
Placebo control (bird feeding),1.0,0.8125,1.0,0.90625,0.6785714285714286,Female,4,Republican
Protect Others - Linear Cooperation,1.0,0.875,1.0,0.8125,0.4285714285714285,Male,5,Independent
Protect Others - Linear Cooperation,1.0,0.875,1.0,0.9375,0.8214285714285714,Female,5,Republican
Protect Others - Linear Cooperation,0.6666666666666666,0.90625,0.9375,0.40625,0.6607142857142857,Female,5,Republican
Placebo control (bird feeding),1.0,0.625,0.75,0.5,1.0,Male,4,Democrat
Placebo control (bird feeding),1.0,0.84375,0.625,0.96875,0.9642857142857144,Male,5,Republican
Reframing Bravery,,0.9375,1.0,0.5,0.9285714285714286,Male,4,Democrat
Baseline Information,1.0,0.796875,0.875,1.0,0.8035714285714286,Male,4,Democrat
Protect Others - Linear Cooperation,1.0,0.8125,0.6875,0.78125,0.6785714285714286,Male,3,Democrat
Reframing Bravery,0.75,0.8125,0.875,0.71875,0.8392857142857143,Male,1,Democrat
Reframing Bravery,1.0,0.671875,0.3125,0.5,0.7321428571428571,Male,2,Republican
Placebo control (bird feeding),,0.4103201959764134,0.1875,0.0625,0.0178571428571428,Female,2,Democrat
Reframing Bravery,1.0,0.984375,1.0,0.53125,0.8035714285714286,Male,5,Republican
Protect Others - Linear Cooperation,1.0,0.875,0.375,0.625,0.2857142857142857,Male,4,Republican
Placebo control (bird feeding),,0.6759451959764134,0.9375,0.25,0.3035714285714285,Male,5,Republican
Protect Others - Linear Cooperation,0.8333333333333334,0.703125,0.625,0.46875,0.9642857142857144,Female,2,Democrat
Protect Others - Linear Cooperation,0.9166666666666666,0.9066161303630362,0.75,0.5,0.7142857142857143,Male,4,Democrat
Baseline Information,,0.796875,1.0,0.375,0.5178571428571429,Male,4,Democrat
Placebo control (bird feeding),0.9166666666666666,0.9375,1.0,0.71875,1.0,Male,4,Republican
Baseline Information,1.0,0.75,0.6875,0.875,1.0,Female,5,Republican
Placebo control (bird feeding),,0.078125,0.1875,0.09375,0.4285714285714285,Female,5,Republican
Baseline Information,0.9166666666666666,0.9375,1.0,0.78125,0.8214285714285714,Female,4,Democrat
Baseline Information,1.0,0.75,0.625,0.34375,0.75,Male,5,Republican
Placebo control (bird feeding),0.9166666666666666,0.90625,0.9375,0.53125,0.5357142857142857,Male,4,Republican
Placebo control (bird feeding),,0.2228201959764134,0.1875,0.15625,0.3214285714285714,Male,3,Republican
Placebo control (bird feeding),0.5,0.4728201959764134,0.625,0.53125,0.7857142857142857,Male,1,Republican
Reframing Bravery,,0.6875,0.0625,0.21875,0.6785714285714286,Male,4,Republican
Reframing Bravery,1.0,0.796875,0.375,0.84375,0.5714285714285714,Male,5,Republican
Reframing Bravery,1.0,0.671875,0.5625,0.8125,0.9285714285714286,Female,4,Democrat
Protect Others - Linear Cooperation,,0.7228201959764134,1.0,0.25,0.7857142857142857,Male,4,Republican
Placebo control (bird feeding),0.0,0.21875,0.25,0.0,0.2857142857142857,Female,3,Democrat
Reframing Bravery,1.0,0.578125,0.5,0.71875,0.7142857142857143,Female,5,Democrat
Protect Others - Linear Cooperation,0.8333333333333334,0.71875,1.0,0.4375,0.3928571428571428,Male,3,Republican
Reframing Bravery,0.9166666666666666,0.796875,0.875,0.90625,0.7857142857142857,Male,4,Democrat
Protect Others - Linear Cooperation,0.9166666666666666,0.859375,0.75,0.71875,0.8928571428571429,Male,4,Republican
Reframing Bravery,0.8333333333333334,0.6875,0.75,0.6875,0.9107142857142856,Female,5,Republican
Baseline Information,0.6666666666666666,0.90625,1.0,1.0,0.9285714285714286,Male,3,Republican
Protect Others - Linear Cooperation,,0.90625,0.8125,0.46875,0.6071428571428571,Female,3,Democrat
Reframing Bravery,1.0,0.953125,1.0,0.71875,0.9821428571428572,Female,5,Republican
Placebo control (bird feeding),0.9166666666666666,0.875,1.0,0.9375,0.8571428571428571,Male,4,Democrat
Placebo control (bird feeding),,0.5509451959764134,0.875,0.15625,0.375,Male,5,Republican
Reframing Bravery,1.0,0.609375,0.75,0.5,0.8571428571428571,Female,2,Independent
Placebo control (bird feeding),,0.578125,0.4375,0.53125,0.6071428571428571,Male,4,Democrat
Protect Others - Linear Cooperation,0.4166666666666667,0.71875,1.0,0.0,0.5357142857142857,Female,2,Republican
Reframing Bravery,1.0,0.46875,0.75,0.34375,0.8035714285714286,Female,5,Republican
Baseline Information,,0.859375,0.6875,0.3125,0.6428571428571429,Male,2,Republican
Placebo control (bird feeding),0.75,0.65625,0.5,0.3125,0.5357142857142857,Male,4,Republican
Placebo control (bird feeding),0.0,0.1875,0.75,0.0,0.0,Female,5,Democrat
Placebo control (bird feeding),0.5,0.890625,1.0,0.46875,0.5714285714285714,Male,5,Democrat
Protect Others - Linear Cooperation,,0.4103201959764134,0.5,0.28125,0.4464285714285714,Male,5,Independent
Baseline Information,1.0,0.921875,0.9375,0.875,0.9821428571428572,Female,5,Democrat
Baseline Information,0.9166666666666666,0.8125,0.9375,0.21875,0.8571428571428571,Male,4,Republican
Protect Others - Linear Cooperation,1.0,0.9375,0.8125,0.6875,0.8214285714285714,Male,3,Democrat
Reframing Bravery,0.9166666666666666,0.921875,1.0,0.71875,0.9107142857142856,Male,3,Democrat
Placebo control (bird feeding),,0.6759451959764134,0.625,0.53125,0.3571428571428571,Male,2,Democrat
Placebo control (bird feeding),1.0,0.8125,1.0,0.96875,0.5714285714285714,Male,4,Republican
Baseline Information,,0.484375,0.625,0.21875,0.0714285714285714,Male,4,Republican
Baseline Information,,0.71875,0.6875,0.53125,0.8928571428571429,Male,5,Democrat
Baseline Information,0.9166666666666666,0.953125,1.0,0.90625,0.5714285714285714,Male,2,Republican
Placebo control (bird feeding),0.6666666666666666,0.359375,0.25,0.5,0.625,Female,5,Democrat
Protect Others - Linear Cooperation,0.8333333333333334,0.75,0.875,0.6875,0.6785714285714286,Male,3,Republican
Baseline Information,0.1666666666666666,0.4415701959764134,0.375,0.125,0.25,Female,4,Democrat
Baseline Information,0.6666666666666666,0.671875,0.375,0.46875,0.5,Male,2,Democrat
Protect Others - Linear Cooperation,1.0,0.921875,0.9375,1.0,0.6071428571428571,Female,2,Democrat
Baseline Information,1.0,0.96875,1.0,0.96875,1.0,Female,5,Republican
Placebo control (bird feeding),0.75,0.875,1.0,0.40625,0.9285714285714286,Male,3,Democrat
Baseline Information,,0.421875,0.875,0.34375,0.4821428571428571,Male,4,Democrat
Protect Others - Linear Cooperation,1.0,0.84375,0.875,0.96875,0.9285714285714286,Male,5,Democrat
Placebo control (bird feeding),1.0,1.0,1.0,1.0,1.0,Male,3,Republican
Protect Others - Linear Cooperation,1.0,0.828125,0.5,0.96875,0.7857142857142857,Male,3,Republican
Baseline Information,0.1666666666666666,0.828125,1.0,0.375,0.7321428571428571,Male,4,Democrat
Placebo control (bird feeding),0.8333333333333334,0.8125,1.0,0.6875,0.4642857142857143,Male,1,Democrat
Placebo control (bird feeding),0.5833333333333334,0.5353201959764134,0.5625,0.5,0.4821428571428571,Female,5,Republican
Reframing Bravery,0.5833333333333334,0.359375,0.4375,0.5625,0.3928571428571428,Female,4,Democrat
Placebo control (bird feeding),0.75,0.640625,0.8125,0.4375,0.5357142857142857,Male,2,Democrat
Baseline Information,1.0,0.8125,1.0,0.8125,1.0,Male,4,Republican
Reframing Bravery,1.0,0.640625,0.625,0.84375,0.9642857142857144,Female,5,Democrat
Placebo control (bird feeding),0.3333333333333333,0.5,0.625,0.125,0.0,Female,5,Republican
Reframing Bravery,1.0,1.0,0.9375,0.90625,0.8571428571428571,Male,3,Democrat
Baseline Information,1.0,1.0,1.0,0.5625,0.9821428571428572,Male,4,Democrat
Placebo control (bird feeding),0.5,0.53125,0.0,0.3125,0.9285714285714286,Female,5,Republican
Reframing Bravery,1.0,1.0,0.8125,0.75,1.0,Male,5,Republican
Baseline Information,0.75,0.359375,0.25,0.21875,0.75,Female,5,Republican
Placebo control (bird feeding),1.0,0.8125,0.8125,0.6875,0.8571428571428571,Female,4,Democrat
Protect Others - Linear Cooperation,0.9166666666666666,0.90625,1.0,0.59375,0.7142857142857143,Male,5,Democrat
Baseline Information,0.75,0.90625,0.5,0.53125,0.6071428571428571,Female,2,Republican
Baseline Information,0.9166666666666666,0.78125,0.8125,0.75,0.6785714285714286,Male,1,Independent
Protect Others - Linear Cooperation,1.0,0.90625,0.9375,0.875,0.5357142857142857,Female,5,Republican
Baseline Information,0.6666666666666666,0.875,1.0,0.59375,0.8035714285714286,Male,4,Independent
Placebo control (bird feeding),0.75,0.515625,0.5,0.5625,0.5,Male,5,Republican
Baseline Information,0.6666666666666666,0.625,0.9375,0.46875,0.8214285714285714,Female,5,Democrat
Reframing Bravery,,0.90625,1.0,0.96875,0.9821428571428572,Male,5,Republican
Placebo control (bird feeding),0.9166666666666666,0.734375,0.8125,0.84375,1.0,Male,5,Republican
Protect Others - Linear Cooperation,0.6666666666666666,0.921875,0.625,0.3125,0.8035714285714286,Male,5,Republican
Baseline Information,1.0,0.984375,0.8125,0.9375,0.9285714285714286,Male,5,Independent
Reframing Bravery,1.0,0.890625,0.875,0.875,1.0,Male,5,Republican
Protect Others - Linear Cooperation,0.75,0.5625,0.5625,0.9375,0.8214285714285714,Male,5,Republican
Protect Others - Linear Cooperation,0.9166666666666666,0.90625,0.8125,0.34375,0.7321428571428571,Male,5,Democrat
Reframing Bravery,0.8333333333333334,0.890625,0.875,0.9375,1.0,Male,5,Democrat
Baseline Information,1.0,0.90625,0.9375,0.8125,0.5892857142857143,Female,3,Democrat
Baseline Information,,0.578125,0.5625,0.15625,0.4642857142857143,Female,3,Democrat
Reframing Bravery,1.0,0.859375,0.625,0.90625,0.7857142857142857,Male,3,Republican
Protect Others - Linear Cooperation,,0.5625,0.4375,0.21875,0.4107142857142857,Female,5,Democrat
Baseline Information,,0.5509451959764134,0.625,0.28125,0.4642857142857143,Male,4,Republican
Reframing Bravery,1.0,0.96875,1.0,1.0,1.0,Female,3,Republican
Baseline Information,0.5,0.515625,0.5,0.125,0.1964285714285714,Male,4,Democrat
Baseline Information,1.0,0.578125,0.8125,0.5,0.75,Male,4,Republican
Reframing Bravery,1.0,0.96875,1.0,0.9375,0.8928571428571429,Male,5,Independent
Reframing Bravery,1.0,0.921875,0.8125,0.8125,0.75,Female,5,Republican
Reframing Bravery,0.9166666666666666,0.90625,0.6875,0.90625,0.7142857142857143,Male,5,Democrat
Reframing Bravery,1.0,0.890625,0.9375,0.84375,0.9107142857142856,Male,3,Independent
Protect Others - Linear Cooperation,1.0,0.875,1.0,0.875,0.875,Female,5,Democrat
Baseline Information,0.6666666666666666,0.828125,0.75,0.4375,1.0,Male,5,Democrat
Reframing Bravery,1.0,0.859375,0.9375,0.96875,0.9285714285714286,Female,5,Independent
Baseline Information,1.0,0.953125,1.0,0.90625,0.8214285714285714,Male,2,Democrat
Protect Others - Linear Cooperation,0.9166666666666666,0.859375,1.0,0.5625,0.9464285714285714,Female,2,Democrat
Baseline Information,0.8333333333333334,0.890625,1.0,0.625,0.8928571428571429,Male,4,Republican
Reframing Bravery,0.9166666666666666,0.75,0.9375,0.4375,0.6785714285714286,Male,4,Democrat
Reframing Bravery,0.75,0.734375,0.5625,0.3125,0.4821428571428571,Male,3,Independent
Placebo control (bird feeding),1.0,0.84375,0.8125,0.84375,0.7857142857142857,Male,4,Republican
Reframing Bravery,,0.609375,0.75,0.25,0.1428571428571428,Male,5,Democrat
Protect Others - Linear Cooperation,0.8333333333333334,0.8125,0.875,0.90625,0.8392857142857143,Female,3,Democrat
Protect Others - Linear Cooperation,1.0,0.765625,1.0,0.75,0.8035714285714286,Female,3,Democrat
Reframing Bravery,1.0,0.53125,0.5625,0.71875,0.8571428571428571,Male,3,Republican
Placebo control (bird feeding),0.5833333333333334,0.390625,0.3125,0.3125,0.4107142857142857,Male,3,Republican
Placebo control (bird feeding),0.9166666666666666,0.703125,0.6875,0.28125,0.5535714285714286,Male,5,Republican
Reframing Bravery,0.8333333333333334,0.90625,0.9375,0.8125,0.8928571428571429,Male,4,Independent
Reframing Bravery,,0.671875,0.75,0.375,0.8928571428571429,Male,2,Republican
Placebo control (bird feeding),0.6666666666666666,0.78125,0.625,0.46875,0.6071428571428571,Female,4,Republican
Placebo control (bird feeding),1.0,0.796875,1.0,0.875,1.0,Male,3,Republican
Protect Others - Linear Cooperation,0.9166666666666666,0.84375,0.5625,0.8125,0.7142857142857143,Female,5,Republican
Placebo control (bird feeding),0.75,0.71875,0.75,0.65625,0.7321428571428571,Male,5,Democrat
Placebo control (bird feeding),0.9166666666666666,0.8125,1.0,0.8125,0.8035714285714286,Female,5,Republican
Baseline Information,1.0,0.8125,1.0,0.625,0.4107142857142857,Male,2,Republican
Baseline Information,1.0,1.0,0.875,0.78125,0.9285714285714286,Male,4,Republican
Reframing Bravery,1.0,0.84375,0.875,0.78125,1.0,Male,5,Republican
Protect Others - Linear Cooperation,1.0,0.953125,1.0,0.28125,1.0,Male,5,Democrat
Placebo control (bird feeding),,0.34375,0.5625,0.3125,0.2678571428571428,Female,4,Republican
Protect Others - Linear Cooperation,1.0,0.859375,0.9375,0.4375,1.0,Male,4,Democrat
Placebo control (bird feeding),1.0,0.953125,1.0,0.59375,0.8035714285714286,Male,2,Republican
Placebo control (bird feeding),1.0,0.9375,0.8125,0.5,0.9285714285714286,Male,5,Republican
Placebo control (bird feeding),0.5,0.5,0.5,0.5,0.5,Male,2,Republican
Baseline Information,1.0,0.96875,1.0,1.0,0.9285714285714286,Male,4,Democrat
Reframing Bravery,,0.90625,0.5,0.34375,0.4642857142857143,Male,5,Republican
Placebo control (bird feeding),1.0,0.953125,0.875,0.71875,0.8571428571428571,Male,5,Republican
Protect Others - Linear Cooperation,,0.796875,0.9375,0.25,0.6071428571428571,Female,5,Republican
Protect Others - Linear Cooperation,,0.4728201959764134,0.5,0.03125,0.3392857142857143,Female,5,Democrat
Protect Others - Linear Cooperation,1.0,0.71875,0.5625,0.5625,0.75,Male,4,Independent
Protect Others - Linear Cooperation,,0.359375,0.5,0.21875,0.2678571428571428,Female,4,Republican
Reframing Bravery,1.0,0.8125,0.5625,0.9375,0.6071428571428571,Male,5,Republican
Protect Others - Linear Cooperation,,0.890625,1.0,0.1875,0.6428571428571429,Female,5,Republican
Placebo control (bird feeding),1.0,0.9375,1.0,0.96875,1.0,Male,3,Independent
Protect Others - Linear Cooperation,,0.3946951959764134,0.4375,0.0625,0.0357142857142857,Male,5,Democrat
Reframing Bravery,1.0,0.796875,0.5625,0.96875,0.7857142857142857,Male,2,Democrat
Reframing Bravery,0.8333333333333334,0.828125,0.75,0.90625,0.9107142857142856,Male,4,Republican
Baseline Information,0.9166666666666666,0.90625,0.75,0.375,0.8035714285714286,Female,5,Republican
Protect Others - Linear Cooperation,,0.703125,0.6875,0.9375,0.9464285714285714,Female,2,Democrat
Reframing Bravery,1.0,0.953125,1.0,0.90625,0.8928571428571429,Male,5,Republican
Reframing Bravery,0.9166666666666666,0.859375,0.75,0.71875,0.8035714285714286,Male,2,Republican
Reframing Bravery,0.9166666666666666,0.9375,1.0,1.0,0.9285714285714286,Female,4,Republican
Placebo control (bird feeding),1.0,0.875,0.9375,0.71875,0.9642857142857144,Male,5,Republican
Reframing Bravery,1.0,0.921875,0.9375,0.9375,0.9285714285714286,Male,5,Republican
Placebo control (bird feeding),1.0,0.875,1.0,0.3125,1.0,Male,2,Democrat
Baseline Information,0.8333333333333334,0.78125,1.0,0.46875,0.8392857142857143,Female,3,Democrat
Baseline Information,0.0,0.0625,0.0,0.0,0.0,Male,4,Republican
Baseline Information,1.0,0.875,0.75,0.5625,0.75,Male,4,Republican
Protect Others - Linear Cooperation,0.3333333333333333,0.703125,0.1875,0.8125,0.7857142857142857,Male,3,Republican
Reframing Bravery,0.5833333333333334,0.453125,0.5,0.5625,0.5892857142857143,Male,2,Republican
Reframing Bravery,0.8333333333333334,0.8125,0.8125,0.4375,0.75,Female,2,Democrat
Protect Others - Linear Cooperation,1.0,0.921875,0.9369331299472295,0.84375,0.9821428571428572,Female,5,Democrat
Baseline Information,1.0,1.0,1.0,0.90625,0.9285714285714286,Male,5,Democrat
Reframing Bravery,0.9166666666666666,0.84375,0.75,0.4375,0.8571428571428571,Female,2,Democrat
Baseline Information,1.0,0.875,0.875,0.84375,0.9285714285714286,Male,5,Republican
Baseline Information,,0.734375,0.75,0.28125,0.5714285714285714,Female,2,Democrat
Protect Others - Linear Cooperation,1.0,0.796875,0.625,0.6875,1.0,Male,5,Democrat
Protect Others - Linear Cooperation,0.0,0.328125,0.0625,0.09375,0.25,Male,5,Republican
Baseline Information,1.0,0.609375,0.8125,0.84375,0.8392857142857143,Male,5,Republican
Baseline Information,0.75,0.9375,1.0,0.96875,0.8928571428571429,Male,5,Republican
Placebo control (bird feeding),0.9166666666666666,0.734375,0.5625,0.46875,0.5357142857142857,Male,4,Democrat
Protect Others - Linear Cooperation,0.9166666666666666,0.90625,0.9375,0.90625,0.9285714285714286,Female,3,Republican
Placebo control (bird feeding),1.0,0.421875,0.6875,0.375,0.5357142857142857,Male,5,Republican
Baseline Information,0.8333333333333334,0.9375,1.0,0.5625,0.9285714285714286,Male,3,Democrat
Baseline Information,0.9166666666666666,0.6875,0.9375,0.5625,0.7857142857142857,Male,4,Independent
Baseline Information,1.0,0.921875,1.0,0.84375,0.75,Male,4,Republican
Placebo control (bird feeding),,0.25,0.5,0.1875,0.0357142857142857,Male,2,Republican
Reframing Bravery,1.0,0.9375,1.0,0.90625,0.9285714285714286,Male,5,Republican
Baseline Information,1.0,0.9375,0.9375,1.0,1.0,Female,4,Republican
Placebo control (bird feeding),1.0,0.859375,0.75,0.6875,0.8928571428571429,Male,3,Republican
Protect Others - Linear Cooperation,0.9166666666666666,0.84375,0.6875,0.90625,0.7857142857142857,Male,5,Democrat
Reframing Bravery,0.9166666666666666,0.8125,1.0,0.8125,1.0,Female,3,Republican
Protect Others - Linear Cooperation,0.75,0.578125,0.6875,0.6875,0.7678571428571429,Male,2,Democrat
Protect Others - Linear Cooperation,1.0,0.5625,0.375,0.375,0.8392857142857143,Male,3,Republican
Protect Others - Linear Cooperation,0.8333333333333334,0.546875,0.25,0.46875,0.8214285714285714,Female,1,Republican
Protect Others - Linear Cooperation,,0.578125,0.375,0.3125,0.4821428571428571,Male,5,Republican
Reframing Bravery,1.0,0.6875,0.75,0.90625,0.4285714285714285,Male,4,Republican
Reframing Bravery,0.8333333333333334,0.90625,0.875,0.53125,0.5714285714285714,Female,5,Republican
Placebo control (bird feeding),1.0,0.84375,0.625,0.9375,0.6428571428571429,Male,2,Republican
Reframing Bravery,0.8333333333333334,0.75,0.8125,0.90625,1.0,Male,2,Independent
Protect Others - Linear Cooperation,1.0,0.875,0.75,0.875,0.5714285714285714,Female,4,Independent
Baseline Information,1.0,0.7696951959764134,0.5,0.6875,0.6785714285714286,Female,5,Republican
Reframing Bravery,0.6666666666666666,0.625,0.875,0.90625,0.7142857142857143,Female,2,Democrat
Reframing Bravery,0.9166666666666666,0.890625,0.625,0.4375,1.0,Male,4,Republican
Reframing Bravery,,0.6915701959764134,0.75,0.46875,0.2857142857142857,Female,1,Democrat
Reframing Bravery,1.0,0.921875,1.0,1.0,1.0,Male,4,Republican
Placebo control (bird feeding),1.0,0.875,0.8125,0.59375,0.7321428571428571,Male,4,Independent
Protect Others - Linear Cooperation,0.8333333333333334,0.59375,0.4375,0.3125,0.7142857142857143,Male,4,Republican
Placebo control (bird feeding),1.0,0.546875,0.875,1.0,0.75,Male,4,Republican
Protect Others - Linear Cooperation,0.75,0.578125,0.6875,0.53125,0.4464285714285714,Male,3,Independent
Baseline Information,1.0,0.984375,1.0,0.90625,0.9464285714285714,Male,5,Republican
Reframing Bravery,1.0,0.84375,0.875,0.876901904997526,1.0,Male,4,Republican
Reframing Bravery,1.0,0.71875,1.0,0.84375,1.0,Male,4,Democrat
Placebo control (bird feeding),0.0,0.796875,0.75,0.875,0.7142857142857143,Female,5,Democrat
Protect Others - Linear Cooperation,1.0,0.765625,0.5,0.84375,0.8571428571428571,Male,3,Republican
Placebo control (bird feeding),1.0,0.65625,0.75,0.90625,1.0,Male,4,Republican
Protect Others - Linear Cooperation,1.0,0.859375,1.0,0.8125,0.8214285714285714,Male,4,Republican
Reframing Bravery,1.0,0.875,1.0,0.96875,0.8035714285714286,Male,5,Democrat
Protect Others - Linear Cooperation,0.6666666666666666,0.625,0.375,0.375,0.7857142857142857,Female,2,Democrat
Placebo control (bird feeding),1.0,0.953125,1.0,0.53125,1.0,Female,5,Republican
Protect Others - Linear Cooperation,1.0,0.859375,0.8125,0.875,0.8571428571428571,Female,5,Democrat
Reframing Bravery,0.9166666666666666,0.9375,1.0,0.78125,1.0,Male,4,Republican
Protect Others - Linear Cooperation,0.9166666666666666,0.84375,0.875,0.8125,1.0,Male,4,Republican
Protect Others - Linear Cooperation,1.0,0.953125,1.0,0.875,0.9642857142857144,Male,5,Republican
Reframing Bravery,1.0,0.859375,0.8125,1.0,1.0,Female,4,Republican
Baseline Information,0.6666666666666666,0.78125,0.9375,0.5625,0.6964285714285714,Female,2,Democrat
Baseline Information,0.9166666666666666,0.203125,0.125,0.5,0.8392857142857143,Male,4,Democrat
Protect Others - Linear Cooperation,1.0,0.96875,1.0,0.75,0.9285714285714286,Female,5,Independent
Baseline Information,0.75,0.640625,0.4375,0.375,0.6428571428571429,Male,2,Democrat
Placebo control (bird feeding),0.3333333333333333,0.546875,0.875,0.125,0.2142857142857142,Male,5,Republican
Protect Others - Linear Cooperation,1.0,0.625,0.375,0.75,0.7142857142857143,Female,5,Republican
Placebo control (bird feeding),1.0,0.953125,0.9375,0.875,0.8214285714285714,Male,2,Democrat
Placebo control (bird feeding),0.6666666666666666,0.703125,0.6875,0.21875,0.5,Female,2,Republican
Placebo control (bird feeding),1.0,0.65625,0.6875,0.78125,0.7142857142857143,Female,5,Republican
Baseline Information,0.5,0.3125,0.25,0.0625,0.4285714285714285,Male,5,Republican
Placebo control (bird feeding),1.0,0.84375,1.0,0.65625,0.875,Male,5,Republican
Protect Others - Linear Cooperation,1.0,0.578125,0.75,0.125,0.5714285714285714,Male,5,Republican
Baseline Information,0.8333333333333334,0.75,0.625,0.59375,0.7678571428571429,Female,5,Republican
Reframing Bravery,0.9166666666666666,0.875,0.6875,0.75,0.8214285714285714,Female,2,Republican
Placebo control (bird feeding),0.0,0.578125,0.75,0.0,0.4285714285714285,Male,5,Republican
Protect Others - Linear Cooperation,1.0,0.890625,1.0,0.4375,0.9285714285714286,Male,5,Democrat
Reframing Bravery,0.9166666666666666,0.890625,1.0,0.59375,0.9285714285714286,Female,3,Republican
Placebo control (bird feeding),,0.71875,0.625,0.25,0.5892857142857143,Female,5,Republican
Protect Others - Linear Cooperation,0.5,0.71875,0.75,0.5625,0.6428571428571429,Male,4,Republican
Protect Others - Linear Cooperation,1.0,0.875,1.0,0.78125,0.9107142857142856,Male,3,Republican
Protect Others - Linear Cooperation,1.0,0.859375,1.0,0.96875,0.9464285714285714,Male,5,Republican
Protect Others - Linear Cooperation,1.0,0.734375,0.5,0.78125,0.5714285714285714,Male,2,Republican
Protect Others - Linear Cooperation,,0.296875,0.3125,0.0625,0.375,Female,4,Republican
Reframing Bravery,1.0,0.921875,1.0,1.0,1.0,Female,4,Republican
Baseline Information,0.5,0.5,0.5,0.65625,0.5,Male,3,Democrat
Reframing Bravery,0.75,0.921875,1.0,0.59375,0.0892857142857142,Female,1,Republican
Protect Others - Linear Cooperation,0.75,0.71875,0.75,0.21875,0.5357142857142857,Male,5,Democrat
Placebo control (bird feeding),1.0,0.6875,0.5,0.75,0.7857142857142857,Female,3,Democrat
Baseline Information,0.5,0.609375,0.6875,0.28125,0.0892857142857142,Male,3,Republican
Protect Others - Linear Cooperation,1.0,1.0,1.0,1.0,0.8035714285714286,Male,4,Independent
Baseline Information,0.3333333333333333,0.4259451959764134,0.75,0.53125,0.3035714285714285,Male,5,Democrat
Protect Others - Linear Cooperation,1.0,0.984375,1.0,0.9375,0.9642857142857144,Male,2,Republican
Placebo control (bird feeding),0.9166666666666666,0.890625,1.0,0.65625,0.9285714285714286,Male,5,Republican
Placebo control (bird feeding),1.0,0.734375,1.0,0.6875,0.8392857142857143,Male,5,Republican
Reframing Bravery,0.75,0.640625,0.75,0.65625,0.75,Male,5,Independent
Placebo control (bird feeding),1.0,0.953125,1.0,1.0,0.5714285714285714,Male,1,Republican
Placebo control (bird feeding),1.0,0.734375,0.6875,0.625,0.9107142857142856,Male,2,Republican
Reframing Bravery,1.0,0.953125,0.5625,0.5,0.8928571428571429,Male,4,Republican
Placebo control (bird feeding),0.0,0.53125,0.75,0.0,0.0714285714285714,Female,3,Democrat
Protect Others - Linear Cooperation,,0.3321951959764134,0.5625,0.3125,0.0892857142857142,Female,3,Republican
Protect Others - Linear Cooperation,1.0,0.96875,0.75,0.78125,0.9821428571428572,Male,5,Republican
Placebo control (bird feeding),0.0,0.53125,0.75,0.15625,0.1071428571428571,Female,5,Democrat
Baseline Information,0.3333333333333333,0.5,0.6875,0.25,0.9285714285714286,Male,4,Democrat
Protect Others - Linear Cooperation,0.0,0.421875,0.5,0.125,0.4642857142857143,Male,3,Republican
Placebo control (bird feeding),,0.171875,0.0,0.1875,0.5,Male,5,Republican
Reframing Bravery,,0.5625,0.4375,0.53125,0.5,Male,3,Democrat
Reframing Bravery,1.0,0.796875,0.75,0.90625,1.0,Female,3,Republican
Protect Others - Linear Cooperation,1.0,0.71875,0.8125,0.5,0.4107142857142857,Male,3,Republican
Placebo control (bird feeding),0.9166666666666666,0.71875,0.5625,0.65625,1.0,Male,2,Republican
Reframing Bravery,1.0,0.921875,1.0,0.84375,0.8571428571428571,Male,2,Republican
Baseline Information,0.5,0.609375,0.0625,0.1875,0.3571428571428571,Female,2,Democrat
Protect Others - Linear Cooperation,0.75,0.734375,0.75,0.5,0.7857142857142857,Female,5,Democrat
Placebo control (bird feeding),1.0,0.609375,0.5625,0.3125,0.5892857142857143,Male,4,Republican
Reframing Bravery,1.0,0.71875,0.8125,0.625,0.7142857142857143,Female,3,Republican
Protect Others - Linear Cooperation,1.0,0.859375,0.5625,0.71875,0.9821428571428572,Male,4,Republican
Reframing Bravery,0.3333333333333333,0.40625,0.25,0.09375,0.3392857142857143,Female,4,Democrat
Protect Others - Linear Cooperation,0.5833333333333334,0.5625,0.4375,0.40625,0.6607142857142857,Female,5,Republican
Reframing Bravery,0.9166666666666666,0.890625,1.0,0.59375,0.75,Female,5,Democrat
Baseline Information,,0.6634339063741733,0.6875,0.5625,0.8571428571428571,Male,2,Republican
Baseline Information,1.0,0.921875,1.0,0.84375,0.9642857142857144,Male,5,Democrat
Protect Others - Linear Cooperation,1.0,0.984375,1.0,0.6875,0.9464285714285714,Male,2,Republican
Baseline Information,1.0,0.8125,0.625,0.3125,0.7142857142857143,Female,4,Republican
Baseline Information,1.0,0.921875,0.875,0.90625,0.9642857142857144,Male,5,Independent
Placebo control (bird feeding),1.0,0.96875,0.8125,0.75,0.8571428571428571,Male,4,Independent
Baseline Information,1.0,0.65625,0.75,0.5625,1.0,Male,5,Democrat
Placebo control (bird feeding),0.75,0.984375,1.0,0.9375,0.8571428571428571,Female,5,Democrat
Protect Others - Linear Cooperation,0.5833333333333334,0.5625,0.125,0.15625,0.4642857142857143,Male,3,Democrat
Placebo control (bird feeding),0.9166666666666666,0.640625,0.5,0.40625,0.7142857142857143,Female,5,Republican
Placebo control (bird feeding),0.8333333333333334,0.828125,1.0,0.34375,0.8571428571428571,Male,5,Republican
Placebo control (bird feeding),1.0,0.96875,0.8125,0.5,0.9285714285714286,Male,5,Republican
Reframing Bravery,1.0,0.875,0.875,0.65625,0.7142857142857143,Male,5,Republican
Reframing Bravery,1.0,0.703125,0.625,0.71875,0.7321428571428571,Male,3,Republican
Baseline Information,0.8333333333333334,0.515625,0.5625,0.5625,0.7321428571428571,Female,5,Democrat
Protect Others - Linear Cooperation,,0.546875,0.5625,0.34375,0.3035714285714285,Female,3,Republican
Baseline Information,0.75,0.453125,0.4375,0.4375,0.5357142857142857,Male,1,Republican
Placebo control (bird feeding),,0.4259451959764134,0.5625,0.34375,0.25,Female,5,Republican
Reframing Bravery,,0.7853201959764134,0.75,0.3125,0.3928571428571428,Female,3,Republican
Placebo control (bird feeding),0.75,0.484375,0.9375,0.59375,0.7142857142857143,Male,2,Democrat
Protect Others - Linear Cooperation,1.0,0.96875,0.9375,1.0,0.9642857142857144,Male,4,Republican
Placebo control (bird feeding),0.6666666666666666,0.5,0.5625,0.78125,0.4107142857142857,Male,1,Republican
Protect Others - Linear Cooperation,1.0,0.859375,0.875,0.71875,1.0,Male,5,Democrat
Baseline Information,1.0,0.921875,0.8125,0.84375,0.9821428571428572,Female,4,Republican
Protect Others - Linear Cooperation,1.0,0.984375,1.0,0.40625,0.8214285714285714,Male,3,Republican
Protect Others - Linear Cooperation,1.0,0.8125,1.0,1.0,1.0,Male,3,Republican
Baseline Information,0.8333333333333334,0.875,0.9375,0.75,0.8571428571428571,Male,5,Republican
Reframing Bravery,1.0,0.875,1.0,0.96875,0.9821428571428572,Female,2,Independent
Reframing Bravery,1.0,0.90625,0.8125,0.71875,0.6428571428571429,Male,5,Republican
Baseline Information,1.0,0.796875,0.875,0.78125,0.8928571428571429,Male,5,Republican
Baseline Information,1.0,1.0,1.0,0.90625,0.9642857142857144,Male,4,Democrat
Protect Others - Linear Cooperation,0.9166666666666666,0.796875,0.6875,0.375,0.6071428571428571,Male,5,Democrat
Protect Others - Linear Cooperation,,0.46875,0.4375,0.0625,0.5,Male,4,Republican
Protect Others - Linear Cooperation,1.0,0.875,1.0,0.96875,0.9821428571428572,Male,4,Republican
Placebo control (bird feeding),1.0,0.734375,0.4375,0.53125,0.9642857142857144,Male,4,Republican
Protect Others - Linear Cooperation,0.9166666666666666,0.890625,0.875,0.96875,1.0,Female,5,Independent
Placebo control (bird feeding),1.0,0.8125,0.9375,0.84375,0.9464285714285714,Male,5,Republican
Protect Others - Linear Cooperation,1.0,0.828125,0.25,0.78125,1.0,Female,5,Democrat
Reframing Bravery,1.0,0.921875,0.75,1.0,0.9285714285714286,Male,2,Democrat
Baseline Information,1.0,0.703125,1.0,0.78125,0.8214285714285714,Female,5,Republican
Reframing Bravery,0.5,0.71875,1.0,0.21875,0.3928571428571428,Male,3,Republican
Baseline Information,1.0,0.78125,1.0,0.4375,0.9464285714285714,Male,5,Republican
Reframing Bravery,1.0,0.828125,0.9375,0.84375,0.8035714285714286,Female,5,Independent
Baseline Information,1.0,0.921875,1.0,0.6875,0.8214285714285714,Male,5,Republican
Protect Others - Linear Cooperation,1.0,0.9375,1.0,0.9375,0.8571428571428571,Male,5,Democrat
Baseline Information,0.9166666666666666,0.6315318890171504,0.75,0.59375,0.9285714285714286,Female,2,Independent
Placebo control (bird feeding),1.0,0.96875,1.0,0.75,0.9285714285714286,Female,2,Democrat
Protect Others - Linear Cooperation,0.6666666666666666,0.71875,0.875,0.28125,0.4821428571428571,Male,2,Democrat
Baseline Information,1.0,0.796875,0.9375,1.0,0.9642857142857144,Female,1,Republican
Placebo control (bird feeding),0.3333333333333333,0.671875,0.6875,0.0625,0.3035714285714285,Male,4,Democrat
Placebo control (bird feeding),,0.4259451959764134,0.25,0.25,0.5,Male,5,Democrat
Placebo control (bird feeding),1.0,0.875,0.75,0.90625,0.6785714285714286,Female,3,Independent
Baseline Information,0.0,0.875,1.0,0.875,0.375,Female,2,Republican
Baseline Information,1.0,1.0,1.0,0.375,0.9285714285714286,Male,1,Republican
Protect Others - Linear Cooperation,1.0,0.1875,0.0,0.5,0.9285714285714286,Male,2,Republican
Reframing Bravery,0.8333333333333334,1.0,1.0,0.90625,0.9464285714285714,Male,4,Republican
Placebo control (bird feeding),0.9166666666666666,0.765625,0.5,0.28125,0.5178571428571429,Male,5,Independent
Protect Others - Linear Cooperation,1.0,1.0,0.9375,0.84375,0.9285714285714286,Male,5,Republican
Baseline Information,1.0,0.890625,1.0,0.6875,0.8214285714285714,Male,5,Republican
Placebo control (bird feeding),0.0,0.171875,0.1875,0.0,0.0714285714285714,Male,5,Republican
Reframing Bravery,1.0,0.765625,0.6875,0.3125,0.8928571428571429,Male,1,Republican
Placebo control (bird feeding),0.9166666666666666,0.90625,0.3125,0.625,0.8928571428571429,Male,2,Democrat
Baseline Information,1.0,0.9375,1.0,0.65625,0.7142857142857143,Male,2,Independent
Baseline Information,0.75,0.828125,0.875,0.6875,0.7142857142857143,Male,1,Republican
Placebo control (bird feeding),1.0,0.90625,0.9375,0.78125,0.9107142857142856,Female,3,Independent
Reframing Bravery,0.6666666666666666,0.65625,0.375,0.1875,0.4642857142857143,Male,5,Republican
Placebo control (bird feeding),0.9166666666666666,0.828125,0.9375,0.8125,0.6428571428571429,Female,2,Republican
Protect Others - Linear Cooperation,1.0,0.90625,0.9375,0.9375,1.0,Male,5,Republican
Placebo control (bird feeding),,0.5665701959764134,0.1875,0.0625,0.3928571428571428,Male,2,Democrat
Placebo control (bird feeding),0.1666666666666666,0.421875,0.5,0.125,0.4464285714285714,Male,1,Republican
Placebo control (bird feeding),,0.5509451959764134,0.3125,0.59375,0.375,Female,1,Republican
Reframing Bravery,0.6666666666666666,0.890625,0.9375,0.46875,0.6071428571428571,Female,4,Democrat
Reframing Bravery,1.0,0.84375,0.875,0.75,0.875,Male,4,Independent
Placebo control (bird feeding),1.0,0.71875,0.875,0.34375,0.75,Male,2,Independent
Protect Others - Linear Cooperation,1.0,0.953125,1.0,0.34375,0.8571428571428571,Male,3,Republican
Baseline Information,1.0,0.71875,1.0,0.90625,0.8928571428571429,Male,5,Republican
Protect Others - Linear Cooperation,,0.3946951959764134,0.375,0.0,0.2678571428571428,Male,4,Republican
Baseline Information,1.0,0.921875,1.0,0.75,0.8928571428571429,Male,1,Republican
Protect Others - Linear Cooperation,1.0,0.90625,1.0,0.4375,0.9821428571428572,Male,4,Republican
Reframing Bravery,0.6666666666666666,0.515625,0.5625,0.40625,0.4642857142857143,Female,5,Democrat
Reframing Bravery,1.0,0.9375,1.0,0.46875,0.8571428571428571,Male,3,Democrat
Protect Others - Linear Cooperation,1.0,0.796875,0.8125,0.90625,0.8035714285714286,Female,3,Democrat
Baseline Information,1.0,0.796875,1.0,0.5,1.0,Female,5,Republican
Placebo control (bird feeding),,0.390625,0.6875,0.25,0.4285714285714285,Female,5,Democrat
Baseline Information,0.5833333333333334,0.453125,0.3125,0.28125,0.3392857142857143,Male,2,Democrat
Reframing Bravery,1.0,0.8125,0.6875,0.875,0.8214285714285714,Female,5,Republican
Placebo control (bird feeding),0.8333333333333334,0.390625,0.25,0.375,,Male,3,Democrat
Baseline Information,0.6666666666666666,0.515625,0.125,0.34375,0.6071428571428571,Female,4,Democrat
Placebo control (bird feeding),1.0,0.640625,0.875,0.90625,0.8928571428571429,Female,5,Republican
Reframing Bravery,1.0,1.0,1.0,0.9375,1.0,Male,4,Republican
Protect Others - Linear Cooperation,1.0,0.96875,1.0,0.53125,0.6785714285714286,Male,5,Independent
Protect Others - Linear Cooperation,0.75,0.859375,0.625,0.53125,0.6428571428571429,Male,5,Democrat
Protect Others - Linear Cooperation,1.0,0.953125,1.0,0.46875,0.8928571428571429,Male,5,Republican
Placebo control (bird feeding),1.0,0.859375,1.0,0.71875,1.0,Female,4,Independent
Reframing Bravery,,0.625,0.3125,0.3125,0.25,Female,3,Republican
Reframing Bravery,0.5,0.484375,0.5625,0.4375,0.5714285714285714,Male,2,Republican
Reframing Bravery,1.0,0.953125,1.0,0.8125,0.9107142857142856,Male,5,Republican
Reframing Bravery,,0.53125,0.5,0.25,0.6071428571428571,Male,4,Republican
Placebo control (bird feeding),1.0,0.8125,0.8125,0.8125,0.8928571428571429,Male,5,Republican
Placebo control (bird feeding),1.0,0.65625,0.875,0.5,0.7857142857142857,Female,5,Democrat
Protect Others - Linear Cooperation,1.0,0.90625,1.0,0.96875,1.0,Male,4,Independent
Protect Others - Linear Cooperation,0.6666666666666666,0.875,1.0,0.9375,0.9821428571428572,Male,5,Republican
Reframing Bravery,1.0,0.96875,1.0,0.96875,0.9821428571428572,Male,3,Republican
Reframing Bravery,0.75,0.796875,0.75,0.78125,0.9642857142857144,Male,5,Republican
Baseline Information,0.0,0.609375,0.75,0.03125,0.2857142857142857,Male,4,Republican
Placebo control (bird feeding),1.0,0.796875,0.875,0.5625,0.8571428571428571,Male,4,Democrat
Protect Others - Linear Cooperation,0.1666666666666666,0.4415701959764134,0.5,0.15625,0.2142857142857142,Male,5,Republican
Baseline Information,0.5,0.5625,0.5,0.5,0.5,Male,1,Republican
Reframing Bravery,,0.4728201959764134,0.625,0.15625,0.375,Male,5,Democrat
Placebo control (bird feeding),1.0,0.765625,0.625,0.75,0.6785714285714286,Female,5,Republican
Baseline Information,1.0,0.9375,1.0,0.59375,0.5714285714285714,Male,2,Republican
Baseline Information,,0.171875,0.125,0.21875,0.1428571428571428,Female,3,Republican
Baseline Information,,0.3790701959764134,0.5,0.0625,0.25,Female,5,Republican
Baseline Information,1.0,0.921875,0.875,0.4375,1.0,Male,4,Democrat
Protect Others - Linear Cooperation,0.6666666666666666,0.40625,0.875,0.125,0.4464285714285714,Male,4,Republican
Reframing Bravery,1.0,0.984375,1.0,1.0,0.9642857142857144,Male,3,Republican
Reframing Bravery,0.6666666666666666,0.796875,1.0,0.625,0.7857142857142857,Female,5,Democrat
Reframing Bravery,0.8333333333333334,0.8125,0.9375,0.8125,0.9821428571428572,Female,5,Democrat
Reframing Bravery,0.8333333333333334,0.734375,0.75,0.3125,0.5714285714285714,Male,5,Democrat
Protect Others - Linear Cooperation,1.0,0.765625,0.6875,0.8125,0.9285714285714286,Female,5,Democrat
Baseline Information,1.0,0.6875,0.8125,0.40625,0.8035714285714286,Female,1,Republican
Baseline Information,0.9166666666666666,0.828125,0.5625,0.625,0.9285714285714286,Female,1,Democrat
Baseline Information,0.6666666666666666,0.875,1.0,0.84375,0.8214285714285714,Male,5,Republican
Baseline Information,,0.53125,0.0,0.15625,0.75,Male,3,Independent
Placebo control (bird feeding),0.9166666666666666,0.90625,0.8125,0.625,0.625,Female,5,Republican
Protect Others - Linear Cooperation,1.0,0.9375,0.9375,0.9375,0.9642857142857144,Female,3,Democrat
Reframing Bravery,1.0,0.625,1.0,1.0,0.9642857142857144,Female,4,Republican
Reframing Bravery,1.0,0.6875,0.875,0.9375,0.9107142857142856,Male,1,Democrat
Placebo control (bird feeding),0.9166666666666666,0.8125,0.9375,0.8125,0.6428571428571429,Female,4,Republican
Baseline Information,1.0,0.90625,0.875,1.0,0.8928571428571429,Male,3,Republican
Baseline Information,1.0,0.921875,0.9375,0.84375,0.75,Female,1,Independent
Reframing Bravery,1.0,0.875,0.9375,0.90625,0.8214285714285714,Male,5,Republican
Protect Others - Linear Cooperation,0.5,0.765625,0.6875,0.34375,0.4464285714285714,Male,3,Democrat
Reframing Bravery,,0.515625,0.1875,0.1875,0.3571428571428571,Female,2,Democrat
Baseline Information,1.0,0.921875,1.0,0.40625,0.9285714285714286,Male,5,Republican
Placebo control (bird feeding),1.0,0.875,0.9375,0.9375,1.0,Male,2,Republican
Protect Others - Linear Cooperation,1.0,0.796875,1.0,0.875,0.875,Male,1,Republican
Baseline Information,0.3333333333333333,0.4375,0.4375,0.125,0.3571428571428571,Male,3,Independent
Protect Others - Linear Cooperation,0.9166666666666666,0.90625,0.875,1.0,0.4464285714285714,Male,5,Republican
Protect Others - Linear Cooperation,1.0,0.78125,0.6875,0.78125,0.9107142857142856,Male,2,Republican
Protect Others - Linear Cooperation,0.9166666666666666,0.875,0.875,0.46875,0.9285714285714286,Male,5,Republican
Baseline Information,1.0,0.9375,1.0,0.6875,1.0,Male,5,Democrat
Placebo control (bird feeding),0.8333333333333334,0.78125,0.75,0.53125,0.6071428571428571,Female,1,Democrat
Placebo control (bird feeding),1.0,0.921875,1.0,0.84375,0.9642857142857144,Male,3,Democrat
Protect Others - Linear Cooperation,1.0,0.921875,0.9375,0.9375,1.0,Female,4,Republican
Placebo control (bird feeding),,0.453125,0.5,0.3125,0.6785714285714286,Female,5,Democrat
Reframing Bravery,0.5833333333333334,0.640625,0.625,0.125,0.375,Female,5,Democrat
Protect Others - Linear Cooperation,1.0,0.9375,0.875,0.8125,0.9821428571428572,Male,2,Democrat
Placebo control (bird feeding),1.0,0.96875,1.0,0.53125,0.9107142857142856,Female,4,Independent
Baseline Information,1.0,1.0,1.0,0.78125,1.0,Male,5,Republican
Baseline Information,1.0,0.90625,1.0,0.25,1.0,Male,5,Republican
Baseline Information,0.8333333333333334,0.5625,0.625,0.4375,0.5178571428571429,Male,1,Democrat
Protect Others - Linear Cooperation,1.0,0.796875,1.0,0.59375,0.9107142857142856,Female,5,Republican
Baseline Information,0.9166666666666666,0.96875,0.8125,0.65625,0.9821428571428572,Male,3,Republican
Baseline Information,0.9166666666666666,0.859375,0.875,0.78125,0.5714285714285714,Male,2,Democrat
Placebo control (bird feeding),0.75,0.890625,0.625,0.75,0.9285714285714286,Male,5,Democrat
Placebo control (bird feeding),,0.6637056126430801,0.875,0.46875,0.5892857142857143,Female,3,Republican
Protect Others - Linear Cooperation,0.6666666666666666,0.734375,0.8125,0.21875,0.3214285714285714,Male,2,Republican
Reframing Bravery,1.0,0.8125,1.0,0.96875,0.8392857142857143,Male,4,Democrat
Baseline Information,1.0,0.921875,1.0,0.6875,0.9821428571428572,Male,5,Republican
Placebo control (bird feeding),1.0,0.875,0.9375,0.8125,0.9821428571428572,Male,5,Republican
Placebo control (bird feeding),0.6666666666666666,0.65625,0.75,0.6875,0.875,Male,4,Democrat
Baseline Information,1.0,0.9375,1.0,0.5625,0.8392857142857143,Female,5,Independent
Protect Others - Linear Cooperation,0.8333333333333334,0.734375,0.8125,0.28125,0.875,Female,5,Democrat
Protect Others - Linear Cooperation,1.0,0.828125,1.0,0.84375,0.9285714285714286,Male,3,Republican
Reframing Bravery,1.0,0.703125,1.0,0.46875,0.9642857142857144,Male,4,Democrat
Reframing Bravery,1.0,0.796875,1.0,0.90625,0.6071428571428571,Male,2,Independent
Placebo control (bird feeding),0.6666666666666666,0.515625,0.75,0.46875,0.5357142857142857,Female,3,Democrat
Placebo control (bird feeding),0.75,0.84375,0.6875,0.28125,0.5714285714285714,Male,4,Republican
Reframing Bravery,,0.578125,0.3125,0.28125,0.8214285714285714,Female,5,Republican
Placebo control (bird feeding),0.8333333333333334,0.90625,1.0,0.8125,0.9642857142857144,Male,5,Democrat
Protect Others - Linear Cooperation,1.0,0.84375,1.0,0.96875,1.0,Female,5,Republican
Baseline Information,,0.625,0.3125,0.1875,0.3928571428571428,Male,4,Republican
Placebo control (bird feeding),1.0,0.765625,0.875,0.84375,0.7142857142857143,Male,5,Republican
Protect Others - Linear Cooperation,0.6666666666666666,0.6875,0.875,0.40625,0.6607142857142857,Male,4,Independent
Protect Others - Linear Cooperation,1.0,0.828125,1.0,0.46875,0.4285714285714285,Female,5,Republican
Reframing Bravery,0.9166666666666666,0.78125,0.8125,0.5625,0.8928571428571429,Female,1,Democrat
Placebo control (bird feeding),1.0,0.671875,0.9375,0.90625,0.8214285714285714,Female,3,Republican
Baseline Information,1.0,0.9375,1.0,0.40625,0.9642857142857144,Male,5,Republican
Reframing Bravery,1.0,0.875,0.8125,1.0,1.0,Female,2,Democrat
Placebo control (bird feeding),0.5833333333333334,0.28125,0.3125,0.375,0.7142857142857143,Female,5,Republican
Protect Others - Linear Cooperation,0.9166666666666666,0.703125,0.75,0.75,0.5714285714285714,Female,5,Republican
Placebo control (bird feeding),1.0,0.9375,1.0,0.96875,0.6785714285714286,Female,4,Republican
Baseline Information,1.0,0.828125,0.1875,0.65625,0.9642857142857144,Male,5,Democrat
Protect Others - Linear Cooperation,1.0,0.78125,0.8125,0.53125,0.9821428571428572,Male,1,Independent
Baseline Information,1.0,0.84375,0.8125,0.71875,0.75,Male,4,Democrat
Placebo control (bird feeding),0.9166666666666666,0.8125,0.875,0.875,0.8214285714285714,Male,5,Republican
Baseline Information,1.0,1.0,1.0,1.0,0.1071428571428571,Female,4,Democrat
Reframing Bravery,0.5,0.5,0.5,0.5,0.5,Male,2,Democrat
Placebo control (bird feeding),1.0,0.765625,0.9375,0.5625,0.8214285714285714,Female,4,Republican
Reframing Bravery,1.0,0.9415701959764134,1.0,0.8125,0.8035714285714286,Female,4,Democrat
Placebo control (bird feeding),1.0,0.921875,0.875,1.0,0.5892857142857143,Male,2,Democrat
Reframing Bravery,1.0,0.984375,1.0,0.9375,0.9642857142857144,Male,5,Republican
Placebo control (bird feeding),0.9166666666666666,0.890625,1.0,0.40625,0.8571428571428571,Male,4,Republican
Placebo control (bird feeding),0.9166666666666666,0.4375,0.25,0.78125,0.6428571428571429,Male,5,Republican
Protect Others - Linear Cooperation,1.0,0.734375,0.9375,0.65625,0.8928571428571429,Female,4,Republican
Reframing Bravery,1.0,0.890625,0.875,0.65625,0.4642857142857143,Male,5,Republican
Reframing Bravery,1.0,0.96875,1.0,1.0,0.8928571428571429,Male,5,Republican
Reframing Bravery,1.0,0.671875,0.8125,0.53125,0.7857142857142857,Male,5,Republican
Baseline Information,,0.40625,0.4375,0.1875,0.2142857142857142,Female,2,Republican
Placebo control (bird feeding),1.0,0.953125,1.0,0.875,0.7142857142857143,Male,5,Republican
Reframing Bravery,0.9166666666666666,0.90625,0.9375,0.625,0.9821428571428572,Male,3,Independent
Reframing Bravery,1.0,0.859375,1.0,0.84375,0.9464285714285714,Female,2,Democrat
Baseline Information,1.0,0.953125,1.0,0.75,0.9464285714285714,Male,5,Democrat
Protect Others - Linear Cooperation,0.8333333333333334,0.59375,0.75,0.59375,0.8392857142857143,Male,1,Republican
Protect Others - Linear Cooperation,1.0,0.921875,0.9375,0.6875,0.9821428571428572,Male,5,Independent
Baseline Information,0.5,0.40625,0.0,0.4375,0.3214285714285714,Male,2,Republican
Placebo control (bird feeding),0.9166666666666666,0.75,1.0,0.5,0.6071428571428571,Male,2,Independent
Protect Others - Linear Cooperation,1.0,0.890625,1.0,1.0,0.8571428571428571,Female,1,Democrat
Protect Others - Linear Cooperation,,0.390625,0.75,0.21875,0.6964285714285714,Male,5,Democrat
Baseline Information,1.0,0.90625,0.9375,0.875,0.9285714285714286,Male,5,Republican
Baseline Information,1.0,0.96875,1.0,0.5,0.9642857142857144,Male,3,Republican
Placebo control (bird feeding),1.0,0.734375,0.75,1.0,0.5357142857142857,Male,5,Republican
Protect Others - Linear Cooperation,1.0,1.0,1.0,0.625,1.0,Male,5,Republican
Protect Others - Linear Cooperation,0.75,0.71875,1.0,0.6875,0.7142857142857143,Male,1,Independent
Protect Others - Linear Cooperation,1.0,0.703125,1.0,0.875,0.9642857142857144,Male,4,Democrat
Placebo control (bird feeding),1.0,0.859375,0.875,0.9375,0.875,Female,4,Republican
Reframing Bravery,1.0,0.9375,1.0,0.8125,1.0,Male,4,Democrat
Placebo control (bird feeding),0.9166666666666666,0.90625,1.0,1.0,0.5714285714285714,Female,5,Republican
Protect Others - Linear Cooperation,1.0,0.53125,0.4375,0.53125,0.4464285714285714,Female,4,Independent
Reframing Bravery,0.0,0.21875,0.625,0.03125,0.5178571428571429,Male,4,Democrat
Baseline Information,0.5,0.78125,0.625,0.28125,0.7857142857142857,Male,5,Democrat
Placebo control (bird feeding),0.6666666666666666,0.546875,0.8125,0.0625,0.5892857142857143,Male,5,Republican
Reframing Bravery,1.0,0.703125,0.25,0.84375,0.5714285714285714,Male,5,Republican
Placebo control (bird feeding),1.0,0.9375,1.0,1.0,0.7857142857142857,Female,3,Republican
Baseline Information,1.0,0.875,1.0,0.8125,0.9285714285714286,Male,2,Democrat
Baseline Information,1.0,0.828125,1.0,0.90625,0.9821428571428572,Female,1,Republican
Protect Others - Linear Cooperation,1.0,0.90625,0.9375,1.0,0.9821428571428572,Male,5,Independent
Reframing Bravery,1.0,0.96875,0.6875,0.96875,0.9285714285714286,Male,2,Independent
Protect Others - Linear Cooperation,1.0,0.96875,0.8125,0.9375,0.75,Male,5,Republican
Protect Others - Linear Cooperation,1.0,0.609375,0.5625,0.875,0.2678571428571428,Male,1,Democrat
Placebo control (bird feeding),0.9166666666666666,0.625,0.375,0.59375,0.7857142857142857,Female,5,Democrat
Reframing Bravery,1.0,0.703125,0.6875,0.90625,0.9285714285714286,Female,5,Republican
Reframing Bravery,,0.6915701959764134,0.25,0.09375,0.3214285714285714,Male,5,Republican
Placebo control (bird feeding),1.0,0.625,0.75,0.59375,0.6607142857142857,Male,4,Republican
Reframing Bravery,0.8333333333333334,0.703125,0.6875,0.46875,0.8928571428571429,Female,4,Independent
Reframing Bravery,1.0,0.9375,1.0,0.9375,0.7142857142857143,Male,5,Republican
Placebo control (bird feeding),0.75,0.5625,0.5625,0.40625,0.5,Male,5,Republican
Baseline Information,0.75,0.84375,0.875,0.5625,0.6428571428571429,Female,3,Republican
Baseline Information,0.0,0.7228201959764134,0.5625,0.1875,0.2142857142857142,Female,5,Republican
Baseline Information,0.75,0.875,1.0,0.3125,0.9107142857142856,Male,5,Republican
Reframing Bravery,0.8333333333333334,0.46875,0.4375,0.34375,0.8035714285714286,Male,5,Independent
Placebo control (bird feeding),0.9166666666666666,0.90625,0.6875,0.5,0.9285714285714286,Female,3,Republican
Placebo control (bird feeding),,0.765625,0.9375,0.4375,0.7142857142857143,Female,4,Democrat
Reframing Bravery,1.0,0.953125,0.75,0.84375,0.7142857142857143,Male,3,Democrat
Baseline Information,,0.390625,0.25,0.15625,0.4642857142857143,Male,4,Republican
Placebo control (bird feeding),0.9166666666666666,0.65625,0.5625,0.59375,0.5,Male,2,Independent
Protect Others - Linear Cooperation,0.3333333333333333,0.375,0.625,0.0,0.1785714285714285,Male,4,Democrat
Placebo control (bird feeding),1.0,0.59375,0.5625,0.59375,0.6428571428571429,Male,5,Republican
Placebo control (bird feeding),1.0,0.5,0.75,0.875,0.6428571428571429,Female,5,Independent
Reframing Bravery,1.0,1.0,1.0,0.90625,1.0,Male,5,Republican
Reframing Bravery,1.0,0.765625,0.5,0.75,0.7857142857142857,Female,5,Republican
Baseline Information,0.75,0.8634451959764134,0.4375,0.375,0.6785714285714286,Female,5,Republican
Placebo control (bird feeding),0.0,0.21875,0.125,0.0,0.0,Female,4,Republican
Reframing Bravery,1.0,0.875,1.0,0.96875,0.9642857142857144,Male,3,Republican
Baseline Information,0.6666666666666666,0.5,0.5,0.5625,0.6785714285714286,Male,2,Democrat
Placebo control (bird feeding),1.0,1.0,1.0,0.65625,0.9821428571428572,Male,4,Democrat
Placebo control (bird feeding),0.8333333333333334,0.578125,0.6875,0.21875,0.6071428571428571,Female,5,Democrat
Reframing Bravery,1.0,0.734375,0.5,0.75,0.9464285714285714,Female,3,Independent
Baseline Information,1.0,0.796875,1.0,0.8125,0.5892857142857143,Male,5,Democrat
Placebo control (bird feeding),0.0,0.4415701959764134,0.1875,0.1875,0.0535714285714285,Female,3,Republican
Placebo control (bird feeding),1.0,0.859375,0.9375,0.9375,1.0,Female,1,Republican
Baseline Information,0.75,0.75,0.625,0.21875,0.4464285714285714,Male,5,Republican
Reframing Bravery,1.0,0.921875,1.0,0.78125,1.0,Male,4,Republican
Protect Others - Linear Cooperation,1.0,0.90625,1.0,0.625,1.0,Male,1,Democrat
Protect Others - Linear Cooperation,0.6666666666666666,0.484375,0.5,0.5625,0.5535714285714286,Male,4,Republican
Placebo control (bird feeding),1.0,0.921875,0.75,0.6875,1.0,Male,5,Republican
Reframing Bravery,,0.34375,0.375,0.03125,0.2857142857142857,Female,4,Republican
Placebo control (bird feeding),0.8333333333333334,0.890625,0.625,0.65625,0.6964285714285714,Female,4,Republican
Reframing Bravery,0.6666666666666666,0.90625,0.875,0.40625,0.9642857142857144,Female,5,Democrat
Reframing Bravery,1.0,0.9375,1.0,0.46875,0.9107142857142856,Female,2,Republican
Baseline Information,1.0,0.96875,1.0,0.59375,0.9821428571428572,Male,4,Independent
Baseline Information,0.6666666666666666,0.84375,0.875,0.5,0.6964285714285714,Female,4,Democrat
Protect Others - Linear Cooperation,1.0,0.796875,0.6875,0.78125,0.9285714285714286,Male,4,Republican
Reframing Bravery,0.8333333333333334,0.671875,0.4375,0.5625,0.4285714285714285,Female,5,Republican
Baseline Information,0.6666666666666666,0.578125,0.375,0.25,0.6071428571428571,Female,4,Democrat
Baseline Information,0.9166666666666666,0.734375,0.875,0.625,0.8928571428571429,Female,4,Democrat
Reframing Bravery,1.0,0.921875,0.5625,0.625,0.9285714285714286,Male,2,Republican
Protect Others - Linear Cooperation,0.9166666666666666,0.75,0.5,0.5625,0.5535714285714286,Female,4,Democrat
Baseline Information,0.1666666666666666,0.2696951959764134,0.1875,0.0625,0.5714285714285714,Female,4,Republican
Placebo control (bird feeding),1.0,0.96875,1.0,0.78125,0.9464285714285714,Female,5,Republican
Protect Others - Linear Cooperation,0.6666666666666666,0.921875,1.0,0.9375,0.7142857142857143,Female,5,Republican
Protect Others - Linear Cooperation,0.75,0.515625,0.4375,0.71875,0.7678571428571429,Female,4,Republican
Placebo control (bird feeding),,0.4259451959764134,0.5,0.21875,0.1785714285714285,Female,5,Republican
Reframing Bravery,1.0,0.84375,0.9375,0.78125,0.7857142857142857,Male,3,Democrat
Placebo control (bird feeding),0.75,0.34375,0.25,0.5,0.7142857142857143,Male,3,Republican
Reframing Bravery,0.75,0.484375,0.4375,0.4375,0.75,Male,2,Democrat
Placebo control (bird feeding),1.0,0.921875,1.0,0.5625,0.9642857142857144,Female,5,Independent
Baseline Information,,0.7384451959764134,0.5625,0.15625,0.6428571428571429,Female,4,Democrat
Baseline Information,0.1666666666666666,0.625,0.6875,0.0,0.3928571428571428,Male,4,Democrat
Placebo control (bird feeding),0.9166666666666666,0.78125,0.75,0.34375,0.7857142857142857,Male,4,Republican
Placebo control (bird feeding),1.0,0.796875,1.0,0.90625,0.9464285714285714,Male,5,Republican
Reframing Bravery,0.9166666666666666,0.96875,0.875,0.40625,0.7857142857142857,Male,5,Republican
Reframing Bravery,1.0,0.796875,0.8125,0.875,0.8928571428571429,Male,5,Democrat
Placebo control (bird feeding),1.0,0.84375,0.5625,0.8125,0.9642857142857144,Female,5,Democrat
Baseline Information,0.5,0.40625,0.1875,0.34375,0.2321428571428571,Male,4,Democrat
Placebo control (bird feeding),1.0,0.6875,0.6875,0.78125,0.7142857142857143,Male,4,Republican
Placebo control (bird feeding),1.0,0.890625,0.6875,0.6875,0.9285714285714286,Female,3,Republican
Protect Others - Linear Cooperation,0.9166666666666666,0.9375,1.0,0.875,0.9285714285714286,Male,4,Republican
Placebo control (bird feeding),1.0,0.984375,1.0,0.78125,0.9107142857142856,Male,5,Independent
Baseline Information,0.8333333333333334,0.59375,0.1875,0.8125,0.7142857142857143,Male,2,Democrat
Protect Others - Linear Cooperation,0.75,0.609375,0.625,0.34375,0.6071428571428571,Female,5,Republican
Placebo control (bird feeding),1.0,0.859375,0.4375,0.6875,0.6428571428571429,Female,5,Independent
Reframing Bravery,0.5833333333333334,0.546875,0.5,0.125,0.5357142857142857,Female,5,Democrat
Baseline Information,1.0,0.875,0.8125,0.8125,0.9464285714285714,Female,5,Independent
Baseline Information,0.9166666666666666,0.890625,1.0,0.96875,1.0,Male,4,Republican
Reframing Bravery,1.0,0.765625,0.9375,0.9375,0.9821428571428572,Male,1,Democrat
Protect Others - Linear Cooperation,0.5,0.453125,0.25,0.40625,0.5892857142857143,Male,2,Independent
Placebo control (bird feeding),1.0,0.6875,0.8125,0.90625,0.5357142857142857,Male,1,Republican
Baseline Information,1.0,0.96875,1.0,0.6875,0.9107142857142856,Male,5,Republican
Baseline Information,0.0,0.390625,0.625,0.03125,0.125,Female,5,Democrat
Reframing Bravery,0.75,0.5353201959764134,0.5,0.3125,0.625,Female,5,Republican
Baseline Information,1.0,0.828125,0.6875,0.53125,0.75,Male,2,Republican
Placebo control (bird feeding),0.9166666666666666,0.8125,0.875,0.46875,0.8214285714285714,Male,5,Republican
Protect Others - Linear Cooperation,0.75,0.421875,0.1875,0.28125,0.6785714285714286,Female,5,Republican
Reframing Bravery,1.0,0.953125,0.875,0.90625,0.9642857142857144,Male,4,Republican
Baseline Information,0.75,0.71875,0.75,0.65625,0.4464285714285714,Female,4,Republican
Reframing Bravery,0.8333333333333334,0.78125,0.6875,0.6875,0.6428571428571429,Male,5,Republican
Baseline Information,0.9166666666666666,0.765625,0.9375,0.65625,0.8928571428571429,Male,4,Republican
Reframing Bravery,,0.6290701959764134,0.6875,0.21875,0.3928571428571428,Male,3,Republican
Protect Others - Linear Cooperation,0.5833333333333334,0.65625,0.75,0.25,0.1071428571428571,Male,5,Republican
Reframing Bravery,,0.6915701959764134,0.75,0.5,0.2142857142857142,Female,2,Independent
Placebo control (bird feeding),0.0,0.484375,0.4375,0.0625,0.2142857142857142,Female,5,Republican
Reframing Bravery,0.5833333333333334,0.65625,0.375,0.40625,0.5535714285714286,Female,3,Republican
Reframing Bravery,1.0,0.828125,0.8125,0.78125,0.8928571428571429,Male,5,Republican
Protect Others - Linear Cooperation,1.0,0.9375,1.0,0.34375,0.9285714285714286,Male,5,Republican
Reframing Bravery,1.0,0.90625,0.875,1.0,1.0,Male,3,Republican
Placebo control (bird feeding),0.75,0.578125,0.75,0.5625,0.7142857142857143,Female,5,Republican
Reframing Bravery,0.9166666666666666,0.875,1.0,0.71875,0.8571428571428571,Male,5,Republican
Protect Others - Linear Cooperation,1.0,0.765625,0.75,0.5625,0.9642857142857144,Female,5,Independent
Baseline Information,0.5,0.359375,0.375,0.4375,0.6428571428571429,Female,4,Democrat
Placebo control (bird feeding),1.0,0.90625,0.8125,1.0,0.9821428571428572,Female,3,Republican
Protect Others - Linear Cooperation,0.0,0.65625,0.4375,0.6875,1.0,Female,5,Republican
Baseline Information,1.0,0.890625,1.0,0.25,0.7857142857142857,Male,4,Republican
Reframing Bravery,1.0,0.78125,0.9375,0.84375,0.875,Male,5,Republican
Reframing Bravery,,0.4728201959764134,0.5,0.25,0.2857142857142857,Male,2,Republican
Placebo control (bird feeding),0.8333333333333334,0.953125,0.8125,0.75,0.8571428571428571,Male,2,Republican
Protect Others - Linear Cooperation,0.75,0.78125,0.9375,0.8125,0.8571428571428571,Male,3,Republican
Placebo control (bird feeding),0.0,0.59375,0.75,0.0625,0.4107142857142857,Male,5,Republican
Placebo control (bird feeding),0.8333333333333334,0.578125,0.4375,0.4375,0.7857142857142857,Female,5,Republican
Baseline Information,1.0,0.765625,0.5625,0.5625,0.8214285714285714,Male,4,Independent
Baseline Information,0.6666666666666666,0.71875,0.6875,0.75,0.3928571428571428,Male,5,Democrat
Placebo control (bird feeding),1.0,0.734375,1.0,0.78125,0.6071428571428571,Female,5,Republican
Placebo control (bird feeding),1.0,1.0,1.0,1.0,1.0,Male,5,Republican
Reframing Bravery,1.0,0.828125,0.6875,0.71875,0.9285714285714286,Male,5,Democrat
Placebo control (bird feeding),1.0,0.921875,1.0,0.84375,0.7678571428571429,Female,4,Republican
Reframing Bravery,0.9166666666666666,0.765625,0.625,0.40625,0.6964285714285714,Male,4,Democrat
Baseline Information,1.0,0.90625,1.0,0.71875,1.0,Male,4,Republican
Placebo control (bird feeding),0.5,0.625,0.5,0.53125,0.5178571428571429,Male,2,Democrat
Reframing Bravery,1.0,0.984375,1.0,0.59375,0.9107142857142856,Male,4,Republican
Protect Others - Linear Cooperation,1.0,0.875,0.4375,0.90625,0.5714285714285714,Male,4,Republican
Protect Others - Linear Cooperation,1.0,0.953125,1.0,0.75,0.9285714285714286,Male,5,Republican
Reframing Bravery,1.0,0.8125,0.9375,0.59375,0.9821428571428572,Male,1,Republican
Placebo control (bird feeding),0.8333333333333334,0.25,0.1875,0.53125,0.8392857142857143,Female,2,Republican
Placebo control (bird feeding),1.0,0.6875,0.875,0.78125,0.8392857142857143,Female,4,Republican
Protect Others - Linear Cooperation,1.0,0.921875,0.75,0.625,0.9285714285714286,Male,5,Republican
Baseline Information,,0.03125,0.3125,0.03125,0.0357142857142857,Female,5,Republican
Placebo control (bird feeding),,0.828125,1.0,0.4375,0.7857142857142857,Male,4,Republican
Protect Others - Linear Cooperation,0.9166666666666666,0.84375,0.875,0.65625,0.7857142857142857,Female,5,Republican
Baseline Information,0.5,0.5,0.5,0.5,0.5,Female,1,Democrat
Placebo control (bird feeding),,0.578125,0.125,0.125,0.375,Male,5,Republican
Reframing Bravery,1.0,0.5625,0.5,0.28125,0.6607142857142857,Male,4,Independent
Protect Others - Linear Cooperation,0.9166666666666666,0.828125,1.0,0.28125,0.8928571428571429,Male,3,Democrat
Reframing Bravery,1.0,0.84375,0.625,0.59375,0.6785714285714286,Male,2,Republican
Reframing Bravery,1.0,0.84375,0.6875,0.75,0.8392857142857143,Male,5,Democrat
Placebo control (bird feeding),0.75,0.703125,0.5,0.375,0.75,Male,5,Democrat
Reframing Bravery,0.75,0.671875,0.5,0.78125,0.625,Male,4,Republican
Placebo control (bird feeding),1.0,0.734375,0.75,0.5,0.5714285714285714,Male,5,Democrat
Reframing Bravery,1.0,0.8125,1.0,0.625,1.0,Male,4,Republican
Placebo control (bird feeding),1.0,0.90625,1.0,0.9375,0.8928571428571429,Male,3,Republican
Baseline Information,0.6666666666666666,0.4415701959764134,0.75,0.40625,0.9285714285714286,Female,2,Republican
Placebo control (bird feeding),1.0,0.75,0.5625,0.625,0.5178571428571429,Male,5,Republican
Placebo control (bird feeding),1.0,0.859375,1.0,0.4375,0.875,Male,5,Republican
Reframing Bravery,1.0,0.984375,0.8125,0.875,0.9285714285714286,Male,5,Democrat
Protect Others - Linear Cooperation,,0.4375,0.4375,0.09375,0.1071428571428571,Male,3,Democrat
Baseline Information,1.0,0.875,0.8125,0.6875,0.8928571428571429,Male,2,Independent
Protect Others - Linear Cooperation,1.0,0.890625,1.0,0.59375,1.0,Male,2,Republican
Protect Others - Linear Cooperation,1.0,0.8125,1.0,0.84375,0.9107142857142856,Female,1,Democrat
Reframing Bravery,0.75,0.40625,0.4375,0.5,0.7142857142857143,Female,5,Republican
Placebo control (bird feeding),,0.4884451959764134,0.4375,0.34375,0.625,Female,5,Republican
Reframing Bravery,0.9166666666666666,0.484375,0.25,0.40625,0.6785714285714286,Male,2,Republican
Baseline Information,,0.515625,0.5,0.28125,0.3392857142857143,Male,2,Republican
Baseline Information,,0.546875,0.25,0.53125,0.3214285714285714,Male,2,Republican
Baseline Information,0.9166666666666666,0.859375,1.0,0.84375,0.2857142857142857,Male,5,Republican
Protect Others - Linear Cooperation,1.0,0.9375,0.625,0.71875,0.6964285714285714,Male,3,Republican
Protect Others - Linear Cooperation,1.0,0.984375,1.0,0.96875,1.0,Female,5,Republican
Protect Others - Linear Cooperation,0.75,0.515625,0.75,0.65625,0.4464285714285714,Female,5,Republican
Baseline Information,1.0,1.0,1.0,0.875,1.0,Male,4,Republican
Placebo control (bird feeding),0.6666666666666666,0.6875,0.6875,0.59375,0.8571428571428571,Male,4,Republican
Baseline Information,0.9166666666666666,0.8125,0.875,0.59375,0.5714285714285714,Male,4,Republican
Reframing Bravery,1.0,0.78125,0.6875,0.6875,0.8571428571428571,Female,5,Independent
Baseline Information,1.0,0.90625,0.9375,0.96875,1.0,Female,1,Independent
Reframing Bravery,,0.3009451959764134,0.375,0.03125,0.4821428571428571,Male,5,Republican
Baseline Information,1.0,0.8125,1.0,0.875,1.0,Male,4,Republican
Reframing Bravery,1.0,0.890625,0.875,0.75,0.9642857142857144,Male,5,Democrat
Placebo control (bird feeding),1.0,0.40625,0.125,0.5625,1.0,Male,2,Republican
Reframing Bravery,0.9166666666666666,0.8125,0.4375,0.21875,0.6785714285714286,Male,5,Republican
Reframing Bravery,0.75,0.734375,0.1875,0.65625,0.7142857142857143,Male,5,Republican
Protect Others - Linear Cooperation,1.0,0.703125,0.8125,0.84375,0.9464285714285714,Female,4,Republican
Reframing Bravery,1.0,0.796875,0.8125,0.9375,0.75,Female,3,Republican
Reframing Bravery,0.8333333333333334,0.78125,0.8125,0.25,0.5,Male,2,Republican
Reframing Bravery,0.9166666666666666,0.765625,0.8125,0.6875,0.6785714285714286,Female,4,Democrat
Baseline Information,0.3333333333333333,0.609375,0.25,0.625,0.0178571428571428,Male,2,Republican
Baseline Information,1.0,0.90625,1.0,0.75,0.8571428571428571,Female,5,Democrat
Protect Others - Linear Cooperation,1.0,0.84375,1.0,0.8125,0.6785714285714286,Female,2,Democrat
Protect Others - Linear Cooperation,0.5,0.890625,0.875,0.65625,0.5178571428571429,Female,5,Republican
Reframing Bravery,0.9166666666666666,0.828125,1.0,0.59375,0.6071428571428571,Male,2,Democrat
Placebo control (bird feeding),0.5,0.5,0.6875,0.5,0.5,Male,4,Republican
Placebo control (bird feeding),1.0,0.71875,0.75,0.5625,0.9464285714285714,Female,3,Independent
Protect Others - Linear Cooperation,1.0,1.0,1.0,0.53125,0.9464285714285714,Male,4,Republican
Placebo control (bird feeding),,0.71875,0.8125,0.15625,0.1964285714285714,Female,5,Republican
Reframing Bravery,1.0,0.921875,0.75,0.5,0.7142857142857143,Male,4,Independent
Reframing Bravery,0.5,0.578125,0.25,0.0625,0.1607142857142857,Male,4,Republican
Protect Others - Linear Cooperation,0.0,0.734375,1.0,0.28125,0.4285714285714285,Female,4,Democrat
Reframing Bravery,0.9166666666666666,0.953125,1.0,0.5625,0.9464285714285714,Male,4,Republican
Baseline Information,,0.546875,0.5,0.15625,0.5,Male,5,Democrat
Protect Others - Linear Cooperation,,0.46875,0.5,0.15625,0.5,Female,4,Democrat
Protect Others - Linear Cooperation,0.9166666666666666,0.734375,0.8125,0.78125,0.6785714285714286,Male,3,Democrat
Protect Others - Linear Cooperation,0.9166666666666666,0.828125,0.9375,0.5,0.6964285714285714,Female,3,Republican
Protect Others - Linear Cooperation,1.0,0.84375,1.0,0.75,0.9285714285714286,Male,2,Republican
Baseline Information,0.0,0.25,0.25,0.0,0.0,Female,5,Democrat
Protect Others - Linear Cooperation,0.8333333333333334,0.765625,0.625,0.25,0.5714285714285714,Male,5,Republican
Reframing Bravery,,0.53125,0.9375,0.28125,0.4107142857142857,Male,5,Democrat
Placebo control (bird feeding),,0.3790701959764134,0.4375,0.0,0.0178571428571428,Male,4,Republican
Baseline Information,0.5833333333333334,0.796875,0.5,0.34375,0.75,Female,5,Democrat
Placebo control (bird feeding),1.0,0.984375,0.8125,0.71875,0.9642857142857144,Male,3,Independent
Baseline Information,1.0,0.96875,1.0,0.9375,0.8928571428571429,Male,4,Democrat
Reframing Bravery,0.3333333333333333,0.3125,0.25,0.0,0.3928571428571428,Female,3,Democrat
Baseline Information,1.0,1.0,1.0,0.8125,1.0,Male,2,Democrat
Placebo control (bird feeding),1.0,0.9375,1.0,0.8125,0.8392857142857143,Male,2,Democrat
Protect Others - Linear Cooperation,0.6666666666666666,0.515625,0.0625,0.5625,0.6428571428571429,Male,5,Democrat
Baseline Information,0.5833333333333334,0.578125,0.75,0.46875,0.5357142857142857,Female,2,Independent
Placebo control (bird feeding),0.0,0.65625,1.0,0.0,0.0714285714285714,Male,5,Democrat
Protect Others - Linear Cooperation,,0.5353201959764134,0.1875,0.28125,0.3035714285714285,Female,3,Republican
Baseline Information,0.8333333333333334,0.828125,0.5625,0.53125,0.8571428571428571,Female,5,Republican
Placebo control (bird feeding),,0.609375,0.5625,0.625,0.4821428571428571,Male,2,Democrat
Protect Others - Linear Cooperation,1.0,0.6875,1.0,1.0,1.0,Female,3,Republican
Protect Others - Linear Cooperation,,0.8790701959764134,0.4375,0.0,0.4821428571428571,Male,3,Republican
Baseline Information,0.9166666666666666,0.640625,0.8125,0.71875,0.7857142857142857,Male,4,Democrat
Placebo control (bird feeding),0.8333333333333334,0.84375,1.0,0.375,0.6071428571428571,Female,5,Democrat
Protect Others - Linear Cooperation,1.0,0.703125,0.75,0.5,0.5714285714285714,Female,5,Democrat
Protect Others - Linear Cooperation,1.0,0.875,1.0,0.96875,0.9642857142857144,Male,5,Republican
Reframing Bravery,0.9166666666666666,0.703125,0.8125,0.6875,0.5714285714285714,Female,3,Republican
Reframing Bravery,1.0,1.0,1.0,0.6875,0.9821428571428572,Male,5,Republican
Reframing Bravery,1.0,0.890625,0.625,0.875,0.8392857142857143,Male,5,Democrat
Reframing Bravery,1.0,0.90625,1.0,0.9375,1.0,Male,3,Republican
Placebo control (bird feeding),,0.234375,0.125,0.15625,0.3571428571428571,Male,2,Democrat
Protect Others - Linear Cooperation,1.0,0.953125,1.0,0.9375,0.9821428571428572,Male,5,Republican
Placebo control (bird feeding),1.0,0.90625,0.8125,0.9375,1.0,Male,2,Republican
Protect Others - Linear Cooperation,,0.703125,0.9375,0.40625,0.6071428571428571,Male,3,Democrat
Placebo control (bird feeding),0.8333333333333334,0.953125,1.0,0.59375,1.0,Female,4,Democrat
Placebo control (bird feeding),0.5833333333333334,0.625,0.6875,0.1875,0.6071428571428571,Female,4,Republican
Protect Others - Linear Cooperation,1.0,0.921875,1.0,0.59375,0.8928571428571429,Male,3,Democrat
Baseline Information,0.3333333333333333,0.84375,0.75,0.125,0.3571428571428571,Female,5,Democrat
Protect Others - Linear Cooperation,0.8333333333333334,0.859375,0.75,0.96875,0.9285714285714286,Male,4,Republican
Protect Others - Linear Cooperation,0.9166666666666666,0.7071951959764134,0.8125,0.6875,0.4821428571428571,Male,4,Republican
Reframing Bravery,1.0,0.921875,0.9375,0.875,1.0,Male,5,Republican
Baseline Information,0.9166666666666666,0.890625,0.9375,0.65625,0.9285714285714286,Male,5,Independent
Reframing Bravery,1.0,0.703125,0.875,0.875,0.8035714285714286,Male,3,Republican
Protect Others - Linear Cooperation,0.8333333333333334,0.84375,0.875,0.5,0.5714285714285714,Male,5,Democrat
Placebo control (bird feeding),,0.84375,0.4375,0.5625,1.0,Male,5,Democrat
Placebo control (bird feeding),0.4166666666666667,0.5,0.625,0.15625,0.7321428571428571,Male,5,Republican
Protect Others - Linear Cooperation,0.9166666666666666,0.578125,0.5,0.71875,0.9285714285714286,Female,2,Republican
Placebo control (bird feeding),0.8333333333333334,0.8125,0.8125,0.90625,1.0,Male,2,Republican
Baseline Information,,0.828125,0.9375,0.46875,0.9285714285714286,Female,5,Democrat
Placebo control (bird feeding),,0.609375,0.5625,0.53125,0.5714285714285714,Female,5,Republican
Reframing Bravery,1.0,0.765625,0.75,0.6875,0.6785714285714286,Male,5,Republican
Reframing Bravery,0.75,0.78125,1.0,0.59375,0.8928571428571429,Female,1,Republican
Baseline Information,0.0,0.5978201959764134,0.8125,0.03125,0.1607142857142857,Male,2,Democrat
Reframing Bravery,,0.5,0.6875,0.0625,0.5,Female,2,Republican
Protect Others - Linear Cooperation,,0.375,0.6875,0.03125,0.0535714285714285,Female,2,Democrat
Reframing Bravery,,0.828125,0.5625,0.9375,1.0,Male,5,Republican
Baseline Information,,0.5,0.0625,0.28125,0.5714285714285714,Female,5,Democrat
Placebo control (bird feeding),0.8333333333333334,0.6875,1.0,0.78125,0.875,Female,2,Democrat
Placebo control (bird feeding),,0.5509451959764134,0.75,0.1875,0.0178571428571428,Male,5,Republican
Placebo control (bird feeding),0.9166666666666666,0.90625,1.0,0.625,0.7678571428571429,Male,3,Republican
Placebo control (bird feeding),,0.4375,0.5,0.5625,0.5535714285714286,Male,1,Republican
Baseline Information,0.9166666666666666,0.65625,0.75,0.53125,0.6785714285714286,Female,2,Democrat
Protect Others - Linear Cooperation,1.0,0.75,0.625,0.875,1.0,Male,4,Republican
Protect Others - Linear Cooperation,1.0,0.75,0.5,1.0,0.8928571428571429,Male,5,Republican
Baseline Information,1.0,0.671875,0.9375,0.34375,0.8928571428571429,Male,1,Republican
Protect Others - Linear Cooperation,1.0,0.890625,1.0,0.9375,1.0,Male,1,Republican
Protect Others - Linear Cooperation,0.5,0.328125,0.3125,0.5625,0.25,Male,3,Republican
Protect Others - Linear Cooperation,0.9166666666666666,0.59375,0.5,0.90625,0.5357142857142857,Male,5,Democrat
Baseline Information,0.75,0.921875,1.0,0.4375,0.9285714285714286,Male,5,Republican
Protect Others - Linear Cooperation,0.8333333333333334,0.671875,0.75,0.5,0.7857142857142857,Male,2,Democrat
Reframing Bravery,1.0,0.859375,0.9375,0.71875,0.875,Male,1,Republican
Placebo control (bird feeding),1.0,0.96875,1.0,0.9375,0.8214285714285714,Female,3,Republican
Baseline Information,0.0,0.421875,0.3125,0.0,0.0892857142857142,Female,5,Republican
Protect Others - Linear Cooperation,1.0,0.78125,0.75,0.90625,0.4285714285714285,Male,5,Republican
Protect Others - Linear Cooperation,1.0,0.96875,1.0,0.59375,0.7857142857142857,Male,5,Republican
Reframing Bravery,0.3333333333333333,0.625,0.75,0.25,0.3214285714285714,Female,4,Republican
Baseline Information,0.8333333333333334,0.75,0.8125,0.53125,0.6607142857142857,Female,5,Republican
Reframing Bravery,1.0,0.703125,0.6875,0.5,0.6785714285714286,Male,5,Democrat
Placebo control (bird feeding),1.0,1.0,1.0,0.96875,0.9464285714285714,Male,4,Republican
Baseline Information,1.0,0.8770105266300264,0.7333381479035985,0.5625,0.4285714285714285,Male,2,Republican
Placebo control (bird feeding),1.0,0.890625,1.0,0.53125,0.9464285714285714,Male,2,Democrat
Baseline Information,,0.453125,0.4375,0.25,0.7321428571428571,Female,5,Democrat
Reframing Bravery,1.0,0.9069372736192264,1.0,0.9375,1.0,Male,5,Republican
Protect Others - Linear Cooperation,1.0,0.828125,1.0,0.4375,1.0,Male,4,Independent
Protect Others - Linear Cooperation,1.0,0.921875,0.6875,0.625,0.8392857142857143,Male,5,Democrat
Baseline Information,1.0,0.890625,0.9375,0.9375,0.9285714285714286,Male,4,Republican
Reframing Bravery,,0.234375,0.25,0.15625,0.2678571428571428,Male,2,Democrat
Placebo control (bird feeding),1.0,0.8125,0.9375,0.40625,0.8571428571428571,Male,4,Republican
Baseline Information,0.75,0.671875,0.125,0.21875,0.5357142857142857,Female,4,Democrat
Placebo control (bird feeding),0.75,0.8125,0.6875,0.5625,0.6071428571428571,Female,2,Republican
Placebo control (bird feeding),0.9166666666666666,0.96875,1.0,0.6875,0.9821428571428572,Female,4,Republican
Baseline Information,0.8333333333333334,0.75,0.375,0.28125,0.5,Female,3,Republican
Reframing Bravery,1.0,0.890625,0.8125,0.8125,0.9821428571428572,Female,2,Democrat
Baseline Information,1.0,0.8125,0.75,0.59375,0.4642857142857143,Male,5,Republican
Placebo control (bird feeding),0.8333333333333334,1.0,0.75,0.96875,0.7857142857142857,Female,1,Republican
Protect Others - Linear Cooperation,0.5,0.640625,0.6875,0.5,0.3571428571428571,Female,2,Independent
Baseline Information,,0.71875,0.75,0.09375,0.0,Male,2,Democrat
Baseline Information,1.0,0.96875,1.0,1.0,1.0,Male,5,Republican
Protect Others - Linear Cooperation,0.4166666666666667,0.5196951959764134,0.125,0.25,0.1428571428571428,Male,5,Republican
Protect Others - Linear Cooperation,0.4166666666666667,0.21875,0.125,0.0,0.0714285714285714,Female,4,Democrat
Reframing Bravery,0.75,0.578125,0.375,0.59375,0.6607142857142857,Female,5,Republican
Placebo control (bird feeding),0.5833333333333334,0.6134451959764134,0.25,0.21875,0.4285714285714285,Female,4,Republican
Reframing Bravery,0.5,0.71875,0.9375,0.5,0.2142857142857142,Female,4,Republican
Baseline Information,0.6666666666666666,0.640625,0.875,0.0625,0.1607142857142857,Male,3,Republican
Placebo control (bird feeding),,0.5625,0.4375,0.28125,0.7321428571428571,Female,4,Democrat
Protect Others - Linear Cooperation,0.8333333333333334,0.90625,1.0,,0.6428571428571429,Female,5,Democrat
Reframing Bravery,0.9166666666666666,0.90625,0.875,0.78125,0.6785714285714286,Female,4,Republican
Reframing Bravery,0.5833333333333334,0.484375,0.6875,0.34375,0.0892857142857142,Female,5,Democrat
Placebo control (bird feeding),1.0,0.90625,0.9375,0.625,1.0,Female,1,Republican
Baseline Information,0.9166666666666666,0.734375,0.8125,0.84375,0.8571428571428571,Female,4,Democrat
Baseline Information,1.0,0.9375,0.75,0.9375,1.0,Male,2,Republican
Baseline Information,0.8333333333333334,0.859375,0.875,0.96875,0.6428571428571429,Male,4,Republican
Baseline Information,0.75,0.75,0.6875,0.84375,0.7678571428571429,Male,4,Independent
Placebo control (bird feeding),1.0,0.7228201959764134,0.5625,0.65625,1.0,Male,5,Republican
Placebo control (bird feeding),1.0,0.921875,1.0,0.8125,0.9285714285714286,Male,5,Republican
Placebo control (bird feeding),1.0,0.9375,0.8125,0.5,0.75,Male,5,Republican
Protect Others - Linear Cooperation,0.5,0.234375,0.5,0.125,0.3928571428571428,Male,4,Republican
Placebo control (bird feeding),,0.890625,0.625,0.46875,0.5,Female,4,Republican
Protect Others - Linear Cooperation,0.8333333333333334,0.921875,1.0,0.5625,0.9642857142857144,Female,5,Independent
Baseline Information,,0.546875,0.5,0.53125,0.4285714285714285,Female,3,Republican
Baseline Information,,0.4728201959764134,0.625,0.09375,0.5714285714285714,Male,4,Democrat
Protect Others - Linear Cooperation,1.0,0.84375,1.0,0.78125,0.9642857142857144,Female,4,Democrat
Reframing Bravery,1.0,1.0,1.0,0.65625,1.0,Male,5,Independent
Protect Others - Linear Cooperation,1.0,0.8125,1.0,0.65625,0.75,Female,5,Democrat
Protect Others - Linear Cooperation,0.6666666666666666,0.703125,0.75,0.4375,0.4464285714285714,Male,5,Independent
Placebo control (bird feeding),1.0,1.0,1.0,0.9375,0.9821428571428572,Male,3,Republican
Baseline Information,0.9166666666666666,0.875,0.6875,0.90625,0.7142857142857143,Female,4,Republican
Placebo control (bird feeding),1.0,0.640625,0.625,0.71875,0.8571428571428571,Male,2,Democrat
Placebo control (bird feeding),1.0,0.96875,1.0,0.96875,0.9285714285714286,Male,2,Democrat
Protect Others - Linear Cooperation,1.0,0.921875,0.875,0.59375,0.8928571428571429,Male,4,Republican
Protect Others - Linear Cooperation,1.0,0.921875,0.875,0.96875,0.9285714285714286,Female,4,Republican
Reframing Bravery,1.0,0.734375,0.5,0.9375,0.8928571428571429,Male,5,Democrat
Protect Others - Linear Cooperation,,0.625,0.625,0.1875,0.625,Female,3,Republican
Protect Others - Linear Cooperation,1.0,0.6875,1.0,0.84375,0.9285714285714286,Male,3,Independent
Reframing Bravery,1.0,0.9375,1.0,0.90625,0.8035714285714286,Female,5,Democrat
Baseline Information,,0.421875,0.375,0.53125,0.6785714285714286,Female,2,Democrat
Placebo control (bird feeding),1.0,0.75,0.9375,0.9375,0.7321428571428571,Male,4,Republican
Reframing Bravery,0.75,0.609375,0.6875,0.625,0.6071428571428571,Male,5,Republican
Baseline Information,0.75,0.875,1.0,0.6875,1.0,Female,2,Democrat
Placebo control (bird feeding),0.1666666666666666,0.421875,0.0,0.34375,0.3214285714285714,Male,1,Democrat
Baseline Information,0.6666666666666666,0.6875,0.6875,0.65625,0.6428571428571429,Female,5,Republican
Protect Others - Linear Cooperation,0.75,0.609375,0.875,0.4375,0.4821428571428571,Male,5,Republican
Protect Others - Linear Cooperation,1.0,0.9375,1.0,0.75,0.9464285714285714,Female,2,Democrat
Baseline Information,0.5833333333333334,0.546875,0.75,0.375,0.4107142857142857,Female,4,Democrat
Protect Others - Linear Cooperation,0.9166666666666666,0.734375,0.9375,0.75,0.9821428571428572,Male,4,Republican
Reframing Bravery,0.75,0.71875,0.625,0.28125,0.9464285714285714,Female,5,Republican
Reframing Bravery,0.5,0.46875,0.375,0.21875,0.6428571428571429,Male,4,Republican
Reframing Bravery,1.0,0.59375,0.3125,0.46875,0.7857142857142857,Male,5,Republican
Protect Others - Linear Cooperation,1.0,0.78125,0.9375,0.8125,0.9642857142857144,Male,4,Republican
Protect Others - Linear Cooperation,1.0,0.65625,0.5625,1.0,0.9464285714285714,Female,2,Democrat
Reframing Bravery,,0.515625,0.4375,0.59375,0.5714285714285714,Male,2,Republican
Reframing Bravery,0.0,0.5040701959764134,0.6875,0.09375,0.2142857142857142,Male,2,Republican
Protect Others - Linear Cooperation,0.6666666666666666,0.828125,0.8125,0.65625,0.9107142857142856,Female,4,Republican
Reframing Bravery,0.6666666666666666,0.5,0.3125,0.28125,0.8214285714285714,Female,5,Republican
Placebo control (bird feeding),,0.5509451959764134,0.75,0.125,0.3571428571428571,Male,5,Republican
Placebo control (bird feeding),,0.1875,0.0625,0.46875,0.8214285714285714,Female,2,Republican
Reframing Bravery,0.5,0.59375,0.625,0.5,0.4285714285714285,Male,4,Independent
Placebo control (bird feeding),0.9166666666666666,0.9375,0.9375,0.875,1.0,Female,4,Democrat
Reframing Bravery,0.8333333333333334,0.65625,0.875,0.71875,1.0,Female,2,Republican
Placebo control (bird feeding),0.9166666666666666,0.859375,1.0,0.28125,0.9285714285714286,Male,4,Republican
Protect Others - Linear Cooperation,1.0,0.875,1.0,0.8125,0.8928571428571429,Female,5,Democrat
Baseline Information,1.0,0.8125,1.0,0.9375,1.0,Female,4,Republican
Placebo control (bird feeding),0.5,0.546875,0.4375,0.46875,0.6071428571428571,Male,2,Democrat
Baseline Information,1.0,0.96875,1.0,0.9375,0.9821428571428572,Male,5,Democrat
Baseline Information,0.0,0.125,0.1875,0.0625,0.2321428571428571,Female,5,Democrat
Placebo control (bird feeding),0.6666666666666666,0.84375,0.375,0.3125,0.5,Female,5,Republican
Placebo control (bird feeding),1.0,0.75,0.875,0.75,0.9464285714285714,Male,3,Democrat
Reframing Bravery,0.9166666666666666,0.84375,0.75,0.8125,0.9285714285714286,Female,2,Democrat
Placebo control (bird feeding),1.0,0.828125,0.875,0.90625,0.9464285714285714,Female,5,Republican
Protect Others - Linear Cooperation,1.0,0.859375,0.875,0.78125,0.9285714285714286,Male,5,Republican
Placebo control (bird feeding),0.6666666666666666,0.53125,0.3125,0.5,0.625,Male,5,Independent
Reframing Bravery,1.0,0.859375,0.75,0.90625,0.9285714285714286,Male,1,Republican
Baseline Information,,0.453125,0.375,0.34375,0.7142857142857143,Female,2,Republican
Reframing Bravery,1.0,0.859375,0.8125,0.8125,0.8392857142857143,Female,2,Republican
Baseline Information,0.5,0.71875,1.0,0.53125,0.5535714285714286,Female,5,Independent
Protect Others - Linear Cooperation,,0.59375,0.625,0.15625,0.5714285714285714,Male,1,Independent
Baseline Information,1.0,0.828125,0.75,0.84375,0.8035714285714286,Male,2,Republican
Reframing Bravery,,0.703125,0.8125,0.875,0.8928571428571429,Male,5,Republican
Reframing Bravery,0.0,0.4375,0.75,0.0,0.0178571428571428,Female,2,Democrat
Placebo control (bird feeding),0.0,0.796875,1.0,0.03125,0.2678571428571428,Male,3,Republican
Protect Others - Linear Cooperation,0.9166666666666666,0.703125,0.6875,0.6875,0.5357142857142857,Male,1,Democrat
Placebo control (bird feeding),0.5,0.5,0.5,0.375,0.5,Female,2,Republican
Baseline Information,0.0,0.859375,0.9375,1.0,0.9642857142857144,Male,5,Democrat
Baseline Information,1.0,1.0,1.0,0.875,0.9464285714285714,Male,4,Republican
Baseline Information,0.9166666666666666,0.890625,0.9375,0.84375,0.9285714285714286,Male,1,Independent
Placebo control (bird feeding),0.75,0.921875,1.0,0.1875,0.6071428571428571,Male,3,Democrat
Reframing Bravery,1.0,0.859375,1.0,0.625,0.7142857142857143,Male,2,Democrat
Protect Others - Linear Cooperation,0.75,0.625,0.625,0.1875,0.7857142857142857,Male,3,Republican
Baseline Information,1.0,0.1875,0.0,0.5,0.9285714285714286,Male,2,Independent
Baseline Information,0.8333333333333334,0.796875,0.5625,0.75,0.75,Female,5,Democrat
Placebo control (bird feeding),1.0,0.9375,0.9375,0.71875,0.8928571428571429,Female,5,Democrat
Reframing Bravery,,0.765625,0.625,0.1875,0.5,Male,5,Democrat
Placebo control (bird feeding),0.5833333333333334,0.484375,0.875,0.40625,0.6964285714285714,Male,4,Republican
Placebo control (bird feeding),1.0,0.953125,0.625,0.84375,0.7678571428571429,Male,3,Democrat
Protect Others - Linear Cooperation,1.0,0.984375,0.5,1.0,0.9642857142857144,Female,4,Republican
Protect Others - Linear Cooperation,0.75,0.65625,0.75,0.4375,0.7857142857142857,Female,5,Democrat
Protect Others - Linear Cooperation,0.8333333333333334,0.96875,1.0,0.84375,0.9642857142857144,Male,3,Democrat
Protect Others - Linear Cooperation,0.9166666666666666,0.9375,0.4375,0.40625,0.5714285714285714,Female,4,Republican
Reframing Bravery,1.0,0.984375,1.0,0.34375,0.7857142857142857,Female,2,Democrat
Placebo control (bird feeding),1.0,0.671875,0.8125,0.8125,0.7857142857142857,Female,5,Independent
Placebo control (bird feeding),1.0,0.765625,0.6875,0.53125,0.5535714285714286,Male,3,Republican
Reframing Bravery,0.5,0.765625,1.0,0.8125,0.9285714285714286,Male,4,Republican
Placebo control (bird feeding),0.5,0.5,0.5,0.5,0.5,Male,2,Democrat
Reframing Bravery,,0.34375,0.25,0.09375,0.0357142857142857,Male,4,Democrat
Protect Others - Linear Cooperation,0.75,0.671875,0.875,0.59375,0.3392857142857143,Female,4,Republican
Baseline Information,1.0,0.90625,0.75,0.875,0.7142857142857143,Female,4,Independent
Reframing Bravery,1.0,0.1875,0.0,0.5,0.9285714285714286,Male,2,Independent
Placebo control (bird feeding),0.5833333333333334,0.578125,0.125,0.59375,0.4285714285714285,Female,4,Democrat
Baseline Information,1.0,0.953125,0.9375,0.90625,1.0,Female,2,Democrat
Reframing Bravery,0.5833333333333334,0.578125,0.125,0.3125,0.7142857142857143,Female,3,Democrat
Reframing Bravery,1.0,0.953125,0.625,0.875,0.5714285714285714,Male,2,Republican
Baseline Information,0.9166666666666666,0.796875,0.875,0.625,0.7142857142857143,Male,4,Democrat
Baseline Information,1.0,1.0,1.0,0.90625,0.6428571428571429,Male,4,Democrat
Reframing Bravery,,0.84375,0.5625,0.5625,0.6428571428571429,Male,2,Democrat
Reframing Bravery,1.0,0.875,0.5625,0.9375,0.9642857142857144,Male,5,Republican
Protect Others - Linear Cooperation,0.6666666666666666,0.90625,0.75,0.40625,0.8571428571428571,Male,4,Republican
Placebo control (bird feeding),0.4166666666666667,0.5353201959764134,0.375,0.65625,0.3928571428571428,Male,2,Republican
Protect Others - Linear Cooperation,1.0,0.96875,0.8125,0.96875,0.9285714285714286,Male,5,Republican
Placebo control (bird feeding),1.0,0.953125,1.0,0.53125,0.7678571428571429,Male,2,Republican
Placebo control (bird feeding),,0.5353201959764134,0.625,0.28125,0.5,Female,2,Republican
Baseline Information,0.9166666666666666,0.640625,0.8125,0.5,0.625,Male,4,Republican
Reframing Bravery,1.0,0.5625,1.0,0.96875,0.9464285714285714,Female,3,Democrat
Baseline Information,,0.59375,0.625,0.09375,0.5357142857142857,Female,4,Democrat
Reframing Bravery,1.0,0.59375,0.8125,0.71875,0.2321428571428571,Male,5,Republican
Protect Others - Linear Cooperation,0.9166666666666666,0.875,0.9375,0.5625,0.9464285714285714,Male,5,Republican
Baseline Information,0.75,0.703125,0.625,0.65625,0.7678571428571429,Female,5,Republican
Placebo control (bird feeding),0.3333333333333333,0.3790701959764134,0.4375,0.0,0.0714285714285714,Male,5,Republican
Placebo control (bird feeding),0.75,0.5625,0.5625,0.375,0.7142857142857143,Male,4,Republican
Protect Others - Linear Cooperation,0.8333333333333334,0.9375,1.0,0.21875,0.9285714285714286,Male,2,Republican
Baseline Information,1.0,0.875,1.0,0.8125,0.9642857142857144,Male,2,Republican
Placebo control (bird feeding),1.0,0.609375,0.5625,0.5625,0.9285714285714286,Male,4,Independent
Protect Others - Linear Cooperation,0.9166666666666666,0.515625,0.8125,0.3125,0.9107142857142856,Female,4,Republican
Protect Others - Linear Cooperation,1.0,0.640625,0.9375,0.875,1.0,Male,5,Republican
Protect Others - Linear Cooperation,0.9166666666666666,0.6875,0.5625,0.71875,1.0,Male,1,Democrat
Baseline Information,0.9166666666666666,0.71875,0.9375,0.71875,0.7321428571428571,Female,2,Independent
Protect Others - Linear Cooperation,0.0,0.625,0.5,0.0,0.0714285714285714,Male,2,Democrat
Baseline Information,1.0,0.75,0.6875,0.90625,1.0,Female,2,Republican
Protect Others - Linear Cooperation,0.75,0.90625,0.9375,0.6875,0.9285714285714286,Female,4,Democrat
Baseline Information,1.0,0.875,1.0,0.8125,0.9285714285714286,Male,3,Democrat
Baseline Information,,0.59375,0.4375,0.25,0.9821428571428572,Female,1,Republican
Placebo control (bird feeding),0.75,0.640625,0.8125,0.4375,0.7857142857142857,Male,2,Democrat
Placebo control (bird feeding),1.0,0.734375,1.0,0.84375,1.0,Female,4,Republican
Reframing Bravery,1.0,0.9728201959764134,0.8125,0.84375,0.5,Male,1,Republican
Baseline Information,0.9166666666666666,0.796875,0.4375,0.5,0.6428571428571429,Female,4,Republican
Reframing Bravery,,0.765625,0.5625,0.28125,0.3392857142857143,Male,4,Republican
Reframing Bravery,,0.875,1.0,0.59375,0.5714285714285714,Female,1,Democrat
Protect Others - Linear Cooperation,0.75,0.609375,0.625,0.59375,0.6964285714285714,Female,4,Republican
Baseline Information,1.0,0.875,1.0,0.78125,0.8571428571428571,Female,5,Republican
Baseline Information,1.0,0.90625,1.0,0.90625,0.7857142857142857,Male,2,Republican
Reframing Bravery,1.0,0.984375,1.0,0.65625,0.9285714285714286,Male,3,Independent
Protect Others - Linear Cooperation,1.0,1.0,1.0,0.96875,1.0,Male,2,Republican
Reframing Bravery,0.5833333333333334,0.46875,0.5,0.28125,0.5535714285714286,Female,3,Republican
Placebo control (bird feeding),0.75,0.53125,0.4375,0.65625,0.7142857142857143,Male,2,Republican
Baseline Information,,0.375,0.5625,0.0,0.1785714285714285,Male,2,Republican
Baseline Information,1.0,0.921875,0.9375,0.90625,1.0,Female,2,Independent
Protect Others - Linear Cooperation,1.0,0.796875,1.0,0.90625,0.8214285714285714,Male,1,Democrat
Reframing Bravery,1.0,0.6875,0.75,0.78125,0.8214285714285714,Female,5,Republican
Baseline Information,0.6666666666666666,0.71875,0.75,0.875,0.6071428571428571,Female,2,Democrat
Protect Others - Linear Cooperation,0.9166666666666666,0.671875,0.6875,0.75,0.7678571428571429,Male,1,Republican
Baseline Information,0.75,0.59375,1.0,0.59375,0.3928571428571428,Male,3,Democrat
Reframing Bravery,1.0,0.96875,1.0,0.75,1.0,Male,3,Democrat
Baseline Information,0.9166666666666666,0.921875,0.75,0.71875,1.0,Female,1,Republican
Placebo control (bird feeding),1.0,0.796875,1.0,0.4375,1.0,Male,3,Democrat
Protect Others - Linear Cooperation,1.0,0.640625,0.875,0.84375,0.6071428571428571,Female,3,Democrat
Protect Others - Linear Cooperation,0.9166666666666666,0.859375,0.875,0.25,0.6071428571428571,Female,4,Democrat
Reframing Bravery,0.0,0.5,0.1875,0.0,0.0714285714285714,Female,2,Democrat
Baseline Information,,0.4884451959764134,0.5625,0.1875,0.2321428571428571,Female,4,Republican
Protect Others - Linear Cooperation,,0.34375,0.0625,0.25,0.5357142857142857,Female,5,Democrat
Protect Others - Linear Cooperation,0.8333333333333334,0.78125,0.6875,0.46875,0.6785714285714286,Female,5,Republican
Baseline Information,1.0,0.734375,0.6875,0.9375,0.6428571428571429,Male,2,Republican
Baseline Information,,0.578125,0.4375,0.46875,0.5535714285714286,Female,4,Republican
Placebo control (bird feeding),,0.46875,0.25,0.46875,0.5,Female,4,Democrat
Reframing Bravery,1.0,0.8094873618670625,0.875,0.65625,0.9464285714285714,Male,5,Republican
Placebo control (bird feeding),0.5,0.546875,1.0,0.3125,0.5714285714285714,Female,3,Democrat
Baseline Information,0.9166666666666666,0.671875,0.625,0.84375,0.5357142857142857,Male,2,Republican
Reframing Bravery,1.0,0.203125,0.0,0.28125,0.8571428571428571,Male,2,Republican
Reframing Bravery,1.0,0.8321951959764134,0.75,0.78125,0.2857142857142857,Male,2,Independent
Protect Others - Linear Cooperation,0.8333333333333334,0.921875,1.0,0.5,0.8392857142857143,Female,4,Democrat
Reframing Bravery,,0.6875,1.0,0.1875,0.3214285714285714,Male,2,Democrat
Placebo control (bird feeding),1.0,0.90625,0.8125,0.9375,0.625,Male,4,Republican
Reframing Bravery,1.0,1.0,1.0,1.0,0.9107142857142856,Male,2,Democrat
Placebo control (bird feeding),0.0,0.046875,0.0,0.21875,0.0714285714285714,Male,3,Republican
Baseline Information,1.0,0.890625,1.0,0.875,0.7142857142857143,Female,4,Republican
Placebo control (bird feeding),1.0,0.875,0.8125,0.65625,0.9285714285714286,Female,4,Republican
Baseline Information,1.0,0.921875,0.75,0.71875,0.9285714285714286,Female,4,Republican
Baseline Information,,0.75,0.6875,0.28125,0.6071428571428571,Female,4,Republican
Reframing Bravery,0.8333333333333334,0.59375,0.625,0.9375,0.8928571428571429,Female,1,Independent
Reframing Bravery,0.4166666666666667,0.6446951959764134,0.5625,0.34375,0.375,Female,5,Independent
Baseline Information,1.0,0.875,1.0,0.75,0.7678571428571429,Female,4,Democrat
Protect Others - Linear Cooperation,1.0,0.90625,0.875,0.71875,1.0,Male,4,Republican
Protect Others - Linear Cooperation,,0.46875,0.5,0.4375,0.5,Female,2,Republican
Placebo control (bird feeding),0.6666666666666666,0.84375,0.875,0.28125,0.9107142857142856,Male,1,Independent
Reframing Bravery,1.0,0.65625,0.9375,0.53125,0.6785714285714286,Male,4,Democrat
Protect Others - Linear Cooperation,0.6666666666666666,0.875,0.5,0.5625,0.3392857142857143,Female,4,Republican
Baseline Information,0.8333333333333334,0.921875,1.0,0.8125,0.6785714285714286,Male,5,Republican
Placebo control (bird feeding),,0.25,0.3125,0.0,0.0535714285714285,Female,4,Democrat
Protect Others - Linear Cooperation,1.0,0.875,0.5,0.5625,0.6071428571428571,Male,1,Democrat
Protect Others - Linear Cooperation,0.75,0.765625,0.9375,0.6875,0.75,Male,3,Republican
Placebo control (bird feeding),1.0,0.921875,1.0,0.90625,0.75,Female,5,Democrat
Reframing Bravery,0.5,0.4103201959764134,0.375,0.28125,0.2678571428571428,Female,3,Republican
Protect Others - Linear Cooperation,1.0,0.546875,0.375,0.6875,0.5714285714285714,Male,1,Democrat
Reframing Bravery,0.9166666666666666,0.671875,1.0,0.84375,0.9107142857142856,Male,5,Democrat
Placebo control (bird feeding),1.0,0.796875,0.875,0.71875,0.4464285714285714,Female,3,Republican
Placebo control (bird feeding),1.0,0.765625,0.6875,0.96875,0.9642857142857144,Female,2,Republican
Reframing Bravery,1.0,0.609375,0.5,0.40625,0.9642857142857144,Female,5,Independent
Reframing Bravery,,0.5,0.6875,0.21875,0.0714285714285714,Male,1,Republican
Protect Others - Linear Cooperation,0.6666666666666666,0.765625,0.9375,0.78125,0.9285714285714286,Male,3,Republican
Placebo control (bird feeding),0.3333333333333333,0.4415701959764134,0.125,0.25,0.3571428571428571,Female,1,Republican
Baseline Information,0.5833333333333334,0.28125,0.1875,0.3125,0.6428571428571429,Female,3,Republican
Placebo control (bird feeding),1.0,0.75,1.0,0.8125,1.0,Male,5,Republican
Baseline Information,0.4166666666666667,0.546875,0.625,0.40625,0.3571428571428571,Female,4,Republican
Reframing Bravery,,0.4884451959764134,0.3125,0.25,0.6428571428571429,Female,5,Republican
Reframing Bravery,0.0,0.359375,0.5625,0.0,0.1607142857142857,Female,5,Republican
Baseline Information,0.5,0.78125,0.5625,0.59375,0.4642857142857143,Male,1,Republican
Reframing Bravery,,0.578125,0.8125,0.34375,0.5892857142857143,Male,5,Democrat
Reframing Bravery,1.0,0.90625,1.0,0.625,1.0,Female,1,Republican
Protect Others - Linear Cooperation,0.5,0.59375,0.1875,0.4375,0.6785714285714286,Male,2,Democrat
Protect Others - Linear Cooperation,0.8333333333333334,0.671875,0.625,0.625,0.8571428571428571,Female,3,Republican
Reframing Bravery,0.9166666666666666,0.859375,0.9375,0.6875,0.9464285714285714,Female,1,Democrat
Placebo control (bird feeding),0.5833333333333334,0.890625,1.0,0.625,0.1964285714285714,Male,1,Democrat
Placebo control (bird feeding),0.0,0.46875,1.0,0.0,0.0357142857142857,Female,3,Republican
Placebo control (bird feeding),,0.453125,0.25,0.59375,0.6071428571428571,Female,1,Republican
Reframing Bravery,1.0,0.875,0.8125,0.8125,1.0,Male,3,Republican
Reframing Bravery,0.0,0.625,0.625,0.0,0.2321428571428571,Male,3,Republican
Placebo control (bird feeding),0.5,0.609375,0.125,0.21875,0.4285714285714285,Female,2,Democrat
Placebo control (bird feeding),0.0,0.21875,0.25,0.5,0.0714285714285714,Female,4,Democrat
Placebo control (bird feeding),1.0,0.796875,1.0,0.96875,0.9821428571428572,Male,1,Republican
Placebo control (bird feeding),1.0,1.0,1.0,0.9375,1.0,Female,3,Republican
Protect Others - Linear Cooperation,1.0,0.96875,1.0,1.0,0.9285714285714286,Female,2,Democrat
Placebo control (bird feeding),1.0,0.96875,1.0,1.0,0.9285714285714286,Female,5,Republican
Protect Others - Linear Cooperation,0.75,0.78125,0.875,0.40625,0.75,Female,4,Democrat
Reframing Bravery,,0.25,0.0625,0.34375,0.8214285714285714,Male,2,Independent
Baseline Information,,0.8165701959764134,1.0,0.75,0.6785714285714286,Female,4,Independent
Reframing Bravery,0.8333333333333334,0.8478201959764134,0.6875,0.625,0.5357142857142857,Female,4,Democrat
Placebo control (bird feeding),0.75,0.59375,0.625,0.21875,0.6428571428571429,Female,3,Republican
Protect Others - Linear Cooperation,1.0,0.1875,0.0,0.375,0.9285714285714286,Female,1,Republican
Baseline Information,1.0,0.6875,0.875,0.8125,0.7857142857142857,Female,2,Independent
Placebo control (bird feeding),0.8333333333333334,0.3125,0.1875,0.4375,0.6607142857142857,Male,2,Republican
Baseline Information,1.0,0.890625,0.9375,0.96875,0.8928571428571429,Female,1,Republican
Protect Others - Linear Cooperation,0.0,0.75,0.9375,0.6875,0.9107142857142856,Female,2,Republican
Placebo control (bird feeding),0.6666666666666666,0.3638849373247567,0.125,0.25,0.625,Female,5,Republican
Protect Others - Linear Cooperation,0.8333333333333334,0.96875,1.0,0.65625,0.9642857142857144,Male,5,Independent
Placebo control (bird feeding),1.0,0.84375,0.625,0.8125,1.0,Male,5,Republican
Reframing Bravery,1.0,0.6875,0.9375,0.90625,0.7857142857142857,Male,3,Democrat
Placebo control (bird feeding),1.0,0.8125,0.5,0.5,0.9285714285714286,Male,3,Democrat
Protect Others - Linear Cooperation,0.5,0.8946951959764134,1.0,0.375,0.2142857142857142,Female,4,Republican
Protect Others - Linear Cooperation,0.75,0.5,0.3125,0.5,0.5,Female,4,Republican
Placebo control (bird feeding),1.0,0.875,1.0,0.5,0.7857142857142857,Male,3,Republican
Protect Others - Linear Cooperation,0.5833333333333334,0.828125,0.5,0.46875,0.8214285714285714,Female,3,Democrat
Reframing Bravery,0.0,0.421875,0.0,0.0625,0.0535714285714285,Female,4,Republican
Baseline Information,0.8333333333333334,0.71875,0.625,0.6875,0.75,Female,4,Democrat
Placebo control (bird feeding),1.0,0.765625,0.8125,0.59375,0.6071428571428571,Female,4,Independent
Protect Others - Linear Cooperation,0.75,0.578125,0.625,0.5625,0.625,Male,4,Democrat
Placebo control (bird feeding),0.9166666666666666,0.65625,0.625,0.6875,0.5892857142857143,Male,3,Republican
Protect Others - Linear Cooperation,0.75,0.65625,0.25,0.71875,0.8392857142857143,Male,2,Democrat
Placebo control (bird feeding),0.9166666666666666,0.65625,0.5,0.65625,0.8928571428571429,Female,4,Independent
Placebo control (bird feeding),1.0,0.34375,0.3125,0.40625,0.8035714285714286,Female,2,Independent
Protect Others - Linear Cooperation,1.0,0.84375,1.0,0.59375,0.5892857142857143,Male,3,Republican
Protect Others - Linear Cooperation,1.0,0.9375,1.0,0.875,0.6428571428571429,Female,4,Republican
Baseline Information,,0.78125,0.875,0.625,0.75,Male,2,Democrat
Protect Others - Linear Cooperation,0.8333333333333334,0.65625,0.9375,0.375,0.6428571428571429,Male,2,Republican
Reframing Bravery,1.0,0.71875,0.6875,1.0,0.9464285714285714,Male,3,Republican
Reframing Bravery,1.0,0.859375,1.0,1.0,0.5357142857142857,Male,2,Republican
Protect Others - Linear Cooperation,1.0,0.765625,1.0,0.375,0.7321428571428571,Female,3,Democrat
Reframing Bravery,1.0,0.953125,1.0,0.96875,0.9821428571428572,Female,4,Democrat
Protect Others - Linear Cooperation,0.9166666666666666,0.765625,0.9375,0.84375,0.4107142857142857,Female,2,Democrat
Baseline Information,1.0,0.890625,1.0,0.625,0.8928571428571429,Male,3,Independent
Reframing Bravery,0.9166666666666666,0.34375,0.25,0.46875,0.75,Female,4,Independent
Placebo control (bird feeding),,0.453125,0.8125,0.3125,0.6785714285714286,Female,3,Democrat
Baseline Information,1.0,0.875,0.875,0.59375,0.3928571428571428,Male,4,Republican
Baseline Information,1.0,0.796875,0.8125,0.875,0.9642857142857144,Male,3,Republican
Placebo control (bird feeding),0.8333333333333334,0.8441161303630362,1.0,0.90625,1.0,Male,4,Republican
Protect Others - Linear Cooperation,,0.3634451959764134,0.4375,0.09375,0.2857142857142857,Male,4,Republican
Reframing Bravery,,0.2384451959764134,0.3125,0.0,0.2678571428571428,Female,2,Republican
Baseline Information,,0.4415701959764134,0.25,0.15625,0.4821428571428571,Male,3,Republican
Protect Others - Linear Cooperation,0.0,0.359375,0.75,0.09375,0.0714285714285714,Female,4,Independent
Baseline Information,1.0,0.875,1.0,1.0,1.0,Female,2,Independent
Protect Others - Linear Cooperation,1.0,0.921875,1.0,0.84375,0.8214285714285714,Female,4,Republican
Placebo control (bird feeding),0.5,0.703125,1.0,0.25,0.0714285714285714,Male,3,Democrat
Placebo control (bird feeding),1.0,0.9375,0.9375,0.53125,0.9821428571428572,Male,1,Democrat
Reframing Bravery,0.6666666666666666,0.625,0.5625,0.4375,0.4107142857142857,Female,4,Republican
Baseline Information,0.75,0.78125,1.0,0.78125,0.8392857142857143,Female,4,Democrat
Reframing Bravery,0.8333333333333334,0.9375,1.0,0.9375,0.5178571428571429,Female,1,Democrat
Baseline Information,0.9166666666666666,0.625,0.5,0.75,0.5357142857142857,Female,2,Republican
Baseline Information,0.0,0.3125,0.25,0.0625,0.0714285714285714,Female,3,Republican
Baseline Information,1.0,0.75,1.0,1.0,0.9821428571428572,Female,4,Republican
Placebo control (bird feeding),,0.53125,0.4375,0.375,0.0178571428571428,Female,4,Democrat
Baseline Information,1.0,0.859375,0.875,1.0,1.0,Male,5,Republican
Baseline Information,,0.640625,0.625,0.5,0.3392857142857143,Female,1,Democrat
Reframing Bravery,1.0,0.625,0.875,0.6875,0.4285714285714285,Male,2,Republican
Placebo control (bird feeding),1.0,0.5625,0.375,0.625,0.5535714285714286,Male,2,Republican
Reframing Bravery,1.0,0.9375,1.0,0.6875,0.5714285714285714,Male,2,Democrat
Baseline Information,0.6666666666666666,0.6446951959764134,0.75,0.3125,0.3928571428571428,Female,4,Democrat
Reframing Bravery,1.0,0.96875,1.0,0.78125,1.0,Male,3,Republican
Protect Others - Linear Cooperation,0.8333333333333334,0.71875,0.875,0.28125,0.5,Male,2,Democrat
Baseline Information,0.75,0.75,0.625,0.71875,0.75,Male,2,Republican
Reframing Bravery,1.0,0.625,1.0,0.75,0.6428571428571429,Male,4,Independent
Reframing Bravery,0.75,0.8125,1.0,0.4375,0.9285714285714286,Male,2,Republican
Baseline Information,0.6666666666666666,0.890625,0.875,0.3125,0.6071428571428571,Female,4,Democrat
Protect Others - Linear Cooperation,0.9166666666666666,0.96875,1.0,0.875,1.0,Female,4,Republican
Placebo control (bird feeding),1.0,0.953125,0.9375,0.8125,0.75,Male,3,Democrat
Reframing Bravery,0.0,0.375,0.8125,0.0,0.3571428571428571,Female,4,Democrat
Protect Others - Linear Cooperation,0.8333333333333334,0.53125,0.5,0.34375,0.625,Male,3,Democrat
Baseline Information,0.6666666666666666,0.359375,0.3125,0.0625,0.0357142857142857,Male,3,Republican
Baseline Information,1.0,0.78125,0.8125,0.5625,0.6607142857142857,Female,5,Republican
Placebo control (bird feeding),0.4166666666666667,0.734375,1.0,0.34375,0.2142857142857142,Female,3,Democrat
Baseline Information,,0.59375,0.75,0.125,0.2142857142857142,Female,4,Republican
Placebo control (bird feeding),0.8333333333333334,0.71875,0.5,0.4375,0.9642857142857144,Female,4,Republican
Placebo control (bird feeding),0.8333333333333334,0.65625,0.625,0.21875,0.5892857142857143,Female,3,Democrat
Baseline Information,0.75,0.765625,1.0,0.53125,0.7857142857142857,Female,2,Republican
Reframing Bravery,,0.7071951959764134,0.75,0.5,0.2142857142857142,Male,3,Republican
Placebo control (bird feeding),0.9166666666666666,0.9375,0.9375,0.75,0.9821428571428572,Male,4,Independent
Placebo control (bird feeding),1.0,0.78125,1.0,0.96875,0.9642857142857144,Male,3,Democrat
Reframing Bravery,0.25,0.8634451959764134,1.0,0.03125,0.7142857142857143,Female,3,Republican
Placebo control (bird feeding),1.0,0.734375,0.75,0.6875,0.8214285714285714,Male,2,Independent
Protect Others - Linear Cooperation,0.5,0.625,0.5,0.5,0.5,Male,2,Democrat
Baseline Information,,0.78125,0.75,0.25,0.1428571428571428,Female,4,Republican
Reframing Bravery,,0.2228201959764134,0.1875,0.09375,0.25,Female,2,Republican
Baseline Information,1.0,0.9375,1.0,0.46875,0.9285714285714286,Male,4,Democrat
Protect Others - Linear Cooperation,1.0,0.671875,1.0,0.875,0.9285714285714286,Female,4,Democrat
Placebo control (bird feeding),0.5833333333333334,0.71875,0.625,0.625,0.5,Male,4,Democrat
Baseline Information,0.6666666666666666,0.625,0.75,0.4375,0.3571428571428571,Male,2,Democrat
Reframing Bravery,,0.546875,0.625,0.59375,0.8392857142857143,Male,1,Democrat
Reframing Bravery,1.0,0.671875,0.5,0.34375,0.9642857142857144,Male,2,Independent
Reframing Bravery,0.6666666666666666,0.890625,0.625,0.625,0.5535714285714286,Male,2,Republican
Reframing Bravery,0.75,0.921875,1.0,0.4375,0.6964285714285714,Male,2,Democrat
Placebo control (bird feeding),1.0,0.703125,0.75,0.46875,0.9642857142857144,Male,2,Republican
Protect Others - Linear Cooperation,0.8333333333333334,0.75,0.625,0.4375,0.8571428571428571,Female,1,Republican
Protect Others - Linear Cooperation,1.0,0.734375,0.6875,0.71875,0.8571428571428571,Female,3,Republican
Reframing Bravery,0.5833333333333334,0.71875,1.0,0.1875,0.2857142857142857,Female,4,Democrat
Placebo control (bird feeding),0.75,0.84375,0.9375,0.75,0.8571428571428571,Male,2,Democrat
Placebo control (bird feeding),1.0,0.875,0.75,0.875,0.75,Male,1,Republican
Baseline Information,0.75,0.65625,0.75,0.53125,0.8571428571428571,Female,4,Independent
Reframing Bravery,1.0,0.8125,0.875,0.6875,0.5,Male,3,Democrat
Baseline Information,1.0,0.984375,1.0,0.96875,0.9285714285714286,Male,4,Republican
Placebo control (bird feeding),1.0,0.921875,1.0,0.625,1.0,Male,1,Independent
Baseline Information,1.0,0.84375,1.0,0.875,0.5714285714285714,Male,2,Republican
Reframing Bravery,1.0,0.796875,0.75,0.96875,0.9285714285714286,Male,2,Republican
Baseline Information,1.0,0.75,0.6875,0.34375,1.0,Male,3,Democrat
Protect Others - Linear Cooperation,1.0,0.875,1.0,0.875,0.5535714285714286,Male,4,Democrat
Protect Others - Linear Cooperation,0.8333333333333334,0.75,0.625,0.71875,0.5357142857142857,Female,4,Democrat
Baseline Information,0.6666666666666666,0.78125,0.6875,0.40625,0.9642857142857144,Female,4,Republican
Placebo control (bird feeding),,0.5,0.5625,0.3125,0.4642857142857143,Female,4,Democrat
Baseline Information,1.0,0.609375,0.3125,0.875,0.9285714285714286,Male,2,Republican
Baseline Information,0.3333333333333333,0.4884451959764134,0.625,0.125,0.0178571428571428,Female,3,Republican
Placebo control (bird feeding),,0.8125,0.625,0.71875,0.5535714285714286,Female,4,Republican
Baseline Information,0.0,0.265625,0.125,0.125,0.1607142857142857,Male,1,Republican
Placebo control (bird feeding),1.0,0.8125,1.0,0.59375,0.9285714285714286,Male,2,Republican
Placebo control (bird feeding),0.6666666666666666,0.96875,1.0,0.625,0.875,Male,2,Independent
Reframing Bravery,1.0,0.96875,1.0,0.84375,1.0,Male,2,Republican
Protect Others - Linear Cooperation,1.0,0.90625,0.9375,0.75,1.0,Female,1,Democrat
Baseline Information,0.0,0.390625,0.6875,0.0,0.0714285714285714,Male,1,Republican
Protect Others - Linear Cooperation,0.9166666666666666,0.90625,1.0,0.6875,0.6785714285714286,Female,4,Republican
Protect Others - Linear Cooperation,0.5,0.5,0.5,0.5,0.5,Male,2,Democrat
Protect Others - Linear Cooperation,0.5,0.5,0.5,0.71875,0.5,Female,2,Republican
Protect Others - Linear Cooperation,1.0,0.828125,0.8125,0.9375,1.0,Male,4,Republican
Reframing Bravery,0.5,0.46875,0.625,0.28125,0.4642857142857143,Female,4,Republican
Baseline Information,1.0,0.2424272104915869,0.0,0.5,0.9285714285714286,Male,2,Independent
Reframing Bravery,,0.671875,0.625,0.53125,0.75,Female,2,Republican
Protect Others - Linear Cooperation,1.0,0.9375,0.75,0.8125,1.0,Male,5,Republican
Protect Others - Linear Cooperation,,0.78125,0.75,0.4375,0.5714285714285714,Male,3,Republican
Baseline Information,0.0,0.328125,0.375,0.125,0.0714285714285714,Male,5,Democrat
Protect Others - Linear Cooperation,0.75,0.609375,0.125,0.6875,0.625,Male,1,Democrat
Protect Others - Linear Cooperation,0.0,0.546875,0.75,0.0,0.1428571428571428,Male,3,Republican
Reframing Bravery,0.9166666666666666,0.875,0.5625,0.5625,0.8392857142857143,Male,2,Democrat
Reframing Bravery,0.9166666666666666,0.890625,1.0,0.6561777456647399,0.9821428571428572,Male,5,Republican
Protect Others - Linear Cooperation,0.0,0.25,0.0,0.40625,0.5,Female,3,Democrat
Placebo control (bird feeding),0.9166666666666666,0.84375,1.0,0.6875,1.0,Male,5,Republican
Protect Others - Linear Cooperation,1.0,1.0,1.0,0.90625,0.9285714285714286,Male,4,Republican
Baseline Information,0.8333333333333334,0.90625,0.8125,0.65625,0.8392857142857143,Male,3,Republican
Protect Others - Linear Cooperation,1.0,0.734375,0.75,0.78125,0.4285714285714285,Male,3,Independent
Protect Others - Linear Cooperation,0.6666666666666666,0.9375,0.625,0.53125,0.8214285714285714,Male,4,Republican
Placebo control (bird feeding),1.0,0.953125,1.0,0.84375,0.9285714285714286,Male,5,Republican
Reframing Bravery,0.8333333333333334,0.8125,0.9375,0.375,0.75,Male,3,Republican
Placebo control (bird feeding),0.8333333333333334,0.59375,0.5,0.65625,1.0,Male,5,Independent
Reframing Bravery,0.5833333333333334,0.703125,0.5,0.0,0.0714285714285714,Male,4,Democrat
Placebo control (bird feeding),0.8333333333333334,0.671875,0.9375,0.5625,0.5892857142857143,Female,5,Republican
Baseline Information,0.6666666666666666,0.65625,0.6875,0.1875,0.5714285714285714,Male,4,Republican
Protect Others - Linear Cooperation,0.0,0.8125,0.875,0.9375,1.0,Male,5,Republican
Baseline Information,1.0,0.8125,0.8125,0.28125,1.0,Male,3,Independent
Baseline Information,0.75,0.796875,0.5625,0.46875,0.75,Female,5,Democrat
Reframing Bravery,0.9166666666666666,0.953125,1.0,0.84375,0.9642857142857144,Male,5,Independent
Protect Others - Linear Cooperation,0.0,0.5,0.25,0.03125,0.2857142857142857,Male,4,Democrat
Protect Others - Linear Cooperation,,0.390625,0.3125,0.46875,0.7321428571428571,Female,5,Democrat
Reframing Bravery,0.75,0.734375,0.625,0.6875,0.6785714285714286,Female,5,Republican
Reframing Bravery,0.5,0.84375,0.8125,0.625,0.5178571428571429,Male,4,Republican
Placebo control (bird feeding),1.0,0.765625,0.9375,0.625,0.3571428571428571,Male,4,Republican
Baseline Information,1.0,0.640625,0.5625,0.375,0.7142857142857143,Female,2,Democrat
Baseline Information,1.0,1.0,1.0,0.3125,0.9821428571428572,Male,3,Republican
Reframing Bravery,1.0,0.796875,0.75,0.8125,0.8571428571428571,Female,4,Democrat
Reframing Bravery,0.75,0.765625,0.375,0.28125,0.3571428571428571,Male,5,Democrat
Protect Others - Linear Cooperation,1.0,0.71875,0.8125,0.5625,1.0,Male,3,Democrat
Baseline Information,1.0,0.96875,1.0,0.84375,0.9821428571428572,Female,2,Independent
Reframing Bravery,1.0,0.953125,0.875,0.6875,1.0,Male,4,Republican
Protect Others - Linear Cooperation,1.0,0.734375,0.5625,0.5625,0.6607142857142857,Male,1,Republican
Reframing Bravery,1.0,0.875,0.75,1.0,0.9642857142857144,Male,5,Republican
Placebo control (bird feeding),0.8333333333333334,0.859375,1.0,0.59375,0.4642857142857143,Male,5,Republican
Baseline Information,1.0,0.8125,1.0,0.8125,0.9285714285714286,Female,2,Republican
Baseline Information,1.0,0.796875,0.8125,0.65625,0.8214285714285714,Female,4,Republican
Baseline Information,1.0,1.0,1.0,0.53125,0.9285714285714286,Male,5,Republican
Protect Others - Linear Cooperation,1.0,0.9375,1.0,0.71875,0.6964285714285714,Male,2,Democrat
Placebo control (bird feeding),1.0,1.0,1.0,0.96875,0.8571428571428571,Male,3,Republican
Baseline Information,1.0,0.859375,0.5625,0.90625,1.0,Male,2,Republican
Reframing Bravery,0.75,0.640625,0.9375,0.5625,0.6428571428571429,Male,2,Democrat
Placebo control (bird feeding),0.9166666666666666,0.734375,0.9375,0.4375,0.6785714285714286,Male,2,Republican
Reframing Bravery,0.5,0.5,0.5,0.5,0.5,Male,4,Independent
Reframing Bravery,1.0,0.84375,1.0,0.8125,0.5714285714285714,Male,2,Republican
Reframing Bravery,0.9166666666666666,0.875,0.8125,0.9375,0.625,Female,4,Republican
Placebo control (bird feeding),1.0,0.78125,1.0,0.53125,0.5714285714285714,Male,2,Independent
Protect Others - Linear Cooperation,0.9166666666666666,1.0,1.0,0.9375,0.9821428571428572,Female,3,Independent
Reframing Bravery,0.75,0.828125,0.5625,0.96875,0.6428571428571429,Male,2,Independent
Placebo control (bird feeding),1.0,0.8125,0.9375,0.625,0.625,Male,2,Republican
Baseline Information,1.0,0.90625,1.0,0.5625,0.7857142857142857,Male,2,Republican
Placebo control (bird feeding),0.75,0.5625,0.5625,0.4375,0.4821428571428571,Male,2,Republican
Baseline Information,1.0,0.78125,0.625,0.59375,0.5714285714285714,Male,3,Republican
Protect Others - Linear Cooperation,1.0,0.984375,1.0,0.90625,0.9821428571428572,Male,4,Republican
Protect Others - Linear Cooperation,0.75,0.515625,0.4375,0.40625,0.5,Female,4,Republican
Baseline Information,1.0,0.734375,0.25,0.21875,0.9285714285714286,Male,2,Republican
Placebo control (bird feeding),0.3333333333333333,0.84375,0.8125,0.5625,0.1785714285714285,Female,2,Democrat
Protect Others - Linear Cooperation,0.75,0.28125,0.0,0.5625,0.8035714285714286,Female,3,Democrat
Protect Others - Linear Cooperation,0.6666666666666666,0.78125,0.625,0.8125,0.9642857142857144,Male,3,Republican
Reframing Bravery,,0.796875,0.875,0.25,0.6071428571428571,Male,3,Republican
Protect Others - Linear Cooperation,,0.921875,0.9375,0.28125,0.6607142857142857,Female,2,Republican
Protect Others - Linear Cooperation,0.6666666666666666,0.703125,0.6875,0.5,0.6428571428571429,Female,3,Democrat
Reframing Bravery,,0.46875,0.75,0.375,0.4107142857142857,Male,2,Democrat
Reframing Bravery,1.0,0.8125,0.75,0.96875,1.0,Male,4,Republican
Baseline Information,1.0,0.921875,0.875,0.875,0.6428571428571429,Male,1,Democrat
Baseline Information,,0.53125,0.5,0.21875,0.4464285714285714,Male,2,Republican
Placebo control (bird feeding),1.0,0.84375,0.6875,1.0,0.9821428571428572,Male,3,Republican
Reframing Bravery,0.75,0.734375,0.8125,0.9375,0.5714285714285714,Female,1,Republican
Protect Others - Linear Cooperation,,0.671875,0.625,0.40625,0.4107142857142857,Female,2,Democrat
Reframing Bravery,1.0,0.921875,1.0,0.71875,0.8928571428571429,Female,3,Republican
Placebo control (bird feeding),0.9166666666666666,0.9375,1.0,1.0,0.7857142857142857,Male,2,Democrat
Reframing Bravery,1.0,0.84375,0.875,1.0,0.9821428571428572,Male,2,Democrat
Placebo control (bird feeding),1.0,0.859375,0.875,0.65625,0.8214285714285714,Male,2,Democrat
Baseline Information,1.0,0.90625,1.0,0.6875,0.8035714285714286,Male,4,Democrat
Placebo control (bird feeding),0.5833333333333334,0.6875,0.5,0.4375,0.6428571428571429,Female,4,Democrat
Protect Others - Linear Cooperation,0.9166666666666666,0.71875,0.625,0.34375,0.6071428571428571,Male,5,Republican
Protect Others - Linear Cooperation,1.0,0.609375,0.625,0.96875,0.9107142857142856,Female,1,Republican
Protect Others - Linear Cooperation,1.0,0.859375,0.625,0.84375,0.6785714285714286,Male,3,Democrat
Baseline Information,,0.25,0.1875,0.0,0.1071428571428571,Male,3,Republican
Baseline Information,1.0,0.84375,1.0,0.75,0.6428571428571429,Male,2,Independent
Reframing Bravery,1.0,0.640625,0.8125,1.0,1.0,Male,1,Democrat
Baseline Information,0.5,0.515625,0.4375,0.21875,0.6428571428571429,Male,5,Republican
Baseline Information,1.0,0.828125,1.0,0.6875,0.5714285714285714,Male,4,Republican
Placebo control (bird feeding),,0.25,0.5,0.0,0.0714285714285714,Male,3,Democrat
Protect Others - Linear Cooperation,0.75,0.6875,0.5625,0.21875,0.3214285714285714,Male,2,Democrat
Reframing Bravery,0.6666666666666666,0.671875,0.625,0.9375,0.7321428571428571,Male,3,Democrat
Reframing Bravery,1.0,0.984375,1.0,0.71875,0.6071428571428571,Male,3,Democrat
Reframing Bravery,1.0,0.953125,1.0,0.71875,0.9285714285714286,Male,3,Democrat
Reframing Bravery,0.4166666666666667,0.4375,0.4375,0.375,0.7321428571428571,Female,3,Democrat
Reframing Bravery,0.4166666666666667,0.578125,0.375,0.125,0.4285714285714285,Female,3,Democrat
Protect Others - Linear Cooperation,1.0,0.625,0.625,0.90625,0.9642857142857144,Male,4,Republican
Placebo control (bird feeding),,0.828125,0.875,0.0,0.3928571428571428,Female,4,Democrat
Placebo control (bird feeding),0.5,0.46875,0.5,0.0,0.5,Female,1,Democrat
Protect Others - Linear Cooperation,0.5,0.515625,0.625,0.4375,0.3571428571428571,Male,2,Democrat
Placebo control (bird feeding),1.0,0.75,0.875,0.84375,0.8035714285714286,Male,2,Democrat
Reframing Bravery,1.0,0.859375,0.8125,0.875,0.8928571428571429,Male,2,Democrat
Baseline Information,0.9166666666666666,0.828125,0.5625,0.75,0.9642857142857144,Male,2,Democrat
Placebo control (bird feeding),0.9166666666666666,0.984375,1.0,1.0,0.9642857142857144,Male,3,Republican
Protect Others - Linear Cooperation,1.0,0.71875,0.625,0.96875,0.5714285714285714,Female,2,Republican
Reframing Bravery,1.0,0.9375,1.0,0.9375,1.0,Female,2,Republican
Baseline Information,1.0,0.796875,0.875,0.375,0.7321428571428571,Male,2,Democrat
Protect Others - Linear Cooperation,1.0,0.765625,0.8125,0.65625,0.5535714285714286,Female,2,Democrat
Reframing Bravery,0.8333333333333334,0.328125,0.1875,0.34375,0.7678571428571429,Male,2,Republican
Protect Others - Linear Cooperation,0.8333333333333334,0.6290701959764134,0.75,0.3125,0.4285714285714285,Male,2,Independent
Protect Others - Linear Cooperation,0.5,0.5625,0.4375,0.3125,0.5,Male,2,Democrat
Baseline Information,1.0,0.78125,0.6875,0.65625,0.8571428571428571,Male,1,Democrat
Protect Others - Linear Cooperation,1.0,0.875,0.5625,0.625,0.9107142857142856,Male,1,Republican
Reframing Bravery,1.0,0.796875,0.8125,0.8125,0.7857142857142857,Female,2,Democrat
Placebo control (bird feeding),1.0,0.84375,0.5625,0.625,0.9107142857142856,Male,2,Democrat
Reframing Bravery,1.0,0.875,0.75,0.8125,0.75,Female,4,Democrat
Protect Others - Linear Cooperation,1.0,0.78125,1.0,0.875,0.9285714285714286,Female,3,Republican
Placebo control (bird feeding),,0.203125,0.1875,0.53125,0.6607142857142857,Male,3,Democrat
Baseline Information,0.75,0.609375,0.5,0.59375,0.6428571428571429,Male,3,Republican
Baseline Information,0.9166666666666666,0.921875,0.9375,0.71875,0.6785714285714286,Male,2,Democrat
Baseline Information,,0.546875,0.4375,0.21875,0.4107142857142857,Female,3,Democrat
Baseline Information,1.0,0.921875,1.0,0.71875,1.0,Male,3,Republican
Reframing Bravery,1.0,0.875,1.0,0.84375,0.6428571428571429,Male,3,Democrat
Baseline Information,0.6666666666666666,0.8790701959764134,0.125,0.28125,0.3928571428571428,Male,2,Independent
Reframing Bravery,0.0,0.5625,0.375,0.125,0.5,Female,3,Democrat
Baseline Information,,0.6446951959764134,0.5,0.125,0.3571428571428571,Male,3,Republican
Baseline Information,0.8333333333333334,0.671875,1.0,0.65625,0.5714285714285714,Female,2,Democrat
Placebo control (bird feeding),0.75,0.5,0.5,0.5,0.5714285714285714,Male,1,Democrat
Reframing Bravery,0.6666666666666666,0.546875,0.5625,0.4375,0.5,Female,4,Democrat
Placebo control (bird feeding),1.0,0.53125,0.5,0.90625,0.4107142857142857,Male,1,Republican
Baseline Information,0.6666666666666666,0.9375,1.0,0.3125,1.0,Female,3,Republican
Baseline Information,0.75,0.875,1.0,0.40625,0.1785714285714285,Male,2,Democrat
Reframing Bravery,0.5833333333333334,0.625,0.5,0.53125,0.7857142857142857,Female,3,Democrat
Baseline Information,,0.7228201959764134,0.625,0.1875,0.4464285714285714,Male,2,Republican
Reframing Bravery,1.0,0.828125,0.75,0.75,1.0,Male,4,Republican
Baseline Information,0.9166666666666666,0.75,0.5625,0.5,0.75,Male,3,Republican
Placebo control (bird feeding),0.3333333333333333,0.515625,0.5,0.0625,0.2142857142857142,Female,2,Democrat
Baseline Information,1.0,1.0,1.0,0.90625,1.0,Male,3,Democrat
Placebo control (bird feeding),1.0,0.890625,0.6875,0.5625,0.8392857142857143,Male,3,Democrat
Reframing Bravery,1.0,0.890625,1.0,1.0,0.9642857142857144,Female,4,Independent
Placebo control (bird feeding),,0.59375,0.8125,0.5,0.0892857142857142,Male,2,Democrat
Protect Others - Linear Cooperation,0.75,0.703125,0.1875,0.15625,0.625,Female,1,Democrat
Protect Others - Linear Cooperation,1.0,0.8597411303630362,0.75,0.9375,1.0,Male,3,Republican
Protect Others - Linear Cooperation,0.5,0.5,0.5,0.5,0.5,Male,2,Independent
Baseline Information,,0.640625,0.6875,0.5,0.3214285714285714,Male,2,Republican
Protect Others - Linear Cooperation,1.0,0.765625,0.875,1.0,0.8214285714285714,Male,3,Republican
Baseline Information,1.0,0.828125,1.0,0.84375,1.0,Female,3,Independent
Reframing Bravery,1.0,0.859375,1.0,0.875,0.9285714285714286,Male,3,Republican
Reframing Bravery,0.9166666666666666,0.859375,0.6875,0.8125,0.75,Female,1,Republican
Protect Others - Linear Cooperation,1.0,0.875,1.0,0.75,0.7321428571428571,Female,4,Democrat
Protect Others - Linear Cooperation,1.0,0.953125,1.0,0.78125,0.9642857142857144,Male,2,Republican
Baseline Information,0.9166666666666666,0.75,0.875,0.4375,0.6607142857142857,Male,3,Democrat
Reframing Bravery,1.0,0.84375,0.9375,0.71875,0.9642857142857144,Male,2,Democrat
Protect Others - Linear Cooperation,0.5833333333333334,0.8125,0.5625,0.8125,0.5892857142857143,Male,2,Republican
Reframing Bravery,,0.765625,1.0,0.3125,0.3928571428571428,Male,2,Democrat
Placebo control (bird feeding),0.75,0.875,1.0,0.4375,0.6607142857142857,Male,2,Republican
Reframing Bravery,0.9166666666666666,1.0,1.0,0.90625,0.5714285714285714,Female,1,Independent
Placebo control (bird feeding),1.0,0.1875,0.0,0.5,0.9285714285714286,Male,1,Republican
Baseline Information,0.75,0.625,0.375,0.6875,0.8571428571428571,Male,2,Democrat
Baseline Information,1.0,1.0,1.0,0.9375,0.7142857142857143,Female,4,Republican
Placebo control (bird feeding),0.75,0.78125,0.4375,0.6875,0.6785714285714286,Male,2,Democrat
Placebo control (bird feeding),0.9166666666666666,0.90625,0.875,0.75,0.6428571428571429,Male,3,Republican
Protect Others - Linear Cooperation,0.5,0.453125,0.125,0.375,0.5,Female,2,Republican
Placebo control (bird feeding),1.0,0.921875,1.0,0.65625,0.9642857142857144,Male,3,Republican
Placebo control (bird feeding),0.9166666666666666,0.609375,1.0,0.875,0.6428571428571429,Male,2,Republican
Placebo control (bird feeding),,0.5862692089420827,0.5625,0.0,0.25,Female,3,Republican
Reframing Bravery,0.8333333333333334,0.5625,0.375,0.46875,0.7678571428571429,Female,1,Republican
Baseline Information,0.9166666666666666,0.890625,0.625,1.0,1.0,Male,3,Democrat
Protect Others - Linear Cooperation,0.75,0.421875,0.3125,0.5,0.6785714285714286,Female,2,Republican
Reframing Bravery,0.9166666666666666,0.859375,0.75,0.84375,0.9464285714285714,Female,5,Republican
Placebo control (bird feeding),1.0,0.9375,0.8125,0.46875,0.9464285714285714,Male,5,Republican
Reframing Bravery,0.9166666666666666,0.65625,0.4375,0.84375,0.75,Male,5,Republican
Baseline Information,1.0,0.953125,1.0,0.90625,0.9285714285714286,Male,2,Democrat
Protect Others - Linear Cooperation,0.6666666666666666,0.359375,0.5,0.125,0.0714285714285714,Female,4,Democrat
Baseline Information,1.0,0.828125,0.8125,0.59375,0.9464285714285714,Male,2,Democrat
Placebo control (bird feeding),0.5,0.625,0.3125,0.28125,0.4642857142857143,Male,4,Republican
Placebo control (bird feeding),0.6666666666666666,0.46875,0.75,0.1875,0.2857142857142857,Male,5,Republican
Baseline Information,0.9166666666666666,0.953125,1.0,0.8125,0.8214285714285714,Male,1,Independent
Protect Others - Linear Cooperation,1.0,0.59375,0.5,0.65625,0.625,Male,1,Democrat
Protect Others - Linear Cooperation,1.0,0.890625,1.0,0.59375,0.4285714285714285,Male,4,Republican
Placebo control (bird feeding),0.0,0.890625,1.0,0.59375,0.9464285714285714,Male,3,Independent
Placebo control (bird feeding),1.0,0.90625,1.0,0.6875,0.9821428571428572,Male,3,Democrat
Reframing Bravery,0.9166666666666666,0.890625,0.6875,0.9375,0.8035714285714286,Male,1,Independent
Baseline Information,0.6666666666666666,0.59375,0.8125,0.40625,0.6071428571428571,Female,4,Democrat
Protect Others - Linear Cooperation,1.0,0.96875,1.0,0.9375,1.0,Male,2,Democrat
Protect Others - Linear Cooperation,0.9166666666666666,0.96875,1.0,0.9375,0.9821428571428572,Female,1,Democrat
Reframing Bravery,0.75,0.59375,0.625,0.5,0.6607142857142857,Female,1,Republican
Protect Others - Linear Cooperation,0.9166666666666666,0.796875,0.8125,0.4375,0.9642857142857144,Male,2,Democrat
Protect Others - Linear Cooperation,1.0,1.0,0.9375,0.59375,0.4285714285714285,Male,4,Republican
Baseline Information,1.0,0.859375,1.0,0.875,0.9821428571428572,Female,4,Independent
Placebo control (bird feeding),0.6666666666666666,0.59375,0.25,0.125,0.4285714285714285,Male,2,Republican
Placebo control (bird feeding),1.0,0.78125,1.0,0.40625,1.0,Male,4,Republican
Placebo control (bird feeding),0.9166666666666666,0.765625,0.875,0.96875,1.0,Male,2,Democrat
Reframing Bravery,0.5,0.546875,0.5,0.40625,0.5,Male,4,Democrat
Baseline Information,,0.6603201959764134,0.6875,0.15625,0.7142857142857143,Female,2,Republican
Reframing Bravery,0.75,0.890625,0.8125,0.5,0.875,Male,2,Democrat
Baseline Information,1.0,0.5625,0.875,0.4375,0.7857142857142857,Male,4,Republican
Reframing Bravery,1.0,0.90625,1.0,0.75,1.0,Male,4,Republican
Placebo control (bird feeding),0.8333333333333334,0.859375,0.875,0.59375,0.8571428571428571,Male,2,Democrat
Baseline Information,0.3333333333333333,0.796875,0.3125,0.0,0.5714285714285714,Female,4,Republican
Baseline Information,0.0,0.859375,0.875,1.0,0.9285714285714286,Male,3,Democrat
Reframing Bravery,1.0,0.953125,0.9375,0.46875,0.9464285714285714,Male,1,Republican
Protect Others - Linear Cooperation,0.5833333333333334,0.5625,0.625,0.5,0.6607142857142857,Female,1,Republican
Placebo control (bird feeding),1.0,0.984375,1.0,0.78125,1.0,Female,2,Republican
Placebo control (bird feeding),1.0,0.90625,1.0,0.875,0.7678571428571429,Male,2,Republican
Baseline Information,0.8333333333333334,0.65625,1.0,0.4375,0.4464285714285714,Female,1,Republican
Protect Others - Linear Cooperation,1.0,0.78125,0.625,0.84375,1.0,Female,4,Republican
Placebo control (bird feeding),1.0,0.890625,1.0,0.6875,0.7678571428571429,Male,2,Democrat
Reframing Bravery,1.0,0.8125,1.0,0.125,0.0714285714285714,Male,3,Democrat
Baseline Information,1.0,0.734375,0.875,0.75,0.9464285714285714,Male,3,Independent
Placebo control (bird feeding),1.0,0.953125,1.0,0.96875,0.9285714285714286,Male,3,Republican
Reframing Bravery,1.0,0.875,0.8125,1.0,1.0,Female,4,Republican
Baseline Information,1.0,1.0,1.0,1.0,0.9285714285714286,Female,1,Democrat
Baseline Information,1.0,0.734375,0.75,0.71875,0.6428571428571429,Male,2,Republican
Protect Others - Linear Cooperation,1.0,0.9375,1.0,0.65625,0.9821428571428572,Male,3,Democrat
Baseline Information,,0.75,0.75,0.34375,0.4642857142857143,Female,3,Democrat
Baseline Information,0.75,0.3125,0.0625,0.40625,0.8392857142857143,Male,2,Democrat
Protect Others - Linear Cooperation,0.9166666666666666,0.515625,0.3125,0.78125,0.7857142857142857,Male,1,Democrat
Reframing Bravery,0.9166666666666666,0.484375,0.3125,0.875,0.7857142857142857,Female,2,Republican
Protect Others - Linear Cooperation,1.0,0.984375,1.0,0.96875,0.9821428571428572,Male,3,Republican
Placebo control (bird feeding),,0.5978201959764134,0.75,0.46875,0.3928571428571428,Male,1,Republican
Baseline Information,1.0,0.78125,0.8125,0.5,0.5178571428571429,Male,1,Democrat
Protect Others - Linear Cooperation,1.0,0.640625,0.5,0.875,0.625,Female,1,Democrat
Protect Others - Linear Cooperation,0.5833333333333334,0.7696951959764134,0.5,0.0,0.4821428571428571,Male,2,Democrat
Reframing Bravery,1.0,0.859375,0.9375,0.90625,0.7678571428571429,Female,2,Democrat
Protect Others - Linear Cooperation,0.9166666666666666,0.78125,0.625,0.84375,0.8928571428571429,Female,3,Democrat
Baseline Information,1.0,0.875,0.6875,0.8125,0.7142857142857143,Male,3,Republican
Baseline Information,,0.4728201959764134,0.4375,0.15625,0.0714285714285714,Male,1,Republican
Reframing Bravery,,0.6875,1.0,0.46875,0.6607142857142857,Female,2,Independent
Placebo control (bird feeding),1.0,0.96875,1.0,0.75,0.9821428571428572,Male,4,Republican
Placebo control (bird feeding),1.0,0.734375,0.5625,0.71875,0.4107142857142857,Male,2,Republican
Placebo control (bird feeding),,0.671875,0.9375,0.25,0.5178571428571429,Male,2,Democrat
Baseline Information,1.0,0.9375,1.0,1.0,1.0,Female,3,Democrat
Reframing Bravery,,0.578125,0.6875,0.5,0.4107142857142857,Male,1,Independent
Placebo control (bird feeding),1.0,1.0,1.0,1.0,0.9821428571428572,Female,4,Republican
Placebo control (bird feeding),0.8333333333333334,0.6875,0.375,1.0,1.0,Female,2,Republican
Baseline Information,,0.625,0.375,0.0,0.2321428571428571,Female,2,Republican
Placebo control (bird feeding),0.8333333333333334,0.734375,0.8125,0.5,0.9821428571428572,Female,3,Republican
Protect Others - Linear Cooperation,0.5,0.5,0.5,0.5,0.5,Male,2,Republican
Protect Others - Linear Cooperation,,0.3478201959764134,0.25,0.125,0.5,Male,1,Republican
Reframing Bravery,1.0,0.8125,0.9375,0.375,0.8214285714285714,Male,1,Republican
Placebo control (bird feeding),,0.796875,0.8125,0.6875,0.4642857142857143,Female,2,Republican
Baseline Information,0.75,0.28125,0.125,0.46875,0.625,Male,1,Republican
Baseline Information,1.0,0.9375,0.875,1.0,0.9642857142857144,Female,3,Republican
Baseline Information,1.0,0.1875,0.0,0.6875,0.9285714285714286,Female,2,Republican
Protect Others - Linear Cooperation,0.1666666666666666,0.265625,0.125,0.0,0.0714285714285714,Female,3,Democrat
Reframing Bravery,1.0,0.734375,0.875,0.84375,0.9821428571428572,Male,3,Republican
Protect Others - Linear Cooperation,,0.46875,0.375,0.53125,0.6785714285714286,Male,2,Republican
Baseline Information,1.0,0.890625,0.8125,0.84375,0.8214285714285714,Male,1,Democrat
Placebo control (bird feeding),1.0,0.4375,0.4375,0.53125,0.7321428571428571,Male,3,Democrat
Reframing Bravery,0.6666666666666666,0.96875,1.0,0.53125,1.0,Male,3,Democrat
Placebo control (bird feeding),0.9166666666666666,0.75,0.75,0.9375,0.9285714285714286,Male,3,Democrat
Placebo control (bird feeding),1.0,0.859375,0.6875,0.46875,0.9642857142857144,Male,1,Democrat
Protect Others - Linear Cooperation,0.75,0.578125,0.3125,0.5625,0.0,Female,4,Republican
Protect Others - Linear Cooperation,0.0,0.3946951959764134,0.0,0.0,0.0357142857142857,Male,1,Democrat
Baseline Information,0.6666666666666666,0.515625,0.5625,0.3125,0.5,Male,3,Republican
Reframing Bravery,0.9166666666666666,0.5625,0.5625,0.375,0.6071428571428571,Female,2,Republican
Placebo control (bird feeding),1.0,0.5625,0.5,0.53125,0.8035714285714286,Female,2,Independent
Reframing Bravery,0.0,0.453125,0.25,0.0,0.1428571428571428,Female,2,Democrat
Reframing Bravery,,0.7715955494142881,0.8125,0.96875,0.9642857142857144,Male,5,Independent
Placebo control (bird feeding),1.0,0.953125,0.9375,1.0,0.9821428571428572,Male,5,Republican
Baseline Information,1.0,0.890625,0.875,0.71875,0.9285714285714286,Male,2,Republican
Reframing Bravery,,,,,,Female,3,Independent
Reframing Bravery,1.0,0.90625,1.0,0.3125,0.9642857142857144,Female,3,Republican
Placebo control (bird feeding),,0.90625,0.875,0.40625,0.5892857142857143,Male,1,Republican
Protect Others - Linear Cooperation,1.0,1.0,1.0,1.0,1.0,Male,3,Democrat
Baseline Information,0.75,0.65625,0.6875,0.5625,0.6071428571428571,Female,3,Independent
Reframing Bravery,0.9166666666666666,0.703125,0.5625,0.65625,0.5714285714285714,Male,1,Democrat
Protect Others - Linear Cooperation,0.5,0.3125,0.0,0.03125,0.2857142857142857,Male,2,Democrat
Placebo control (bird feeding),1.0,0.640625,0.375,0.28125,0.8214285714285714,Male,1,Republican
Reframing Bravery,0.75,0.828125,0.875,0.59375,0.75,Female,2,Democrat
Placebo control (bird feeding),0.5833333333333334,0.796875,0.6875,0.5,0.5535714285714286,Male,1,Democrat
Reframing Bravery,0.9166666666666666,0.6875,0.6875,0.90625,0.9285714285714286,Female,2,Democrat
Protect Others - Linear Cooperation,,0.328125,0.25,0.0,0.3214285714285714,Male,1,Democrat
Protect Others - Linear Cooperation,1.0,0.859375,1.0,0.8125,0.8928571428571429,Female,2,Republican
Protect Others - Linear Cooperation,1.0,0.9375,1.0,0.84375,1.0,Male,2,Independent
Placebo control (bird feeding),0.0,0.734375,1.0,0.0,0.0,Female,2,Republican
Baseline Information,0.9166666666666666,0.734375,0.6875,0.75,0.5892857142857143,Female,2,Republican
Protect Others - Linear Cooperation,0.9166666666666666,0.8125,1.0,0.65625,0.9464285714285714,Female,3,Democrat
Reframing Bravery,,0.546875,1.0,0.40625,0.5,Male,2,Independent
Placebo control (bird feeding),1.0,0.75,0.6875,0.78125,0.7678571428571429,Male,1,Republican
Reframing Bravery,,0.6875,0.4375,0.5,0.4285714285714285,Male,3,Republican
Baseline Information,0.75,0.5625,0.6875,0.5625,0.5178571428571429,Male,1,Republican
Placebo control (bird feeding),0.5,0.5,0.5,0.5,0.5,Male,1,Democrat
Baseline Information,0.0,0.5625,0.625,1.0,0.9642857142857144,Male,1,Independent
Protect Others - Linear Cooperation,1.0,0.71875,0.375,0.5625,0.7857142857142857,Male,3,Independent
Reframing Bravery,0.75,0.421875,0.6875,0.5625,0.8035714285714286,Male,3,Republican
Placebo control (bird feeding),1.0,0.6875,0.75,0.875,0.7857142857142857,Male,1,Republican
Protect Others - Linear Cooperation,0.5833333333333334,0.9375,1.0,0.375,0.1071428571428571,Female,3,Democrat
Protect Others - Linear Cooperation,0.75,0.671875,0.5,0.84375,0.5714285714285714,Male,2,Independent
Protect Others - Linear Cooperation,1.0,0.765625,0.875,0.8125,0.9642857142857144,Male,3,Republican
Placebo control (bird feeding),0.5,0.53125,0.5,0.5,0.8035714285714286,Male,2,Republican
Reframing Bravery,0.5833333333333334,0.6134451959764134,0.375,0.21875,0.3214285714285714,Male,2,Republican
Baseline Information,0.9166666666666666,0.640625,0.875,0.65625,0.6964285714285714,Male,1,Republican
Placebo control (bird feeding),0.8333333333333334,0.78125,0.75,0.25,0.5714285714285714,Male,1,Republican
Baseline Information,,0.46875,0.5,0.5625,0.5178571428571429,Female,2,Independent
Reframing Bravery,1.0,0.8125,1.0,0.1875,0.5714285714285714,Male,3,Republican
Baseline Information,1.0,0.96875,1.0,0.75,1.0,Male,1,Independent
Baseline Information,0.6666666666666666,0.640625,0.75,0.59375,0.5,Male,3,Democrat
Placebo control (bird feeding),0.75,0.46875,0.625,0.46875,0.875,Male,2,Independent
Reframing Bravery,,0.765625,1.0,0.6875,1.0,Female,3,Republican
Reframing Bravery,0.8333333333333334,0.796875,0.402965682230655,0.25,0.4642857142857143,Male,3,Democrat
Protect Others - Linear Cooperation,0.75,0.453125,0.25,0.46875,0.7142857142857143,Female,2,Republican
Reframing Bravery,0.5,0.5,0.5,0.5,0.6071428571428571,Female,2,Democrat
Reframing Bravery,0.9166666666666666,0.75,0.75,0.5625,0.5714285714285714,Male,2,Democrat
Reframing Bravery,1.0,0.90625,1.0,0.90625,1.0,Female,2,Republican
Reframing Bravery,1.0,0.765625,0.8125,0.5625,0.6071428571428571,Male,2,Republican
Baseline Information,0.6666666666666666,0.90625,1.0,0.21875,0.3928571428571428,Female,4,Republican
Protect Others - Linear Cooperation,,0.65625,0.25,0.75,0.5357142857142857,Male,3,Democrat
Reframing Bravery,1.0,1.0,1.0,1.0,0.9285714285714286,Male,3,Republican
Placebo control (bird feeding),,0.5,0.5,0.71875,0.4285714285714285,Female,1,Democrat
Protect Others - Linear Cooperation,0.5833333333333334,0.53125,0.5,0.1875,0.5357142857142857,Male,2,Democrat
Reframing Bravery,0.75,0.859375,1.0,0.6875,0.7142857142857143,Male,3,Republican
Protect Others - Linear Cooperation,0.6666666666666666,0.5625,0.25,0.21875,0.4285714285714285,Male,3,Republican
Placebo control (bird feeding),1.0,0.859375,1.0,0.875,0.9821428571428572,Male,3,Republican
Baseline Information,0.8333333333333334,0.828125,0.75,0.9375,0.4642857142857143,Male,2,Democrat
Baseline Information,0.8333333333333334,0.921875,1.0,0.90625,0.9821428571428572,Male,4,Republican
Protect Others - Linear Cooperation,0.5,0.5625,0.625,0.5,0.3571428571428571,Male,2,Democrat
Reframing Bravery,1.0,0.765625,0.8125,0.9375,0.7857142857142857,Male,1,Democrat
Protect Others - Linear Cooperation,0.75,0.859375,0.875,0.8125,0.6071428571428571,Female,3,Republican
Protect Others - Linear Cooperation,0.5,0.734375,0.625,0.65625,0.5714285714285714,Male,1,Democrat
Placebo control (bird feeding),1.0,0.859375,1.0,0.40625,0.6607142857142857,Male,2,Democrat
Baseline Information,,0.515625,0.875,0.0,0.0892857142857142,Female,3,Democrat
Placebo control (bird feeding),0.6666666666666666,0.625,0.75,0.5,0.5714285714285714,Female,3,Democrat
Reframing Bravery,0.75,0.859375,0.6875,0.53125,0.3928571428571428,Male,2,Democrat
Protect Others - Linear Cooperation,0.75,0.4375,0.1875,0.40625,0.5357142857142857,Male,2,Democrat
Placebo control (bird feeding),1.0,0.84375,1.0,0.8125,1.0,Female,2,Democrat
Placebo control (bird feeding),0.75,0.390625,0.3125,0.46875,0.375,Male,1,Democrat
Baseline Information,1.0,0.9375,0.5625,0.90625,1.0,Male,1,Democrat
Baseline Information,0.5,0.5,0.5,0.5,0.5,Female,2,Democrat
Baseline Information,0.8333333333333334,0.875,0.9375,0.96875,0.6607142857142857,Male,2,Democrat
Placebo control (bird feeding),0.4166666666666667,0.5196951959764134,0.375,0.5625,0.4821428571428571,Male,1,Republican
Reframing Bravery,0.6666666666666666,0.3125,0.25,0.625,0.4464285714285714,Male,2,Republican
Protect Others - Linear Cooperation,0.9166666666666666,0.65625,0.8125,0.5,0.7857142857142857,Male,1,Independent
Baseline Information,1.0,0.984375,0.9375,0.6875,0.8571428571428571,Male,1,Republican
Placebo control (bird feeding),1.0,0.953125,1.0,0.53125,0.9285714285714286,Male,3,Independent
Placebo control (bird feeding),0.9166666666666666,0.625,0.6875,0.59375,0.3928571428571428,Male,1,Democrat
Protect Others - Linear Cooperation,1.0,0.875,1.0,0.625,1.0,Female,4,Democrat
Placebo control (bird feeding),0.9166666666666666,0.75,0.8125,0.78125,0.8214285714285714,Male,2,Democrat
Protect Others - Linear Cooperation,1.0,0.890625,0.8125,0.6875,0.7857142857142857,Male,3,Republican
Reframing Bravery,0.1666666666666666,0.75,0.4375,0.0625,0.3214285714285714,Female,2,Democrat
Protect Others - Linear Cooperation,1.0,0.609375,0.625,0.46875,0.75,Male,3,Independent
Baseline Information,0.8333333333333334,0.3125,0.1875,0.53125,0.875,Male,1,Democrat
Protect Others - Linear Cooperation,0.75,0.6875,0.75,0.59375,0.6964285714285714,Female,1,Independent
Baseline Information,0.9166666666666666,0.828125,1.0,0.53125,0.6428571428571429,Male,2,Republican
Reframing Bravery,1.0,0.859375,1.0,0.53125,0.7857142857142857,Male,1,Independent
Placebo control (bird feeding),,0.5353201959764134,0.625,0.34375,0.4285714285714285,Female,1,Republican
Placebo control (bird feeding),0.8333333333333334,0.515625,0.9375,0.59375,0.5714285714285714,Female,3,Democrat
Placebo control (bird feeding),,0.421875,0.6875,0.53125,0.3928571428571428,Female,1,Republican
Protect Others - Linear Cooperation,1.0,0.9375,1.0,0.625,0.9642857142857144,Female,2,Independent
Reframing Bravery,1.0,0.9375,0.8125,0.90625,0.75,Female,1,Democrat
Reframing Bravery,1.0,0.6875,0.625,0.90625,0.6785714285714286,Female,1,Democrat
Baseline Information,1.0,0.53125,0.9375,0.84375,0.9464285714285714,Male,2,Republican
Protect Others - Linear Cooperation,1.0,0.875,0.875,0.875,0.8928571428571429,Female,2,Democrat
Placebo control (bird feeding),0.5,0.484375,0.5,0.5625,0.5,Male,1,Republican
Protect Others - Linear Cooperation,1.0,0.90625,1.0,0.78125,1.0,Male,1,Democrat
Protect Others - Linear Cooperation,0.8333333333333334,0.734375,1.0,0.5,0.5,Male,1,Democrat
Reframing Bravery,0.5,0.5509451959764134,0.625,0.4375,0.6607142857142857,Female,3,Independent
Placebo control (bird feeding),1.0,0.703125,1.0,0.90625,0.9642857142857144,Female,4,Democrat
Reframing Bravery,,0.7540701959764134,0.75,0.46875,0.2857142857142857,Female,2,Republican
Baseline Information,0.9166666666666666,0.828125,1.0,0.5,1.0,Male,3,Republican
Reframing Bravery,1.0,0.875,0.875,0.96875,1.0,Male,1,Democrat
Baseline Information,1.0,0.515625,0.4375,0.3125,0.9464285714285714,Male,1,Independent
Baseline Information,1.0,0.78125,0.625,0.46875,0.8928571428571429,Male,3,Republican
Baseline Information,1.0,0.8125,0.375,0.84375,0.9285714285714286,Male,2,Republican
Placebo control (bird feeding),1.0,1.0,1.0,0.96875,0.7857142857142857,Female,2,Republican
Baseline Information,0.75,0.7384451959764134,0.6875,0.5625,0.8928571428571429,Male,1,Democrat
Baseline Information,0.9166666666666666,0.859375,0.75,0.8125,0.9821428571428572,Male,1,Democrat
Protect Others - Linear Cooperation,1.0,0.890625,1.0,0.75,0.8214285714285714,Female,2,Democrat
Placebo control (bird feeding),,0.28125,0.3125,0.03125,0.0,Male,2,Republican
Reframing Bravery,1.0,0.875,1.0,0.53125,0.7857142857142857,Female,1,Independent
Protect Others - Linear Cooperation,1.0,0.9375,0.875,0.90625,0.6071428571428571,Female,4,Independent
Baseline Information,1.0,0.8685303942593203,1.0,0.78125,0.3928571428571428,Male,3,Republican
Placebo control (bird feeding),0.9166666666666666,1.0,1.0,0.46875,0.9285714285714286,Female,3,Democrat
Baseline Information,,0.640625,0.5625,0.40625,0.2857142857142857,Female,2,Republican
Baseline Information,,0.578125,0.4375,0.625,0.7321428571428571,Male,1,Democrat
Protect Others - Linear Cooperation,0.8333333333333334,0.640625,0.75,0.5,0.7857142857142857,Male,2,Democrat
Reframing Bravery,1.0,0.859375,1.0,0.71875,1.0,Male,3,Republican
Protect Others - Linear Cooperation,1.0,0.984375,1.0,0.875,0.9464285714285714,Female,1,Republican
Placebo control (bird feeding),0.5,0.8125,0.75,0.4375,0.5178571428571429,Female,3,Independent
Placebo control (bird feeding),1.0,0.5625,0.8125,0.46875,0.6607142857142857,Female,3,Republican
Placebo control (bird feeding),1.0,0.8125,1.0,0.375,0.0714285714285714,Male,2,Republican
Reframing Bravery,0.9166666666666666,0.8125,0.6875,0.90625,0.9285714285714286,Male,2,Independent
Protect Others - Linear Cooperation,0.75,0.640625,0.5,0.5625,0.5,Male,1,Democrat
Baseline Information,0.6666666666666666,0.5,0.625,0.5,0.6964285714285714,Male,2,Democrat
Reframing Bravery,0.9166666666666666,0.484375,0.5,0.75,0.8214285714285714,Male,1,Independent
Baseline Information,0.9166666666666666,0.578125,0.25,0.65625,0.4642857142857143,Male,1,Democrat
Baseline Information,0.9166666666666666,0.78125,0.75,0.6875,0.9107142857142856,Male,1,Democrat
Protect Others - Linear Cooperation,0.0,0.8125,1.0,0.5,0.0714285714285714,Male,2,Republican
Protect Others - Linear Cooperation,0.5833333333333334,0.546875,0.625,0.5,0.5178571428571429,Male,1,Democrat
Placebo control (bird feeding),0.5,0.5,0.5,0.5,0.5,Male,1,Democrat
Placebo control (bird feeding),0.75,0.8125,1.0,0.3125,0.4821428571428571,Female,2,Independent
Placebo control (bird feeding),0.9166666666666666,0.3321951959764134,0.5,0.375,0.4285714285714285,Male,3,Republican
Reframing Bravery,0.6666666666666666,0.625,1.0,0.46875,0.5,Female,2,Republican
Placebo control (bird feeding),1.0,0.59375,0.875,0.34375,0.9285714285714286,Female,3,Democrat
Placebo control (bird feeding),,0.5353201959764134,0.4375,0.53125,0.6607142857142857,Male,3,Republican
Reframing Bravery,1.0,0.90625,0.75,0.78125,0.8571428571428571,Male,1,Democrat
Baseline Information,1.0,0.53125,0.5,0.40625,0.5,Male,2,Democrat
Placebo control (bird feeding),0.6666666666666666,0.359375,0.3125,0.34375,0.7142857142857143,Male,4,Republican
Placebo control (bird feeding),,0.609375,0.6875,0.4375,0.3214285714285714,Male,1,Republican
Reframing Bravery,0.75,0.640625,0.625,0.59375,0.4285714285714285,Male,1,Democrat
Reframing Bravery,1.0,0.65625,0.5,0.40625,0.9642857142857144,Male,2,Republican
Placebo control (bird feeding),0.9166666666666666,0.625,0.8125,0.84375,0.8571428571428571,Male,2,Democrat
Baseline Information,0.8333333333333334,0.5,0.5,0.1875,0.5,Female,2,Republican
Placebo control (bird feeding),0.75,0.734375,0.75,0.375,0.6785714285714286,Male,1,Democrat
Protect Others - Linear Cooperation,0.75,0.34375,0.25,0.59375,0.7142857142857143,Male,2,Republican
Protect Others - Linear Cooperation,0.75,0.9375,1.0,0.15625,1.0,Female,3,Independent
Baseline Information,0.75,0.546875,0.5,0.5625,0.625,Male,1,Independent
Reframing Bravery,0.9166666666666666,0.84375,0.75,0.5,0.3035714285714285,Male,2,Independent
Placebo control (bird feeding),1.0,0.65625,1.0,0.78125,1.0,Male,2,Democrat
Placebo control (bird feeding),,0.484375,0.875,0.40625,0.2321428571428571,Female,1,Democrat
Reframing Bravery,1.0,0.65625,0.625,0.90625,0.7142857142857143,Male,1,Independent
Baseline Information,1.0,0.921875,1.0,1.0,0.2857142857142857,Female,2,Republican
Reframing Bravery,0.6666666666666666,0.6875,0.6875,0.875,0.6964285714285714,Female,1,Independent
Baseline Information,1.0,0.671875,0.625,0.6875,0.8571428571428571,Male,2,Republican
Placebo control (bird feeding),0.8333333333333334,0.65625,0.625,0.6875,0.6071428571428571,Male,2,Democrat
Protect Others - Linear Cooperation,0.9166666666666666,0.609375,0.75,0.4375,0.3392857142857143,Male,2,Republican
Baseline Information,0.9166666666666666,0.484375,0.3125,0.75,0.6785714285714286,Male,1,Democrat
Protect Others - Linear Cooperation,1.0,0.921875,0.6875,0.75,0.9642857142857144,Male,1,Republican
Placebo control (bird feeding),1.0,0.703125,0.5625,0.5625,0.5178571428571429,Female,2,Republican
Baseline Information,1.0,0.53125,0.5,0.5,0.5,Female,1,Democrat
Protect Others - Linear Cooperation,0.8333333333333334,0.640625,0.75,0.4375,0.7857142857142857,Male,1,Democrat
Baseline Information,0.8333333333333334,0.296875,0.3125,0.4375,0.8035714285714286,Male,2,Republican
Reframing Bravery,0.6666666666666666,0.78125,0.9375,0.75,0.375,Female,2,Democrat
Protect Others - Linear Cooperation,1.0,1.0,1.0,0.84375,1.0,Female,3,Republican
Baseline Information,1.0,0.796875,1.0,0.96875,0.9821428571428572,Male,2,Republican
Placebo control (bird feeding),0.5,0.53125,0.625,0.5,0.5,Male,2,Democrat
Reframing Bravery,0.5,0.515625,0.5,0.4375,0.5,Male,2,Independent
Protect Others - Linear Cooperation,1.0,0.828125,1.0,1.0,0.9285714285714286,Male,3,Republican
Reframing Bravery,0.9166666666666666,0.5040701959764134,0.4375,0.4375,0.5714285714285714,Female,2,Republican
Baseline Information,1.0,0.96875,1.0,1.0,1.0,Male,3,Republican
Placebo control (bird feeding),0.8333333333333334,0.90625,1.0,0.9375,1.0,Male,3,Democrat
Reframing Bravery,1.0,0.1875,0.0,0.5,0.9285714285714286,Female,1,Republican
Protect Others - Linear Cooperation,1.0,0.828125,1.0,0.8125,0.6071428571428571,Male,1,Republican
Reframing Bravery,0.9166666666666666,0.640625,0.6875,0.8125,0.9464285714285714,Male,1,Democrat
Reframing Bravery,0.5,0.84375,1.0,0.625,0.7857142857142857,Female,3,Democrat
Placebo control (bird feeding),0.75,0.9375,1.0,0.625,0.8571428571428571,Female,3,Democrat
Baseline Information,0.5,0.53125,0.5,0.4375,0.6428571428571429,Female,2,Democrat
Reframing Bravery,1.0,0.546875,0.6875,0.625,0.8214285714285714,Male,1,Republican
Reframing Bravery,1.0,0.90625,0.875,0.9375,0.75,Male,1,Republican
Placebo control (bird feeding),1.0,1.0,0.75,0.875,0.9285714285714286,Female,2,Democrat
Placebo control (bird feeding),0.6666666666666666,0.75,1.0,0.28125,0.3928571428571428,Female,3,Democrat
Baseline Information,1.0,0.671875,0.625,0.8125,0.7142857142857143,Female,4,Independent
Reframing Bravery,1.0,0.890625,1.0,0.75,1.0,Male,2,Republican
Placebo control (bird feeding),,0.5353201959764134,0.6875,0.46875,0.2321428571428571,Male,2,Republican
Protect Others - Linear Cooperation,0.8333333333333334,0.90625,0.75,0.9375,0.9285714285714286,Female,3,Independent
Reframing Bravery,,0.625,0.5,0.28125,0.2678571428571428,Male,1,Democrat
Baseline Information,1.0,0.84375,1.0,0.9375,1.0,Male,1,Democrat
Reframing Bravery,1.0,0.84375,0.875,0.8125,0.75,Male,3,Republican
Reframing Bravery,0.4166666666666667,0.7071951959764134,0.5625,0.53125,1.0,Male,1,Republican
Protect Others - Linear Cooperation,0.75,0.703125,0.5625,0.53125,0.5357142857142857,Male,1,Democrat
Protect Others - Linear Cooperation,,0.625,0.875,0.3125,0.0,Female,1,Republican
Placebo control (bird feeding),,0.6603201959764134,0.75,0.5625,0.4642857142857143,Male,1,Democrat
Protect Others - Linear Cooperation,0.9166666666666666,0.734375,1.0,0.75,0.8928571428571429,Male,1,Independent
Baseline Information,0.75,0.5,0.625,0.6875,0.9107142857142856,Male,1,Democrat
Protect Others - Linear Cooperation,0.8333333333333334,0.765625,0.8125,0.8125,0.6964285714285714,Male,2,Independent
Reframing Bravery,0.5833333333333334,0.375,0.25,0.53125,0.5535714285714286,Female,3,Democrat
Baseline Information,0.5,0.734375,0.75,0.40625,0.875,Female,3,Democrat
Baseline Information,,0.296875,0.5625,0.03125,0.1964285714285714,Male,1,Republican
Protect Others - Linear Cooperation,,0.359375,0.25,0.125,0.2857142857142857,Male,1,Republican
Reframing Bravery,,0.6759451959764134,0.4375,0.59375,0.2857142857142857,Male,1,Democrat
Placebo control (bird feeding),,0.484375,0.4375,0.53125,0.5535714285714286,Male,1,Republican
Reframing Bravery,0.6666666666666666,0.53125,0.625,0.625,0.8392857142857143,Female,2,Independent
Reframing Bravery,0.6666666666666666,0.53125,0.25,0.625,0.9285714285714286,Female,2,Democrat
Protect Others - Linear Cooperation,1.0,1.0,0.625,0.5625,0.9464285714285714,Female,3,Independent
Protect Others - Linear Cooperation,0.9166666666666666,0.203125,0.125,0.46875,0.8928571428571429,Female,2,Republican
Baseline Information,0.9166666666666666,0.34375,0.4375,0.40625,0.6071428571428571,Female,2,Republican
Placebo control (bird feeding),0.9166666666666666,0.6875,0.6875,0.65625,0.8214285714285714,Male,1,Democrat
Baseline Information,0.9166666666666666,0.875,1.0,0.53125,0.8571428571428571,Male,2,Democrat
Baseline Information,0.75,0.296875,0.0625,0.46875,0.625,Female,2,Republican
Reframing Bravery,,0.4259451959764134,0.25,0.0,0.3035714285714285,Male,1,Democrat
Placebo control (bird feeding),1.0,0.875,0.75,0.71875,1.0,Male,3,Republican
Protect Others - Linear Cooperation,0.9166666666666666,0.6134451959764134,0.9375,0.84375,0.9821428571428572,Male,2,Democrat
Protect Others - Linear Cooperation,0.0,0.421875,0.25,0.0,0.5892857142857143,Female,1,Democrat
Placebo control (bird feeding),1.0,0.609375,0.625,0.84375,0.6071428571428571,Male,1,Republican
Reframing Bravery,0.8333333333333334,0.734375,0.8125,0.71875,0.8214285714285714,Female,2,Democrat
Protect Others - Linear Cooperation,0.75,0.890625,0.875,0.375,0.6607142857142857,Female,1,Democrat
Baseline Information,0.9166666666666666,0.609375,0.5,0.8125,0.7857142857142857,Male,1,Republican
Reframing Bravery,1.0,0.65625,0.9375,0.375,0.75,Female,3,Republican
Protect Others - Linear Cooperation,1.0,0.1875,0.0,0.5,0.9285714285714286,Female,2,Republican
Placebo control (bird feeding),1.0,0.609375,0.375,0.875,0.8571428571428571,Male,3,Independent
Protect Others - Linear Cooperation,0.9166666666666666,0.90625,0.8125,0.8125,0.6428571428571429,Female,3,Democrat
Baseline Information,1.0,0.828125,0.9375,0.8125,0.9642857142857144,Male,1,Democrat
Reframing Bravery,0.6666666666666666,0.625,0.625,0.625,0.9642857142857144,Female,1,Democrat
Baseline Information,1.0,0.75,0.625,0.8125,0.9107142857142856,Female,1,Democrat
Protect Others - Linear Cooperation,0.5,0.5,0.5,0.5,0.5,Female,3,Independent
Placebo control (bird feeding),,0.625,0.625,0.34375,0.5178571428571429,Female,3,Democrat
Protect Others - Linear Cooperation,0.8333333333333334,0.8125,0.875,0.71875,0.7857142857142857,Female,2,Democrat
Protect Others - Linear Cooperation,,0.9375,1.0,0.3125,0.3392857142857143,Female,2,Republican
Reframing Bravery,,0.546875,0.625,0.46875,0.5892857142857143,Female,1,Democrat
Protect Others - Linear Cooperation,1.0,0.640625,0.625,0.875,0.5714285714285714,Male,1,Republican
Placebo control (bird feeding),1.0,0.65625,0.9375,0.96875,1.0,Male,1,Democrat
Protect Others - Linear Cooperation,,0.640625,0.75,0.46875,0.3214285714285714,Male,2,Republican
Protect Others - Linear Cooperation,0.5833333333333334,0.6290701959764134,0.625,0.625,0.4821428571428571,Female,1,Republican
Reframing Bravery,1.0,1.0,1.0,0.90625,0.9821428571428572,Male,3,Republican
Placebo control (bird feeding),1.0,0.875,1.0,0.875,0.7142857142857143,Male,2,Republican
Protect Others - Linear Cooperation,0.9166666666666666,0.671875,0.9375,0.75,0.9107142857142856,Female,2,Democrat
Protect Others - Linear Cooperation,1.0,0.859375,0.75,0.9375,0.7857142857142857,Male,3,Republican
Baseline Information,0.75,0.59375,0.75,0.5625,0.8928571428571429,Male,1,Democrat
Baseline Information,1.0,0.984375,1.0,0.90625,0.9821428571428572,Female,2,Democrat
Reframing Bravery,0.8333333333333334,0.859375,0.8125,0.46875,0.6071428571428571,Female,2,Democrat
Reframing Bravery,1.0,0.84375,1.0,0.9375,0.6785714285714286,Female,2,Independent
Placebo control (bird feeding),0.9166666666666666,0.78125,0.9375,0.5625,0.8214285714285714,Male,2,Republican
Reframing Bravery,1.0,0.65625,0.9375,0.96875,0.7857142857142857,Female,2,Independent
Reframing Bravery,1.0,0.75,0.5625,0.75,1.0,Male,1,Republican
Placebo control (bird feeding),,0.484375,0.625,0.21875,0.3928571428571428,Female,2,Democrat
Protect Others - Linear Cooperation,1.0,0.953125,1.0,1.0,1.0,Male,3,Independent
Reframing Bravery,,0.625,0.75,0.4375,0.4285714285714285,Male,1,Democrat
Baseline Information,0.6666666666666666,0.8125,0.8125,0.5,0.7321428571428571,Female,3,Independent
Protect Others - Linear Cooperation,0.5,0.375,0.5,0.0625,0.1785714285714285,Female,1,Republican
Baseline Information,0.6666666666666666,0.625,0.4375,0.28125,0.1785714285714285,Male,3,Democrat
Placebo control (bird feeding),0.5833333333333334,0.46875,0.5,0.5,0.5,Female,1,Democrat
Protect Others - Linear Cooperation,0.5,0.546875,0.625,0.375,0.3928571428571428,Female,2,Republican
Protect Others - Linear Cooperation,,0.5,0.25,0.28125,0.5714285714285714,Male,1,Republican
Baseline Information,0.5,0.578125,0.75,0.40625,0.3571428571428571,Male,1,Republican
Protect Others - Linear Cooperation,,0.453125,0.6875,0.28125,0.5,Female,1,Democrat
Baseline Information,,0.203125,0.25,0.25,0.0892857142857142,Male,1,Democrat
Reframing Bravery,0.5,0.5,0.5,0.5,0.5,Female,2,Democrat
Reframing Bravery,,0.2228201959764134,0.3125,0.375,0.1071428571428571,Male,1,Democrat
Baseline Information,1.0,0.90625,0.875,0.9375,0.8928571428571429,Male,1,Republican
Placebo control (bird feeding),1.0,0.9375,1.0,0.875,0.7142857142857143,Male,3,Independent
Baseline Information,,0.796875,0.75,0.8125,0.8035714285714286,Male,3,Democrat
Reframing Bravery,0.8333333333333334,0.546875,0.75,0.5625,0.5,Male,1,Democrat
Protect Others - Linear Cooperation,0.6666666666666666,0.421875,0.4375,0.4375,0.6428571428571429,Female,2,Democrat
Reframing Bravery,,0.796875,0.75,0.71875,0.5892857142857143,Male,1,Republican
Placebo control (bird feeding),0.5833333333333334,0.90625,1.0,0.65625,0.6964285714285714,Male,1,Independent
Placebo control (bird feeding),,0.3634451959764134,0.0625,0.4375,0.5714285714285714,Male,1,Republican
Placebo control (bird feeding),1.0,0.421875,0.125,0.5,0.8392857142857143,Female,2,Democrat
Protect Others - Linear Cooperation,1.0,0.890625,0.9375,1.0,0.9285714285714286,Male,1,Republican
Reframing Bravery,,0.90625,1.0,0.78125,0.9642857142857144,Male,3,Independent
Baseline Information,,0.9375,0.75,0.78125,0.9285714285714286,Female,1,Republican
Placebo control (bird feeding),0.0,0.453125,0.5,0.0625,0.0178571428571428,Female,3,Republican
Baseline Information,0.6666666666666666,0.5,0.375,0.5625,0.9285714285714286,Male,2,Republican
Reframing Bravery,1.0,0.71875,0.8125,0.5,1.0,Male,2,Independent
Protect Others - Linear Cooperation,,0.828125,0.75,0.375,0.7857142857142857,Female,2,Democrat
Protect Others - Linear Cooperation,0.8333333333333334,0.5625,0.6875,0.25,0.6428571428571429,Male,3,Republican
Protect Others - Linear Cooperation,0.5833333333333334,0.640625,1.0,0.40625,0.4642857142857143,Female,1,Democrat
Reframing Bravery,,0.515625,0.5625,0.5,0.3571428571428571,Female,1,Democrat
Placebo control (bird feeding),0.75,0.625,0.5625,0.25,0.4642857142857143,Male,1,Democrat
Reframing Bravery,1.0,0.859375,1.0,0.78125,0.9285714285714286,Female,2,Republican
Baseline Information,,0.640625,0.625,0.46875,0.3392857142857143,Male,1,Democrat
Baseline Information,1.0,0.921875,1.0,1.0,1.0,Male,1,Republican
Placebo control (bird feeding),1.0,0.875,1.0,0.1875,1.0,Male,3,Democrat
Protect Others - Linear Cooperation,1.0,0.9375,0.875,0.96875,0.9107142857142856,Male,2,Democrat
Reframing Bravery,0.75,0.609375,0.625,0.65625,0.5,Male,1,Democrat
Baseline Information,0.8333333333333334,0.890625,0.875,0.75,1.0,Male,3,Democrat
Protect Others - Linear Cooperation,,0.7071951959764134,0.4375,0.59375,0.5714285714285714,Male,2,Democrat
Baseline Information,,0.6915701959764134,0.75,0.5,0.2857142857142857,Female,1,Independent
Placebo control (bird feeding),0.0,0.8125,1.0,0.375,0.5714285714285714,Female,3,Democrat
Baseline Information,,0.59375,0.75,0.46875,0.4464285714285714,Male,1,Democrat
Protect Others - Linear Cooperation,,0.78125,0.625,0.25,0.4107142857142857,Female,3,Democrat
Placebo control (bird feeding),0.5,0.5,0.5,0.5,0.5,Male,1,Republican
Reframing Bravery,1.0,1.0,1.0,1.0,1.0,Female,2,Democrat
Protect Others - Linear Cooperation,0.8333333333333334,0.78125,0.8125,0.53125,0.2678571428571428,Male,2,Republican
Baseline Information,0.0,0.5,0.875,0.4375,0.4464285714285714,Female,2,Independent
Reframing Bravery,1.0,0.890625,1.0,0.40625,0.6428571428571429,Male,3,Democrat
Placebo control (bird feeding),0.0,0.109375,0.0,0.25,0.9285714285714286,Male,2,Republican
Reframing Bravery,1.0,0.640625,0.375,0.90625,0.9821428571428572,Male,2,Republican
Placebo control (bird feeding),0.9166666666666666,0.46875,0.375,0.40625,1.0,Male,2,Republican
Baseline Information,,0.640625,0.625,0.375,0.3214285714285714,Female,1,Democrat
Placebo control (bird feeding),1.0,0.75,0.625,0.5625,0.6071428571428571,Male,2,Republican
Reframing Bravery,1.0,0.9375,0.6875,0.8125,0.9642857142857144,Male,1,Independent
Placebo control (bird feeding),0.8333333333333334,0.8125,0.9375,0.53125,0.9821428571428572,Male,3,Independent
Baseline Information,0.6666666666666666,0.71875,0.9375,0.625,0.6071428571428571,Female,3,Independent
Reframing Bravery,1.0,0.84375,0.75,0.59375,0.1785714285714285,Male,2,Democrat
Placebo control (bird feeding),0.3333333333333333,0.71875,0.8125,0.53125,0.7142857142857143,Female,1,Republican
Placebo control (bird feeding),0.5,0.5,0.5,0.5,0.5,Male,1,Democrat
Baseline Information,1.0,0.578125,0.9375,0.40625,0.5714285714285714,Male,2,Independent
Reframing Bravery,,0.3009451959764134,0.125,0.53125,0.75,Male,1,Democrat
Protect Others - Linear Cooperation,1.0,1.0,1.0,0.78125,0.9285714285714286,Female,2,Republican
Reframing Bravery,0.75,0.75,0.75,0.75,0.4285714285714285,Female,2,Democrat
Baseline Information,0.8333333333333334,0.453125,0.5,0.6875,0.8571428571428571,Female,1,Democrat
Baseline Information,1.0,0.84375,0.5,0.875,1.0,Male,2,Independent
Placebo control (bird feeding),0.5,0.5,0.5,0.5,0.5,Male,2,Independent
Baseline Information,0.8333333333333334,0.765625,0.875,0.5,0.6964285714285714,Male,2,Independent
Protect Others - Linear Cooperation,1.0,0.9375,0.6875,0.9375,0.6428571428571429,Male,2,Democrat
Reframing Bravery,,0.5902415081892631,,0.53125,0.4285714285714285,Female,2,Democrat
Baseline Information,0.8333333333333334,0.4415701959764134,0.5625,0.40625,1.0,Male,1,Republican
Reframing Bravery,0.75,0.453125,0.4375,0.90625,0.7321428571428571,Female,3,Republican
Placebo control (bird feeding),1.0,0.796875,0.9375,0.75,0.7857142857142857,Male,2,Republican
Reframing Bravery,0.5,0.5,0.5,0.6875,0.5,Male,2,Democrat
Baseline Information,0.6666666666666666,0.9375,1.0,0.75,0.5714285714285714,Female,2,Democrat
Placebo control (bird feeding),,0.5509451959764134,0.5,0.53125,0.4642857142857143,Male,2,Republican
Reframing Bravery,0.9166666666666666,0.640625,0.625,0.75,0.6071428571428571,Male,1,Republican
Baseline Information,0.8333333333333334,0.5625,0.3125,0.46875,0.5714285714285714,Male,2,Republican
Protect Others - Linear Cooperation,0.5,0.5,0.5,0.5,0.5,Female,3,Independent
Baseline Information,0.5,0.46875,0.375,0.375,0.625,Male,2,Independent
Placebo control (bird feeding),0.75,0.640625,0.5,0.625,0.6428571428571429,Male,1,Democrat
Protect Others - Linear Cooperation,0.0,0.6603201959764134,0.625,0.4375,0.1964285714285714,Male,1,Independent
Protect Others - Linear Cooperation,1.0,0.890625,1.0,0.875,0.8571428571428571,Male,1,Democrat
Placebo control (bird feeding),,,,,,Male,2,Democrat
Protect Others - Linear Cooperation,1.0,0.53125,0.625,0.34375,0.5,Male,2,Democrat
Reframing Bravery,0.6666666666666666,0.6875,0.25,0.59375,0.75,Female,2,Democrat
Placebo control (bird feeding),,0.4259451959764134,0.25,0.15625,0.3571428571428571,Male,1,Republican
Baseline Information,,0.484375,0.625,0.5625,0.5,Female,2,Republican
Baseline Information,1.0,0.71875,0.625,0.625,,Male,2,Democrat
Placebo control (bird feeding),,0.65625,0.375,0.28125,0.75,Male,1,Republican
Protect Others - Linear Cooperation,0.5,0.5,0.5,0.4375,0.5,Male,1,Democrat
Placebo control (bird feeding),0.75,0.515625,0.4375,0.53125,0.5178571428571429,Female,3,Democrat
Baseline Information,,0.6875,1.0,0.21875,0.4285714285714285,Female,2,Democrat
Reframing Bravery,0.8333333333333334,0.390625,0.4375,0.46875,0.75,Male,1,Democrat
Reframing Bravery,1.0,0.921875,0.8125,0.8125,0.8214285714285714,Male,1,Republican
Placebo control (bird feeding),0.8333333333333334,0.625,0.875,0.75,0.7321428571428571,Male,1,Republican
Reframing Bravery,1.0,0.640625,0.625,0.90625,0.9642857142857144,Female,2,Independent
Protect Others - Linear Cooperation,0.6666666666666666,0.71875,0.625,0.09375,0.4642857142857143,Male,1,Democrat
Baseline Information,0.9166666666666666,0.671875,0.875,0.84375,0.8928571428571429,Male,1,Independent
Reframing Bravery,0.0,0.34375,0.4375,0.21875,0.0,Female,2,Republican
Baseline Information,,0.9375,1.0,0.46875,0.1428571428571428,Female,1,Democrat
Placebo control (bird feeding),1.0,0.734375,0.375,0.84375,0.7142857142857143,Male,3,Republican
Protect Others - Linear Cooperation,,0.515625,0.5,0.34375,0.5,Male,2,Democrat
Protect Others - Linear Cooperation,0.6666666666666666,0.96875,1.0,0.5625,0.5357142857142857,Female,2,Democrat
Protect Others - Linear Cooperation,1.0,0.640625,0.75,0.34375,0.6785714285714286,Male,1,Democrat
Reframing Bravery,0.75,0.5625,0.5,0.5625,0.5892857142857143,Female,2,Democrat
Placebo control (bird feeding),0.0,0.578125,1.0,0.65625,0.9285714285714286,Male,2,Republican
Protect Others - Linear Cooperation,0.8333333333333334,0.6875,1.0,0.4375,0.75,Female,1,Republican
Baseline Information,1.0,0.875,0.8125,0.9375,1.0,Male,1,Republican
Protect Others - Linear Cooperation,1.0,0.875,1.0,0.96875,1.0,Female,2,Republican
Placebo control (bird feeding),1.0,0.96875,0.9375,0.96875,0.7857142857142857,Female,1,Republican
Protect Others - Linear Cooperation,1.0,0.375,0.375,0.59375,0.3571428571428571,Female,1,Democrat
Reframing Bravery,0.8333333333333334,0.828125,0.875,0.40625,0.8571428571428571,Female,2,Democrat
Reframing Bravery,0.6666666666666666,0.59375,1.0,0.65625,1.0,Male,1,Republican
Reframing Bravery,1.0,0.6875,0.5625,0.90625,0.8392857142857143,Female,3,Republican
Baseline Information,0.5833333333333334,0.3790701959764134,0.375,0.5625,0.7142857142857143,Female,1,Republican
Placebo control (bird feeding),,0.484375,0.4375,0.53125,0.4821428571428571,Female,2,Republican
Protect Others - Linear Cooperation,1.0,0.859375,0.75,0.875,0.9642857142857144,Male,1,Independent
Baseline Information,0.75,0.671875,1.0,0.625,0.9285714285714286,Female,2,Independent
Protect Others - Linear Cooperation,1.0,0.84375,1.0,1.0,1.0,Female,4,Republican
Baseline Information,,0.59375,0.75,0.5625,0.25,Female,2,Republican
Placebo control (bird feeding),0.5,0.53125,0.4375,0.40625,0.4642857142857143,Female,2,Independent
Protect Others - Linear Cooperation,0.5,0.53125,0.5,0.40625,0.5,Female,1,Democrat
Baseline Information,,0.65625,0.25,0.34375,0.5,Female,2,Republican
Reframing Bravery,1.0,0.921875,1.0,0.875,1.0,Female,3,Republican
Protect Others - Linear Cooperation,0.6666666666666666,0.671875,0.8125,0.625,0.3928571428571428,Female,1,Republican
Placebo control (bird feeding),,0.453125,0.5,0.71875,0.5357142857142857,Male,2,Independent
Baseline Information,,0.34375,0.0,0.125,0.3035714285714285,Male,3,Republican
Reframing Bravery,,0.59375,0.25,0.3125,0.3571428571428571,Female,1,Democrat
Reframing Bravery,0.75,0.46875,0.5,0.40625,0.6964285714285714,Female,2,Democrat
Protect Others - Linear Cooperation,1.0,0.609375,0.5625,0.75,0.8392857142857143,Male,5,Democrat
Reframing Bravery,1.0,0.8125,1.0,0.4375,0.8214285714285714,Female,4,Republican
Reframing Bravery,1.0,0.78125,0.875,0.5,1.0,Female,4,Republican
Placebo control (bird feeding),0.5833333333333334,0.4728201959764134,0.4375,0.375,0.6071428571428571,Female,2,Republican
Placebo control (bird feeding),1.0,0.921875,1.0,1.0,1.0,Female,2,Republican
Baseline Information,1.0,0.8125,0.9375,0.75,0.9107142857142856,Female,5,Republican
Placebo control (bird feeding),1.0,0.75,0.875,0.25,0.8035714285714286,Male,3,Republican
Protect Others - Linear Cooperation,1.0,0.921875,1.0,0.90625,0.75,Female,2,Republican
Placebo control (bird feeding),1.0,0.875,1.0,0.75,1.0,Female,4,Democrat
Reframing Bravery,1.0,0.625,0.125,0.78125,1.0,Male,5,Republican
Protect Others - Linear Cooperation,1.0,0.84375,0.5625,0.84375,0.9821428571428572,Female,5,Republican
Protect Others - Linear Cooperation,1.0,0.890625,1.0,0.9375,0.75,Female,4,Democrat
Placebo control (bird feeding),1.0,0.890625,1.0,0.84375,0.8392857142857143,Male,1,Republican
Baseline Information,1.0,0.921875,0.4375,0.84375,0.9285714285714286,Female,4,Republican
Protect Others - Linear Cooperation,1.0,0.921875,1.0,0.625,1.0,Female,4,Republican
Reframing Bravery,1.0,0.890625,1.0,0.65625,1.0,Female,3,Democrat
Baseline Information,1.0,0.828125,0.9375,0.8125,0.8214285714285714,Male,5,Republican
Placebo control (bird feeding),0.0,0.171875,0.0,0.0,0.1785714285714285,Male,1,Independent
Reframing Bravery,1.0,0.84375,0.75,0.59375,0.9285714285714286,Female,3,Republican
Placebo control (bird feeding),0.75,0.546875,0.875,0.34375,0.1428571428571428,Female,1,Republican
Reframing Bravery,,0.890625,1.0,0.75,0.9107142857142856,Female,1,Republican
Protect Others - Linear Cooperation,0.1666666666666666,0.859375,1.0,0.09375,0.3035714285714285,Female,2,Democrat
Placebo control (bird feeding),,0.5821951959764134,0.625,0.4375,0.5714285714285714,Female,2,Republican
Reframing Bravery,0.8333333333333334,0.703125,0.625,0.5625,0.7857142857142857,Female,4,Independent
Placebo control (bird feeding),1.0,0.90625,1.0,0.625,0.8928571428571429,Female,2,Republican
Protect Others - Linear Cooperation,0.8333333333333334,0.75,0.625,0.15625,0.5892857142857143,Male,1,Independent
Protect Others - Linear Cooperation,0.5833333333333334,0.828125,1.0,0.34375,0.5714285714285714,Female,2,Democrat
Reframing Bravery,0.6666666666666666,0.5760011134938964,0.375,0.4169641383294816,,Female,2,Republican
Reframing Bravery,0.9166666666666666,0.953125,1.0,0.875,0.7857142857142857,Female,2,Democrat
Reframing Bravery,1.0,0.9375,1.0,1.0,1.0,Female,1,Independent
Baseline Information,0.6666666666666666,0.515625,0.5,0.8125,0.75,Female,2,Republican
Baseline Information,0.75,0.609375,0.5625,0.6875,0.5892857142857143,Female,2,Democrat
Placebo control (bird feeding),0.9166666666666666,0.875,0.75,0.84375,0.8571428571428571,Female,1,Republican
Baseline Information,0.9166666666666666,0.546875,0.5,0.71875,0.6785714285714286,Male,1,Democrat
Baseline Information,1.0,0.84375,0.75,0.9375,0.9285714285714286,Female,1,Democrat
Placebo control (bird feeding),1.0,0.859375,1.0,0.71875,1.0,Female,1,Republican
Reframing Bravery,1.0,0.765625,0.75,0.6875,0.3214285714285714,Female,2,Democrat
Baseline Information,0.8333333333333334,0.3125,0.1875,0.5,0.8214285714285714,Male,1,Independent
Protect Others - Linear Cooperation,,0.6875,0.4375,0.625,0.5714285714285714,Female,1,Democrat
Protect Others - Linear Cooperation,0.8333333333333334,0.6875,0.75,0.4375,0.8392857142857143,Female,2,Independent
Baseline Information,1.0,0.453125,0.4375,0.53125,0.625,Female,3,Democrat
Baseline Information,0.8333333333333334,0.8125,0.5,0.65625,0.8571428571428571,Female,2,Independent
Placebo control (bird feeding),0.3333333333333333,0.40625,0.5,0.5,0.4285714285714285,Female,1,Democrat
Reframing Bravery,0.1666666666666666,0.21875,0.625,0.125,0.2142857142857142,Female,1,Republican
Reframing Bravery,0.6666666666666666,0.28125,0.3125,0.5,0.7857142857142857,Female,2,Republican
Protect Others - Linear Cooperation,1.0,0.875,1.0,0.5625,1.0,Female,2,Republican
Baseline Information,0.1666666666666666,0.46875,0.1875,0.0625,0.3571428571428571,Female,3,Republican
Protect Others - Linear Cooperation,0.8333333333333334,0.75,1.0,0.4375,1.0,Female,2,Democrat
Reframing Bravery,1.0,0.84375,1.0,0.8125,0.5535714285714286,Female,2,Democrat
Placebo control (bird feeding),0.75,0.65625,0.75,0.5,0.5,Female,1,Democrat
Baseline Information,0.0,0.484375,0.25,0.3125,0.6428571428571429,Female,3,Democrat
Protect Others - Linear Cooperation,,0.4728201959764134,0.3125,0.46875,0.5714285714285714,Female,2,Democrat
Baseline Information,,0.3165701959764134,0.25,0.09375,0.375,Female,1,Republican
Placebo control (bird feeding),,0.484375,0.5625,0.53125,0.5,Female,1,Democrat
Placebo control (bird feeding),1.0,0.90625,0.6875,0.8125,1.0,Male,1,Independent
Protect Others - Linear Cooperation,,,,,,Female,1,Republican
Placebo control (bird feeding),1.0,0.90625,0.9375,0.59375,0.9821428571428572,Female,1,Democrat
Baseline Information,1.0,0.859375,0.8125,0.9375,1.0,Male,1,Republican
Reframing Bravery,,,,,,Female,1,Republican
Placebo control (bird feeding),,0.5196951959764134,0.4375,0.25,0.5357142857142857,Female,1,Democrat
Baseline Information,,0.578125,0.5,0.5,0.5357142857142857,Female,2,Independent
Protect Others - Linear Cooperation,0.6666666666666666,0.640625,0.9375,0.65625,0.7857142857142857,Female,3,Independent
Baseline Information,0.8333333333333334,0.3165701959764134,0.1875,0.5,0.8214285714285714,Female,2,Republican
Placebo control (bird feeding),0.6666666666666666,0.78125,1.0,0.8125,0.6428571428571429,Female,2,Democrat
Protect Others - Linear Cooperation,1.0,0.8125,0.875,1.0,0.9464285714285714,Female,2,Republican
Placebo control (bird feeding),0.9166666666666666,0.90625,0.6875,0.9375,0.7321428571428571,Male,1,Republican
Protect Others - Linear Cooperation,0.0,0.546875,0.3125,0.71875,0.75,Female,2,Republican
Reframing Bravery,1.0,0.828125,0.75,0.625,0.625,Female,2,Republican
Placebo control (bird feeding),0.8333333333333334,0.90625,0.5625,0.75,1.0,Female,2,Democrat
Reframing Bravery,1.0,0.734375,1.0,1.0,1.0,Male,1,Republican
Protect Others - Linear Cooperation,0.8333333333333334,0.6875,0.9375,0.6875,0.7857142857142857,Female,2,Democrat
Reframing Bravery,0.6666666666666666,0.421875,0.0625,0.375,0.6785714285714286,Female,2,Republican
Baseline Information,1.0,0.890625,0.875,0.78125,1.0,Female,5,Republican
Protect Others - Linear Cooperation,0.9166666666666666,0.734375,1.0,0.65625,0.8928571428571429,Female,2,Democrat
Placebo control (bird feeding),,0.84375,0.9375,0.9375,1.0,Female,2,Republican
Protect Others - Linear Cooperation,,,,,,Female,1,Republican
Reframing Bravery,1.0,0.796875,0.875,0.8125,1.0,Female,2,Republican
Baseline Information,1.0,0.890625,1.0,0.875,1.0,Male,1,Republican
Baseline Information,1.0,0.703125,0.875,0.75,1.0,Female,1,Republican
Placebo control (bird feeding),0.8333333333333334,0.78125,0.875,0.5625,0.4464285714285714,Female,2,Democrat
Placebo control (bird feeding),,,,,,Female,1,Republican
Reframing Bravery,,,,,,Female,1,Republican
Protect Others - Linear Cooperation,1.0,0.953125,1.0,0.78125,1.0,Female,2,Democrat
Placebo control (bird feeding),1.0,0.71875,0.75,0.5,0.375,Female,2,Republican
Protect Others - Linear Cooperation,1.0,0.734375,0.6875,0.71875,0.7857142857142857,Male,1,Democrat
Reframing Bravery,0.5,0.5,0.5,0.5,0.5,Female,1,Republican
Protect Others - Linear Cooperation,0.5,0.5,0.5,0.5,0.5,Female,2,Republican
Placebo control (bird feeding),1.0,0.984375,1.0,0.40625,0.9642857142857144,Female,1,Independent
Baseline Information,1.0,0.25,0.25,0.5625,0.2857142857142857,Female,2,Democrat
Reframing Bravery,1.0,0.859375,0.8125,0.59375,0.6071428571428571,Female,2,Republican
Protect Others - Linear Cooperation,0.9166666666666666,0.6875,0.6875,0.84375,0.7857142857142857,Male,1,Democrat
Reframing Bravery,1.0,0.96875,0.9375,0.71875,0.6964285714285714,Female,2,Republican
Protect Others - Linear Cooperation,0.75,0.734375,0.875,0.71875,0.6964285714285714,Male,1,Republican
Reframing Bravery,0.5833333333333334,0.53125,0.404915058551872,0.53125,0.6428571428571429,Female,2,Democrat
Baseline Information,0.9166666666666666,0.875,1.0,0.8125,0.8928571428571429,Female,2,Republican
Placebo control (bird feeding),1.0,0.65625,1.0,0.90625,0.9821428571428572,Male,1,Democrat
Baseline Information,1.0,0.734375,0.9375,0.9375,0.8571428571428571,Female,3,Republican
Placebo control (bird feeding),0.75,0.609375,0.4375,0.46875,0.5,Female,2,Democrat
Protect Others - Linear Cooperation,,0.609375,0.8125,0.46875,0.5357142857142857,Male,1,Democrat
Placebo control (bird feeding),0.75,0.59375,0.5625,0.65625,0.3214285714285714,Female,2,Republican
Protect Others - Linear Cooperation,1.0,0.890625,1.0,0.9375,1.0,Male,1,Democrat
Reframing Bravery,0.5,0.5,0.5,0.5625,0.5,Female,2,Independent
Protect Others - Linear Cooperation,,0.7853201959764134,0.25,0.25,0.1071428571428571,Female,2,Republican
Baseline Information,0.9166666666666666,0.859375,1.0,0.375,0.5714285714285714,Female,2,Republican
Baseline Information,1.0,0.9375,1.0,0.8125,0.9107142857142856,Female,2,Democrat
Placebo control (bird feeding),0.5,0.59375,0.5625,0.71875,0.5892857142857143,Male,1,Independent
Reframing Bravery,,0.3634451959764134,0.25,0.40625,0.7321428571428571,Female,4,Republican
Protect Others - Linear Cooperation,,0.4103201959764134,0.375,0.375,0.6428571428571429,Female,2,Republican
Baseline Information,0.0,0.5509451959764134,0.5625,0.78125,0.4464285714285714,Male,1,Republican
Reframing Bravery,,0.6290701959764134,0.75,0.25,0.3571428571428571,Female,1,Republican
Placebo control (bird feeding),1.0,0.921875,1.0,0.9375,1.0,Female,2,Democrat
Placebo control (bird feeding),0.5,0.375,0.5,0.375,0.0357142857142857,Female,2,Democrat
Protect Others - Linear Cooperation,,0.59375,0.5,0.5625,0.5178571428571429,Female,3,Republican
Reframing Bravery,0.0,0.59375,0.25,0.25,0.0535714285714285,Female,2,Democrat
Protect Others - Linear Cooperation,,0.8125,0.6875,0.1875,0.3214285714285714,Female,2,Democrat
Reframing Bravery,0.5,0.5,0.5,0.5,0.5,Female,2,Republican
Baseline Information,1.0,0.984375,1.0,0.75,0.7142857142857143,Female,3,Independent
Protect Others - Linear Cooperation,0.8333333333333334,0.59375,0.25,0.4375,0.4285714285714285,Female,3,Republican
Placebo control (bird feeding),1.0,0.828125,1.0,0.78125,0.6785714285714286,Female,3,Republican
Placebo control (bird feeding),,0.3634451959764134,0.375,0.40625,0.4107142857142857,Female,2,Republican
Placebo control (bird feeding),1.0,0.921875,1.0,0.9375,0.7321428571428571,Female,2,Republican
Protect Others - Linear Cooperation,1.0,0.59375,0.625,0.5,0.6964285714285714,Male,1,Democrat
Baseline Information,1.0,0.671875,0.5625,0.78125,0.9285714285714286,Female,2,Independent
Baseline Information,0.0,0.765625,0.75,0.8125,1.0,Male,1,Republican
Baseline Information,0.9166666666666666,0.8125,0.6875,0.65625,0.4642857142857143,Male,1,Democrat
Baseline Information,1.0,0.703125,0.75,0.59375,0.8571428571428571,Male,1,Republican
Reframing Bravery,0.9166666666666666,0.71875,0.875,0.59375,0.7142857142857143,Female,2,Democrat
Reframing Bravery,1.0,0.9375,0.75,0.9375,1.0,Female,3,Republican
Reframing Bravery,0.8333333333333334,0.7486251099633598,0.75,0.46875,0.6071428571428571,Female,3,Democrat
Baseline Information,1.0,0.78125,0.75,0.84375,0.5714285714285714,Male,4,Republican
Reframing Bravery,1.0,0.90625,0.8125,0.84375,0.9285714285714286,Male,3,Democrat
Reframing Bravery,0.9166666666666666,0.90625,0.9375,1.0,0.8214285714285714,Male,2,Independent
Placebo control (bird feeding),1.0,1.0,1.0,1.0,0.7142857142857143,Male,3,Republican
Reframing Bravery,,0.640625,0.8125,0.3125,0.5357142857142857,Male,2,Independent
Protect Others - Linear Cooperation,,0.453125,0.375,0.34375,0.9464285714285714,Male,5,Republican
Placebo control (bird feeding),,0.6875,0.8125,0.59375,0.6964285714285714,Male,1,Independent
Placebo control (bird feeding),1.0,0.875,1.0,0.78125,1.0,Female,4,Democrat
Placebo control (bird feeding),1.0,0.796875,0.8125,0.84375,0.7857142857142857,Male,5,Republican
Baseline Information,0.75,0.828125,0.875,0.5625,0.75,Male,3,Democrat
Protect Others - Linear Cooperation,1.0,0.78125,0.75,0.53125,0.9642857142857144,Male,4,Republican
Placebo control (bird feeding),1.0,0.890625,0.875,0.59375,0.6785714285714286,Female,5,Democrat
Placebo control (bird feeding),0.75,0.609375,0.6875,0.875,0.5178571428571429,Male,3,Republican
Baseline Information,1.0,0.875,1.0,0.5625,0.9464285714285714,Male,5,Republican
Protect Others - Linear Cooperation,1.0,0.9375,1.0,0.75,0.9642857142857144,Female,5,Democrat
Placebo control (bird feeding),0.6666666666666666,0.609375,0.75,0.5,0.3571428571428571,Male,4,Democrat
Baseline Information,0.3333333333333333,0.6290701959764134,0.75,0.125,0.5714285714285714,Female,5,Republican
Placebo control (bird feeding),1.0,0.9375,1.0,0.75,0.8571428571428571,Female,5,Republican
Reframing Bravery,0.8333333333333334,0.875,0.625,0.75,0.6607142857142857,Female,2,Democrat
Reframing Bravery,0.9166666666666666,0.6875,0.9375,0.75,0.75,Female,2,Republican
Placebo control (bird feeding),,0.5625,0.5625,0.1875,0.3214285714285714,Female,3,Republican
Reframing Bravery,1.0,0.9375,0.875,0.65625,0.7321428571428571,Male,2,Democrat
Placebo control (bird feeding),0.6666666666666666,0.546875,0.5,0.3125,0.6428571428571429,Male,5,Republican
Protect Others - Linear Cooperation,0.9166666666666666,0.8125,0.8125,0.625,0.4642857142857143,Male,5,Republican
Baseline Information,1.0,0.953125,0.8125,0.5,0.6785714285714286,Female,5,Democrat
Reframing Bravery,1.0,0.5,0.25,0.7492629473857826,0.4642857142857143,Male,5,Republican
Baseline Information,0.9166666666666666,0.5625,0.4375,0.53125,0.7321428571428571,Male,5,Republican
Reframing Bravery,1.0,0.421875,0.5,0.75,0.5535714285714286,Male,5,Republican
Baseline Information,0.9166666666666666,0.765625,0.6875,0.8125,0.7857142857142857,Female,2,Independent
Protect Others - Linear Cooperation,0.75,0.734375,0.8125,0.78125,0.7142857142857143,Male,5,Independent
Placebo control (bird feeding),0.8333333333333334,0.59375,0.5625,0.6875,0.8392857142857143,Female,5,Democrat
Baseline Information,1.0,0.875,1.0,0.40625,0.6428571428571429,Male,5,Democrat
Reframing Bravery,1.0,0.65625,0.8125,0.53125,0.7678571428571429,Male,4,Republican
Protect Others - Linear Cooperation,1.0,0.90625,0.75,0.8125,0.8571428571428571,Male,5,Democrat
Reframing Bravery,1.0,1.0,1.0,1.0,0.9642857142857144,Male,5,Democrat
Placebo control (bird feeding),0.75,0.578125,0.5,0.8125,0.4821428571428571,Female,5,Democrat
Reframing Bravery,1.0,0.9375,1.0,0.9375,1.0,Male,2,Democrat
Baseline Information,,0.484375,0.125,0.125,0.6071428571428571,Male,2,Republican
Protect Others - Linear Cooperation,1.0,0.90625,0.9375,0.9375,0.9464285714285714,Female,5,Republican
Reframing Bravery,1.0,0.96875,1.0,0.78125,0.9464285714285714,Male,2,Republican
Placebo control (bird feeding),0.5,0.796875,1.0,0.5,0.7321428571428571,Male,5,Democrat
Protect Others - Linear Cooperation,0.9166666666666666,0.75,0.75,0.5625,1.0,Male,3,Republican
Protect Others - Linear Cooperation,0.75,0.734375,0.75,0.5625,0.6428571428571429,Male,4,Democrat
Protect Others - Linear Cooperation,1.0,0.765625,0.9375,0.96875,0.6428571428571429,Male,5,Republican
Reframing Bravery,,0.5625,0.125,0.4375,0.1428571428571428,Female,3,Republican
Protect Others - Linear Cooperation,0.3333333333333333,0.578125,0.25,0.34375,0.4642857142857143,Male,4,Democrat
Baseline Information,,0.5821951959764134,0.75,0.5,0.5,Male,2,Republican
Protect Others - Linear Cooperation,1.0,0.765625,0.9375,0.71875,0.8214285714285714,Female,1,Independent
Reframing Bravery,0.8333333333333334,0.71875,0.875,0.5,0.7321428571428571,Male,2,Democrat
Placebo control (bird feeding),1.0,0.6875,1.0,0.75,1.0,Male,2,Republican
Reframing Bravery,0.0,0.0625,0.0,0.0,0.0714285714285714,Female,2,Democrat
Baseline Information,1.0,0.78125,0.5625,0.6875,0.9821428571428572,Male,5,Independent
Baseline Information,0.9166666666666666,0.765625,1.0,0.84375,0.8214285714285714,Female,5,Independent
Protect Others - Linear Cooperation,1.0,0.875,0.9375,0.59375,0.9285714285714286,Female,3,Democrat
Baseline Information,,0.5821951959764134,0.4375,0.21875,0.3928571428571428,Female,5,Republican
Protect Others - Linear Cooperation,1.0,0.953125,1.0,0.96875,1.0,Female,4,Republican
Placebo control (bird feeding),0.9166666666666666,0.875,0.75,0.5,0.6607142857142857,Female,4,Republican
Reframing Bravery,0.75,0.828125,0.875,0.8125,0.5357142857142857,Female,2,Independent
Protect Others - Linear Cooperation,1.0,1.0,1.0,0.9375,0.3214285714285714,Male,5,Independent
Reframing Bravery,1.0,0.859375,0.6875,0.875,1.0,Male,5,Democrat
Placebo control (bird feeding),0.6666666666666666,0.6875,0.625,0.25,0.4285714285714285,Male,5,Republican
Placebo control (bird feeding),0.9166666666666666,0.921875,0.5625,0.4375,0.625,Male,2,Democrat
Placebo control (bird feeding),0.6666666666666666,0.953125,1.0,0.96875,0.8571428571428571,Female,3,Democrat
Reframing Bravery,1.0,0.578125,0.75,0.65625,0.6785714285714286,Male,2,Democrat
Protect Others - Linear Cooperation,1.0,0.84375,1.0,0.71875,0.9285714285714286,Male,5,Democrat
Protect Others - Linear Cooperation,,0.46875,0.375,0.46875,0.5535714285714286,Male,1,Republican
Protect Others - Linear Cooperation,,0.1915701959764134,0.5,0.0,0.8928571428571429,Female,3,Democrat
Reframing Bravery,0.5,0.484375,0.25,0.34375,0.7142857142857143,Male,5,Republican
Placebo control (bird feeding),,0.578125,0.875,0.0,0.4285714285714285,Male,2,Democrat
Baseline Information,0.9166666666666666,0.765625,1.0,0.8125,0.75,Female,2,Republican
Protect Others - Linear Cooperation,1.0,0.8125,0.8125,0.75,0.6785714285714286,Male,3,Republican
Reframing Bravery,1.0,0.546875,0.75,0.375,0.7142857142857143,Female,4,Republican
Reframing Bravery,1.0,0.84375,0.875,0.34375,0.8928571428571429,Male,1,Republican
Placebo control (bird feeding),0.9166666666666666,0.875,1.0,0.71875,0.7857142857142857,Female,4,Independent
Protect Others - Linear Cooperation,1.0,1.0,1.0,1.0,0.9464285714285714,Female,2,Democrat
Baseline Information,1.0,0.75,0.6875,0.65625,0.3214285714285714,Male,5,Republican
Placebo control (bird feeding),0.6666666666666666,0.390625,0.4375,0.15625,0.4642857142857143,Female,1,Republican
Baseline Information,1.0,0.9375,1.0,0.6875,0.9464285714285714,Male,5,Republican
Baseline Information,1.0,0.875,0.875,0.9375,0.9464285714285714,Male,5,Republican
Baseline Information,1.0,0.90625,0.8125,0.625,1.0,Male,5,Democrat
Reframing Bravery,,0.90625,0.75,0.25,0.5357142857142857,Male,3,Democrat
Placebo control (bird feeding),,0.296875,0.0625,0.125,0.3928571428571428,Female,3,Republican
Baseline Information,0.5,0.5,0.5,0.5,0.5,Male,2,Democrat
Reframing Bravery,1.0,0.890625,1.0,0.875,0.9285714285714286,Female,5,Republican
Protect Others - Linear Cooperation,1.0,0.921875,0.75,0.71875,0.9285714285714286,Male,3,Republican
Placebo control (bird feeding),,0.890625,0.8125,0.375,0.6607142857142857,Male,3,Independent
Baseline Information,0.9166666666666666,0.53125,0.75,0.875,0.9285714285714286,Female,4,Republican
Protect Others - Linear Cooperation,1.0,0.890625,1.0,0.375,0.9464285714285714,Male,5,Republican
Reframing Bravery,,0.765625,0.625,0.625,0.5535714285714286,Male,1,Democrat
Placebo control (bird feeding),0.75,0.71875,0.8125,0.625,0.625,Female,3,Republican
Reframing Bravery,0.9166666666666666,0.890625,0.625,0.84375,0.8928571428571429,Male,5,Republican
Protect Others - Linear Cooperation,,0.640625,0.3125,0.375,0.0,Male,2,Republican
Baseline Information,,0.15625,0.0,0.3125,0.7142857142857143,Female,4,Republican
Protect Others - Linear Cooperation,1.0,0.84375,0.75,0.90625,0.9642857142857144,Male,5,Republican
Placebo control (bird feeding),1.0,0.875,0.8125,0.78125,1.0,Female,4,Republican
Protect Others - Linear Cooperation,0.25,0.65625,0.4375,0.4375,0.4285714285714285,Female,5,Democrat
Protect Others - Linear Cooperation,0.75,0.484375,0.4375,0.125,0.5535714285714286,Male,5,Republican
Protect Others - Linear Cooperation,1.0,0.96875,1.0,0.90625,0.8571428571428571,Male,5,Republican
Placebo control (bird feeding),,0.890625,0.5625,0.34375,0.6785714285714286,Female,4,Republican
Protect Others - Linear Cooperation,1.0,0.890625,0.625,0.8125,0.8214285714285714,Male,2,Independent
Protect Others - Linear Cooperation,0.5,0.5,0.5,0.6875,0.5,Male,1,Republican
Placebo control (bird feeding),1.0,0.921875,1.0,0.4375,0.75,Female,2,Democrat
Baseline Information,0.6666666666666666,0.625,0.75,0.46875,0.6428571428571429,Male,2,Democrat
Reframing Bravery,,0.8125,1.0,0.0,0.2678571428571428,Female,3,Republican
Protect Others - Linear Cooperation,1.0,0.875,1.0,0.65625,0.75,Male,5,Democrat
Placebo control (bird feeding),1.0,0.796875,1.0,0.375,0.6428571428571429,Female,5,Republican
Protect Others - Linear Cooperation,1.0,0.75,1.0,0.21875,0.25,Male,5,Republican
Reframing Bravery,1.0,1.0,1.0,1.0,0.2857142857142857,Female,4,Republican
Reframing Bravery,0.8333333333333334,0.515625,0.3125,0.5625,0.5714285714285714,Male,3,Republican
Protect Others - Linear Cooperation,0.9166666666666666,0.796875,1.0,0.4375,0.8392857142857143,Female,5,Republican
Baseline Information,1.0,0.84375,0.9375,0.53125,0.6607142857142857,Female,5,Republican
Placebo control (bird feeding),0.9166666666666666,0.78125,0.6875,0.84375,0.9821428571428572,Male,5,Republican
Reframing Bravery,0.0,0.359375,0.3125,0.21875,0.4107142857142857,Female,5,Democrat
Baseline Information,1.0,0.828125,0.625,0.78125,0.8392857142857143,Female,3,Democrat
Protect Others - Linear Cooperation,0.8333333333333334,0.515625,0.375,0.40625,0.6071428571428571,Female,2,Republican
Reframing Bravery,1.0,0.890625,0.9375,0.8125,1.0,Female,5,Democrat
Baseline Information,1.0,0.90625,0.9375,0.9375,0.7857142857142857,Male,2,Democrat
Protect Others - Linear Cooperation,0.9166666666666666,0.984375,1.0,0.8125,0.9285714285714286,Male,5,Republican
Reframing Bravery,,0.625,0.4375,0.28125,0.2857142857142857,Female,4,Republican
Protect Others - Linear Cooperation,0.9166666666666666,0.75,1.0,0.625,0.7857142857142857,Male,3,Democrat
Placebo control (bird feeding),,0.890625,1.0,0.71875,1.0,Male,5,Republican
Baseline Information,1.0,0.9375,0.8125,1.0,1.0,Female,3,Democrat
Reframing Bravery,1.0,0.828125,0.5,0.90625,0.9285714285714286,Female,3,Democrat
Reframing Bravery,1.0,0.71875,0.6875,0.71875,0.5714285714285714,Male,5,Republican
Reframing Bravery,0.75,0.78125,0.75,0.09375,0.5,Male,5,Republican
Protect Others - Linear Cooperation,1.0,0.875,1.0,0.375,0.9642857142857144,Male,5,Democrat
Protect Others - Linear Cooperation,1.0,0.90625,0.8125,0.84375,1.0,Male,2,Republican
Placebo control (bird feeding),1.0,0.71875,0.625,0.5,0.9107142857142856,Male,2,Republican
Baseline Information,1.0,0.890625,1.0,1.0,1.0,Female,4,Democrat
Baseline Information,0.6666666666666666,0.6875,0.5625,0.46875,0.7321428571428571,Male,5,Republican
Baseline Information,1.0,0.671875,0.625,0.6875,0.7321428571428571,Female,2,Republican
Baseline Information,,0.265625,0.0625,0.1581519049975259,0.3035714285714285,Female,4,Republican
Protect Others - Linear Cooperation,0.9166666666666666,0.859375,0.9375,0.5625,0.8571428571428571,Male,2,Republican
Baseline Information,1.0,0.9375,0.9375,0.84375,0.9642857142857144,Male,2,Democrat
Placebo control (bird feeding),0.75,0.625,0.6875,0.59375,0.5714285714285714,Female,3,Republican
Baseline Information,1.0,0.90625,0.8125,1.0,0.9642857142857144,Male,4,Democrat
Baseline Information,0.9166666666666666,0.71875,0.75,0.84375,0.6964285714285714,Male,1,Republican
Protect Others - Linear Cooperation,1.0,0.84375,0.5625,0.8125,0.9642857142857144,Male,1,Democrat
Placebo control (bird feeding),0.9166666666666666,0.7853201959764134,0.0625,0.6875,0.8214285714285714,Female,4,Republican
Protect Others - Linear Cooperation,1.0,1.0,1.0,0.75,0.9107142857142856,Male,2,Republican
Reframing Bravery,1.0,0.921875,0.75,0.78125,0.9821428571428572,Female,2,Democrat
Placebo control (bird feeding),1.0,0.84375,1.0,0.59375,0.6071428571428571,Female,5,Democrat
Protect Others - Linear Cooperation,0.6666666666666666,0.65625,0.9375,0.21875,0.3571428571428571,Female,5,Republican
Protect Others - Linear Cooperation,1.0,0.9375,1.0,0.625,0.8392857142857143,Male,5,Democrat
Reframing Bravery,0.9166666666666666,0.875,0.8125,0.84375,0.6428571428571429,Female,1,Democrat
Placebo control (bird feeding),1.0,0.859375,0.5625,0.96875,1.0,Male,2,Independent
Protect Others - Linear Cooperation,1.0,0.828125,1.0,0.59375,0.7142857142857143,Male,2,Republican
Baseline Information,1.0,0.859375,0.8125,0.5,0.7857142857142857,Male,5,Democrat
Placebo control (bird feeding),0.9166666666666666,0.921875,1.0,0.875,0.8571428571428571,Male,1,Republican
Placebo control (bird feeding),1.0,0.875,1.0,0.40625,0.7678571428571429,Male,3,Democrat
Reframing Bravery,,0.515625,0.8125,0.125,0.1964285714285714,Male,1,Democrat
Placebo control (bird feeding),1.0,0.5,0.8125,0.2731357630798149,0.9642857142857144,Male,3,Democrat
Baseline Information,0.75,0.546875,0.1875,0.8125,0.9642857142857144,Male,2,Independent
Placebo control (bird feeding),1.0,0.75,0.75,0.65625,0.5535714285714286,Male,5,Democrat
Placebo control (bird feeding),0.8333333333333334,0.96875,1.0,0.28125,0.75,Male,3,Republican
Placebo control (bird feeding),1.0,0.90625,0.9375,0.78125,1.0,Male,5,Democrat
Reframing Bravery,0.9166666666666666,0.734375,0.9375,0.34375,0.6428571428571429,Male,2,Republican
Baseline Information,1.0,0.796875,0.3125,0.59375,0.5,Female,5,Democrat
Baseline Information,1.0,0.859375,0.6875,0.78125,0.9285714285714286,Male,5,Democrat
Reframing Bravery,0.8333333333333334,0.875,0.875,0.4375,0.5892857142857143,Male,5,Republican
Reframing Bravery,1.0,0.875,0.75,1.0,0.9464285714285714,Male,2,Republican
Placebo control (bird feeding),0.9166666666666666,1.0,1.0,0.90625,0.8928571428571429,Female,4,Democrat
Protect Others - Linear Cooperation,0.8333333333333334,0.828125,0.875,0.65625,0.9285714285714286,Male,5,Republican
Baseline Information,0.5833333333333334,0.453125,0.625,0.4375,0.4285714285714285,Male,2,Democrat
Baseline Information,1.0,0.90625,1.0,0.9375,0.9821428571428572,Male,2,Republican
Placebo control (bird feeding),0.6666666666666666,0.765625,0.75,0.34375,0.6071428571428571,Female,2,Democrat
Protect Others - Linear Cooperation,1.0,0.984375,1.0,0.75,1.0,Male,1,Independent
Reframing Bravery,1.0,1.0,1.0,0.9375,0.8928571428571429,Male,3,Republican
Protect Others - Linear Cooperation,,0.84375,0.75,0.0625,0.2142857142857142,Female,4,Republican
Reframing Bravery,0.8333333333333334,0.8125,0.5,0.4375,0.8392857142857143,Male,4,Republican
Protect Others - Linear Cooperation,1.0,0.53125,0.75,0.34375,0.5357142857142857,Female,4,Independent
Reframing Bravery,1.0,0.828125,0.6875,0.96875,0.6785714285714286,Male,5,Republican
Baseline Information,0.75,0.453125,0.125,0.1875,0.4285714285714285,Female,4,Republican
Reframing Bravery,0.9166666666666666,0.78125,0.75,0.90625,1.0,Female,5,Republican
Baseline Information,0.0,0.125,0.0,0.0,0.0,Male,4,Democrat
Placebo control (bird feeding),0.0,0.59375,1.0,0.125,0.2857142857142857,Male,2,Democrat
Protect Others - Linear Cooperation,0.0,0.640625,0.625,0.0,0.0178571428571428,Male,2,Democrat
Protect Others - Linear Cooperation,1.0,0.984375,1.0,0.8125,0.9642857142857144,Male,3,Democrat
Reframing Bravery,0.5,0.625,0.4375,0.59375,0.75,Male,2,Independent
Baseline Information,0.6666666666666666,0.9375,1.0,0.90625,1.0,Male,4,Republican
Reframing Bravery,1.0,0.65625,0.8125,0.90625,0.9642857142857144,Male,5,Republican
Protect Others - Linear Cooperation,0.9166666666666666,0.9375,0.9375,0.625,0.75,Male,2,Democrat
Placebo control (bird feeding),0.75,0.8125,0.75,0.5625,0.8392857142857143,Male,5,Republican
Placebo control (bird feeding),1.0,0.921875,0.8125,0.6875,1.0,Male,3,Republican
Reframing Bravery,1.0,0.9375,1.0,0.75,0.9821428571428572,Male,4,Independent
Protect Others - Linear Cooperation,0.75,0.75,0.75,0.5625,0.9107142857142856,Female,3,Democrat
Baseline Information,0.9166666666666666,0.59375,0.625,0.8125,0.75,Female,5,Republican
Placebo control (bird feeding),0.8333333333333334,0.90625,1.0,0.71875,0.7678571428571429,Male,4,Independent
Baseline Information,1.0,0.921875,0.625,0.875,0.7142857142857143,Male,3,Democrat
Baseline Information,,0.2853201959764134,0.125,0.21875,0.3928571428571428,Male,1,Republican
Protect Others - Linear Cooperation,0.6666666666666666,0.875,0.9375,0.25,0.4821428571428571,Male,2,Democrat
Placebo control (bird feeding),0.9166666666666666,0.96875,1.0,1.0,1.0,Male,3,Republican
Reframing Bravery,0.5,0.625,0.875,0.4375,0.5535714285714286,Female,2,Republican
Baseline Information,0.9166666666666666,0.6875,0.6875,0.53125,0.8214285714285714,Male,2,Democrat
Protect Others - Linear Cooperation,1.0,0.671875,0.625,0.75,0.7678571428571429,Male,1,Republican
Placebo control (bird feeding),,,,,,Male,1,Republican
Protect Others - Linear Cooperation,0.3333333333333333,0.71875,0.75,0.1875,0.5714285714285714,Female,3,Republican
Reframing Bravery,,0.71875,0.4375,0.15625,0.3035714285714285,Female,3,Democrat
Reframing Bravery,0.5833333333333334,0.65625,0.3125,0.375,0.8392857142857143,Female,5,Republican
Baseline Information,1.0,0.8125,1.0,0.5,1.0,Male,4,Democrat
Placebo control (bird feeding),,0.609375,0.25,0.03125,0.2678571428571428,Male,3,Democrat
Protect Others - Linear Cooperation,1.0,0.734375,0.8125,0.78125,0.7142857142857143,Female,5,Democrat
Placebo control (bird feeding),1.0,0.84375,1.0,0.59375,0.4285714285714285,Male,3,Republican
Reframing Bravery,1.0,0.9375,1.0,0.9375,0.9642857142857144,Male,2,Republican
Baseline Information,1.0,0.90625,1.0,0.84375,0.6964285714285714,Male,2,Democrat
Reframing Bravery,1.0,0.9375,1.0,0.875,0.9464285714285714,Male,2,Democrat
Reframing Bravery,1.0,0.984375,0.9375,0.96875,0.9464285714285714,Female,5,Republican
Baseline Information,0.75,0.8125,0.75,0.28125,0.5357142857142857,Female,4,Democrat
Protect Others - Linear Cooperation,1.0,0.78125,0.6875,0.65625,0.6071428571428571,Male,1,Independent
Placebo control (bird feeding),1.0,0.75,0.75,0.8125,0.875,Female,3,Republican
Reframing Bravery,,0.546875,0.125,0.5,0.75,Male,1,Democrat
Placebo control (bird feeding),,0.765625,1.0,0.40625,0.6607142857142857,Male,2,Democrat
Baseline Information,1.0,0.828125,0.875,0.875,0.9107142857142856,Female,4,Democrat
Baseline Information,1.0,0.515625,0.5,0.0625,0.5,Female,3,Democrat
Placebo control (bird feeding),0.9166666666666666,0.796875,0.75,0.90625,0.9285714285714286,Female,5,Republican
Protect Others - Linear Cooperation,0.8333333333333334,0.3125,0.1875,0.53125,0.7857142857142857,Male,2,Republican
Reframing Bravery,0.5,0.5,0.5,0.3125,0.5,Male,1,Democrat
Baseline Information,1.0,0.71875,0.9375,0.875,0.8392857142857143,Male,4,Independent
Reframing Bravery,0.0,0.8125,0.75,0.3125,0.125,Female,1,Democrat
Placebo control (bird feeding),1.0,0.90625,1.0,0.90625,0.7857142857142857,Male,4,Republican
Reframing Bravery,1.0,0.75,1.0,0.53125,1.0,Male,1,Independent
Baseline Information,,0.71875,0.625,0.375,0.4107142857142857,Male,1,Republican
Placebo control (bird feeding),0.9166666666666666,0.9375,0.75,0.90625,0.9107142857142856,Male,3,Republican
Placebo control (bird feeding),0.9166666666666666,0.875,1.0,0.71875,0.6428571428571429,Female,2,Democrat
Reframing Bravery,1.0,0.6875,0.5625,0.90625,0.6428571428571429,Male,2,Democrat
Placebo control (bird feeding),1.0,0.96875,1.0,1.0,1.0,Male,4,Republican
Protect Others - Linear Cooperation,1.0,0.75,0.875,0.90625,1.0,Female,3,Republican
Protect Others - Linear Cooperation,,0.609375,0.5,0.40625,0.5,Female,4,Republican
Placebo control (bird feeding),0.9166666666666666,0.828125,0.9375,0.46875,0.7142857142857143,Male,5,Republican
Reframing Bravery,0.9166666666666666,0.265625,0.1875,0.53125,0.8035714285714286,Male,2,Democrat
Baseline Information,0.9166666666666666,0.703125,0.9375,0.84375,0.9285714285714286,Female,1,Republican
Baseline Information,1.0,0.9375,0.75,1.0,0.8571428571428571,Male,3,Independent
Baseline Information,1.0,0.75,0.875,0.9375,0.9107142857142856,Female,2,Republican
Baseline Information,0.0,0.421875,0.5,0.0625,0.0714285714285714,Female,3,Republican
Protect Others - Linear Cooperation,0.9166666666666666,0.859375,0.75,0.65625,0.7678571428571429,Female,1,Republican
Protect Others - Linear Cooperation,1.0,0.640625,0.6875,0.78125,1.0,Male,1,Republican
Protect Others - Linear Cooperation,0.75,0.6875,0.75,0.59375,0.75,Male,2,Republican
Placebo control (bird feeding),1.0,0.875,0.9375,0.75,0.9642857142857144,Male,3,Republican
Placebo control (bird feeding),1.0,0.921875,0.875,0.90625,1.0,Male,2,Democrat
Placebo control (bird feeding),0.8333333333333334,0.640625,0.875,0.625,0.7142857142857143,Female,1,Republican
Baseline Information,1.0,0.953125,1.0,0.78125,0.9642857142857144,Male,2,Republican
Reframing Bravery,0.9166666666666666,0.921875,1.0,0.875,0.9464285714285714,Male,2,Independent
Reframing Bravery,,0.609375,0.625,0.46875,0.3571428571428571,Female,1,Democrat
Protect Others - Linear Cooperation,1.0,0.859375,0.75,0.9375,0.6428571428571429,Male,4,Republican
Reframing Bravery,0.75,0.78125,1.0,0.71875,0.8035714285714286,Female,1,Democrat
Placebo control (bird feeding),0.6666666666666666,0.546875,0.625,0.53125,0.7142857142857143,Male,1,Republican
Placebo control (bird feeding),,0.46875,0.5,0.21875,0.4642857142857143,Female,1,Democrat
Protect Others - Linear Cooperation,,0.796875,0.3125,0.46875,0.6071428571428571,Male,1,Democrat
Reframing Bravery,1.0,0.625,0.9375,0.625,0.9642857142857144,Female,2,Republican
Protect Others - Linear Cooperation,1.0,0.890625,1.0,0.875,0.7678571428571429,Female,2,Independent
Reframing Bravery,0.75,0.90625,0.5,0.59375,0.4464285714285714,Male,1,Democrat
Reframing Bravery,,0.328125,0.3125,0.1875,0.3571428571428571,Female,4,Democrat
Reframing Bravery,0.8333333333333334,0.5625,0.6875,0.625,0.6785714285714286,Male,2,Independent
Placebo control (bird feeding),0.9166666666666666,0.90625,1.0,0.59375,1.0,Male,3,Independent
Baseline Information,1.0,0.8125,0.6875,0.875,0.9464285714285714,Male,5,Republican
Placebo control (bird feeding),1.0,0.9375,0.8125,0.96875,1.0,Female,2,Republican
Protect Others - Linear Cooperation,1.0,0.796875,0.75,0.9375,0.9642857142857144,Male,1,Independent
Baseline Information,1.0,1.0,1.0,0.71875,1.0,Male,3,Independent
Placebo control (bird feeding),0.4166666666666667,0.53125,0.75,0.375,0.5892857142857143,Female,2,Republican
Baseline Information,1.0,0.875,0.9375,0.9375,1.0,Female,1,Republican
Baseline Information,0.9166666666666666,0.953125,0.9375,0.875,0.875,Female,1,Democrat
Baseline Information,1.0,0.953125,0.9375,0.6875,0.7142857142857143,Male,2,Republican
Reframing Bravery,0.5833333333333334,0.546875,0.625,0.4375,0.4464285714285714,Female,5,Republican
Placebo control (bird feeding),0.8333333333333334,0.6875,0.5625,0.875,0.6785714285714286,Male,2,Republican
Reframing Bravery,0.75,0.359375,0.25,0.4055129473857826,0.9821428571428572,Female,4,Independent
Reframing Bravery,1.0,0.859375,1.0,0.78125,0.9642857142857144,Female,3,Democrat
Placebo control (bird feeding),1.0,0.6875,1.0,0.71875,0.6785714285714286,Male,3,Democrat
Protect Others - Linear Cooperation,1.0,0.46875,0.1875,0.75,0.9642857142857144,Male,3,Independent
Protect Others - Linear Cooperation,1.0,0.546875,0.375,0.5625,0.8928571428571429,Male,1,Independent
Baseline Information,0.8333333333333334,0.53125,0.5,0.46875,0.5714285714285714,Male,2,Democrat
Baseline Information,1.0,0.828125,0.875,0.625,1.0,Female,3,Independent
Protect Others - Linear Cooperation,0.9166666666666666,0.84375,0.8125,0.90625,0.9285714285714286,Female,1,Independent
Protect Others - Linear Cooperation,0.8333333333333334,0.75,0.875,0.59375,0.9464285714285714,Female,3,Republican
Placebo control (bird feeding),0.75,0.390625,0.4375,0.25,0.1428571428571428,Female,3,Republican
Protect Others - Linear Cooperation,1.0,0.46875,0.0625,0.3125,0.7857142857142857,Male,1,Democrat
Reframing Bravery,1.0,0.9375,1.0,,0.7142857142857143,Male,1,Democrat
Reframing Bravery,0.5,0.484375,0.5,0.46875,0.5535714285714286,Male,1,Democrat
Baseline Information,1.0,0.78125,1.0,0.53125,0.7857142857142857,Female,3,Republican
Placebo control (bird feeding),1.0,0.640625,0.9375,0.90625,0.75,Male,1,Independent
Reframing Bravery,1.0,0.953125,1.0,1.0,0.8392857142857143,Male,1,Democrat
Protect Others - Linear Cooperation,0.5,0.671875,0.625,0.4375,0.5178571428571429,Female,2,Democrat
Protect Others - Linear Cooperation,0.6666666666666666,0.9375,1.0,0.75,1.0,Female,3,Democrat
Baseline Information,1.0,0.9375,1.0,0.75,0.8571428571428571,Male,1,Independent
Reframing Bravery,1.0,0.796875,0.625,0.46875,0.5,Female,2,Republican
Baseline Information,0.5,0.5,0.625,0.40625,0.4821428571428571,Male,2,Republican
Placebo control (bird feeding),1.0,0.9375,0.75,1.0,1.0,Male,1,Democrat
Placebo control (bird feeding),0.8333333333333334,0.671875,0.6875,0.75,0.7857142857142857,Male,1,Independent
Reframing Bravery,,0.8125,0.8125,0.71875,1.0,Female,1,Democrat
Protect Others - Linear Cooperation,,0.359375,0.1875,0.5,0.7142857142857143,Female,2,Independent
Protect Others - Linear Cooperation,0.6666666666666666,0.828125,0.8125,0.6875,0.6071428571428571,Female,3,Independent
Placebo control (bird feeding),0.0,0.71875,0.875,0.3125,0.5,Male,1,Democrat
Baseline Information,1.0,0.765625,0.625,0.40625,0.6428571428571429,Male,1,Republican
Baseline Information,,0.515625,0.625,0.5625,0.4464285714285714,Male,1,Democrat
Protect Others - Linear Cooperation,0.1666666666666666,0.875,1.0,0.375,0.5535714285714286,Female,3,Democrat
Reframing Bravery,1.0,0.640625,0.6875,0.3125,0.5714285714285714,Male,1,Democrat
Placebo control (bird feeding),0.5,0.5,0.5,0.65625,0.5,Female,3,Democrat
Placebo control (bird feeding),0.75,0.71875,0.75,0.9375,0.5178571428571429,Male,1,Independent
Protect Others - Linear Cooperation,,0.859375,1.0,0.6875,0.9821428571428572,Female,1,Republican
Baseline Information,1.0,0.640625,0.75,0.6875,0.8571428571428571,Male,1,Republican
Placebo control (bird feeding),0.8333333333333334,0.765625,0.5,0.625,0.7678571428571429,Male,2,Democrat
Protect Others - Linear Cooperation,0.9166666666666666,0.390625,0.5,0.4375,0.1428571428571428,Female,3,Republican
Placebo control (bird feeding),1.0,0.671875,0.5625,0.625,0.4464285714285714,Male,1,Republican
Reframing Bravery,0.9166666666666666,0.578125,0.3125,0.875,0.8571428571428571,Male,1,Republican
Reframing Bravery,0.8333333333333334,0.828125,1.0,0.71875,0.5357142857142857,Female,3,Democrat
Protect Others - Linear Cooperation,1.0,0.546875,0.375,0.65625,0.9821428571428572,Male,2,Democrat
Baseline Information,1.0,0.734375,0.9375,0.6875,0.6428571428571429,Male,1,Democrat
Baseline Information,0.9166666666666666,0.875,1.0,0.65625,0.8928571428571429,Male,2,Democrat
Placebo control (bird feeding),,0.71875,0.6875,0.53125,0.5535714285714286,Female,3,Democrat
Placebo control (bird feeding),1.0,0.765625,1.0,0.75,0.7142857142857143,Male,2,Democrat
Placebo control (bird feeding),0.8333333333333334,0.78125,0.875,0.84375,0.5714285714285714,Female,3,Democrat
Protect Others - Linear Cooperation,1.0,0.75,0.8125,0.84375,0.6785714285714286,Male,1,Democrat
Reframing Bravery,0.5,0.5,0.5,0.5,0.5,Male,3,Republican
Placebo control (bird feeding),0.75,0.765625,0.5625,0.625,0.6785714285714286,Female,2,Republican
Reframing Bravery,0.8333333333333334,0.984375,1.0,0.53125,0.6071428571428571,Female,3,Democrat
Protect Others - Linear Cooperation,0.3333333333333333,0.9884451959764134,0.6875,0.4375,0.6428571428571429,Female,2,Republican
Reframing Bravery,0.9166666666666666,0.875,0.6875,0.8125,0.9107142857142856,Male,1,Democrat
Baseline Information,1.0,0.65625,0.625,0.6875,0.5,Male,1,Republican
Protect Others - Linear Cooperation,0.3333333333333333,0.453125,0.5,0.40625,0.5714285714285714,Male,1,Republican
Placebo control (bird feeding),0.5,0.5,0.5,0.4375,0.5,Male,2,Republican
Baseline Information,0.6666666666666666,0.40625,0.4375,0.625,0.9642857142857144,Female,1,Republican
Protect Others - Linear Cooperation,0.8333333333333334,0.390625,0.1875,0.15625,0.9464285714285714,Female,3,Republican
Reframing Bravery,0.8333333333333334,0.78125,1.0,0.625,0.7142857142857143,Female,3,Democrat
Placebo control (bird feeding),0.9166666666666666,0.703125,1.0,0.78125,0.9642857142857144,Female,3,Democrat
Baseline Information,0.75,0.6290701959764134,0.5625,0.40625,0.5714285714285714,Male,1,Democrat
Placebo control (bird feeding),0.75,0.84375,0.875,0.625,0.3571428571428571,Male,1,Democrat
Reframing Bravery,1.0,0.84375,0.8125,0.8125,0.8571428571428571,Male,1,Democrat
Baseline Information,0.5833333333333334,0.25,0.5,0.46875,0.4285714285714285,Female,2,Republican
Protect Others - Linear Cooperation,,0.6446951959764134,0.75,0.53125,0.2142857142857142,Male,1,Republican
Placebo control (bird feeding),0.75,0.515625,0.5,0.71875,0.5,Female,1,Democrat
Reframing Bravery,0.0,0.53125,0.75,0.03125,0.0,Male,1,Republican
Placebo control (bird feeding),1.0,0.875,1.0,0.90625,0.6785714285714286,Female,2,Republican
Baseline Information,1.0,0.859375,0.75,0.8125,0.8392857142857143,Male,1,Democrat
Protect Others - Linear Cooperation,0.8333333333333334,0.578125,0.6875,0.5,0.5178571428571429,Male,1,Republican
Baseline Information,0.8333333333333334,0.65625,0.75,0.71875,0.7857142857142857,Female,3,Democrat
Reframing Bravery,1.0,0.6875,0.875,0.9375,0.9821428571428572,Male,2,Democrat
Placebo control (bird feeding),0.5833333333333334,0.515625,0.25,0.46875,0.625,Female,1,Democrat
Protect Others - Linear Cooperation,1.0,0.1875,0.0,0.5,0.9285714285714286,Female,1,Democrat
Baseline Information,0.9166666666666666,0.703125,0.875,0.4375,0.7142857142857143,Male,1,Republican
Reframing Bravery,1.0,0.90625,1.0,1.0,1.0,Male,1,Democrat
Protect Others - Linear Cooperation,0.5,0.59375,0.75,0.5,0.4285714285714285,Male,1,Republican
Baseline Information,0.8333333333333334,0.796875,0.75,0.78125,0.875,Female,2,Democrat
Placebo control (bird feeding),0.8333333333333334,0.4375,0.3125,0.84375,0.7857142857142857,Female,1,Democrat
Protect Others - Linear Cooperation,,0.46875,0.4375,0.59375,0.5,Female,1,Republican
Protect Others - Linear Cooperation,0.8333333333333334,0.3125,0.125,0.625,0.7857142857142857,Female,1,Republican
Baseline Information,,0.7384451959764134,0.75,0.5625,0.4107142857142857,Female,2,Republican
Reframing Bravery,0.8333333333333334,0.65625,0.75,0.6875,0.5357142857142857,Female,1,Democrat
Placebo control (bird feeding),0.6666666666666666,0.328125,0.5625,0.59375,0.5892857142857143,Female,1,Republican
Reframing Bravery,0.5,0.5,0.5,0.5,0.5,Female,2,Republican
Placebo control (bird feeding),,0.484375,0.4375,0.5625,0.5,Female,3,Republican
Baseline Information,0.9166666666666666,0.765625,0.9375,0.8125,0.875,Female,2,Independent
Protect Others - Linear Cooperation,0.9166666666666666,0.953125,1.0,0.5625,0.9464285714285714,Female,1,Democrat
