arm,trust_climate_scientists,consensus_perceived,belief_human_cause,human_contribution,natural_contribution,evidence_human,evidence_natural,policy_fedgov_more,policy_green_new_deal,policy_paris,policy_priority,trust_pre,belief_pre,party_lean,gender,education,age_band,manip_check
Control (unrelated text),1.0,95.0,1.0,1.0,1.0,1.0,3.0,1.0,9.0,7.0,2.0,1.0,1.0,Republican,Male,No degree,18-29,3.0
Control (unrelated text),2.0,90.0,1.0,1.0,3.0,1.0,3.0,2.0,9.0,5.0,2.0,2.0,1.0,Republican,Male,BA+,18-29,3.0
Scientific consensus,2.0,97.0,1.0,1.0,4.0,1.0,3.0,1.0,6.0,4.0,1.0,2.0,1.0,Republican,Female,No degree,45-59,1.0
Control (unrelated text),2.0,60.0,2.0,2.0,2.0,2.0,2.0,2.0,8.0,8.0,2.0,2.0,2.0,Republican,Female,BA+,30-44,3.0
Control (unrelated text),1.0,74.0,2.0,1.0,2.0,1.0,2.0,3.0,6.0,5.0,1.0,2.0,2.0,Democrat,Female,BA+,30-44,1.0
Causal evidence,1.0,76.0,1.0,2.0,2.0,2.0,1.0,2.0,9.0,5.0,1.0,1.0,2.0,Republican,Male,BA+,30-44,2.0
Scientific consensus,2.0,80.0,3.0,2.0,1.0,2.0,1.0,3.0,12.0,7.0,3.0,2.0,2.0,Republican,Male,No degree,45-59,1.0
Control (unrelated text),3.0,85.0,3.0,3.0,2.0,3.0,2.0,3.0,12.0,9.0,4.0,3.0,3.0,Republican,Male,BA+,30-44,3.0
Causal evidence,1.0,98.0,1.0,1.0,2.0,1.0,2.0,2.0,12.0,10.0,2.0,1.0,1.0,Republican,Male,BA+,45-59,2.0
Scientific consensus,3.0,97.0,3.0,3.0,1.0,3.0,1.0,5.0,12.0,9.0,4.0,3.0,3.0,Republican,Male,BA+,30-44,1.0
Scientific consensus,2.0,80.0,2.0,1.0,2.0,1.0,2.0,1.0,9.0,8.0,2.0,2.0,2.0,Republican,Female,No degree,60+,1.0
Scientific consensus,3.0,97.0,1.0,1.0,3.0,1.0,2.0,1.0,7.0,6.0,1.0,4.0,1.0,Republican,Female,BA+,45-59,1.0
Causal evidence,3.0,35.0,3.0,4.0,1.0,3.0,2.0,5.0,12.0,10.0,4.0,4.0,3.0,Republican,Female,No degree,45-59,2.0
Causal evidence,2.0,70.0,2.0,2.0,2.0,2.0,2.0,3.0,7.0,5.0,2.0,2.0,2.0,Republican,Male,BA+,30-44,1.0
Control (unrelated text),3.0,60.0,2.0,2.0,2.0,2.0,2.0,3.0,8.0,8.0,2.0,3.0,2.0,Republican,Female,BA+,45-59,3.0
Causal evidence,3.0,80.0,2.0,2.0,2.0,2.0,2.0,2.0,8.0,7.0,2.0,3.0,2.0,Republican,Female,BA+,30-44,2.0
Control (unrelated text),3.0,80.0,2.0,2.0,2.0,2.0,3.0,2.0,12.0,10.0,2.0,3.0,2.0,Republican,Male,No degree,30-44,3.0
Causal evidence,2.0,72.0,1.0,2.0,3.0,2.0,3.0,3.0,8.0,6.0,3.0,2.0,2.0,Republican,Female,No degree,30-44,2.0
Control (unrelated text),1.0,91.0,1.0,1.0,2.0,2.0,1.0,2.0,7.0,5.0,1.0,2.0,1.0,Republican,Male,BA+,30-44,2.0
Control (unrelated text),3.0,81.0,2.0,2.0,2.0,2.0,2.0,3.0,9.0,8.0,3.0,3.0,2.0,Republican,Female,No degree,45-59,3.0
Causal evidence,2.0,61.0,1.0,2.0,2.0,2.0,2.0,3.0,9.0,10.0,3.0,2.0,2.0,Republican,Female,BA+,30-44,2.0
Causal evidence,2.0,70.0,2.0,2.0,1.0,2.0,1.0,3.0,12.0,10.0,3.0,3.0,2.0,Republican,Male,BA+,60+,2.0
Scientific consensus,2.0,97.0,1.0,1.0,4.0,1.0,4.0,3.0,12.0,9.0,3.0,1.0,1.0,Republican,Female,BA+,60+,1.0
Control (unrelated text),2.0,80.0,1.0,1.0,3.0,1.0,2.0,2.0,10.0,9.0,3.0,2.0,1.0,Republican,Male,BA+,45-59,3.0
Control (unrelated text),3.0,40.0,3.0,3.0,1.0,3.0,1.0,5.0,12.0,10.0,4.0,3.0,3.0,Republican,Female,No degree,45-59,3.0
Scientific consensus,1.0,90.0,2.0,1.0,2.0,1.0,4.0,1.0,6.0,9.0,1.0,1.0,1.0,Republican,Female,BA+,30-44,3.0
Scientific consensus,4.0,40.0,3.0,4.0,3.0,4.0,3.0,5.0,12.0,10.0,4.0,4.0,3.0,Republican,Male,No degree,30-44,1.0
Scientific consensus,2.0,90.0,2.0,2.0,2.0,2.0,2.0,4.0,12.0,10.0,3.0,2.0,2.0,Republican,Male,No degree,60+,2.0
Causal evidence,3.0,20.0,2.0,2.0,2.0,2.0,2.0,3.0,12.0,10.0,4.0,3.0,2.0,Republican,Male,No degree,30-44,2.0
Causal evidence,2.0,73.0,1.0,1.0,3.0,2.0,3.0,2.0,8.0,7.0,2.0,2.0,1.0,Republican,Female,BA+,60+,2.0
Control (unrelated text),2.0,20.0,3.0,2.0,1.0,2.0,2.0,3.0,11.0,10.0,4.0,3.0,3.0,Republican,Female,No degree,45-59,3.0
Causal evidence,4.0,50.0,3.0,4.0,1.0,4.0,1.0,5.0,12.0,10.0,4.0,4.0,3.0,Republican,Female,Some college,60+,1.0
Scientific consensus,1.0,97.0,1.0,1.0,2.0,1.0,2.0,2.0,8.0,6.0,2.0,2.0,2.0,Republican,Female,BA+,60+,1.0
Causal evidence,2.0,85.0,1.0,1.0,2.0,1.0,2.0,2.0,7.0,6.0,2.0,2.0,1.0,Republican,Female,No degree,30-44,2.0
Control (unrelated text),2.0,30.0,1.0,2.0,2.0,2.0,2.0,2.0,10.0,8.0,2.0,2.0,1.0,Republican,Female,No degree,30-44,3.0
Control (unrelated text),3.0,79.0,2.0,2.0,2.0,2.0,2.0,4.0,10.0,8.0,4.0,3.0,2.0,Republican,Female,Some college,45-59,3.0
Causal evidence,2.0,98.0,1.0,1.0,3.0,1.0,3.0,3.0,11.0,7.0,2.0,2.0,1.0,Republican,Female,No degree,60+,2.0
Control (unrelated text),2.0,90.0,3.0,1.0,2.0,2.0,3.0,3.0,7.0,4.0,2.0,2.0,2.0,Democrat,Male,BA+,30-44,3.0
Scientific consensus,2.0,85.0,1.0,1.0,3.0,1.0,1.0,2.0,6.0,4.0,2.0,1.0,1.0,Independent,Male,BA+,30-44,1.0
Causal evidence,3.0,20.0,3.0,3.0,1.0,3.0,1.0,5.0,12.0,10.0,4.0,3.0,3.0,Republican,Male,BA+,60+,2.0
Scientific consensus,2.0,85.0,1.0,2.0,1.0,3.0,2.0,2.0,7.0,8.0,2.0,2.0,2.0,Republican,Female,No degree,45-59,1.0
Control (unrelated text),3.0,90.0,1.0,2.0,2.0,2.0,2.0,3.0,12.0,10.0,2.0,3.0,2.0,Republican,Female,Some college,45-59,3.0
Causal evidence,4.0,86.0,3.0,3.0,1.0,3.0,3.0,3.0,11.0,10.0,2.0,4.0,3.0,Republican,Female,BA+,45-59,2.0
Control (unrelated text),1.0,80.0,1.0,1.0,3.0,1.0,3.0,1.0,7.0,5.0,1.0,1.0,1.0,Republican,Female,BA+,45-59,3.0
Scientific consensus,2.0,85.0,1.0,2.0,1.0,2.0,2.0,3.0,9.0,8.0,2.0,3.0,2.0,Republican,Female,No degree,45-59,2.0
Control (unrelated text),3.0,80.0,2.0,2.0,2.0,2.0,2.0,3.0,12.0,10.0,3.0,3.0,2.0,Republican,Male,BA+,60+,3.0
Control (unrelated text),1.0,82.0,1.0,1.0,1.0,1.0,1.0,2.0,6.0,5.0,1.0,1.0,1.0,Republican,Male,BA+,30-44,2.0
Scientific consensus,3.0,95.0,3.0,3.0,1.0,3.0,2.0,5.0,12.0,10.0,4.0,3.0,3.0,Republican,Male,BA+,60+,1.0
Scientific consensus,2.0,97.0,1.0,2.0,2.0,2.0,2.0,1.0,7.0,5.0,1.0,2.0,2.0,Republican,Female,No degree,30-44,1.0
Control (unrelated text),2.0,77.0,3.0,2.0,1.0,2.0,2.0,2.0,6.0,4.0,2.0,2.0,3.0,Independent,Male,No degree,30-44,3.0
Causal evidence,2.0,97.0,1.0,2.0,2.0,2.0,1.0,3.0,12.0,10.0,3.0,2.0,2.0,Republican,Male,No degree,18-29,2.0
Control (unrelated text),4.0,50.0,3.0,4.0,1.0,3.0,1.0,5.0,12.0,10.0,4.0,4.0,3.0,Independent,Male,BA+,30-44,3.0
Causal evidence,2.0,71.0,1.0,1.0,2.0,1.0,2.0,1.0,7.0,7.0,1.0,2.0,1.0,Republican,Male,Some college,30-44,2.0
Scientific consensus,1.0,92.0,1.0,1.0,3.0,1.0,1.0,2.0,10.0,6.0,2.0,1.0,1.0,Republican,Male,No degree,45-59,1.0
Causal evidence,3.0,65.0,3.0,2.0,1.0,2.0,2.0,4.0,12.0,10.0,3.0,3.0,3.0,Republican,Male,BA+,45-59,2.0
Scientific consensus,2.0,76.0,2.0,2.0,2.0,2.0,2.0,2.0,11.0,10.0,2.0,3.0,2.0,Independent,Male,BA+,18-29,2.0
Causal evidence,1.0,85.0,1.0,1.0,3.0,1.0,3.0,1.0,6.0,4.0,1.0,1.0,1.0,Republican,Female,BA+,30-44,2.0
Control (unrelated text),2.0,80.0,1.0,1.0,2.0,1.0,2.0,2.0,11.0,7.0,2.0,2.0,1.0,Republican,Female,BA+,60+,3.0
Scientific consensus,2.0,60.0,2.0,2.0,2.0,2.0,2.0,2.0,9.0,6.0,2.0,2.0,2.0,Republican,Male,BA+,45-59,1.0
Causal evidence,1.0,69.0,2.0,1.0,2.0,2.0,4.0,2.0,9.0,7.0,3.0,2.0,2.0,Republican,Male,No degree,18-29,2.0
Scientific consensus,2.0,97.0,1.0,2.0,3.0,2.0,3.0,1.0,12.0,10.0,4.0,2.0,1.0,Republican,Female,Some college,45-59,2.0
Control (unrelated text),2.0,51.0,2.0,2.0,1.0,2.0,2.0,3.0,12.0,8.0,3.0,2.0,2.0,Republican,Male,BA+,30-44,3.0
Scientific consensus,4.0,92.0,1.0,2.0,1.0,2.0,1.0,3.0,12.0,10.0,3.0,3.0,3.0,Republican,Male,BA+,45-59,2.0
Causal evidence,2.0,73.0,1.0,2.0,2.0,2.0,1.0,3.0,7.0,5.0,2.0,2.0,1.0,Independent,Male,BA+,18-29,2.0
Control (unrelated text),1.0,95.0,1.0,1.0,3.0,1.0,3.0,1.0,7.0,5.0,1.0,1.0,1.0,Republican,Male,BA+,30-44,3.0
Control (unrelated text),3.0,81.0,3.0,2.0,1.0,2.0,1.0,3.0,12.0,10.0,2.0,3.0,3.0,Republican,Female,BA+,18-29,3.0
Control (unrelated text),3.0,81.0,2.0,2.0,2.0,2.0,2.0,4.0,8.0,9.0,2.0,3.0,2.0,Republican,Female,No degree,30-44,3.0
Scientific consensus,2.0,90.0,1.0,1.0,3.0,1.0,3.0,2.0,9.0,7.0,2.0,2.0,1.0,Republican,Female,Some college,18-29,2.0
Scientific consensus,1.0,90.0,1.0,2.0,1.0,2.0,1.0,2.0,6.0,5.0,2.0,2.0,2.0,Republican,Male,BA+,30-44,2.0
Control (unrelated text),3.0,90.0,3.0,4.0,1.0,3.0,2.0,4.0,12.0,10.0,3.0,3.0,3.0,Republican,Female,BA+,30-44,3.0
Control (unrelated text),1.0,91.0,1.0,2.0,2.0,2.0,2.0,3.0,12.0,8.0,3.0,2.0,1.0,Republican,Male,No degree,18-29,3.0
Causal evidence,2.0,80.0,2.0,1.0,2.0,1.0,2.0,3.0,11.0,10.0,2.0,2.0,3.0,Republican,Female,Some college,30-44,2.0
Scientific consensus,2.0,97.0,2.0,2.0,2.0,1.0,1.0,2.0,11.0,10.0,2.0,2.0,2.0,Republican,Male,Some college,45-59,1.0
Scientific consensus,4.0,97.0,1.0,2.0,1.0,2.0,1.0,5.0,12.0,10.0,3.0,4.0,3.0,Republican,Male,No degree,30-44,1.0
Scientific consensus,1.0,97.0,1.0,1.0,1.0,1.0,1.0,1.0,7.0,7.0,1.0,2.0,2.0,Republican,Female,BA+,45-59,2.0
Causal evidence,1.0,92.0,1.0,1.0,2.0,1.0,2.0,2.0,12.0,10.0,2.0,1.0,1.0,Republican,Male,No degree,30-44,2.0
Causal evidence,1.0,50.0,2.0,2.0,2.0,2.0,2.0,3.0,9.0,5.0,3.0,1.0,2.0,Republican,Female,No degree,30-44,2.0
Causal evidence,2.0,40.0,2.0,3.0,2.0,3.0,3.0,3.0,11.0,7.0,3.0,2.0,3.0,Republican,Male,BA+,30-44,2.0
Control (unrelated text),2.0,92.0,2.0,1.0,2.0,2.0,2.0,2.0,11.0,7.0,1.0,2.0,2.0,Republican,Female,BA+,45-59,3.0
Scientific consensus,2.0,78.0,1.0,1.0,2.0,1.0,2.0,1.0,7.0,5.0,2.0,2.0,1.0,Republican,Male,BA+,30-44,2.0
Causal evidence,2.0,77.0,2.0,1.0,2.0,2.0,3.0,2.0,9.0,9.0,2.0,2.0,2.0,Independent,Male,Some college,18-29,2.0
Scientific consensus,1.0,97.0,1.0,1.0,3.0,1.0,2.0,1.0,7.0,5.0,2.0,1.0,1.0,Republican,Male,BA+,45-59,1.0
Control (unrelated text),2.0,95.0,1.0,2.0,1.0,1.0,2.0,2.0,7.0,5.0,1.0,1.0,1.0,Republican,Female,BA+,18-29,2.0
Scientific consensus,1.0,97.0,1.0,1.0,3.0,1.0,3.0,1.0,8.0,5.0,2.0,2.0,1.0,Republican,Male,No degree,30-44,1.0
Causal evidence,1.0,90.0,1.0,1.0,3.0,1.0,3.0,1.0,9.0,5.0,1.0,1.0,1.0,Independent,Male,No degree,30-44,2.0
Control (unrelated text),2.0,61.0,1.0,1.0,3.0,1.0,2.0,2.0,8.0,7.0,1.0,2.0,1.0,Republican,Female,BA+,30-44,3.0
Control (unrelated text),2.0,90.0,2.0,2.0,2.0,2.0,2.0,2.0,10.0,6.0,2.0,2.0,2.0,Republican,Male,No degree,30-44,3.0
Scientific consensus,1.0,100.0,1.0,1.0,3.0,1.0,3.0,1.0,6.0,4.0,1.0,1.0,1.0,Republican,Male,BA+,45-59,1.0
Scientific consensus,2.0,90.0,2.0,2.0,2.0,2.0,2.0,2.0,9.0,7.0,2.0,3.0,3.0,Republican,Female,BA+,30-44,1.0
Causal evidence,3.0,76.0,1.0,1.0,3.0,1.0,3.0,2.0,10.0,9.0,2.0,3.0,1.0,Republican,Female,No degree,30-44,2.0
Causal evidence,2.0,60.0,3.0,3.0,1.0,3.0,2.0,5.0,12.0,10.0,3.0,2.0,3.0,Republican,Female,No degree,30-44,2.0
Causal evidence,4.0,80.0,1.0,3.0,2.0,2.0,2.0,5.0,11.0,7.0,4.0,4.0,2.0,Republican,Female,No degree,60+,2.0
Control (unrelated text),2.0,100.0,2.0,1.0,1.0,1.0,3.0,2.0,12.0,10.0,2.0,1.0,2.0,Republican,Female,No degree,60+,3.0
Causal evidence,2.0,70.0,1.0,1.0,2.0,2.0,3.0,2.0,9.0,7.0,2.0,2.0,1.0,Republican,Female,BA+,30-44,2.0
Causal evidence,2.0,80.0,1.0,1.0,3.0,1.0,3.0,1.0,7.0,5.0,1.0,2.0,2.0,Republican,Female,No degree,30-44,2.0
Scientific consensus,3.0,71.0,1.0,1.0,2.0,1.0,2.0,2.0,9.0,10.0,3.0,3.0,2.0,Republican,Female,BA+,30-44,2.0
Causal evidence,4.0,81.0,3.0,4.0,1.0,3.0,1.0,5.0,12.0,10.0,4.0,4.0,3.0,Republican,Male,BA+,60+,2.0
Scientific consensus,2.0,97.0,1.0,1.0,2.0,1.0,3.0,2.0,11.0,8.0,2.0,2.0,2.0,Republican,Female,Some college,45-59,2.0
Causal evidence,2.0,66.0,1.0,2.0,2.0,2.0,2.0,2.0,8.0,5.0,2.0,2.0,2.0,Republican,Female,BA+,45-59,2.0
Control (unrelated text),3.0,71.0,3.0,3.0,1.0,3.0,1.0,5.0,12.0,10.0,4.0,3.0,3.0,Republican,Male,Some college,30-44,3.0
Causal evidence,2.0,82.0,2.0,2.0,2.0,2.0,2.0,2.0,12.0,7.0,2.0,2.0,3.0,Republican,Male,BA+,60+,2.0
Scientific consensus,1.0,97.0,3.0,3.0,1.0,3.0,1.0,3.0,12.0,10.0,4.0,1.0,3.0,Republican,Male,BA+,30-44,1.0
Control (unrelated text),1.0,95.0,1.0,1.0,3.0,1.0,3.0,1.0,8.0,5.0,1.0,1.0,1.0,Republican,Male,BA+,45-59,3.0
Causal evidence,2.0,61.0,2.0,2.0,2.0,3.0,1.0,3.0,8.0,8.0,2.0,3.0,2.0,Independent,Female,No degree,45-59,2.0
Scientific consensus,2.0,82.0,1.0,2.0,2.0,2.0,3.0,2.0,9.0,7.0,2.0,2.0,2.0,Republican,Female,No degree,30-44,2.0
Causal evidence,1.0,97.0,1.0,1.0,2.0,1.0,2.0,1.0,7.0,5.0,1.0,1.0,1.0,Republican,Female,BA+,30-44,2.0
Control (unrelated text),2.0,29.0,3.0,2.0,2.0,2.0,2.0,3.0,9.0,9.0,4.0,2.0,3.0,Republican,Female,BA+,30-44,3.0
Causal evidence,2.0,82.0,1.0,1.0,1.0,1.0,2.0,1.0,6.0,4.0,1.0,2.0,1.0,Republican,Male,BA+,18-29,2.0
Control (unrelated text),3.0,69.0,3.0,3.0,1.0,3.0,1.0,5.0,12.0,10.0,4.0,4.0,3.0,Republican,Female,Some college,45-59,3.0
Scientific consensus,3.0,97.0,3.0,2.0,1.0,3.0,2.0,4.0,12.0,10.0,4.0,3.0,3.0,Republican,Male,BA+,30-44,1.0
Scientific consensus,2.0,75.0,1.0,2.0,3.0,2.0,3.0,2.0,7.0,4.0,2.0,2.0,1.0,Republican,Female,No degree,45-59,1.0
Control (unrelated text),3.0,70.0,2.0,3.0,2.0,3.0,2.0,3.0,9.0,9.0,3.0,3.0,2.0,Republican,Female,BA+,60+,3.0
Control (unrelated text),2.0,78.0,2.0,1.0,2.0,1.0,1.0,2.0,10.0,8.0,3.0,2.0,2.0,Republican,Female,BA+,30-44,3.0
Scientific consensus,4.0,60.0,1.0,4.0,2.0,2.0,2.0,3.0,12.0,10.0,4.0,4.0,2.0,Republican,Female,Some college,30-44,1.0
Control (unrelated text),3.0,71.0,2.0,3.0,2.0,2.0,2.0,3.0,12.0,9.0,3.0,3.0,2.0,Republican,Female,BA+,60+,3.0
Causal evidence,4.0,39.0,3.0,4.0,1.0,3.0,1.0,5.0,12.0,10.0,4.0,4.0,3.0,Republican,Male,BA+,45-59,1.0
Control (unrelated text),1.0,100.0,1.0,1.0,1.0,1.0,1.0,1.0,6.0,4.0,1.0,1.0,1.0,Independent,Female,BA+,30-44,3.0
Control (unrelated text),3.0,75.0,2.0,2.0,2.0,2.0,3.0,5.0,12.0,10.0,4.0,3.0,2.0,Republican,Female,BA+,30-44,3.0
Control (unrelated text),2.0,90.0,2.0,2.0,2.0,2.0,2.0,2.0,9.0,7.0,2.0,2.0,2.0,Republican,Male,BA+,18-29,3.0
Causal evidence,3.0,30.0,3.0,2.0,1.0,2.0,2.0,3.0,11.0,9.0,3.0,3.0,3.0,Democrat,Female,No degree,45-59,2.0
Control (unrelated text),1.0,81.0,1.0,1.0,3.0,1.0,3.0,1.0,10.0,6.0,2.0,1.0,1.0,Republican,Female,BA+,30-44,3.0
Scientific consensus,3.0,97.0,2.0,2.0,2.0,2.0,2.0,5.0,12.0,10.0,4.0,4.0,2.0,Republican,Male,BA+,45-59,1.0
Control (unrelated text),4.0,19.0,3.0,3.0,2.0,4.0,1.0,5.0,12.0,10.0,4.0,4.0,3.0,Republican,Male,BA+,45-59,3.0
Scientific consensus,3.0,76.0,1.0,1.0,2.0,2.0,2.0,2.0,9.0,7.0,2.0,2.0,1.0,Republican,Female,No degree,18-29,2.0
Control (unrelated text),1.0,90.0,1.0,1.0,2.0,1.0,1.0,1.0,6.0,5.0,2.0,1.0,1.0,Republican,Female,BA+,30-44,3.0
Causal evidence,2.0,80.0,1.0,1.0,2.0,1.0,2.0,2.0,8.0,6.0,2.0,2.0,1.0,Republican,Female,No degree,45-59,2.0
Causal evidence,1.0,90.0,1.0,1.0,3.0,1.0,3.0,1.0,7.0,5.0,2.0,1.0,1.0,Republican,Male,BA+,30-44,2.0
Scientific consensus,4.0,97.0,3.0,3.0,1.0,3.0,1.0,5.0,12.0,10.0,4.0,4.0,3.0,Republican,Male,No degree,30-44,1.0
Scientific consensus,1.0,97.0,1.0,1.0,3.0,1.0,3.0,1.0,6.0,4.0,1.0,1.0,1.0,Republican,Female,No degree,30-44,1.0
Causal evidence,3.0,59.0,1.0,1.0,3.0,1.0,3.0,1.0,7.0,7.0,2.0,3.0,1.0,Republican,Female,Some college,30-44,2.0
Scientific consensus,2.0,97.0,3.0,2.0,4.0,2.0,2.0,3.0,12.0,10.0,4.0,2.0,3.0,Republican,Female,No degree,45-59,1.0
Scientific consensus,3.0,97.0,2.0,3.0,1.0,2.0,1.0,5.0,12.0,10.0,4.0,3.0,2.0,Republican,Male,No degree,45-59,1.0
Causal evidence,2.0,90.0,1.0,1.0,3.0,1.0,3.0,3.0,12.0,10.0,4.0,2.0,1.0,Republican,Male,BA+,30-44,2.0
Causal evidence,3.0,70.0,3.0,2.0,1.0,2.0,2.0,4.0,12.0,10.0,4.0,3.0,3.0,Republican,Female,BA+,30-44,2.0
Control (unrelated text),3.0,57.0,2.0,3.0,2.0,3.0,2.0,3.0,11.0,9.0,2.0,3.0,2.0,Republican,Female,BA+,30-44,3.0
Control (unrelated text),2.0,36.0,3.0,2.0,1.0,2.0,1.0,3.0,11.0,9.0,3.0,2.0,3.0,Republican,Female,BA+,30-44,3.0
Control (unrelated text),3.0,60.0,3.0,2.0,1.0,2.0,2.0,3.0,11.0,9.0,3.0,2.0,3.0,Republican,Male,BA+,45-59,3.0
Scientific consensus,2.0,93.0,3.0,2.0,1.0,3.0,3.0,3.0,9.0,7.0,2.0,3.0,2.0,Republican,Female,BA+,30-44,1.0
Causal evidence,2.0,68.0,2.0,2.0,2.0,2.0,1.0,3.0,8.0,6.0,2.0,2.0,2.0,Republican,Male,Some college,30-44,2.0
Scientific consensus,1.0,100.0,1.0,1.0,3.0,1.0,2.0,1.0,9.0,5.0,2.0,1.0,1.0,Republican,Female,No degree,45-59,2.0
Scientific consensus,4.0,97.0,3.0,3.0,1.0,3.0,3.0,3.0,10.0,9.0,3.0,4.0,3.0,Republican,Male,No degree,45-59,1.0
Control (unrelated text),1.0,92.0,1.0,1.0,3.0,2.0,3.0,1.0,6.0,4.0,1.0,1.0,1.0,Democrat,Female,BA+,45-59,3.0
Scientific consensus,2.0,27.0,3.0,3.0,2.0,3.0,2.0,2.0,8.0,7.0,2.0,2.0,3.0,Republican,Female,BA+,30-44,2.0
Control (unrelated text),1.0,85.0,1.0,1.0,2.0,2.0,2.0,1.0,11.0,5.0,2.0,1.0,1.0,Republican,Female,BA+,60+,3.0
Scientific consensus,2.0,95.0,2.0,1.0,1.0,1.0,1.0,2.0,9.0,7.0,2.0,2.0,2.0,Republican,Female,BA+,30-44,1.0
Causal evidence,3.0,95.0,3.0,3.0,1.0,3.0,2.0,3.0,12.0,10.0,3.0,3.0,3.0,Republican,Male,Some college,45-59,2.0
Control (unrelated text),2.0,80.0,1.0,2.0,3.0,2.0,2.0,3.0,9.0,5.0,2.0,2.0,1.0,Republican,Female,No degree,45-59,3.0
Control (unrelated text),2.0,80.0,2.0,2.0,2.0,2.0,2.0,4.0,12.0,10.0,2.0,2.0,2.0,Republican,Female,BA+,60+,3.0
Control (unrelated text),4.0,70.0,3.0,3.0,1.0,3.0,1.0,3.0,12.0,10.0,4.0,4.0,3.0,Republican,Male,BA+,18-29,3.0
Causal evidence,3.0,75.0,1.0,2.0,1.0,2.0,2.0,3.0,12.0,9.0,2.0,2.0,2.0,Republican,Female,Some college,60+,2.0
Causal evidence,2.0,75.0,1.0,2.0,3.0,2.0,3.0,1.0,9.0,7.0,2.0,1.0,1.0,Republican,Female,BA+,30-44,2.0
Causal evidence,4.0,90.0,2.0,3.0,1.0,3.0,1.0,3.0,12.0,10.0,3.0,4.0,3.0,Republican,Female,BA+,60+,2.0
Scientific consensus,1.0,97.0,1.0,1.0,2.0,1.0,2.0,1.0,6.0,4.0,1.0,1.0,1.0,Republican,Female,BA+,45-59,1.0
Scientific consensus,4.0,0.0,3.0,4.0,1.0,4.0,1.0,5.0,12.0,10.0,4.0,4.0,3.0,Republican,Male,BA+,60+,2.0
Scientific consensus,4.0,97.0,3.0,2.0,1.0,2.0,1.0,4.0,12.0,10.0,4.0,3.0,3.0,Republican,Female,BA+,30-44,1.0
Scientific consensus,1.0,97.0,1.0,1.0,4.0,1.0,4.0,1.0,6.0,4.0,1.0,1.0,1.0,Republican,Female,BA+,30-44,1.0
Scientific consensus,2.0,79.0,2.0,1.0,2.0,1.0,2.0,4.0,11.0,9.0,3.0,2.0,2.0,Republican,Female,BA+,45-59,1.0
Causal evidence,2.0,65.0,2.0,2.0,2.0,1.0,1.0,3.0,9.0,7.0,2.0,2.0,2.0,Republican,Female,BA+,30-44,2.0
Causal evidence,1.0,79.0,1.0,1.0,2.0,1.0,3.0,2.0,7.0,5.0,2.0,1.0,2.0,Republican,Female,BA+,18-29,2.0
Scientific consensus,2.0,75.0,2.0,2.0,2.0,2.0,2.0,2.0,9.0,5.0,2.0,2.0,2.0,Republican,Female,Some college,45-59,1.0
Causal evidence,2.0,80.0,2.0,2.0,1.0,2.0,2.0,3.0,8.0,7.0,2.0,2.0,2.0,Republican,Male,No degree,30-44,2.0
Scientific consensus,1.0,97.0,1.0,1.0,3.0,1.0,3.0,2.0,8.0,6.0,2.0,1.0,1.0,Republican,Male,BA+,30-44,1.0
Control (unrelated text),1.0,85.0,1.0,1.0,2.0,1.0,3.0,2.0,7.0,5.0,2.0,1.0,1.0,Republican,Male,No degree,30-44,3.0
Scientific consensus,3.0,97.0,1.0,2.0,1.0,2.0,1.0,5.0,12.0,10.0,3.0,4.0,2.0,Independent,Male,BA+,60+,1.0
Control (unrelated text),2.0,85.0,2.0,2.0,2.0,2.0,2.0,3.0,12.0,10.0,2.0,2.0,2.0,Republican,Male,BA+,45-59,3.0
Causal evidence,3.0,65.0,1.0,3.0,1.0,1.0,1.0,5.0,12.0,10.0,4.0,3.0,3.0,Republican,Female,No degree,60+,2.0
Control (unrelated text),1.0,61.0,2.0,1.0,1.0,1.0,2.0,1.0,6.0,4.0,2.0,1.0,2.0,Democrat,Female,No degree,30-44,3.0
Control (unrelated text),2.0,71.0,1.0,1.0,1.0,2.0,1.0,1.0,6.0,4.0,1.0,2.0,1.0,Democrat,Male,BA+,30-44,3.0
Control (unrelated text),4.0,50.0,3.0,3.0,1.0,4.0,1.0,5.0,12.0,10.0,4.0,4.0,3.0,Republican,Male,BA+,30-44,3.0
Causal evidence,3.0,90.0,3.0,3.0,1.0,3.0,3.0,5.0,12.0,10.0,4.0,3.0,3.0,Republican,Female,BA+,45-59,2.0
Control (unrelated text),1.0,91.0,3.0,2.0,1.0,1.0,1.0,1.0,8.0,8.0,2.0,1.0,2.0,Republican,Male,No degree,45-59,3.0
Causal evidence,2.0,80.0,1.0,1.0,2.0,2.0,3.0,2.0,9.0,8.0,2.0,2.0,1.0,Republican,Male,BA+,45-59,2.0
Scientific consensus,2.0,59.0,1.0,2.0,2.0,1.0,2.0,3.0,9.0,7.0,2.0,2.0,1.0,Republican,Female,BA+,30-44,2.0
Causal evidence,1.0,95.0,1.0,1.0,3.0,1.0,3.0,1.0,7.0,5.0,1.0,1.0,1.0,Republican,Male,BA+,45-59,2.0
Control (unrelated text),3.0,30.0,1.0,1.0,2.0,2.0,2.0,2.0,7.0,7.0,2.0,3.0,1.0,Republican,Female,BA+,30-44,2.0
Scientific consensus,1.0,97.0,1.0,1.0,3.0,1.0,3.0,1.0,8.0,5.0,1.0,1.0,1.0,Republican,Female,BA+,30-44,1.0
Scientific consensus,1.0,97.0,1.0,1.0,4.0,1.0,4.0,1.0,6.0,4.0,1.0,1.0,1.0,Republican,Male,BA+,30-44,1.0
Scientific consensus,3.0,97.0,1.0,1.0,2.0,1.0,2.0,2.0,11.0,9.0,2.0,3.0,1.0,Republican,Male,BA+,45-59,1.0
Scientific consensus,4.0,97.0,3.0,4.0,1.0,3.0,1.0,5.0,12.0,10.0,4.0,4.0,3.0,Republican,Male,BA+,30-44,1.0
Causal evidence,1.0,92.0,1.0,1.0,2.0,1.0,2.0,2.0,11.0,7.0,2.0,2.0,1.0,Republican,Male,BA+,18-29,2.0
Causal evidence,3.0,80.0,2.0,2.0,2.0,2.0,2.0,1.0,7.0,5.0,2.0,3.0,2.0,Republican,Female,BA+,30-44,2.0
Causal evidence,1.0,98.0,1.0,1.0,3.0,1.0,4.0,1.0,6.0,4.0,1.0,1.0,1.0,Republican,Female,No degree,30-44,2.0
Causal evidence,2.0,85.0,1.0,1.0,1.0,2.0,1.0,1.0,9.0,6.0,1.0,2.0,1.0,Republican,Female,Some college,30-44,2.0
Causal evidence,3.0,70.0,2.0,2.0,1.0,2.0,2.0,3.0,12.0,9.0,2.0,2.0,2.0,Republican,Male,BA+,30-44,2.0
Control (unrelated text),3.0,96.0,3.0,3.0,1.0,3.0,1.0,3.0,12.0,10.0,3.0,3.0,3.0,Republican,Male,BA+,45-59,3.0
Control (unrelated text),1.0,75.0,1.0,1.0,2.0,2.0,3.0,1.0,9.0,4.0,1.0,2.0,1.0,Independent,Female,No degree,18-29,3.0
Scientific consensus,2.0,75.0,1.0,2.0,1.0,2.0,1.0,2.0,7.0,6.0,2.0,2.0,2.0,Republican,Female,Some college,30-44,1.0
Control (unrelated text),2.0,77.0,1.0,2.0,2.0,1.0,1.0,2.0,9.0,8.0,3.0,2.0,1.0,Republican,Female,No degree,30-44,3.0
Causal evidence,4.0,97.0,3.0,4.0,2.0,4.0,2.0,5.0,12.0,10.0,4.0,4.0,3.0,Republican,Male,BA+,30-44,2.0
Scientific consensus,2.0,97.0,1.0,1.0,3.0,1.0,2.0,1.0,7.0,5.0,1.0,2.0,1.0,Republican,Male,BA+,45-59,2.0
Control (unrelated text),2.0,96.0,2.0,2.0,2.0,1.0,2.0,2.0,7.0,6.0,2.0,2.0,2.0,Republican,Male,No degree,18-29,3.0
Causal evidence,2.0,85.0,1.0,2.0,2.0,2.0,2.0,3.0,8.0,8.0,3.0,2.0,2.0,Republican,Male,BA+,30-44,2.0
Causal evidence,1.0,100.0,1.0,1.0,3.0,1.0,4.0,1.0,6.0,4.0,1.0,1.0,1.0,Democrat,Female,No degree,18-29,2.0
Control (unrelated text),2.0,33.0,1.0,1.0,2.0,1.0,1.0,2.0,7.0,5.0,1.0,2.0,1.0,Republican,Female,Some college,30-44,3.0
Control (unrelated text),2.0,70.0,1.0,1.0,3.0,1.0,3.0,3.0,11.0,10.0,2.0,2.0,1.0,Republican,Female,No degree,30-44,3.0
Control (unrelated text),2.0,59.0,2.0,2.0,2.0,2.0,2.0,3.0,10.0,9.0,3.0,2.0,2.0,Republican,Female,BA+,45-59,3.0
Scientific consensus,2.0,81.0,1.0,1.0,3.0,1.0,3.0,1.0,6.0,4.0,1.0,2.0,1.0,Independent,Male,No degree,18-29,1.0
Control (unrelated text),3.0,60.0,3.0,3.0,1.0,3.0,1.0,3.0,10.0,9.0,2.0,3.0,3.0,Republican,Male,No degree,45-59,3.0
Causal evidence,2.0,82.0,1.0,1.0,3.0,1.0,3.0,2.0,7.0,5.0,2.0,2.0,1.0,Republican,Female,Some college,30-44,2.0
Scientific consensus,2.0,61.0,2.0,2.0,2.0,2.0,2.0,3.0,9.0,7.0,2.0,2.0,2.0,Republican,Male,Some college,45-59,2.0
Scientific consensus,3.0,93.0,3.0,3.0,1.0,3.0,2.0,3.0,8.0,7.0,3.0,2.0,3.0,Republican,Male,BA+,60+,1.0
Scientific consensus,2.0,83.0,1.0,1.0,1.0,1.0,3.0,1.0,6.0,5.0,1.0,2.0,1.0,Republican,Male,BA+,30-44,1.0
Control (unrelated text),1.0,92.0,1.0,1.0,2.0,1.0,2.0,2.0,8.0,6.0,3.0,1.0,1.0,Republican,Female,BA+,30-44,3.0
Control (unrelated text),2.0,75.0,1.0,2.0,2.0,2.0,3.0,3.0,8.0,8.0,2.0,2.0,1.0,Republican,Male,BA+,18-29,3.0
Causal evidence,2.0,67.0,1.0,1.0,3.0,2.0,3.0,3.0,9.0,8.0,2.0,2.0,1.0,Republican,Female,BA+,30-44,2.0
Causal evidence,2.0,82.0,1.0,1.0,2.0,1.0,2.0,1.0,8.0,7.0,2.0,2.0,1.0,Republican,Female,No degree,30-44,2.0
Causal evidence,4.0,70.0,3.0,3.0,1.0,3.0,2.0,5.0,12.0,10.0,4.0,4.0,3.0,Republican,Male,No degree,30-44,2.0
Control (unrelated text),1.0,90.0,1.0,1.0,2.0,1.0,2.0,1.0,9.0,4.0,1.0,1.0,1.0,Independent,Male,BA+,18-29,3.0
Scientific consensus,1.0,97.0,1.0,1.0,3.0,1.0,3.0,1.0,6.0,4.0,1.0,1.0,1.0,Republican,Male,BA+,60+,2.0
Control (unrelated text),3.0,56.0,2.0,3.0,2.0,3.0,2.0,3.0,12.0,10.0,4.0,3.0,2.0,Republican,Male,No degree,30-44,3.0
Scientific consensus,4.0,97.0,3.0,3.0,1.0,3.0,2.0,3.0,12.0,10.0,4.0,4.0,3.0,Republican,Female,No degree,60+,1.0
Scientific consensus,3.0,97.0,2.0,3.0,3.0,2.0,3.0,3.0,12.0,10.0,3.0,4.0,2.0,Republican,Female,No degree,60+,1.0
Control (unrelated text),3.0,65.0,2.0,3.0,2.0,2.0,2.0,3.0,12.0,10.0,3.0,3.0,2.0,Republican,Female,BA+,30-44,3.0
Scientific consensus,1.0,97.0,1.0,1.0,3.0,1.0,3.0,1.0,8.0,5.0,1.0,1.0,1.0,Republican,Male,No degree,45-59,1.0
Causal evidence,2.0,94.0,1.0,1.0,1.0,1.0,1.0,3.0,6.0,4.0,1.0,2.0,1.0,Republican,Female,BA+,30-44,2.0
Scientific consensus,2.0,95.0,1.0,1.0,3.0,1.0,3.0,3.0,10.0,7.0,3.0,2.0,1.0,Republican,Male,BA+,45-59,1.0
Control (unrelated text),2.0,65.0,2.0,2.0,3.0,2.0,3.0,2.0,8.0,6.0,2.0,2.0,2.0,Republican,Male,BA+,18-29,3.0
Causal evidence,3.0,86.0,1.0,1.0,3.0,1.0,3.0,2.0,10.0,5.0,2.0,3.0,1.0,Republican,Female,BA+,45-59,1.0
Causal evidence,2.0,67.0,1.0,2.0,2.0,2.0,2.0,2.0,11.0,7.0,2.0,2.0,2.0,Republican,Female,Some college,30-44,2.0
Control (unrelated text),2.0,80.0,3.0,3.0,1.0,2.0,2.0,4.0,12.0,9.0,4.0,2.0,3.0,Republican,Male,BA+,30-44,3.0
Control (unrelated text),3.0,90.0,3.0,3.0,1.0,3.0,1.0,3.0,12.0,10.0,4.0,3.0,3.0,Republican,Male,BA+,30-44,3.0
Scientific consensus,3.0,97.0,3.0,3.0,1.0,3.0,1.0,4.0,12.0,10.0,4.0,3.0,3.0,Republican,Male,No degree,18-29,1.0
Scientific consensus,2.0,97.0,1.0,2.0,1.0,1.0,2.0,3.0,8.0,7.0,3.0,2.0,2.0,Republican,Female,BA+,30-44,1.0
Control (unrelated text),2.0,75.0,3.0,2.0,1.0,2.0,2.0,3.0,12.0,8.0,3.0,2.0,3.0,Republican,Female,No degree,60+,3.0
Scientific consensus,2.0,97.0,2.0,2.0,2.0,2.0,2.0,3.0,12.0,10.0,2.0,3.0,2.0,Republican,Male,Some college,30-44,1.0
Causal evidence,3.0,65.0,3.0,3.0,2.0,3.0,2.0,4.0,12.0,10.0,3.0,3.0,2.0,Republican,Male,BA+,45-59,2.0
Causal evidence,2.0,63.0,1.0,2.0,3.0,2.0,3.0,3.0,11.0,9.0,3.0,3.0,2.0,Republican,Female,BA+,60+,2.0
Control (unrelated text),1.0,81.0,1.0,1.0,2.0,1.0,2.0,2.0,9.0,7.0,2.0,1.0,1.0,Democrat,Female,No degree,30-44,3.0
Control (unrelated text),2.0,,2.0,1.0,2.0,1.0,2.0,1.0,7.0,7.0,1.0,2.0,1.0,Republican,Male,BA+,30-44,3.0
Causal evidence,1.0,75.0,1.0,1.0,2.0,1.0,2.0,1.0,6.0,4.0,1.0,2.0,1.0,Republican,Female,BA+,30-44,2.0
Control (unrelated text),3.0,40.0,3.0,3.0,1.0,2.0,2.0,5.0,11.0,9.0,3.0,3.0,3.0,Republican,Female,No degree,45-59,3.0
Causal evidence,3.0,75.0,3.0,3.0,1.0,2.0,1.0,5.0,12.0,9.0,4.0,3.0,3.0,Republican,Male,BA+,45-59,2.0
Scientific consensus,1.0,81.0,1.0,1.0,2.0,1.0,1.0,1.0,7.0,5.0,2.0,1.0,1.0,Democrat,Female,No degree,18-29,1.0
Scientific consensus,2.0,97.0,1.0,1.0,3.0,1.0,2.0,1.0,8.0,4.0,2.0,2.0,1.0,Republican,Male,BA+,18-29,1.0
Scientific consensus,2.0,97.0,2.0,2.0,2.0,2.0,2.0,4.0,12.0,10.0,3.0,3.0,2.0,Republican,Female,No degree,45-59,1.0
Causal evidence,4.0,40.0,3.0,3.0,1.0,3.0,2.0,3.0,12.0,10.0,4.0,4.0,3.0,Republican,Female,BA+,30-44,2.0
Control (unrelated text),2.0,82.0,2.0,1.0,1.0,1.0,1.0,2.0,8.0,6.0,2.0,2.0,2.0,Republican,Female,BA+,45-59,3.0
Control (unrelated text),2.0,68.0,1.0,2.0,3.0,2.0,3.0,4.0,10.0,8.0,2.0,2.0,1.0,Republican,Female,BA+,45-59,3.0
Causal evidence,2.0,88.0,1.0,1.0,2.0,1.0,2.0,2.0,10.0,7.0,2.0,2.0,2.0,Republican,Male,BA+,30-44,2.0
Causal evidence,2.0,70.0,1.0,2.0,2.0,2.0,2.0,3.0,10.0,8.0,4.0,2.0,2.0,Republican,Female,Some college,60+,2.0
Scientific consensus,2.0,53.0,2.0,1.0,2.0,1.0,1.0,2.0,8.0,9.0,2.0,2.0,2.0,Republican,Female,BA+,45-59,2.0
Control (unrelated text),3.0,71.0,2.0,2.0,1.0,2.0,1.0,3.0,9.0,7.0,2.0,3.0,2.0,Republican,Male,No degree,45-59,3.0
Causal evidence,1.0,100.0,1.0,2.0,3.0,1.0,3.0,1.0,7.0,5.0,1.0,2.0,2.0,Republican,Female,No degree,45-59,2.0
Causal evidence,1.0,85.0,1.0,1.0,4.0,1.0,4.0,1.0,9.0,10.0,1.0,2.0,2.0,Republican,Male,BA+,60+,2.0
Control (unrelated text),3.0,85.0,3.0,4.0,1.0,3.0,2.0,4.0,12.0,10.0,4.0,3.0,3.0,Republican,Female,No degree,30-44,3.0
Control (unrelated text),2.0,85.0,2.0,2.0,3.0,2.0,2.0,2.0,9.0,6.0,2.0,2.0,2.0,Republican,Male,BA+,30-44,3.0
Scientific consensus,2.0,97.0,2.0,2.0,2.0,1.0,1.0,4.0,12.0,10.0,3.0,2.0,2.0,Republican,Male,BA+,30-44,1.0
Scientific consensus,2.0,97.0,1.0,2.0,3.0,1.0,3.0,3.0,10.0,8.0,2.0,2.0,1.0,Republican,Male,BA+,45-59,1.0
Scientific consensus,2.0,80.0,1.0,1.0,3.0,1.0,2.0,2.0,9.0,7.0,2.0,2.0,1.0,Republican,Female,BA+,45-59,2.0
Control (unrelated text),2.0,82.0,1.0,1.0,3.0,1.0,2.0,1.0,8.0,5.0,1.0,2.0,1.0,Republican,Female,BA+,30-44,3.0
Control (unrelated text),3.0,80.0,2.0,2.0,2.0,2.0,2.0,3.0,9.0,7.0,2.0,3.0,2.0,Republican,Female,BA+,30-44,3.0
Control (unrelated text),2.0,50.0,3.0,3.0,1.0,3.0,2.0,4.0,12.0,9.0,3.0,2.0,3.0,Republican,Male,BA+,45-59,3.0
Scientific consensus,2.0,70.0,1.0,2.0,2.0,2.0,2.0,3.0,9.0,7.0,3.0,3.0,2.0,Independent,Female,No degree,30-44,2.0
Scientific consensus,3.0,97.0,3.0,3.0,1.0,3.0,1.0,5.0,12.0,10.0,4.0,3.0,3.0,Republican,Female,No degree,60+,1.0
Scientific consensus,4.0,11.0,3.0,4.0,4.0,4.0,4.0,5.0,12.0,10.0,4.0,4.0,3.0,Republican,Female,BA+,45-59,1.0
Control (unrelated text),2.0,70.0,2.0,2.0,1.0,2.0,2.0,3.0,10.0,9.0,3.0,2.0,2.0,Republican,Female,BA+,30-44,3.0
Scientific consensus,3.0,90.0,2.0,3.0,2.0,2.0,2.0,4.0,10.0,9.0,3.0,3.0,2.0,Independent,Female,BA+,18-29,1.0
Causal evidence,2.0,83.0,2.0,2.0,2.0,2.0,1.0,4.0,11.0,8.0,4.0,2.0,2.0,Independent,Male,Some college,18-29,2.0
Control (unrelated text),2.0,80.0,1.0,2.0,2.0,1.0,1.0,2.0,9.0,8.0,2.0,2.0,2.0,Republican,Female,Some college,45-59,3.0
Scientific consensus,2.0,97.0,1.0,1.0,2.0,1.0,2.0,2.0,12.0,6.0,2.0,2.0,1.0,Republican,Female,BA+,45-59,1.0
Causal evidence,1.0,99.0,1.0,1.0,3.0,1.0,4.0,1.0,6.0,4.0,1.0,1.0,1.0,Democrat,Male,No degree,45-59,2.0
Scientific consensus,1.0,97.0,1.0,1.0,2.0,1.0,2.0,1.0,6.0,5.0,1.0,1.0,1.0,Independent,Male,BA+,30-44,1.0
Causal evidence,2.0,60.0,1.0,2.0,2.0,2.0,2.0,3.0,11.0,9.0,3.0,2.0,2.0,Republican,Female,BA+,30-44,2.0
Causal evidence,3.0,50.0,3.0,3.0,1.0,2.0,1.0,5.0,12.0,10.0,4.0,3.0,3.0,Republican,Male,BA+,30-44,2.0
Causal evidence,2.0,63.0,1.0,2.0,4.0,1.0,4.0,1.0,10.0,10.0,1.0,2.0,1.0,Republican,Male,No degree,30-44,2.0
Control (unrelated text),1.0,90.0,1.0,1.0,3.0,1.0,3.0,2.0,8.0,6.0,2.0,1.0,1.0,Independent,Female,BA+,30-44,3.0
Scientific consensus,4.0,97.0,3.0,4.0,1.0,4.0,1.0,5.0,12.0,10.0,4.0,4.0,3.0,Republican,Male,Some college,45-59,1.0
Control (unrelated text),2.0,87.0,1.0,1.0,2.0,2.0,2.0,2.0,9.0,5.0,2.0,2.0,1.0,Republican,Female,BA+,45-59,3.0
Control (unrelated text),2.0,75.0,2.0,2.0,2.0,2.0,2.0,4.0,11.0,8.0,3.0,2.0,2.0,Republican,Male,BA+,30-44,3.0
Causal evidence,2.0,61.0,1.0,1.0,2.0,1.0,2.0,1.0,7.0,5.0,2.0,2.0,2.0,Republican,Female,BA+,30-44,2.0
Scientific consensus,4.0,50.0,3.0,4.0,1.0,4.0,1.0,5.0,12.0,10.0,4.0,4.0,3.0,Republican,Male,BA+,45-59,1.0
Scientific consensus,1.0,95.0,2.0,1.0,1.0,1.0,1.0,3.0,10.0,7.0,3.0,1.0,2.0,Republican,Male,Some college,30-44,2.0
Scientific consensus,2.0,97.0,2.0,1.0,2.0,1.0,1.0,3.0,12.0,9.0,3.0,2.0,2.0,Republican,Male,BA+,30-44,1.0
Control (unrelated text),2.0,63.0,2.0,2.0,2.0,2.0,2.0,3.0,9.0,6.0,3.0,3.0,2.0,Republican,Female,BA+,45-59,3.0
Scientific consensus,2.0,30.0,2.0,2.0,1.0,2.0,1.0,3.0,9.0,8.0,3.0,2.0,2.0,Republican,Female,Some college,45-59,1.0
Scientific consensus,1.0,72.0,1.0,1.0,2.0,1.0,2.0,1.0,6.0,5.0,2.0,1.0,2.0,Republican,Female,BA+,45-59,1.0
Scientific consensus,1.0,97.0,1.0,1.0,3.0,1.0,3.0,2.0,8.0,5.0,2.0,2.0,1.0,Republican,Female,BA+,45-59,1.0
Control (unrelated text),3.0,65.0,1.0,2.0,2.0,2.0,2.0,3.0,12.0,9.0,3.0,3.0,1.0,Republican,Male,No degree,60+,3.0
Control (unrelated text),2.0,57.0,1.0,2.0,2.0,2.0,2.0,2.0,8.0,7.0,2.0,2.0,1.0,Republican,Female,BA+,45-59,3.0
Causal evidence,4.0,26.0,1.0,3.0,1.0,3.0,1.0,5.0,12.0,10.0,4.0,4.0,3.0,Republican,Female,BA+,45-59,2.0
Causal evidence,2.0,75.0,1.0,1.0,3.0,2.0,3.0,1.0,9.0,7.0,1.0,2.0,1.0,Independent,Male,No degree,18-29,2.0
Causal evidence,2.0,60.0,1.0,1.0,3.0,2.0,3.0,3.0,9.0,7.0,2.0,3.0,2.0,Republican,Female,Some college,60+,2.0
Causal evidence,2.0,64.0,1.0,2.0,2.0,2.0,2.0,2.0,9.0,7.0,2.0,2.0,1.0,Republican,Female,BA+,30-44,2.0
Scientific consensus,1.0,90.0,1.0,1.0,3.0,1.0,3.0,1.0,8.0,5.0,2.0,1.0,1.0,Republican,Male,BA+,45-59,1.0
Causal evidence,2.0,63.0,2.0,2.0,2.0,3.0,3.0,2.0,9.0,7.0,2.0,2.0,3.0,Republican,Female,Some college,30-44,2.0
Control (unrelated text),3.0,66.0,2.0,2.0,2.0,1.0,2.0,4.0,12.0,8.0,3.0,3.0,2.0,Republican,Male,No degree,18-29,3.0
Causal evidence,3.0,43.0,2.0,2.0,2.0,2.0,1.0,2.0,11.0,10.0,2.0,2.0,2.0,Republican,Female,No degree,45-59,2.0
Scientific consensus,1.0,90.0,1.0,1.0,3.0,1.0,3.0,1.0,6.0,4.0,1.0,1.0,1.0,Democrat,Female,No degree,45-59,2.0
Causal evidence,3.0,83.0,2.0,2.0,2.0,2.0,2.0,4.0,11.0,9.0,3.0,3.0,2.0,Republican,Female,Some college,30-44,2.0
Causal evidence,2.0,40.0,2.0,2.0,2.0,2.0,2.0,3.0,11.0,8.0,2.0,2.0,2.0,Republican,Male,BA+,45-59,2.0
Causal evidence,2.0,71.0,1.0,3.0,2.0,3.0,2.0,3.0,9.0,8.0,3.0,3.0,2.0,Republican,Female,BA+,18-29,1.0
Control (unrelated text),4.0,60.0,3.0,3.0,1.0,2.0,1.0,5.0,12.0,10.0,4.0,4.0,3.0,Republican,Male,BA+,45-59,3.0
Control (unrelated text),2.0,100.0,2.0,1.0,1.0,1.0,2.0,3.0,12.0,9.0,2.0,2.0,2.0,Republican,Male,BA+,30-44,3.0
Control (unrelated text),2.0,72.0,1.0,1.0,2.0,2.0,2.0,2.0,8.0,7.0,2.0,2.0,1.0,Republican,Female,No degree,30-44,3.0
Causal evidence,2.0,90.0,1.0,2.0,2.0,2.0,3.0,2.0,10.0,6.0,2.0,2.0,1.0,Republican,Male,BA+,30-44,2.0
Scientific consensus,2.0,94.0,1.0,1.0,3.0,1.0,3.0,1.0,7.0,7.0,1.0,2.0,1.0,Republican,Female,BA+,30-44,1.0
Control (unrelated text),1.0,75.0,2.0,3.0,2.0,2.0,2.0,2.0,8.0,8.0,2.0,2.0,2.0,Republican,Female,No degree,60+,3.0
Causal evidence,2.0,82.0,1.0,1.0,2.0,1.0,3.0,1.0,8.0,9.0,2.0,2.0,1.0,Republican,Female,BA+,45-59,2.0
Scientific consensus,3.0,90.0,1.0,2.0,3.0,1.0,2.0,2.0,10.0,8.0,2.0,3.0,2.0,Republican,Female,BA+,45-59,2.0
Causal evidence,1.0,75.0,1.0,1.0,3.0,1.0,4.0,1.0,6.0,5.0,1.0,1.0,1.0,Republican,Male,No degree,30-44,2.0
Scientific consensus,1.0,97.0,1.0,1.0,2.0,1.0,2.0,1.0,8.0,5.0,2.0,2.0,1.0,Republican,Male,BA+,60+,1.0
Causal evidence,1.0,75.0,1.0,1.0,4.0,1.0,3.0,1.0,11.0,5.0,2.0,2.0,1.0,Republican,Male,BA+,60+,2.0
Causal evidence,1.0,98.0,1.0,1.0,3.0,1.0,3.0,1.0,7.0,5.0,1.0,2.0,1.0,Republican,Male,No degree,45-59,2.0
Causal evidence,2.0,50.0,3.0,2.0,1.0,2.0,2.0,4.0,11.0,8.0,3.0,2.0,3.0,Republican,Male,BA+,30-44,2.0
Control (unrelated text),1.0,92.0,1.0,1.0,3.0,1.0,3.0,1.0,6.0,4.0,2.0,1.0,1.0,Republican,Female,BA+,60+,3.0
Scientific consensus,2.0,97.0,3.0,1.0,1.0,1.0,2.0,3.0,10.0,8.0,3.0,2.0,3.0,Republican,Male,BA+,30-44,1.0
Control (unrelated text),2.0,61.0,3.0,3.0,2.0,2.0,2.0,3.0,9.0,7.0,3.0,2.0,3.0,Republican,Female,Some college,30-44,3.0
Scientific consensus,3.0,97.0,1.0,2.0,2.0,2.0,1.0,4.0,12.0,10.0,4.0,3.0,3.0,Republican,Male,No degree,18-29,1.0
Control (unrelated text),2.0,70.0,3.0,2.0,1.0,2.0,1.0,3.0,12.0,10.0,3.0,3.0,3.0,Republican,Female,No degree,45-59,3.0
Control (unrelated text),2.0,73.0,1.0,1.0,3.0,2.0,3.0,2.0,8.0,6.0,2.0,2.0,1.0,Republican,Male,BA+,45-59,3.0
Control (unrelated text),1.0,96.0,1.0,1.0,3.0,1.0,3.0,2.0,9.0,6.0,2.0,1.0,1.0,Republican,Female,BA+,45-59,3.0
Scientific consensus,1.0,97.0,1.0,2.0,2.0,1.0,3.0,1.0,10.0,7.0,2.0,1.0,2.0,Republican,Male,Some college,18-29,1.0
Causal evidence,3.0,74.0,3.0,3.0,2.0,2.0,2.0,3.0,9.0,7.0,3.0,3.0,3.0,Republican,Female,BA+,45-59,2.0
Control (unrelated text),1.0,69.0,1.0,1.0,3.0,1.0,2.0,1.0,7.0,4.0,1.0,1.0,1.0,Democrat,Male,BA+,45-59,3.0
Control (unrelated text),3.0,74.0,2.0,3.0,2.0,3.0,2.0,3.0,9.0,7.0,3.0,3.0,2.0,Republican,Female,BA+,45-59,3.0
Causal evidence,4.0,43.0,3.0,3.0,1.0,3.0,1.0,5.0,12.0,10.0,4.0,4.0,3.0,Independent,Male,No degree,30-44,2.0
Scientific consensus,2.0,97.0,3.0,2.0,1.0,2.0,3.0,2.0,12.0,10.0,3.0,3.0,3.0,Republican,Female,No degree,45-59,1.0
Scientific consensus,4.0,97.0,2.0,2.0,2.0,2.0,2.0,5.0,12.0,10.0,4.0,4.0,2.0,Republican,Male,BA+,30-44,1.0
Causal evidence,2.0,63.0,2.0,2.0,2.0,2.0,2.0,5.0,9.0,7.0,2.0,3.0,1.0,Republican,Female,No degree,60+,2.0
Scientific consensus,1.0,97.0,1.0,1.0,2.0,1.0,2.0,2.0,9.0,7.0,2.0,1.0,1.0,Republican,Female,BA+,30-44,1.0
Control (unrelated text),1.0,75.0,1.0,1.0,2.0,2.0,2.0,1.0,7.0,5.0,2.0,1.0,1.0,Democrat,Male,No degree,30-44,3.0
Causal evidence,2.0,70.0,1.0,2.0,3.0,1.0,4.0,1.0,9.0,7.0,2.0,2.0,1.0,Republican,Female,No degree,60+,2.0
Causal evidence,4.0,75.0,1.0,2.0,4.0,2.0,4.0,5.0,12.0,10.0,4.0,4.0,1.0,Republican,Male,BA+,60+,2.0
Control (unrelated text),1.0,65.0,2.0,2.0,2.0,1.0,2.0,2.0,7.0,5.0,3.0,1.0,2.0,Republican,Female,BA+,18-29,3.0
Control (unrelated text),2.0,100.0,2.0,1.0,1.0,1.0,1.0,1.0,12.0,10.0,2.0,2.0,2.0,Republican,Male,No degree,18-29,3.0
Scientific consensus,2.0,97.0,1.0,1.0,3.0,1.0,3.0,2.0,9.0,6.0,2.0,2.0,1.0,Republican,Female,BA+,30-44,1.0
Causal evidence,2.0,87.0,1.0,1.0,2.0,1.0,3.0,1.0,6.0,4.0,2.0,2.0,1.0,Republican,Female,BA+,30-44,2.0
Causal evidence,2.0,57.0,2.0,2.0,2.0,2.0,2.0,3.0,12.0,9.0,3.0,3.0,2.0,Republican,Male,BA+,60+,2.0
Causal evidence,2.0,72.0,2.0,2.0,2.0,2.0,2.0,2.0,7.0,7.0,2.0,2.0,2.0,Republican,Male,BA+,30-44,2.0
Causal evidence,1.0,64.0,2.0,2.0,2.0,2.0,2.0,2.0,7.0,7.0,2.0,2.0,2.0,Republican,Female,Some college,30-44,2.0
Causal evidence,1.0,90.0,1.0,1.0,3.0,1.0,3.0,1.0,9.0,4.0,1.0,1.0,1.0,Republican,Male,BA+,30-44,2.0
Scientific consensus,1.0,98.0,1.0,1.0,3.0,2.0,2.0,1.0,6.0,4.0,1.0,1.0,1.0,Republican,Male,BA+,30-44,2.0
Control (unrelated text),4.0,97.0,3.0,4.0,1.0,3.0,1.0,5.0,12.0,10.0,4.0,4.0,3.0,Republican,Male,BA+,30-44,3.0
Control (unrelated text),2.0,80.0,1.0,2.0,2.0,2.0,2.0,3.0,12.0,10.0,3.0,2.0,1.0,Republican,Male,Some college,30-44,3.0
Scientific consensus,3.0,97.0,2.0,2.0,2.0,2.0,2.0,3.0,9.0,8.0,3.0,3.0,2.0,Republican,Female,Some college,45-59,1.0
Causal evidence,3.0,8.0,1.0,1.0,2.0,2.0,2.0,1.0,9.0,6.0,2.0,3.0,2.0,Republican,Female,No degree,60+,2.0
Causal evidence,3.0,92.0,3.0,3.0,1.0,2.0,1.0,3.0,9.0,7.0,2.0,3.0,3.0,Republican,Female,BA+,30-44,2.0
Scientific consensus,3.0,93.0,2.0,2.0,2.0,2.0,2.0,4.0,11.0,6.0,3.0,3.0,2.0,Republican,Male,No degree,30-44,1.0
Scientific consensus,2.0,97.0,1.0,2.0,3.0,1.0,2.0,2.0,9.0,8.0,2.0,2.0,2.0,Republican,Female,No degree,45-59,2.0
Scientific consensus,3.0,10.0,3.0,3.0,1.0,2.0,1.0,5.0,12.0,10.0,4.0,3.0,2.0,Republican,Male,BA+,60+,1.0
Control (unrelated text),2.0,27.0,2.0,3.0,1.0,3.0,2.0,4.0,11.0,9.0,3.0,4.0,2.0,Republican,Female,BA+,30-44,3.0
Control (unrelated text),2.0,70.0,1.0,1.0,2.0,2.0,2.0,3.0,11.0,8.0,3.0,2.0,1.0,Republican,Female,BA+,45-59,3.0
Scientific consensus,1.0,97.0,1.0,1.0,3.0,1.0,3.0,1.0,10.0,4.0,1.0,1.0,1.0,Republican,Male,No degree,60+,1.0
Control (unrelated text),2.0,61.0,3.0,2.0,1.0,2.0,1.0,3.0,8.0,8.0,2.0,2.0,3.0,Republican,Male,No degree,18-29,3.0
Causal evidence,2.0,85.0,2.0,2.0,1.0,2.0,2.0,5.0,12.0,10.0,4.0,2.0,2.0,Republican,Female,Some college,45-59,2.0
Control (unrelated text),1.0,97.0,1.0,1.0,3.0,1.0,3.0,3.0,8.0,5.0,2.0,1.0,1.0,Republican,Male,BA+,45-59,3.0
Causal evidence,2.0,69.0,2.0,2.0,2.0,2.0,2.0,3.0,10.0,8.0,2.0,2.0,2.0,Republican,Male,Some college,30-44,2.0
Control (unrelated text),2.0,80.0,2.0,1.0,2.0,1.0,1.0,3.0,10.0,9.0,2.0,2.0,1.0,Republican,Female,BA+,30-44,3.0
Causal evidence,2.0,58.0,1.0,2.0,1.0,2.0,2.0,2.0,7.0,6.0,3.0,2.0,1.0,Republican,Female,No degree,30-44,2.0
Causal evidence,2.0,70.0,2.0,2.0,2.0,2.0,2.0,3.0,10.0,7.0,2.0,2.0,2.0,Republican,Male,BA+,45-59,2.0
Scientific consensus,3.0,,3.0,4.0,1.0,4.0,1.0,3.0,12.0,10.0,4.0,3.0,3.0,Republican,Male,No degree,45-59,2.0
Scientific consensus,3.0,97.0,2.0,2.0,2.0,2.0,3.0,3.0,9.0,8.0,2.0,2.0,2.0,Republican,Female,BA+,45-59,2.0
Scientific consensus,2.0,97.0,1.0,2.0,2.0,2.0,3.0,5.0,12.0,10.0,4.0,2.0,1.0,Republican,Male,No degree,30-44,1.0
Control (unrelated text),3.0,56.0,2.0,2.0,2.0,2.0,2.0,3.0,9.0,9.0,3.0,3.0,2.0,Republican,Female,No degree,30-44,3.0
Control (unrelated text),4.0,42.0,2.0,1.0,2.0,1.0,2.0,3.0,11.0,9.0,2.0,4.0,2.0,Republican,Male,No degree,30-44,3.0
Control (unrelated text),2.0,51.0,2.0,2.0,2.0,2.0,2.0,3.0,9.0,7.0,2.0,2.0,2.0,Republican,Female,No degree,30-44,3.0
Scientific consensus,2.0,95.0,1.0,1.0,2.0,1.0,2.0,1.0,6.0,4.0,1.0,1.0,1.0,Republican,Female,Some college,30-44,1.0
Scientific consensus,3.0,97.0,2.0,2.0,2.0,2.0,2.0,3.0,12.0,10.0,3.0,3.0,2.0,Republican,Male,BA+,30-44,1.0
Control (unrelated text),3.0,81.0,2.0,2.0,2.0,2.0,2.0,3.0,9.0,10.0,3.0,3.0,2.0,Republican,Female,Some college,18-29,3.0
Scientific consensus,2.0,95.0,1.0,2.0,2.0,1.0,2.0,1.0,8.0,7.0,2.0,3.0,1.0,Republican,Male,No degree,18-29,1.0
Scientific consensus,3.0,90.0,2.0,2.0,1.0,2.0,2.0,3.0,9.0,8.0,3.0,3.0,3.0,Republican,Female,BA+,30-44,1.0
Causal evidence,3.0,71.0,1.0,1.0,2.0,2.0,2.0,3.0,12.0,9.0,2.0,2.0,1.0,Republican,Male,BA+,30-44,2.0
Scientific consensus,2.0,95.0,1.0,1.0,3.0,1.0,4.0,1.0,6.0,4.0,2.0,3.0,2.0,Republican,Female,No degree,,2.0
Control (unrelated text),1.0,88.0,1.0,1.0,1.0,1.0,1.0,1.0,6.0,4.0,1.0,1.0,1.0,Democrat,Male,Some college,60+,1.0
Scientific consensus,1.0,97.0,1.0,1.0,2.0,1.0,1.0,2.0,11.0,4.0,2.0,1.0,1.0,Republican,Male,No degree,30-44,1.0
Scientific consensus,3.0,90.0,2.0,2.0,2.0,2.0,2.0,3.0,12.0,10.0,4.0,3.0,2.0,Republican,Female,No degree,60+,2.0
Causal evidence,3.0,91.0,3.0,3.0,2.0,3.0,2.0,4.0,8.0,9.0,3.0,2.0,3.0,Republican,Female,No degree,45-59,2.0
Causal evidence,2.0,52.0,2.0,2.0,2.0,2.0,2.0,2.0,9.0,7.0,2.0,4.0,2.0,Republican,Male,No degree,18-29,2.0
Control (unrelated text),2.0,35.0,1.0,1.0,3.0,1.0,3.0,1.0,7.0,6.0,2.0,2.0,1.0,Republican,Female,No degree,45-59,3.0
Causal evidence,2.0,89.0,1.0,1.0,2.0,1.0,2.0,2.0,8.0,6.0,2.0,2.0,2.0,Republican,Female,No degree,45-59,2.0
Causal evidence,3.0,30.0,2.0,2.0,2.0,2.0,2.0,3.0,12.0,10.0,3.0,3.0,2.0,Republican,Male,No degree,18-29,2.0
Causal evidence,2.0,80.0,1.0,2.0,3.0,1.0,3.0,4.0,10.0,8.0,2.0,3.0,2.0,Republican,Male,No degree,30-44,2.0
Control (unrelated text),2.0,70.0,2.0,2.0,2.0,2.0,2.0,3.0,11.0,9.0,2.0,2.0,2.0,Republican,Female,BA+,45-59,3.0
Scientific consensus,3.0,50.0,2.0,3.0,2.0,3.0,2.0,3.0,9.0,10.0,3.0,3.0,2.0,Republican,Male,Some college,45-59,1.0
Causal evidence,2.0,61.0,1.0,2.0,3.0,2.0,2.0,2.0,8.0,6.0,2.0,2.0,1.0,Republican,Female,BA+,30-44,2.0
Scientific consensus,2.0,84.0,2.0,1.0,2.0,1.0,3.0,3.0,9.0,7.0,2.0,2.0,2.0,Republican,Female,BA+,30-44,2.0
Control (unrelated text),3.0,65.0,2.0,2.0,1.0,3.0,2.0,4.0,11.0,10.0,4.0,3.0,2.0,Republican,Male,No degree,30-44,3.0
Causal evidence,1.0,100.0,1.0,1.0,3.0,1.0,3.0,1.0,7.0,4.0,1.0,1.0,1.0,Independent,Male,No degree,30-44,2.0
Control (unrelated text),1.0,85.0,2.0,2.0,2.0,2.0,2.0,2.0,7.0,6.0,2.0,1.0,2.0,Republican,Male,No degree,30-44,3.0
Scientific consensus,1.0,40.0,2.0,2.0,2.0,2.0,2.0,1.0,7.0,6.0,2.0,2.0,2.0,Republican,Female,No degree,60+,2.0
Control (unrelated text),2.0,60.0,3.0,2.0,1.0,2.0,1.0,3.0,12.0,9.0,2.0,3.0,3.0,Republican,Male,No degree,30-44,3.0
Scientific consensus,2.0,97.0,1.0,2.0,2.0,2.0,2.0,2.0,12.0,7.0,2.0,2.0,2.0,Republican,Female,BA+,60+,1.0
Control (unrelated text),2.0,50.0,2.0,2.0,2.0,1.0,1.0,2.0,6.0,4.0,2.0,2.0,2.0,Independent,Female,BA+,30-44,3.0
Control (unrelated text),2.0,75.0,1.0,2.0,2.0,2.0,2.0,2.0,10.0,6.0,2.0,2.0,1.0,Republican,Male,No degree,45-59,3.0
Control (unrelated text),1.0,100.0,1.0,2.0,2.0,1.0,3.0,1.0,6.0,4.0,2.0,1.0,2.0,Democrat,Male,No degree,30-44,3.0
Causal evidence,1.0,88.0,1.0,2.0,3.0,2.0,3.0,2.0,7.0,7.0,2.0,1.0,2.0,Republican,Female,BA+,30-44,2.0
Causal evidence,3.0,14.0,2.0,2.0,2.0,3.0,3.0,4.0,11.0,9.0,3.0,3.0,2.0,Republican,Male,No degree,30-44,2.0
Scientific consensus,2.0,97.0,1.0,1.0,2.0,2.0,3.0,1.0,6.0,4.0,1.0,2.0,2.0,Republican,Female,BA+,45-59,1.0
Control (unrelated text),4.0,95.0,3.0,4.0,3.0,3.0,1.0,3.0,12.0,8.0,3.0,4.0,3.0,Republican,Female,BA+,45-59,3.0
Causal evidence,2.0,93.0,1.0,1.0,1.0,1.0,1.0,1.0,6.0,4.0,1.0,1.0,2.0,Democrat,Male,No degree,30-44,2.0
Control (unrelated text),2.0,33.0,3.0,3.0,1.0,3.0,1.0,5.0,12.0,10.0,3.0,2.0,3.0,Republican,Male,BA+,60+,3.0
Scientific consensus,3.0,71.0,3.0,2.0,1.0,3.0,2.0,3.0,12.0,8.0,2.0,3.0,3.0,Republican,Male,BA+,45-59,1.0
Causal evidence,4.0,71.0,1.0,1.0,1.0,1.0,2.0,3.0,12.0,10.0,4.0,4.0,3.0,Republican,Male,BA+,60+,2.0
Scientific consensus,3.0,4.0,3.0,4.0,1.0,4.0,1.0,5.0,12.0,10.0,4.0,2.0,3.0,Republican,Female,Some college,45-59,1.0
Scientific consensus,2.0,97.0,1.0,1.0,2.0,1.0,2.0,1.0,7.0,5.0,2.0,2.0,1.0,Independent,Female,No degree,60+,1.0
Scientific consensus,2.0,94.0,2.0,2.0,1.0,2.0,1.0,3.0,10.0,9.0,3.0,2.0,2.0,Republican,Female,Some college,45-59,1.0
Causal evidence,3.0,86.0,1.0,2.0,3.0,2.0,2.0,3.0,8.0,8.0,3.0,3.0,1.0,Republican,Female,Some college,30-44,2.0
Scientific consensus,3.0,36.0,2.0,2.0,1.0,2.0,1.0,5.0,12.0,10.0,3.0,3.0,2.0,Republican,Female,No degree,60+,2.0
Causal evidence,3.0,60.0,2.0,2.0,2.0,2.0,2.0,3.0,9.0,7.0,3.0,3.0,2.0,Republican,Female,BA+,30-44,2.0
Control (unrelated text),2.0,82.0,2.0,1.0,2.0,2.0,3.0,2.0,9.0,7.0,2.0,2.0,2.0,Republican,Female,No degree,60+,3.0
Scientific consensus,3.0,80.0,1.0,2.0,2.0,2.0,2.0,3.0,12.0,10.0,4.0,3.0,2.0,Republican,Male,No degree,45-59,2.0
Causal evidence,2.0,94.0,1.0,1.0,1.0,1.0,2.0,2.0,8.0,6.0,2.0,2.0,2.0,Republican,Female,BA+,30-44,2.0
Control (unrelated text),1.0,14.0,2.0,2.0,1.0,3.0,1.0,5.0,11.0,7.0,3.0,1.0,3.0,Republican,Male,No degree,18-29,3.0
Scientific consensus,2.0,97.0,1.0,1.0,2.0,1.0,3.0,2.0,8.0,5.0,2.0,2.0,1.0,Republican,Female,No degree,30-44,2.0
Control (unrelated text),4.0,97.0,1.0,1.0,2.0,1.0,2.0,5.0,12.0,10.0,4.0,4.0,1.0,Republican,Male,BA+,30-44,3.0
Control (unrelated text),2.0,61.0,2.0,2.0,2.0,1.0,1.0,2.0,12.0,10.0,2.0,2.0,2.0,Republican,Female,BA+,45-59,3.0
Causal evidence,2.0,73.0,1.0,2.0,3.0,2.0,3.0,3.0,8.0,6.0,2.0,3.0,2.0,Republican,Female,BA+,30-44,2.0
Causal evidence,2.0,70.0,1.0,1.0,2.0,1.0,2.0,2.0,8.0,7.0,2.0,2.0,1.0,Republican,Male,BA+,18-29,2.0
Causal evidence,2.0,90.0,1.0,2.0,3.0,2.0,3.0,3.0,10.0,6.0,2.0,2.0,1.0,Republican,Female,BA+,30-44,2.0
Scientific consensus,2.0,81.0,1.0,1.0,2.0,2.0,3.0,2.0,7.0,6.0,2.0,2.0,1.0,Republican,Male,BA+,45-59,1.0
Causal evidence,1.0,89.0,1.0,1.0,3.0,1.0,3.0,1.0,10.0,5.0,1.0,2.0,1.0,Republican,Male,BA+,30-44,2.0
Control (unrelated text),2.0,90.0,2.0,2.0,2.0,2.0,2.0,3.0,9.0,7.0,3.0,2.0,2.0,Republican,Male,BA+,30-44,3.0
Causal evidence,4.0,20.0,1.0,4.0,1.0,3.0,2.0,5.0,12.0,10.0,4.0,4.0,3.0,Republican,Female,No degree,18-29,2.0
Scientific consensus,2.0,97.0,1.0,2.0,3.0,2.0,2.0,3.0,8.0,7.0,2.0,2.0,1.0,Republican,Female,No degree,45-59,1.0
Control (unrelated text),1.0,97.0,1.0,1.0,2.0,1.0,2.0,1.0,7.0,4.0,1.0,1.0,1.0,Republican,Female,BA+,30-44,3.0
Scientific consensus,4.0,97.0,3.0,3.0,1.0,1.0,3.0,4.0,12.0,10.0,3.0,3.0,3.0,Republican,Female,No degree,30-44,1.0
Scientific consensus,1.0,97.0,1.0,1.0,3.0,1.0,1.0,1.0,6.0,4.0,1.0,1.0,2.0,Republican,Female,No degree,45-59,1.0
Causal evidence,4.0,90.0,3.0,2.0,1.0,3.0,1.0,4.0,12.0,10.0,4.0,4.0,3.0,Republican,Male,No degree,30-44,2.0
Control (unrelated text),2.0,75.0,2.0,2.0,1.0,2.0,2.0,2.0,9.0,6.0,1.0,2.0,1.0,Republican,Female,BA+,18-29,3.0
Scientific consensus,2.0,29.0,1.0,2.0,3.0,2.0,2.0,2.0,7.0,7.0,2.0,2.0,2.0,Republican,Female,BA+,45-59,1.0
Causal evidence,3.0,85.0,3.0,3.0,1.0,3.0,2.0,2.0,12.0,10.0,3.0,3.0,3.0,Republican,Male,BA+,45-59,2.0
Scientific consensus,2.0,82.0,1.0,1.0,3.0,1.0,2.0,1.0,7.0,5.0,1.0,2.0,1.0,Republican,Female,BA+,30-44,2.0
Control (unrelated text),2.0,64.0,2.0,2.0,2.0,2.0,2.0,2.0,12.0,6.0,2.0,2.0,2.0,Republican,Female,BA+,45-59,3.0
Control (unrelated text),2.0,80.0,2.0,1.0,2.0,1.0,2.0,2.0,8.0,7.0,2.0,2.0,2.0,Republican,Male,BA+,30-44,3.0
Scientific consensus,2.0,93.0,3.0,3.0,1.0,3.0,1.0,5.0,12.0,10.0,4.0,2.0,3.0,Republican,Female,No degree,45-59,2.0
Control (unrelated text),1.0,95.0,1.0,1.0,2.0,1.0,2.0,1.0,6.0,4.0,1.0,1.0,1.0,Republican,Female,BA+,60+,3.0
Causal evidence,2.0,61.0,3.0,2.0,2.0,2.0,2.0,2.0,8.0,6.0,1.0,2.0,1.0,Republican,Male,BA+,30-44,2.0
Causal evidence,2.0,95.0,1.0,1.0,2.0,1.0,3.0,3.0,10.0,8.0,2.0,2.0,1.0,Republican,Female,BA+,60+,2.0
Causal evidence,3.0,50.0,3.0,4.0,1.0,3.0,3.0,5.0,12.0,10.0,4.0,3.0,3.0,Republican,Male,BA+,45-59,2.0
Control (unrelated text),4.0,60.0,3.0,3.0,1.0,3.0,1.0,3.0,12.0,10.0,4.0,4.0,3.0,Republican,Male,BA+,30-44,3.0
Control (unrelated text),4.0,90.0,3.0,4.0,1.0,3.0,2.0,5.0,12.0,10.0,4.0,4.0,3.0,Republican,Male,BA+,30-44,3.0
Scientific consensus,3.0,90.0,1.0,1.0,2.0,1.0,2.0,2.0,12.0,10.0,3.0,3.0,1.0,Republican,Male,BA+,30-44,1.0
Control (unrelated text),2.0,95.0,1.0,2.0,2.0,2.0,2.0,3.0,9.0,7.0,2.0,2.0,2.0,Republican,Male,No degree,45-59,3.0
Causal evidence,2.0,70.0,2.0,2.0,2.0,1.0,2.0,3.0,12.0,10.0,3.0,2.0,2.0,Republican,Female,Some college,45-59,2.0
Control (unrelated text),2.0,93.0,1.0,1.0,2.0,1.0,2.0,1.0,6.0,4.0,1.0,2.0,1.0,Republican,Female,BA+,30-44,3.0
Control (unrelated text),2.0,74.0,1.0,2.0,3.0,2.0,2.0,2.0,8.0,5.0,1.0,2.0,1.0,Republican,Male,BA+,30-44,3.0
Causal evidence,3.0,50.0,3.0,2.0,1.0,2.0,2.0,5.0,12.0,10.0,4.0,2.0,3.0,Republican,Female,Some college,30-44,2.0
Control (unrelated text),3.0,46.0,2.0,2.0,3.0,2.0,2.0,4.0,9.0,7.0,3.0,3.0,2.0,Republican,Female,Some college,18-29,2.0
Causal evidence,1.0,30.0,1.0,4.0,3.0,3.0,3.0,1.0,7.0,7.0,1.0,2.0,1.0,Republican,Female,No degree,18-29,2.0
Causal evidence,3.0,80.0,2.0,2.0,1.0,2.0,2.0,2.0,9.0,7.0,3.0,3.0,2.0,Republican,Female,No degree,30-44,2.0
Scientific consensus,3.0,67.0,3.0,3.0,1.0,2.0,1.0,5.0,12.0,7.0,4.0,2.0,3.0,Republican,Female,Some college,45-59,1.0
Control (unrelated text),3.0,42.0,3.0,2.0,1.0,2.0,3.0,2.0,12.0,10.0,3.0,3.0,3.0,Republican,Female,No degree,45-59,3.0
Control (unrelated text),2.0,77.0,2.0,2.0,2.0,1.0,2.0,1.0,8.0,10.0,2.0,2.0,2.0,Republican,Male,No degree,45-59,3.0
Scientific consensus,2.0,97.0,1.0,2.0,3.0,2.0,3.0,1.0,9.0,7.0,1.0,2.0,1.0,Republican,Male,No degree,30-44,1.0
Control (unrelated text),3.0,85.0,3.0,3.0,1.0,3.0,1.0,3.0,12.0,9.0,3.0,3.0,3.0,Republican,Male,BA+,30-44,3.0
Causal evidence,3.0,91.0,1.0,2.0,2.0,2.0,2.0,4.0,10.0,7.0,3.0,3.0,2.0,Republican,Female,No degree,18-29,2.0
Control (unrelated text),1.0,63.0,1.0,1.0,1.0,2.0,2.0,1.0,8.0,7.0,1.0,1.0,1.0,Republican,Female,BA+,18-29,3.0
Control (unrelated text),3.0,70.0,2.0,2.0,2.0,2.0,2.0,2.0,11.0,7.0,2.0,3.0,2.0,Republican,Male,BA+,45-59,3.0
Scientific consensus,4.0,97.0,3.0,3.0,1.0,3.0,1.0,3.0,12.0,10.0,4.0,4.0,3.0,Republican,Female,BA+,45-59,1.0
Scientific consensus,3.0,96.0,2.0,1.0,1.0,2.0,1.0,3.0,10.0,6.0,2.0,3.0,2.0,Republican,Male,BA+,30-44,1.0
Causal evidence,2.0,72.0,1.0,1.0,2.0,1.0,2.0,1.0,7.0,7.0,1.0,4.0,1.0,Republican,Female,No degree,60+,2.0
Control (unrelated text),2.0,65.0,2.0,2.0,2.0,2.0,2.0,3.0,10.0,9.0,4.0,2.0,2.0,Republican,Female,BA+,30-44,3.0
Causal evidence,3.0,75.0,2.0,2.0,2.0,2.0,2.0,2.0,9.0,9.0,3.0,3.0,2.0,Republican,Female,BA+,30-44,2.0
Scientific consensus,2.0,97.0,2.0,2.0,2.0,2.0,2.0,4.0,11.0,9.0,3.0,3.0,3.0,Republican,Male,BA+,18-29,2.0
Causal evidence,3.0,45.0,2.0,2.0,2.0,2.0,2.0,3.0,11.0,8.0,2.0,2.0,2.0,Republican,Female,BA+,60+,2.0
Scientific consensus,3.0,37.0,2.0,3.0,3.0,3.0,3.0,3.0,9.0,7.0,2.0,2.0,2.0,Republican,Female,No degree,30-44,1.0
Scientific consensus,2.0,97.0,1.0,2.0,3.0,1.0,3.0,2.0,9.0,7.0,2.0,2.0,1.0,Republican,Male,No degree,30-44,1.0
Scientific consensus,2.0,97.0,2.0,1.0,2.0,2.0,2.0,2.0,10.0,6.0,3.0,2.0,2.0,Republican,Female,BA+,18-29,1.0
Scientific consensus,3.0,97.0,2.0,2.0,1.0,2.0,1.0,4.0,12.0,10.0,4.0,3.0,2.0,Republican,Male,No degree,45-59,2.0
Control (unrelated text),2.0,50.0,1.0,1.0,1.0,1.0,2.0,1.0,7.0,5.0,1.0,1.0,1.0,Republican,Male,BA+,30-44,3.0
Control (unrelated text),4.0,76.0,2.0,2.0,2.0,2.0,2.0,2.0,12.0,10.0,2.0,4.0,2.0,Republican,Male,BA+,30-44,3.0
Causal evidence,3.0,62.0,2.0,3.0,2.0,2.0,3.0,2.0,10.0,7.0,2.0,2.0,2.0,Republican,Female,No degree,30-44,2.0
Causal evidence,2.0,55.0,2.0,2.0,2.0,2.0,2.0,3.0,11.0,5.0,2.0,2.0,2.0,Republican,Female,BA+,45-59,2.0
Control (unrelated text),2.0,54.0,2.0,2.0,2.0,2.0,2.0,3.0,8.0,6.0,2.0,2.0,2.0,Republican,Male,BA+,45-59,3.0
Control (unrelated text),2.0,70.0,2.0,2.0,2.0,2.0,2.0,2.0,8.0,6.0,2.0,2.0,2.0,Republican,Female,BA+,18-29,3.0
Causal evidence,2.0,62.0,2.0,3.0,2.0,2.0,2.0,3.0,11.0,7.0,3.0,2.0,3.0,Republican,Female,BA+,30-44,2.0
Causal evidence,2.0,70.0,1.0,1.0,3.0,1.0,3.0,1.0,7.0,6.0,2.0,2.0,1.0,Republican,Male,No degree,18-29,2.0
Scientific consensus,3.0,90.0,2.0,2.0,2.0,2.0,2.0,5.0,12.0,10.0,4.0,3.0,2.0,Republican,Male,No degree,30-44,1.0
Causal evidence,1.0,95.0,1.0,1.0,2.0,1.0,2.0,1.0,6.0,7.0,1.0,2.0,2.0,Republican,Female,No degree,18-29,2.0
Scientific consensus,4.0,97.0,3.0,3.0,1.0,3.0,1.0,4.0,12.0,10.0,4.0,4.0,3.0,Republican,Female,No degree,30-44,1.0
Causal evidence,2.0,54.0,1.0,2.0,2.0,2.0,3.0,3.0,8.0,7.0,3.0,2.0,2.0,Republican,Female,Some college,18-29,2.0
Control (unrelated text),3.0,70.0,3.0,4.0,1.0,4.0,2.0,5.0,12.0,10.0,4.0,3.0,3.0,Republican,Female,No degree,45-59,3.0
Control (unrelated text),4.0,90.0,3.0,3.0,1.0,3.0,1.0,5.0,12.0,10.0,4.0,4.0,3.0,Republican,Male,BA+,30-44,3.0
Control (unrelated text),1.0,75.0,1.0,1.0,2.0,1.0,2.0,1.0,6.0,7.0,1.0,1.0,1.0,Republican,Female,No degree,45-59,3.0
Control (unrelated text),3.0,64.0,2.0,2.0,2.0,2.0,3.0,3.0,8.0,6.0,2.0,2.0,2.0,Republican,Female,Some college,45-59,3.0
Scientific consensus,1.0,99.0,1.0,1.0,1.0,1.0,1.0,1.0,8.0,6.0,1.0,1.0,1.0,Republican,Male,BA+,30-44,1.0
Causal evidence,3.0,80.0,3.0,3.0,1.0,2.0,2.0,4.0,12.0,10.0,4.0,3.0,3.0,Republican,Male,BA+,45-59,2.0
Causal evidence,1.0,80.0,1.0,1.0,3.0,1.0,1.0,1.0,7.0,5.0,1.0,2.0,1.0,Republican,Female,BA+,30-44,2.0
Causal evidence,3.0,84.0,3.0,3.0,1.0,3.0,1.0,2.0,12.0,10.0,4.0,3.0,3.0,Republican,Male,BA+,18-29,2.0
Control (unrelated text),2.0,90.0,1.0,1.0,2.0,1.0,1.0,2.0,8.0,6.0,2.0,2.0,1.0,Republican,Male,BA+,45-59,3.0
Scientific consensus,2.0,80.0,2.0,1.0,1.0,2.0,2.0,1.0,11.0,9.0,2.0,2.0,2.0,Independent,Male,No degree,18-29,1.0
Scientific consensus,2.0,16.0,1.0,4.0,1.0,3.0,1.0,3.0,8.0,8.0,2.0,3.0,3.0,Republican,Male,BA+,18-29,2.0
Scientific consensus,3.0,75.0,3.0,3.0,1.0,2.0,1.0,5.0,12.0,9.0,4.0,3.0,3.0,Republican,Male,Some college,60+,1.0
Control (unrelated text),4.0,82.0,2.0,3.0,1.0,3.0,1.0,5.0,12.0,10.0,4.0,4.0,2.0,Republican,Female,BA+,30-44,3.0
Causal evidence,1.0,90.0,1.0,1.0,3.0,1.0,2.0,1.0,12.0,9.0,1.0,1.0,1.0,Republican,Male,BA+,30-44,2.0
Scientific consensus,1.0,97.0,1.0,1.0,3.0,1.0,3.0,1.0,7.0,7.0,1.0,2.0,1.0,Republican,Female,Some college,45-59,1.0
Causal evidence,2.0,85.0,1.0,1.0,3.0,1.0,3.0,2.0,8.0,5.0,2.0,2.0,2.0,Republican,Male,No degree,45-59,2.0
Scientific consensus,2.0,97.0,2.0,2.0,1.0,2.0,1.0,3.0,10.0,9.0,3.0,2.0,2.0,Republican,Female,BA+,30-44,1.0
Control (unrelated text),2.0,62.0,1.0,1.0,2.0,2.0,2.0,2.0,8.0,6.0,2.0,2.0,1.0,Republican,Female,BA+,60+,2.0
Causal evidence,3.0,20.0,3.0,3.0,1.0,3.0,2.0,4.0,12.0,10.0,4.0,3.0,3.0,Republican,Male,BA+,30-44,2.0
Control (unrelated text),4.0,40.0,3.0,3.0,1.0,3.0,1.0,4.0,12.0,10.0,4.0,4.0,3.0,Republican,Male,No degree,60+,3.0
Scientific consensus,2.0,97.0,1.0,2.0,2.0,1.0,2.0,3.0,12.0,10.0,3.0,2.0,2.0,Republican,Female,BA+,30-44,1.0
Causal evidence,1.0,98.0,1.0,1.0,3.0,1.0,3.0,1.0,7.0,4.0,2.0,1.0,1.0,Republican,Male,Some college,60+,2.0
Scientific consensus,1.0,97.0,1.0,2.0,2.0,2.0,2.0,3.0,7.0,7.0,2.0,2.0,3.0,Republican,Female,No degree,45-59,1.0
Causal evidence,2.0,60.0,2.0,3.0,2.0,3.0,2.0,3.0,9.0,10.0,2.0,3.0,2.0,Republican,Female,Some college,30-44,2.0
Control (unrelated text),2.0,72.0,2.0,2.0,2.0,2.0,3.0,1.0,7.0,5.0,2.0,2.0,2.0,Republican,Female,BA+,30-44,3.0
Scientific consensus,1.0,95.0,1.0,2.0,3.0,1.0,3.0,1.0,7.0,6.0,1.0,2.0,1.0,Republican,Female,No degree,60+,2.0
Scientific consensus,2.0,97.0,1.0,1.0,2.0,2.0,2.0,1.0,9.0,7.0,2.0,2.0,2.0,Republican,Female,BA+,18-29,1.0
Scientific consensus,1.0,96.0,1.0,1.0,3.0,1.0,3.0,1.0,6.0,4.0,2.0,1.0,1.0,Independent,Male,No degree,18-29,1.0
Scientific consensus,2.0,39.0,2.0,2.0,2.0,2.0,2.0,3.0,9.0,7.0,2.0,2.0,2.0,Republican,Female,BA+,45-59,2.0
Control (unrelated text),2.0,90.0,1.0,1.0,2.0,1.0,3.0,1.0,7.0,9.0,1.0,2.0,1.0,Republican,Male,BA+,30-44,3.0
Control (unrelated text),3.0,83.0,2.0,3.0,2.0,3.0,2.0,5.0,12.0,10.0,4.0,4.0,2.0,Republican,Male,BA+,30-44,3.0
Causal evidence,2.0,69.0,1.0,2.0,2.0,2.0,2.0,2.0,7.0,5.0,3.0,2.0,1.0,Independent,Male,No degree,30-44,2.0
Control (unrelated text),2.0,69.0,3.0,2.0,1.0,2.0,2.0,3.0,10.0,8.0,4.0,2.0,3.0,Republican,Male,No degree,18-29,3.0
Causal evidence,2.0,75.0,1.0,2.0,2.0,2.0,3.0,2.0,7.0,6.0,2.0,2.0,1.0,Democrat,Male,BA+,45-59,1.0
Causal evidence,4.0,85.0,2.0,2.0,2.0,2.0,2.0,5.0,12.0,10.0,4.0,4.0,2.0,Republican,Male,BA+,30-44,2.0
Control (unrelated text),2.0,85.0,1.0,1.0,2.0,2.0,2.0,1.0,7.0,6.0,2.0,2.0,2.0,Republican,Female,BA+,30-44,3.0
Scientific consensus,1.0,75.0,1.0,1.0,2.0,1.0,2.0,1.0,6.0,4.0,1.0,1.0,1.0,Republican,Female,BA+,30-44,2.0
Scientific consensus,2.0,90.0,3.0,3.0,1.0,3.0,1.0,3.0,12.0,10.0,3.0,2.0,3.0,Republican,Female,No degree,45-59,1.0
Causal evidence,4.0,92.0,3.0,3.0,1.0,3.0,2.0,5.0,12.0,10.0,4.0,4.0,3.0,Republican,Male,No degree,30-44,2.0
Scientific consensus,3.0,90.0,3.0,4.0,1.0,4.0,1.0,5.0,12.0,8.0,3.0,3.0,3.0,Republican,Male,BA+,45-59,2.0
Causal evidence,3.0,30.0,3.0,3.0,1.0,3.0,2.0,3.0,12.0,10.0,3.0,3.0,3.0,Republican,Female,BA+,45-59,2.0
Causal evidence,4.0,60.0,3.0,3.0,1.0,3.0,1.0,5.0,12.0,10.0,4.0,4.0,3.0,Republican,Female,BA+,60+,2.0
Causal evidence,2.0,72.0,2.0,2.0,2.0,2.0,2.0,3.0,10.0,8.0,3.0,2.0,2.0,Republican,Female,No degree,30-44,2.0
Causal evidence,3.0,81.0,2.0,2.0,2.0,3.0,2.0,3.0,10.0,6.0,3.0,3.0,2.0,Republican,Female,No degree,45-59,2.0
Scientific consensus,3.0,98.0,2.0,2.0,2.0,2.0,2.0,3.0,12.0,10.0,4.0,4.0,2.0,Republican,Male,BA+,18-29,1.0
Control (unrelated text),2.0,70.0,2.0,2.0,2.0,2.0,2.0,3.0,10.0,9.0,3.0,2.0,2.0,Republican,Female,BA+,60+,3.0
Control (unrelated text),2.0,40.0,3.0,3.0,2.0,3.0,3.0,3.0,10.0,8.0,4.0,2.0,3.0,Republican,Female,BA+,45-59,3.0
Control (unrelated text),4.0,29.0,3.0,4.0,2.0,4.0,1.0,5.0,12.0,10.0,4.0,4.0,3.0,Republican,Male,BA+,45-59,3.0
Scientific consensus,2.0,97.0,1.0,1.0,2.0,1.0,3.0,2.0,8.0,7.0,2.0,2.0,2.0,Republican,Female,No degree,30-44,1.0
Scientific consensus,1.0,97.0,1.0,1.0,3.0,1.0,2.0,1.0,7.0,5.0,1.0,1.0,1.0,Republican,Female,No degree,30-44,1.0
Control (unrelated text),2.0,60.0,3.0,2.0,2.0,2.0,2.0,3.0,9.0,7.0,3.0,2.0,3.0,Independent,Male,BA+,30-44,3.0
Control (unrelated text),1.0,85.0,1.0,1.0,2.0,1.0,1.0,1.0,7.0,5.0,2.0,1.0,1.0,Republican,Male,BA+,60+,2.0
Causal evidence,1.0,80.0,1.0,2.0,3.0,2.0,2.0,1.0,7.0,6.0,2.0,1.0,2.0,Republican,Female,BA+,30-44,2.0
Scientific consensus,2.0,97.0,2.0,2.0,2.0,2.0,2.0,1.0,7.0,5.0,2.0,2.0,2.0,Republican,Male,No degree,,1.0
Causal evidence,2.0,40.0,3.0,1.0,1.0,2.0,3.0,4.0,11.0,8.0,3.0,2.0,3.0,Republican,Female,BA+,45-59,2.0
Scientific consensus,2.0,97.0,2.0,2.0,1.0,2.0,2.0,3.0,10.0,9.0,2.0,2.0,3.0,Republican,Female,Some college,45-59,1.0
Scientific consensus,3.0,85.0,2.0,2.0,2.0,2.0,2.0,5.0,12.0,10.0,4.0,3.0,2.0,Republican,Female,BA+,30-44,2.0
Control (unrelated text),2.0,80.0,2.0,2.0,2.0,2.0,2.0,3.0,10.0,9.0,2.0,2.0,2.0,Republican,Male,Some college,30-44,3.0
Scientific consensus,3.0,75.0,3.0,3.0,1.0,3.0,1.0,4.0,12.0,10.0,3.0,3.0,3.0,Republican,Male,BA+,30-44,1.0
Scientific consensus,2.0,97.0,1.0,2.0,2.0,2.0,1.0,2.0,10.0,7.0,2.0,2.0,2.0,Republican,Male,No degree,30-44,1.0
Causal evidence,2.0,75.0,1.0,1.0,3.0,1.0,3.0,2.0,8.0,8.0,2.0,2.0,1.0,Republican,Female,BA+,30-44,2.0
Control (unrelated text),3.0,56.0,2.0,2.0,2.0,2.0,1.0,3.0,12.0,9.0,2.0,3.0,2.0,Republican,Male,No degree,45-59,3.0
Control (unrelated text),1.0,87.0,1.0,1.0,2.0,1.0,2.0,3.0,9.0,8.0,3.0,1.0,1.0,Republican,Female,No degree,45-59,3.0
Control (unrelated text),4.0,8.0,3.0,4.0,4.0,4.0,4.0,5.0,12.0,10.0,4.0,4.0,3.0,Republican,Male,BA+,45-59,3.0
Causal evidence,2.0,76.0,3.0,1.0,1.0,1.0,2.0,2.0,8.0,4.0,2.0,2.0,3.0,Republican,Female,No degree,30-44,1.0
Control (unrelated text),2.0,75.0,1.0,1.0,2.0,2.0,2.0,2.0,9.0,7.0,2.0,3.0,2.0,Republican,Female,No degree,18-29,3.0
Scientific consensus,3.0,50.0,3.0,3.0,1.0,3.0,3.0,3.0,12.0,10.0,3.0,4.0,3.0,Republican,Female,BA+,60+,1.0
Causal evidence,1.0,72.0,1.0,2.0,3.0,2.0,2.0,2.0,12.0,7.0,2.0,1.0,2.0,Republican,Female,No degree,30-44,2.0
Scientific consensus,2.0,97.0,1.0,1.0,3.0,1.0,3.0,1.0,7.0,7.0,1.0,2.0,1.0,Republican,Male,Some college,45-59,1.0
Scientific consensus,2.0,37.0,2.0,2.0,1.0,2.0,2.0,2.0,9.0,7.0,2.0,2.0,2.0,Republican,Female,BA+,45-59,2.0
Causal evidence,3.0,83.0,1.0,1.0,3.0,1.0,3.0,3.0,10.0,7.0,3.0,2.0,1.0,Republican,Female,BA+,30-44,1.0
Causal evidence,2.0,98.0,1.0,2.0,2.0,1.0,2.0,1.0,11.0,5.0,2.0,2.0,1.0,Independent,Male,BA+,30-44,2.0
Causal evidence,2.0,62.0,2.0,2.0,2.0,3.0,2.0,3.0,11.0,9.0,3.0,2.0,2.0,Republican,Male,BA+,30-44,2.0
Scientific consensus,1.0,97.0,1.0,1.0,2.0,2.0,2.0,1.0,7.0,5.0,2.0,1.0,1.0,Republican,Female,No degree,30-44,1.0
Scientific consensus,3.0,97.0,1.0,1.0,1.0,1.0,2.0,3.0,11.0,9.0,2.0,3.0,2.0,Republican,Female,No degree,45-59,1.0
Causal evidence,2.0,48.0,2.0,2.0,2.0,2.0,2.0,4.0,12.0,10.0,4.0,2.0,2.0,Republican,Male,BA+,45-59,2.0
Control (unrelated text),4.0,82.0,1.0,4.0,1.0,4.0,1.0,5.0,12.0,10.0,4.0,4.0,3.0,Republican,Male,No degree,18-29,3.0
Control (unrelated text),1.0,96.0,1.0,1.0,1.0,1.0,1.0,1.0,7.0,6.0,1.0,1.0,1.0,Republican,Male,BA+,45-59,3.0
Control (unrelated text),3.0,65.0,2.0,2.0,1.0,2.0,1.0,2.0,10.0,8.0,3.0,3.0,2.0,Republican,Female,BA+,45-59,3.0
Control (unrelated text),1.0,100.0,1.0,1.0,1.0,1.0,1.0,1.0,6.0,7.0,3.0,1.0,1.0,Republican,Female,BA+,30-44,2.0
Scientific consensus,1.0,80.0,1.0,1.0,2.0,1.0,1.0,1.0,7.0,7.0,2.0,1.0,1.0,Republican,Female,BA+,30-44,2.0
Causal evidence,2.0,60.0,1.0,1.0,3.0,2.0,2.0,2.0,7.0,6.0,2.0,3.0,1.0,Republican,Female,No degree,18-29,2.0
Control (unrelated text),1.0,99.0,1.0,1.0,3.0,1.0,3.0,1.0,6.0,4.0,1.0,1.0,1.0,Republican,Male,BA+,60+,3.0
Causal evidence,3.0,55.0,2.0,2.0,2.0,2.0,3.0,3.0,9.0,7.0,2.0,3.0,2.0,Republican,Female,No degree,30-44,2.0
Control (unrelated text),2.0,60.0,2.0,2.0,2.0,2.0,2.0,2.0,9.0,7.0,4.0,2.0,2.0,Republican,Female,BA+,30-44,3.0
Control (unrelated text),2.0,73.0,2.0,2.0,2.0,2.0,2.0,3.0,9.0,7.0,3.0,2.0,2.0,Republican,Female,No degree,30-44,3.0
Scientific consensus,2.0,97.0,1.0,1.0,2.0,1.0,2.0,1.0,8.0,6.0,1.0,2.0,1.0,Republican,Male,BA+,30-44,1.0
Causal evidence,2.0,92.0,2.0,2.0,2.0,1.0,2.0,2.0,11.0,9.0,3.0,2.0,1.0,Republican,Female,No degree,18-29,3.0
Causal evidence,2.0,92.0,1.0,1.0,4.0,1.0,4.0,1.0,10.0,5.0,2.0,2.0,1.0,Republican,Female,BA+,18-29,2.0
Scientific consensus,2.0,97.0,1.0,1.0,2.0,1.0,3.0,2.0,8.0,7.0,2.0,2.0,1.0,Republican,Female,BA+,45-59,1.0
Scientific consensus,2.0,97.0,2.0,2.0,2.0,2.0,2.0,3.0,9.0,8.0,2.0,3.0,2.0,Republican,Male,No degree,30-44,1.0
Causal evidence,3.0,50.0,3.0,3.0,1.0,1.0,4.0,3.0,12.0,10.0,4.0,4.0,3.0,Republican,Female,BA+,45-59,2.0
Causal evidence,3.0,73.0,3.0,2.0,1.0,2.0,3.0,5.0,12.0,10.0,4.0,3.0,3.0,Republican,Male,BA+,30-44,2.0
Scientific consensus,2.0,97.0,1.0,2.0,2.0,1.0,2.0,2.0,8.0,6.0,2.0,3.0,2.0,Republican,Female,BA+,45-59,1.0
Causal evidence,3.0,80.0,1.0,2.0,2.0,2.0,2.0,3.0,12.0,8.0,2.0,3.0,2.0,Republican,Male,BA+,45-59,2.0
Causal evidence,3.0,81.0,1.0,2.0,2.0,2.0,3.0,3.0,12.0,7.0,2.0,3.0,2.0,Republican,Female,BA+,30-44,2.0
Scientific consensus,3.0,97.0,2.0,2.0,2.0,2.0,2.0,5.0,12.0,10.0,4.0,3.0,2.0,Republican,Male,BA+,30-44,1.0
Control (unrelated text),2.0,30.0,3.0,3.0,1.0,2.0,1.0,2.0,9.0,7.0,3.0,2.0,3.0,Republican,Female,Some college,60+,3.0
Scientific consensus,2.0,97.0,3.0,2.0,1.0,2.0,1.0,3.0,8.0,6.0,2.0,3.0,3.0,Republican,Female,BA+,30-44,1.0
Control (unrelated text),3.0,79.0,2.0,2.0,2.0,2.0,2.0,4.0,11.0,10.0,3.0,3.0,2.0,Republican,Female,BA+,18-29,3.0
Control (unrelated text),2.0,60.0,1.0,1.0,3.0,2.0,2.0,3.0,7.0,6.0,3.0,2.0,1.0,Republican,Female,BA+,18-29,3.0
Scientific consensus,3.0,58.0,2.0,2.0,2.0,2.0,2.0,4.0,11.0,9.0,3.0,2.0,2.0,Republican,Male,BA+,30-44,2.0
Causal evidence,1.0,80.0,1.0,1.0,3.0,1.0,3.0,1.0,7.0,5.0,2.0,1.0,1.0,Republican,Female,BA+,30-44,2.0
Control (unrelated text),3.0,79.0,1.0,2.0,3.0,2.0,1.0,2.0,8.0,6.0,2.0,2.0,1.0,Republican,Male,BA+,30-44,2.0
Causal evidence,2.0,60.0,1.0,1.0,3.0,2.0,4.0,2.0,7.0,5.0,1.0,2.0,2.0,Republican,Male,BA+,18-29,2.0
Causal evidence,2.0,59.0,2.0,2.0,2.0,2.0,1.0,3.0,8.0,5.0,2.0,3.0,2.0,Republican,Female,Some college,30-44,2.0
Control (unrelated text),1.0,81.0,1.0,1.0,2.0,1.0,2.0,2.0,8.0,5.0,2.0,2.0,2.0,Republican,Female,Some college,45-59,3.0
Scientific consensus,2.0,97.0,1.0,2.0,2.0,1.0,4.0,2.0,9.0,8.0,2.0,2.0,2.0,Republican,Male,BA+,18-29,2.0
Scientific consensus,2.0,86.0,1.0,2.0,2.0,2.0,2.0,3.0,9.0,10.0,3.0,3.0,2.0,Republican,Female,BA+,18-29,2.0
Scientific consensus,3.0,90.0,2.0,2.0,2.0,2.0,1.0,3.0,12.0,9.0,2.0,3.0,3.0,Republican,Male,No degree,45-59,2.0
Control (unrelated text),3.0,86.0,3.0,3.0,1.0,3.0,1.0,4.0,12.0,9.0,3.0,3.0,3.0,Republican,Male,BA+,18-29,3.0
Control (unrelated text),2.0,60.0,1.0,2.0,2.0,2.0,2.0,2.0,12.0,7.0,2.0,2.0,1.0,Republican,Female,No degree,45-59,3.0
Scientific consensus,1.0,97.0,1.0,1.0,3.0,1.0,3.0,2.0,7.0,5.0,2.0,2.0,1.0,Republican,Male,BA+,30-44,1.0
Causal evidence,2.0,87.0,1.0,1.0,3.0,1.0,3.0,1.0,9.0,7.0,1.0,4.0,1.0,Republican,Female,BA+,45-59,2.0
Causal evidence,2.0,60.0,2.0,2.0,2.0,2.0,2.0,2.0,12.0,10.0,3.0,2.0,3.0,Republican,Male,BA+,60+,2.0
Control (unrelated text),4.0,65.0,3.0,4.0,1.0,3.0,3.0,5.0,12.0,10.0,4.0,4.0,3.0,Republican,Male,No degree,45-59,3.0
Scientific consensus,3.0,50.0,3.0,3.0,1.0,3.0,2.0,5.0,12.0,10.0,4.0,3.0,3.0,Republican,Female,BA+,60+,1.0
Control (unrelated text),1.0,81.0,2.0,1.0,1.0,1.0,1.0,2.0,8.0,7.0,3.0,1.0,2.0,Republican,Female,BA+,45-59,3.0
Scientific consensus,1.0,98.0,1.0,1.0,3.0,1.0,4.0,2.0,7.0,6.0,2.0,1.0,2.0,Republican,Female,BA+,30-44,1.0
Causal evidence,1.0,65.0,2.0,1.0,2.0,2.0,2.0,2.0,9.0,7.0,2.0,2.0,2.0,Republican,Female,Some college,60+,2.0
Scientific consensus,2.0,97.0,2.0,2.0,2.0,2.0,2.0,2.0,9.0,6.0,2.0,2.0,2.0,Republican,Male,BA+,45-59,1.0
Control (unrelated text),1.0,98.0,1.0,1.0,2.0,1.0,1.0,1.0,12.0,9.0,2.0,1.0,1.0,Republican,Male,BA+,30-44,3.0
Causal evidence,3.0,40.0,2.0,2.0,1.0,2.0,2.0,3.0,12.0,8.0,3.0,3.0,3.0,Republican,Female,BA+,45-59,2.0
Scientific consensus,2.0,97.0,1.0,2.0,2.0,1.0,2.0,3.0,9.0,7.0,3.0,2.0,1.0,Republican,Female,BA+,30-44,1.0
Control (unrelated text),2.0,77.0,3.0,2.0,2.0,2.0,1.0,4.0,12.0,8.0,3.0,2.0,3.0,Republican,Male,BA+,45-59,3.0
Causal evidence,2.0,59.0,1.0,2.0,2.0,2.0,2.0,2.0,8.0,7.0,2.0,2.0,2.0,Independent,Male,Some college,30-44,2.0
Scientific consensus,4.0,97.0,2.0,2.0,2.0,1.0,2.0,2.0,9.0,10.0,2.0,4.0,2.0,Republican,Female,BA+,30-44,1.0
Scientific consensus,2.0,97.0,1.0,2.0,2.0,2.0,2.0,2.0,11.0,9.0,2.0,2.0,1.0,Republican,Female,No degree,60+,2.0
Scientific consensus,4.0,19.0,3.0,3.0,1.0,3.0,1.0,3.0,12.0,10.0,3.0,3.0,3.0,Republican,Female,No degree,45-59,1.0
Control (unrelated text),4.0,95.0,3.0,3.0,1.0,3.0,1.0,5.0,12.0,10.0,4.0,4.0,3.0,Republican,Male,Some college,30-44,3.0
Control (unrelated text),2.0,79.0,1.0,2.0,3.0,2.0,3.0,3.0,7.0,6.0,2.0,2.0,2.0,Republican,Female,No degree,30-44,3.0
Scientific consensus,2.0,97.0,1.0,2.0,3.0,1.0,3.0,2.0,11.0,8.0,2.0,2.0,1.0,Republican,Male,BA+,30-44,1.0
Control (unrelated text),1.0,95.0,1.0,1.0,2.0,2.0,1.0,2.0,7.0,5.0,2.0,1.0,1.0,Republican,Female,BA+,30-44,3.0
Causal evidence,2.0,71.0,1.0,2.0,2.0,1.0,2.0,1.0,9.0,7.0,1.0,2.0,1.0,Republican,Female,No degree,45-59,2.0
Control (unrelated text),4.0,50.0,2.0,2.0,1.0,3.0,2.0,5.0,12.0,10.0,4.0,4.0,2.0,Republican,Female,BA+,30-44,3.0
Control (unrelated text),2.0,40.0,2.0,2.0,2.0,2.0,2.0,2.0,7.0,5.0,2.0,2.0,2.0,Republican,Male,BA+,30-44,3.0
Causal evidence,3.0,70.0,2.0,2.0,1.0,2.0,2.0,2.0,8.0,7.0,2.0,2.0,2.0,Republican,Female,BA+,45-59,2.0
Causal evidence,3.0,59.0,2.0,2.0,2.0,2.0,2.0,3.0,10.0,8.0,3.0,2.0,3.0,Republican,Female,No degree,45-59,2.0
Causal evidence,2.0,80.0,1.0,2.0,3.0,2.0,2.0,2.0,12.0,10.0,2.0,3.0,2.0,Republican,Male,BA+,45-59,2.0
Scientific consensus,2.0,63.0,2.0,2.0,2.0,1.0,1.0,3.0,8.0,7.0,2.0,2.0,2.0,Republican,Female,BA+,45-59,1.0
Scientific consensus,2.0,71.0,2.0,1.0,2.0,2.0,2.0,2.0,7.0,7.0,2.0,2.0,2.0,Republican,Male,BA+,30-44,2.0
Causal evidence,3.0,90.0,1.0,2.0,2.0,1.0,2.0,2.0,12.0,8.0,4.0,3.0,3.0,Republican,Female,No degree,30-44,2.0
Control (unrelated text),3.0,59.0,1.0,1.0,2.0,1.0,2.0,1.0,6.0,7.0,1.0,3.0,1.0,Republican,Female,No degree,45-59,3.0
Scientific consensus,2.0,97.0,1.0,1.0,3.0,1.0,3.0,1.0,7.0,6.0,1.0,2.0,1.0,Republican,Female,Some college,45-59,1.0
Scientific consensus,3.0,97.0,1.0,2.0,1.0,2.0,2.0,4.0,10.0,10.0,4.0,3.0,1.0,Republican,Female,Some college,30-44,1.0
Control (unrelated text),1.0,95.0,1.0,1.0,2.0,1.0,1.0,1.0,6.0,4.0,1.0,1.0,1.0,Republican,Male,Some college,30-44,3.0
Causal evidence,1.0,100.0,1.0,1.0,2.0,1.0,2.0,1.0,9.0,5.0,1.0,1.0,2.0,Independent,Male,BA+,30-44,2.0
Causal evidence,1.0,82.0,1.0,1.0,3.0,2.0,2.0,1.0,7.0,5.0,2.0,1.0,1.0,Republican,Female,BA+,18-29,2.0
Scientific consensus,3.0,15.0,3.0,3.0,1.0,3.0,1.0,5.0,11.0,9.0,4.0,3.0,3.0,Republican,Male,BA+,30-44,1.0
Scientific consensus,1.0,97.0,1.0,1.0,2.0,1.0,3.0,1.0,9.0,5.0,2.0,1.0,2.0,Republican,Female,No degree,30-44,1.0
Control (unrelated text),2.0,72.0,1.0,1.0,3.0,1.0,3.0,1.0,8.0,5.0,1.0,2.0,1.0,Republican,Male,BA+,30-44,3.0
Scientific consensus,2.0,82.0,1.0,2.0,1.0,2.0,2.0,1.0,10.0,9.0,2.0,2.0,2.0,Republican,Male,No degree,30-44,1.0
Causal evidence,3.0,100.0,2.0,2.0,2.0,2.0,2.0,1.0,8.0,10.0,2.0,3.0,2.0,Republican,Female,Some college,30-44,2.0
Control (unrelated text),1.0,95.0,2.0,2.0,2.0,1.0,1.0,2.0,9.0,6.0,2.0,1.0,2.0,Republican,Female,BA+,30-44,3.0
Causal evidence,2.0,80.0,1.0,1.0,3.0,1.0,3.0,1.0,8.0,7.0,2.0,2.0,1.0,Republican,Male,No degree,45-59,2.0
Causal evidence,2.0,70.0,1.0,1.0,2.0,2.0,2.0,3.0,8.0,6.0,2.0,2.0,1.0,Republican,Female,Some college,45-59,2.0
Control (unrelated text),1.0,70.0,1.0,2.0,1.0,2.0,2.0,1.0,10.0,5.0,1.0,2.0,2.0,Independent,Male,BA+,30-44,2.0
Scientific consensus,2.0,80.0,1.0,2.0,2.0,1.0,2.0,1.0,8.0,6.0,1.0,2.0,1.0,Republican,Male,BA+,18-29,2.0
Causal evidence,4.0,92.0,3.0,4.0,1.0,3.0,1.0,5.0,12.0,10.0,4.0,4.0,3.0,Republican,Female,BA+,45-59,2.0
Control (unrelated text),1.0,91.0,1.0,1.0,3.0,1.0,1.0,1.0,7.0,5.0,1.0,1.0,1.0,Republican,Female,BA+,60+,3.0
Scientific consensus,4.0,97.0,3.0,3.0,1.0,3.0,1.0,5.0,12.0,10.0,4.0,4.0,3.0,Republican,Male,No degree,45-59,1.0
Scientific consensus,1.0,97.0,1.0,1.0,3.0,1.0,3.0,1.0,7.0,4.0,1.0,1.0,1.0,Republican,Female,BA+,60+,1.0
Causal evidence,2.0,95.0,1.0,1.0,2.0,1.0,3.0,2.0,12.0,8.0,2.0,2.0,1.0,Republican,Male,BA+,45-59,2.0
Scientific consensus,1.0,97.0,1.0,1.0,2.0,1.0,1.0,1.0,9.0,6.0,2.0,1.0,1.0,Republican,Female,BA+,30-44,1.0
Causal evidence,2.0,83.0,1.0,2.0,2.0,1.0,1.0,2.0,9.0,7.0,2.0,2.0,2.0,Republican,Female,BA+,30-44,2.0
Control (unrelated text),2.0,70.0,2.0,2.0,2.0,2.0,2.0,2.0,9.0,7.0,2.0,2.0,2.0,Republican,Female,Some college,45-59,3.0
Control (unrelated text),4.0,50.0,3.0,4.0,2.0,4.0,1.0,5.0,12.0,10.0,4.0,4.0,3.0,Republican,Male,BA+,30-44,3.0
Control (unrelated text),4.0,51.0,3.0,4.0,1.0,3.0,1.0,5.0,12.0,10.0,4.0,4.0,3.0,Republican,Male,Some college,30-44,3.0
Control (unrelated text),3.0,76.0,2.0,2.0,1.0,3.0,2.0,5.0,12.0,10.0,3.0,3.0,2.0,Republican,Male,No degree,60+,3.0
Causal evidence,3.0,71.0,1.0,2.0,2.0,2.0,2.0,3.0,9.0,7.0,3.0,3.0,2.0,Republican,Female,BA+,30-44,2.0
Causal evidence,3.0,62.0,2.0,2.0,2.0,2.0,3.0,4.0,12.0,10.0,4.0,2.0,2.0,Republican,Male,BA+,30-44,2.0
Control (unrelated text),4.0,81.0,1.0,1.0,4.0,1.0,4.0,1.0,6.0,4.0,2.0,4.0,1.0,Republican,Female,No degree,30-44,3.0
Scientific consensus,2.0,55.0,2.0,2.0,2.0,2.0,2.0,3.0,10.0,8.0,3.0,2.0,2.0,Republican,Female,Some college,45-59,1.0
Causal evidence,2.0,75.0,1.0,2.0,3.0,1.0,3.0,2.0,11.0,7.0,2.0,2.0,1.0,Republican,Female,No degree,18-29,2.0
Control (unrelated text),2.0,65.0,1.0,1.0,2.0,2.0,2.0,2.0,6.0,5.0,1.0,2.0,1.0,Republican,Female,BA+,18-29,1.0
Scientific consensus,3.0,97.0,2.0,2.0,2.0,2.0,2.0,2.0,12.0,9.0,3.0,3.0,2.0,Republican,Male,BA+,30-44,1.0
Causal evidence,4.0,73.0,2.0,2.0,2.0,2.0,1.0,3.0,12.0,10.0,4.0,4.0,2.0,Republican,Female,BA+,30-44,2.0
Scientific consensus,3.0,97.0,3.0,3.0,1.0,3.0,1.0,4.0,12.0,10.0,4.0,3.0,3.0,Republican,Male,BA+,30-44,1.0
Control (unrelated text),4.0,96.0,3.0,2.0,1.0,1.0,1.0,5.0,12.0,10.0,4.0,3.0,3.0,Republican,Male,BA+,30-44,3.0
Scientific consensus,1.0,97.0,2.0,1.0,1.0,1.0,1.0,2.0,11.0,8.0,2.0,1.0,2.0,Independent,Female,BA+,45-59,1.0
Control (unrelated text),3.0,51.0,2.0,2.0,1.0,1.0,1.0,3.0,12.0,10.0,3.0,3.0,2.0,Republican,Female,No degree,60+,3.0
Scientific consensus,1.0,97.0,1.0,1.0,3.0,1.0,3.0,2.0,6.0,4.0,2.0,1.0,1.0,Republican,Female,BA+,45-59,2.0
Causal evidence,3.0,65.0,2.0,3.0,2.0,2.0,1.0,3.0,10.0,9.0,2.0,3.0,3.0,Republican,Male,No degree,30-44,2.0
Scientific consensus,4.0,62.0,3.0,4.0,1.0,4.0,1.0,5.0,12.0,10.0,4.0,4.0,3.0,Republican,Male,BA+,45-59,2.0
Causal evidence,2.0,61.0,2.0,2.0,2.0,2.0,2.0,3.0,11.0,7.0,3.0,2.0,2.0,Republican,Female,BA+,45-59,2.0
Control (unrelated text),3.0,44.0,3.0,3.0,1.0,3.0,2.0,3.0,10.0,9.0,3.0,3.0,3.0,Republican,Female,BA+,30-44,3.0
Scientific consensus,3.0,97.0,2.0,3.0,2.0,2.0,2.0,3.0,9.0,7.0,4.0,3.0,2.0,Republican,Female,No degree,30-44,2.0
Causal evidence,2.0,90.0,3.0,4.0,1.0,4.0,1.0,5.0,12.0,10.0,4.0,3.0,3.0,Republican,Male,BA+,45-59,2.0
Scientific consensus,2.0,86.0,1.0,1.0,2.0,2.0,2.0,3.0,11.0,10.0,2.0,2.0,2.0,Republican,Male,BA+,30-44,1.0
Causal evidence,2.0,79.0,2.0,2.0,2.0,2.0,2.0,2.0,9.0,9.0,2.0,2.0,2.0,Republican,Female,BA+,60+,2.0
Causal evidence,1.0,88.0,1.0,1.0,3.0,1.0,1.0,1.0,6.0,4.0,1.0,1.0,1.0,Republican,Female,BA+,45-59,2.0
Causal evidence,3.0,90.0,3.0,2.0,1.0,2.0,1.0,4.0,12.0,10.0,3.0,3.0,3.0,Republican,Male,BA+,45-59,2.0
Control (unrelated text),4.0,25.0,3.0,4.0,2.0,3.0,1.0,5.0,12.0,10.0,4.0,4.0,3.0,Republican,Male,BA+,30-44,3.0
Control (unrelated text),2.0,87.0,1.0,1.0,2.0,1.0,2.0,1.0,7.0,7.0,2.0,1.0,1.0,Republican,Male,No degree,18-29,3.0
Scientific consensus,3.0,60.0,3.0,3.0,1.0,3.0,1.0,3.0,12.0,10.0,3.0,3.0,3.0,Republican,Female,No degree,45-59,1.0
Scientific consensus,1.0,97.0,1.0,1.0,2.0,1.0,2.0,1.0,10.0,6.0,2.0,2.0,1.0,Republican,Male,BA+,45-59,1.0
Control (unrelated text),2.0,61.0,2.0,2.0,2.0,2.0,2.0,3.0,10.0,8.0,2.0,2.0,2.0,Republican,Female,BA+,18-29,3.0
Scientific consensus,2.0,90.0,1.0,2.0,2.0,2.0,2.0,3.0,12.0,6.0,2.0,2.0,1.0,Republican,Male,BA+,30-44,1.0
Control (unrelated text),3.0,75.0,3.0,2.0,1.0,1.0,1.0,5.0,12.0,10.0,4.0,3.0,3.0,Republican,Male,Some college,30-44,3.0
Control (unrelated text),2.0,43.0,2.0,2.0,2.0,3.0,2.0,3.0,9.0,6.0,2.0,3.0,2.0,Republican,Female,No degree,45-59,3.0
Causal evidence,2.0,64.0,2.0,2.0,2.0,2.0,2.0,3.0,9.0,7.0,2.0,2.0,3.0,Republican,Female,BA+,45-59,2.0
Control (unrelated text),2.0,59.0,2.0,2.0,2.0,2.0,1.0,4.0,12.0,7.0,3.0,2.0,2.0,Republican,Male,BA+,30-44,3.0
Scientific consensus,3.0,91.0,2.0,3.0,2.0,2.0,2.0,3.0,12.0,10.0,3.0,3.0,2.0,Republican,Female,Some college,60+,1.0
Causal evidence,3.0,76.0,1.0,1.0,1.0,1.0,1.0,1.0,9.0,7.0,2.0,3.0,1.0,Republican,Female,BA+,30-44,2.0
Scientific consensus,3.0,90.0,2.0,2.0,2.0,3.0,3.0,4.0,10.0,8.0,3.0,3.0,2.0,Republican,Female,BA+,30-44,2.0
Control (unrelated text),3.0,60.0,2.0,2.0,1.0,2.0,2.0,3.0,11.0,9.0,3.0,3.0,2.0,Republican,Female,No degree,45-59,3.0
Causal evidence,1.0,98.0,1.0,1.0,2.0,1.0,2.0,1.0,11.0,8.0,2.0,2.0,2.0,Republican,Male,No degree,45-59,2.0
Scientific consensus,4.0,97.0,3.0,3.0,1.0,1.0,3.0,5.0,12.0,10.0,3.0,4.0,3.0,Republican,Male,No degree,45-59,2.0
Control (unrelated text),3.0,66.0,2.0,2.0,2.0,2.0,2.0,2.0,7.0,8.0,2.0,3.0,1.0,Republican,Female,No degree,45-59,3.0
Causal evidence,2.0,68.0,3.0,2.0,2.0,2.0,2.0,1.0,6.0,4.0,1.0,1.0,1.0,Republican,Female,BA+,30-44,2.0
Causal evidence,4.0,87.0,3.0,3.0,1.0,3.0,1.0,4.0,12.0,10.0,4.0,4.0,3.0,Republican,Male,BA+,30-44,2.0
Control (unrelated text),2.0,80.0,2.0,2.0,2.0,2.0,2.0,2.0,9.0,8.0,2.0,2.0,2.0,Republican,Female,No degree,45-59,3.0
Causal evidence,3.0,80.0,2.0,2.0,2.0,2.0,2.0,3.0,10.0,9.0,3.0,3.0,2.0,Republican,Female,No degree,45-59,2.0
Scientific consensus,2.0,90.0,2.0,1.0,1.0,2.0,2.0,2.0,7.0,5.0,2.0,2.0,2.0,Republican,Female,No degree,30-44,2.0
Causal evidence,2.0,51.0,2.0,2.0,2.0,2.0,2.0,4.0,11.0,9.0,3.0,2.0,2.0,Republican,Female,BA+,18-29,2.0
Control (unrelated text),2.0,79.0,3.0,2.0,1.0,3.0,1.0,5.0,12.0,10.0,4.0,2.0,3.0,Republican,Male,No degree,30-44,3.0
Scientific consensus,2.0,97.0,1.0,2.0,1.0,1.0,2.0,2.0,9.0,7.0,3.0,2.0,2.0,Republican,Female,No degree,18-29,2.0
Causal evidence,2.0,68.0,2.0,2.0,2.0,2.0,2.0,2.0,7.0,7.0,2.0,2.0,2.0,Republican,Female,No degree,18-29,2.0
Control (unrelated text),2.0,70.0,2.0,2.0,2.0,2.0,4.0,3.0,8.0,6.0,3.0,2.0,2.0,Republican,Male,No degree,18-29,2.0
Scientific consensus,4.0,97.0,2.0,2.0,1.0,2.0,2.0,4.0,12.0,10.0,4.0,4.0,3.0,Republican,Female,No degree,30-44,1.0
Scientific consensus,2.0,9.0,3.0,2.0,2.0,3.0,2.0,3.0,9.0,8.0,2.0,2.0,3.0,Republican,Female,No degree,60+,1.0
Causal evidence,4.0,51.0,3.0,4.0,4.0,4.0,4.0,5.0,12.0,10.0,4.0,4.0,3.0,Republican,Female,BA+,30-44,2.0
Control (unrelated text),2.0,65.0,2.0,2.0,2.0,2.0,2.0,2.0,8.0,7.0,2.0,2.0,2.0,Republican,Female,Some college,60+,3.0
Scientific consensus,1.0,97.0,1.0,1.0,3.0,2.0,3.0,2.0,9.0,8.0,2.0,2.0,1.0,Republican,Female,Some college,18-29,1.0
Control (unrelated text),2.0,91.0,3.0,2.0,1.0,3.0,1.0,1.0,11.0,7.0,2.0,2.0,3.0,Republican,Male,BA+,60+,3.0
Causal evidence,3.0,85.0,3.0,2.0,1.0,2.0,2.0,3.0,9.0,7.0,3.0,3.0,3.0,Republican,Female,BA+,18-29,2.0
Causal evidence,2.0,,2.0,2.0,2.0,2.0,2.0,3.0,12.0,7.0,2.0,2.0,2.0,Republican,Male,BA+,18-29,2.0
Scientific consensus,3.0,97.0,3.0,3.0,1.0,1.0,3.0,5.0,12.0,10.0,4.0,4.0,3.0,Republican,Male,BA+,45-59,1.0
Scientific consensus,2.0,95.0,2.0,1.0,2.0,2.0,2.0,2.0,10.0,8.0,2.0,2.0,2.0,Republican,Female,No degree,45-59,1.0
Causal evidence,2.0,92.0,1.0,2.0,3.0,1.0,3.0,1.0,11.0,7.0,1.0,2.0,2.0,Independent,Male,BA+,60+,2.0
Causal evidence,3.0,68.0,1.0,2.0,2.0,2.0,2.0,4.0,11.0,9.0,4.0,3.0,2.0,Republican,Female,BA+,30-44,2.0
Control (unrelated text),2.0,65.0,2.0,2.0,2.0,2.0,1.0,2.0,9.0,7.0,2.0,2.0,2.0,Republican,Female,Some college,18-29,3.0
Control (unrelated text),2.0,71.0,2.0,2.0,2.0,2.0,2.0,3.0,9.0,8.0,2.0,2.0,2.0,Republican,Female,BA+,60+,3.0
Scientific consensus,2.0,97.0,2.0,2.0,2.0,2.0,2.0,3.0,12.0,10.0,4.0,2.0,2.0,Republican,Male,BA+,30-44,1.0
Control (unrelated text),1.0,66.0,1.0,1.0,2.0,2.0,3.0,1.0,6.0,5.0,2.0,1.0,1.0,Republican,Male,No degree,30-44,3.0
Control (unrelated text),4.0,61.0,2.0,2.0,2.0,3.0,2.0,3.0,12.0,10.0,4.0,4.0,2.0,Republican,Male,BA+,30-44,3.0
Causal evidence,2.0,94.0,1.0,1.0,2.0,1.0,2.0,1.0,6.0,5.0,2.0,2.0,2.0,Republican,Female,Some college,45-59,2.0
Control (unrelated text),4.0,84.0,3.0,3.0,1.0,3.0,1.0,5.0,12.0,9.0,4.0,4.0,3.0,Republican,Female,BA+,45-59,3.0
Control (unrelated text),1.0,74.0,2.0,1.0,2.0,1.0,2.0,1.0,7.0,6.0,2.0,1.0,2.0,Republican,Male,No degree,45-59,3.0
Control (unrelated text),2.0,66.0,1.0,2.0,2.0,2.0,2.0,1.0,9.0,5.0,2.0,2.0,1.0,Republican,Female,BA+,30-44,3.0
Causal evidence,1.0,95.0,1.0,1.0,2.0,1.0,1.0,3.0,9.0,8.0,2.0,1.0,2.0,Democrat,Female,Some college,30-44,2.0
Causal evidence,1.0,85.0,1.0,1.0,3.0,1.0,3.0,1.0,8.0,4.0,1.0,1.0,1.0,Democrat,Female,BA+,18-29,2.0
Scientific consensus,2.0,60.0,1.0,2.0,2.0,3.0,3.0,1.0,8.0,5.0,2.0,2.0,1.0,Republican,Female,No degree,60+,2.0
Control (unrelated text),1.0,89.0,1.0,1.0,2.0,1.0,2.0,1.0,7.0,4.0,2.0,1.0,1.0,Republican,Male,No degree,18-29,3.0
Control (unrelated text),2.0,72.0,2.0,1.0,1.0,2.0,2.0,2.0,9.0,8.0,3.0,2.0,2.0,Republican,Female,No degree,60+,3.0
Control (unrelated text),3.0,80.0,1.0,2.0,2.0,2.0,2.0,3.0,11.0,8.0,2.0,3.0,1.0,Republican,Male,BA+,30-44,3.0
Control (unrelated text),3.0,60.0,2.0,2.0,2.0,2.0,2.0,3.0,9.0,8.0,3.0,3.0,2.0,Republican,Female,BA+,45-59,3.0
Causal evidence,2.0,76.0,1.0,1.0,2.0,1.0,2.0,2.0,8.0,7.0,3.0,2.0,1.0,Republican,Female,BA+,30-44,2.0
Causal evidence,3.0,70.0,2.0,2.0,1.0,2.0,1.0,2.0,7.0,8.0,1.0,2.0,2.0,Republican,Male,No degree,18-29,2.0
Causal evidence,3.0,10.0,3.0,3.0,2.0,3.0,2.0,5.0,12.0,10.0,4.0,4.0,3.0,Republican,Female,BA+,45-59,1.0
Scientific consensus,2.0,91.0,2.0,2.0,1.0,2.0,1.0,3.0,10.0,9.0,3.0,3.0,2.0,Republican,Female,BA+,30-44,2.0
Causal evidence,4.0,100.0,3.0,3.0,2.0,3.0,2.0,4.0,12.0,10.0,4.0,4.0,3.0,Republican,Male,BA+,30-44,2.0
Causal evidence,2.0,71.0,2.0,2.0,3.0,2.0,3.0,2.0,10.0,8.0,4.0,3.0,2.0,Republican,Female,BA+,45-59,2.0
Scientific consensus,3.0,90.0,3.0,2.0,1.0,2.0,1.0,3.0,11.0,9.0,2.0,3.0,3.0,Republican,Female,BA+,30-44,1.0
Scientific consensus,2.0,100.0,1.0,2.0,1.0,2.0,2.0,3.0,10.0,8.0,3.0,2.0,2.0,Republican,Female,BA+,30-44,2.0
Causal evidence,4.0,49.0,1.0,1.0,2.0,2.0,2.0,1.0,9.0,7.0,2.0,3.0,1.0,Republican,Female,No degree,18-29,2.0
Causal evidence,2.0,75.0,2.0,2.0,1.0,2.0,2.0,3.0,7.0,5.0,2.0,2.0,3.0,Republican,Female,Some college,30-44,2.0
Scientific consensus,1.0,83.0,1.0,2.0,2.0,1.0,2.0,1.0,11.0,9.0,3.0,2.0,1.0,Republican,Female,No degree,30-44,2.0
Control (unrelated text),2.0,80.0,2.0,2.0,2.0,2.0,2.0,2.0,11.0,6.0,2.0,2.0,2.0,Republican,Female,BA+,30-44,3.0
Causal evidence,2.0,50.0,1.0,2.0,2.0,2.0,2.0,2.0,9.0,7.0,2.0,2.0,2.0,Republican,Female,Some college,30-44,2.0
Scientific consensus,4.0,36.0,2.0,2.0,2.0,3.0,2.0,3.0,12.0,10.0,3.0,4.0,2.0,Republican,Female,BA+,30-44,2.0
Scientific consensus,2.0,97.0,1.0,2.0,2.0,2.0,2.0,1.0,8.0,5.0,2.0,3.0,3.0,Republican,Female,No degree,45-59,1.0
Control (unrelated text),1.0,75.0,2.0,2.0,2.0,2.0,2.0,2.0,9.0,7.0,2.0,1.0,2.0,Republican,Male,BA+,18-29,3.0
Causal evidence,2.0,82.0,2.0,2.0,2.0,2.0,2.0,4.0,12.0,9.0,3.0,2.0,2.0,Republican,Male,BA+,30-44,2.0
Control (unrelated text),1.0,97.0,1.0,1.0,2.0,1.0,1.0,2.0,10.0,6.0,2.0,1.0,1.0,Republican,Female,BA+,18-29,3.0
Scientific consensus,2.0,51.0,2.0,2.0,2.0,2.0,2.0,3.0,9.0,7.0,2.0,2.0,1.0,Republican,Female,No degree,18-29,2.0
Control (unrelated text),4.0,80.0,3.0,2.0,1.0,2.0,1.0,3.0,10.0,9.0,3.0,4.0,3.0,Republican,Female,Some college,45-59,3.0
Causal evidence,1.0,90.0,1.0,1.0,3.0,1.0,3.0,1.0,6.0,7.0,1.0,1.0,1.0,Republican,Male,BA+,30-44,2.0
Causal evidence,3.0,69.0,1.0,1.0,3.0,2.0,3.0,2.0,7.0,7.0,1.0,3.0,1.0,Democrat,Female,Some college,30-44,2.0
Scientific consensus,2.0,97.0,1.0,1.0,3.0,1.0,2.0,1.0,8.0,6.0,1.0,2.0,1.0,Republican,Female,No degree,30-44,2.0
Control (unrelated text),2.0,80.0,1.0,1.0,2.0,1.0,2.0,2.0,8.0,6.0,2.0,2.0,1.0,Republican,Female,Some college,30-44,3.0
Scientific consensus,3.0,97.0,2.0,2.0,2.0,3.0,2.0,2.0,9.0,8.0,2.0,2.0,2.0,Republican,Male,BA+,18-29,1.0
Causal evidence,2.0,61.0,1.0,1.0,3.0,1.0,3.0,1.0,9.0,7.0,2.0,2.0,1.0,Republican,Female,BA+,30-44,2.0
Scientific consensus,2.0,97.0,1.0,1.0,2.0,1.0,2.0,1.0,9.0,8.0,2.0,2.0,2.0,Republican,Male,BA+,60+,1.0
Control (unrelated text),2.0,62.0,1.0,1.0,2.0,2.0,3.0,1.0,7.0,7.0,1.0,2.0,1.0,Republican,Female,BA+,30-44,3.0
Scientific consensus,2.0,90.0,2.0,2.0,2.0,2.0,2.0,3.0,11.0,9.0,3.0,2.0,3.0,Republican,Female,Some college,30-44,1.0
Scientific consensus,2.0,90.0,2.0,2.0,2.0,2.0,2.0,2.0,11.0,6.0,2.0,2.0,2.0,Republican,Female,Some college,45-59,1.0
Control (unrelated text),2.0,74.0,2.0,2.0,1.0,3.0,1.0,3.0,9.0,10.0,3.0,2.0,2.0,Republican,Female,BA+,30-44,3.0
Control (unrelated text),2.0,5.0,3.0,4.0,1.0,4.0,1.0,5.0,12.0,10.0,4.0,2.0,3.0,Republican,Male,No degree,45-59,3.0
Scientific consensus,1.0,9.0,1.0,1.0,4.0,1.0,4.0,1.0,6.0,4.0,1.0,1.0,1.0,Independent,Female,No degree,60+,2.0
Causal evidence,2.0,75.0,1.0,1.0,3.0,2.0,3.0,1.0,11.0,9.0,2.0,2.0,2.0,Republican,Female,BA+,60+,2.0
Scientific consensus,2.0,,1.0,2.0,2.0,2.0,2.0,2.0,8.0,7.0,3.0,2.0,1.0,Republican,Female,BA+,30-44,3.0
Causal evidence,2.0,85.0,1.0,1.0,2.0,1.0,2.0,1.0,12.0,6.0,1.0,2.0,2.0,Republican,Male,BA+,30-44,2.0
Control (unrelated text),2.0,51.0,2.0,2.0,2.0,2.0,2.0,1.0,9.0,7.0,1.0,2.0,2.0,Republican,Female,No degree,45-59,3.0
Scientific consensus,2.0,95.0,1.0,1.0,2.0,2.0,2.0,2.0,8.0,7.0,2.0,2.0,2.0,Republican,Female,No degree,18-29,1.0
Causal evidence,1.0,82.0,1.0,1.0,3.0,1.0,3.0,1.0,6.0,5.0,1.0,1.0,1.0,Republican,Female,No degree,18-29,2.0
Scientific consensus,1.0,97.0,1.0,1.0,1.0,1.0,1.0,1.0,7.0,4.0,1.0,3.0,2.0,Republican,Female,BA+,30-44,2.0
Causal evidence,2.0,82.0,1.0,1.0,3.0,1.0,2.0,3.0,12.0,10.0,2.0,2.0,1.0,Republican,Female,Some college,45-59,2.0
Scientific consensus,4.0,97.0,3.0,3.0,1.0,3.0,1.0,5.0,12.0,10.0,4.0,4.0,3.0,Independent,Female,No degree,45-59,1.0
Causal evidence,2.0,92.0,2.0,2.0,2.0,2.0,2.0,2.0,7.0,6.0,2.0,2.0,2.0,Republican,Female,No degree,45-59,2.0
Control (unrelated text),2.0,90.0,2.0,2.0,2.0,2.0,2.0,2.0,11.0,10.0,2.0,2.0,2.0,Republican,Male,BA+,18-29,3.0
Control (unrelated text),2.0,95.0,1.0,1.0,3.0,1.0,2.0,1.0,11.0,4.0,1.0,2.0,1.0,Republican,Female,No degree,30-44,3.0
Causal evidence,2.0,83.0,1.0,2.0,2.0,1.0,2.0,2.0,12.0,10.0,3.0,2.0,1.0,Republican,Male,No degree,45-59,2.0
Scientific consensus,2.0,97.0,1.0,1.0,2.0,2.0,3.0,2.0,8.0,7.0,2.0,2.0,2.0,Independent,Female,BA+,30-44,1.0
Scientific consensus,1.0,97.0,1.0,1.0,3.0,1.0,3.0,1.0,9.0,5.0,1.0,1.0,1.0,Republican,Female,BA+,45-59,1.0
Scientific consensus,3.0,51.0,1.0,1.0,1.0,1.0,2.0,3.0,8.0,6.0,3.0,1.0,2.0,Republican,Female,BA+,30-44,2.0
Causal evidence,3.0,50.0,2.0,3.0,3.0,2.0,2.0,4.0,11.0,9.0,3.0,3.0,2.0,Republican,Male,BA+,18-29,2.0
Scientific consensus,2.0,70.0,1.0,1.0,2.0,1.0,3.0,3.0,11.0,10.0,2.0,3.0,1.0,Republican,Female,No degree,30-44,1.0
Control (unrelated text),3.0,76.0,2.0,2.0,2.0,2.0,2.0,3.0,12.0,9.0,3.0,3.0,2.0,Republican,Female,BA+,60+,3.0
Causal evidence,1.0,73.0,1.0,1.0,2.0,1.0,3.0,2.0,7.0,5.0,2.0,2.0,2.0,Republican,Female,No degree,18-29,2.0
Scientific consensus,2.0,97.0,1.0,1.0,2.0,1.0,2.0,2.0,8.0,7.0,2.0,3.0,2.0,Republican,Female,No degree,60+,1.0
Causal evidence,2.0,83.0,1.0,1.0,1.0,1.0,1.0,2.0,7.0,7.0,2.0,2.0,2.0,Republican,Female,No degree,18-29,2.0
Causal evidence,3.0,50.0,3.0,3.0,1.0,3.0,3.0,3.0,11.0,9.0,3.0,3.0,3.0,Republican,Female,No degree,45-59,2.0
Scientific consensus,3.0,97.0,3.0,3.0,1.0,3.0,2.0,5.0,12.0,10.0,4.0,3.0,3.0,Republican,Male,BA+,45-59,1.0
Causal evidence,1.0,40.0,1.0,2.0,2.0,3.0,2.0,3.0,7.0,7.0,3.0,2.0,2.0,Republican,Female,BA+,45-59,2.0
Control (unrelated text),2.0,66.0,2.0,2.0,2.0,2.0,2.0,2.0,9.0,7.0,2.0,2.0,2.0,Independent,Female,No degree,30-44,2.0
Scientific consensus,1.0,97.0,1.0,1.0,2.0,1.0,2.0,1.0,10.0,7.0,1.0,2.0,2.0,Republican,Female,No degree,60+,1.0
Control (unrelated text),2.0,53.0,1.0,2.0,2.0,2.0,2.0,2.0,8.0,6.0,2.0,2.0,1.0,Republican,Male,BA+,30-44,3.0
Control (unrelated text),4.0,85.0,2.0,3.0,2.0,3.0,2.0,4.0,12.0,10.0,4.0,4.0,2.0,Republican,Female,BA+,30-44,3.0
Control (unrelated text),3.0,70.0,3.0,3.0,1.0,3.0,2.0,4.0,11.0,9.0,3.0,3.0,3.0,Republican,Female,BA+,30-44,3.0
Causal evidence,1.0,71.0,1.0,1.0,3.0,1.0,3.0,2.0,11.0,10.0,2.0,4.0,2.0,Republican,Male,No degree,60+,2.0
Control (unrelated text),3.0,61.0,1.0,1.0,2.0,1.0,1.0,2.0,7.0,9.0,3.0,3.0,2.0,Republican,Female,Some college,30-44,3.0
Control (unrelated text),1.0,90.0,1.0,1.0,3.0,1.0,3.0,1.0,7.0,5.0,2.0,1.0,1.0,Independent,Male,BA+,45-59,3.0
Causal evidence,1.0,100.0,1.0,1.0,4.0,1.0,4.0,1.0,6.0,4.0,1.0,1.0,1.0,Republican,Male,No degree,60+,2.0
Scientific consensus,2.0,96.0,1.0,1.0,2.0,1.0,3.0,1.0,8.0,6.0,1.0,3.0,2.0,Republican,Male,BA+,30-44,1.0
Control (unrelated text),2.0,70.0,3.0,3.0,1.0,3.0,1.0,4.0,11.0,9.0,4.0,2.0,3.0,Republican,Female,BA+,60+,3.0
Causal evidence,2.0,,1.0,1.0,2.0,1.0,2.0,2.0,9.0,10.0,3.0,2.0,2.0,Republican,Female,No degree,60+,2.0
Causal evidence,3.0,97.0,3.0,3.0,1.0,2.0,2.0,5.0,12.0,10.0,4.0,2.0,3.0,Republican,Female,BA+,30-44,2.0
Causal evidence,3.0,61.0,1.0,2.0,2.0,2.0,3.0,3.0,12.0,10.0,3.0,3.0,2.0,Republican,Female,BA+,60+,2.0
Control (unrelated text),2.0,70.0,2.0,2.0,2.0,2.0,1.0,3.0,11.0,9.0,3.0,3.0,2.0,Republican,Female,BA+,18-29,3.0
Causal evidence,4.0,51.0,3.0,3.0,1.0,3.0,1.0,5.0,12.0,10.0,4.0,4.0,3.0,Republican,Female,BA+,30-44,2.0
Control (unrelated text),3.0,50.0,2.0,3.0,1.0,3.0,1.0,3.0,11.0,7.0,3.0,3.0,2.0,Republican,Female,BA+,18-29,3.0
Scientific consensus,2.0,97.0,1.0,1.0,3.0,1.0,3.0,2.0,7.0,7.0,2.0,2.0,1.0,Republican,Female,No degree,30-44,1.0
Scientific consensus,2.0,97.0,2.0,2.0,1.0,2.0,2.0,3.0,9.0,8.0,2.0,2.0,2.0,Republican,Female,Some college,30-44,1.0
Causal evidence,2.0,79.0,1.0,2.0,3.0,2.0,3.0,2.0,9.0,7.0,2.0,2.0,1.0,Republican,Female,BA+,30-44,2.0
Control (unrelated text),2.0,90.0,1.0,2.0,2.0,1.0,2.0,3.0,10.0,6.0,2.0,2.0,1.0,Republican,Male,BA+,18-29,3.0
Control (unrelated text),2.0,85.0,1.0,1.0,1.0,2.0,2.0,2.0,9.0,9.0,2.0,2.0,1.0,Republican,Female,Some college,60+,3.0
Control (unrelated text),3.0,60.0,2.0,3.0,2.0,3.0,2.0,4.0,12.0,10.0,4.0,3.0,2.0,Republican,Male,No degree,45-59,3.0
Scientific consensus,1.0,90.0,1.0,1.0,3.0,1.0,3.0,1.0,6.0,5.0,2.0,1.0,1.0,Republican,Female,BA+,18-29,2.0
Scientific consensus,3.0,62.0,2.0,1.0,1.0,2.0,2.0,1.0,10.0,10.0,1.0,4.0,2.0,Republican,Female,Some college,30-44,2.0
Scientific consensus,3.0,97.0,3.0,3.0,1.0,3.0,1.0,3.0,12.0,10.0,4.0,4.0,3.0,Republican,Male,Some college,45-59,1.0
Control (unrelated text),2.0,80.0,1.0,2.0,3.0,1.0,3.0,2.0,9.0,7.0,2.0,2.0,1.0,Republican,Female,Some college,18-29,3.0
Causal evidence,2.0,71.0,2.0,2.0,1.0,2.0,2.0,4.0,12.0,9.0,3.0,2.0,2.0,Republican,Female,No degree,60+,2.0
Control (unrelated text),3.0,25.0,3.0,3.0,1.0,3.0,1.0,5.0,12.0,10.0,4.0,3.0,3.0,Republican,Male,BA+,60+,3.0
Scientific consensus,2.0,73.0,1.0,2.0,1.0,1.0,2.0,1.0,6.0,5.0,1.0,2.0,1.0,Republican,Female,BA+,18-29,2.0
Causal evidence,1.0,87.0,1.0,1.0,3.0,1.0,2.0,1.0,11.0,8.0,3.0,1.0,1.0,Republican,Male,No degree,30-44,2.0
Control (unrelated text),1.0,73.0,1.0,2.0,2.0,2.0,2.0,1.0,8.0,7.0,1.0,1.0,1.0,Republican,Female,No degree,30-44,3.0
Scientific consensus,2.0,97.0,1.0,2.0,1.0,2.0,2.0,3.0,10.0,9.0,3.0,3.0,2.0,Republican,Male,Some college,60+,1.0
Causal evidence,1.0,97.0,1.0,1.0,2.0,2.0,2.0,1.0,6.0,6.0,1.0,1.0,1.0,Republican,Female,No degree,18-29,2.0
Scientific consensus,4.0,100.0,2.0,3.0,1.0,3.0,1.0,5.0,12.0,10.0,4.0,4.0,2.0,Republican,Male,BA+,30-44,1.0
Scientific consensus,2.0,97.0,3.0,2.0,2.0,1.0,2.0,3.0,9.0,8.0,2.0,3.0,3.0,Republican,Female,Some college,60+,1.0
Control (unrelated text),2.0,51.0,2.0,2.0,2.0,2.0,2.0,2.0,9.0,7.0,2.0,2.0,2.0,Republican,Female,BA+,60+,3.0
Control (unrelated text),4.0,57.0,3.0,3.0,1.0,3.0,1.0,5.0,12.0,10.0,4.0,4.0,3.0,Republican,Female,Some college,60+,3.0
Scientific consensus,2.0,97.0,1.0,1.0,2.0,1.0,1.0,2.0,9.0,5.0,2.0,2.0,1.0,Democrat,Female,No degree,18-29,1.0
Causal evidence,4.0,75.0,3.0,4.0,1.0,4.0,1.0,5.0,12.0,10.0,4.0,4.0,3.0,Republican,Male,No degree,60+,2.0
Causal evidence,2.0,82.0,1.0,1.0,3.0,1.0,3.0,2.0,12.0,10.0,2.0,2.0,1.0,Republican,Male,BA+,45-59,2.0
Control (unrelated text),4.0,90.0,3.0,3.0,1.0,2.0,1.0,5.0,12.0,10.0,4.0,4.0,3.0,Republican,Male,No degree,30-44,3.0
Scientific consensus,3.0,70.0,2.0,2.0,1.0,2.0,2.0,3.0,9.0,7.0,3.0,2.0,2.0,Republican,Female,BA+,30-44,1.0
Control (unrelated text),3.0,48.0,2.0,2.0,2.0,2.0,2.0,4.0,12.0,10.0,3.0,3.0,2.0,Republican,Male,BA+,45-59,3.0
Scientific consensus,3.0,97.0,3.0,3.0,1.0,2.0,1.0,5.0,12.0,10.0,4.0,3.0,3.0,Republican,Female,No degree,60+,1.0
Control (unrelated text),2.0,71.0,1.0,1.0,3.0,1.0,3.0,1.0,7.0,5.0,1.0,2.0,1.0,Republican,Male,BA+,30-44,3.0
Causal evidence,2.0,83.0,1.0,2.0,2.0,2.0,2.0,2.0,12.0,7.0,3.0,2.0,2.0,Republican,Female,BA+,30-44,2.0
Control (unrelated text),2.0,40.0,3.0,2.0,1.0,2.0,1.0,3.0,11.0,9.0,3.0,2.0,3.0,Republican,Female,Some college,30-44,3.0
Causal evidence,3.0,92.0,3.0,3.0,1.0,3.0,1.0,5.0,12.0,10.0,4.0,3.0,3.0,Republican,Male,Some college,60+,2.0
Scientific consensus,2.0,97.0,1.0,1.0,2.0,1.0,2.0,2.0,9.0,7.0,2.0,2.0,2.0,Republican,Female,BA+,18-29,1.0
Scientific consensus,2.0,70.0,1.0,2.0,2.0,2.0,2.0,2.0,7.0,5.0,2.0,2.0,1.0,Independent,Male,No degree,30-44,2.0
Control (unrelated text),1.0,74.0,1.0,1.0,1.0,1.0,1.0,1.0,7.0,5.0,2.0,3.0,1.0,Republican,Male,No degree,30-44,2.0
Causal evidence,2.0,76.0,2.0,2.0,2.0,2.0,2.0,3.0,9.0,8.0,3.0,2.0,2.0,Republican,Female,No degree,60+,2.0
Causal evidence,1.0,82.0,1.0,1.0,2.0,1.0,2.0,1.0,6.0,9.0,1.0,1.0,2.0,Republican,Male,No degree,45-59,2.0
Causal evidence,4.0,61.0,3.0,4.0,1.0,3.0,2.0,5.0,12.0,10.0,4.0,3.0,3.0,Republican,Female,No degree,60+,2.0
Causal evidence,2.0,80.0,1.0,1.0,3.0,1.0,3.0,1.0,7.0,5.0,1.0,2.0,1.0,Republican,Female,BA+,30-44,2.0
Scientific consensus,1.0,52.0,2.0,2.0,2.0,2.0,2.0,2.0,9.0,5.0,2.0,1.0,2.0,Democrat,Female,BA+,45-59,2.0
Causal evidence,2.0,98.0,1.0,1.0,3.0,2.0,3.0,2.0,12.0,9.0,2.0,2.0,1.0,Republican,Male,BA+,30-44,2.0
Control (unrelated text),3.0,60.0,2.0,2.0,2.0,2.0,2.0,3.0,7.0,5.0,2.0,3.0,2.0,Republican,Male,No degree,30-44,3.0
Control (unrelated text),3.0,70.0,1.0,1.0,2.0,3.0,3.0,3.0,9.0,7.0,3.0,2.0,1.0,Republican,Female,Some college,30-44,3.0
Scientific consensus,1.0,97.0,1.0,1.0,2.0,1.0,2.0,1.0,8.0,4.0,2.0,1.0,1.0,Democrat,Female,BA+,30-44,1.0
Scientific consensus,1.0,97.0,1.0,1.0,3.0,1.0,3.0,1.0,6.0,4.0,1.0,2.0,1.0,Republican,Female,BA+,30-44,1.0
Causal evidence,2.0,71.0,2.0,2.0,2.0,2.0,2.0,3.0,10.0,8.0,3.0,2.0,2.0,Republican,Female,No degree,30-44,2.0
Scientific consensus,2.0,97.0,2.0,2.0,2.0,2.0,2.0,2.0,9.0,7.0,1.0,2.0,2.0,Republican,Female,No degree,45-59,2.0
Scientific consensus,2.0,97.0,2.0,2.0,2.0,2.0,2.0,2.0,11.0,5.0,2.0,2.0,2.0,Republican,Male,BA+,18-29,1.0
Control (unrelated text),4.0,90.0,2.0,2.0,2.0,2.0,2.0,3.0,10.0,9.0,3.0,4.0,2.0,Republican,Female,BA+,18-29,3.0
Causal evidence,4.0,49.0,3.0,4.0,4.0,4.0,3.0,5.0,12.0,10.0,4.0,4.0,3.0,Republican,Male,BA+,45-59,2.0
Scientific consensus,3.0,97.0,3.0,4.0,1.0,4.0,1.0,5.0,12.0,10.0,4.0,3.0,3.0,Republican,Female,Some college,60+,1.0
Causal evidence,1.0,100.0,1.0,1.0,4.0,1.0,4.0,1.0,6.0,4.0,1.0,1.0,1.0,Republican,Female,No degree,45-59,2.0
Control (unrelated text),4.0,53.0,3.0,3.0,1.0,2.0,1.0,5.0,12.0,10.0,4.0,4.0,3.0,Republican,Male,BA+,30-44,3.0
Control (unrelated text),2.0,86.0,1.0,1.0,3.0,1.0,2.0,1.0,9.0,6.0,1.0,2.0,1.0,Independent,Male,BA+,60+,3.0
Causal evidence,4.0,90.0,3.0,1.0,1.0,1.0,1.0,2.0,12.0,10.0,4.0,4.0,2.0,Independent,Male,No degree,18-29,2.0
Scientific consensus,4.0,92.0,3.0,4.0,3.0,2.0,3.0,5.0,12.0,10.0,4.0,4.0,3.0,Independent,Female,No degree,30-44,1.0
Scientific consensus,2.0,97.0,2.0,2.0,2.0,2.0,2.0,3.0,12.0,10.0,3.0,2.0,2.0,Independent,Male,BA+,30-44,1.0
Causal evidence,3.0,98.0,3.0,3.0,1.0,2.0,2.0,5.0,12.0,10.0,4.0,3.0,3.0,Republican,Male,Some college,30-44,2.0
Scientific consensus,2.0,90.0,1.0,2.0,3.0,1.0,3.0,3.0,9.0,7.0,2.0,1.0,1.0,Republican,Female,BA+,30-44,1.0
Control (unrelated text),2.0,75.0,1.0,1.0,2.0,2.0,2.0,3.0,9.0,10.0,3.0,2.0,1.0,Republican,Male,BA+,30-44,3.0
Causal evidence,2.0,78.0,1.0,1.0,3.0,1.0,2.0,1.0,6.0,5.0,2.0,2.0,1.0,Republican,Female,Some college,30-44,2.0
Scientific consensus,3.0,75.0,1.0,1.0,3.0,2.0,3.0,1.0,8.0,10.0,2.0,2.0,1.0,Republican,Female,Some college,45-59,1.0
Control (unrelated text),2.0,86.0,2.0,2.0,2.0,1.0,2.0,2.0,9.0,7.0,2.0,2.0,2.0,Republican,Female,BA+,30-44,3.0
Causal evidence,1.0,84.0,1.0,1.0,2.0,1.0,2.0,2.0,8.0,6.0,2.0,1.0,1.0,Republican,Female,BA+,18-29,2.0
Control (unrelated text),2.0,95.0,2.0,2.0,2.0,2.0,1.0,3.0,12.0,8.0,3.0,2.0,2.0,Republican,Male,BA+,30-44,3.0
Causal evidence,3.0,71.0,1.0,2.0,2.0,2.0,1.0,4.0,12.0,10.0,3.0,3.0,2.0,Republican,Female,BA+,30-44,2.0
Causal evidence,4.0,100.0,3.0,4.0,2.0,4.0,1.0,5.0,12.0,10.0,4.0,4.0,3.0,Republican,Male,No degree,45-59,1.0
Scientific consensus,4.0,97.0,2.0,3.0,1.0,3.0,2.0,3.0,12.0,10.0,3.0,3.0,2.0,Republican,Female,No degree,45-59,1.0
Control (unrelated text),1.0,96.0,1.0,1.0,2.0,1.0,2.0,1.0,9.0,4.0,1.0,1.0,1.0,Republican,Female,BA+,60+,3.0
Causal evidence,3.0,70.0,2.0,2.0,2.0,2.0,2.0,2.0,9.0,7.0,2.0,3.0,2.0,Republican,Male,BA+,30-44,2.0
Scientific consensus,1.0,61.0,2.0,1.0,2.0,1.0,2.0,3.0,7.0,5.0,2.0,2.0,3.0,Republican,Male,BA+,30-44,1.0
Control (unrelated text),4.0,99.0,3.0,4.0,1.0,4.0,1.0,5.0,12.0,10.0,4.0,4.0,3.0,Democrat,Female,BA+,30-44,3.0
Scientific consensus,4.0,97.0,3.0,4.0,1.0,4.0,1.0,5.0,12.0,10.0,4.0,4.0,3.0,Republican,Male,No degree,30-44,1.0
Control (unrelated text),2.0,68.0,2.0,2.0,2.0,1.0,2.0,3.0,9.0,8.0,4.0,3.0,2.0,Republican,Female,BA+,18-29,3.0
Causal evidence,4.0,51.0,3.0,4.0,1.0,4.0,1.0,5.0,12.0,10.0,4.0,4.0,3.0,Republican,Female,BA+,30-44,2.0
Scientific consensus,1.0,98.0,1.0,2.0,2.0,2.0,2.0,3.0,9.0,7.0,2.0,2.0,1.0,Republican,Female,BA+,30-44,1.0
Causal evidence,2.0,94.0,1.0,1.0,3.0,1.0,3.0,2.0,8.0,5.0,2.0,2.0,1.0,Republican,Female,BA+,18-29,2.0
Control (unrelated text),2.0,70.0,1.0,1.0,3.0,2.0,3.0,1.0,7.0,5.0,1.0,2.0,1.0,Republican,Female,Some college,45-59,3.0
Causal evidence,2.0,23.0,1.0,2.0,2.0,2.0,2.0,3.0,11.0,9.0,3.0,2.0,1.0,Republican,Female,BA+,30-44,2.0
Scientific consensus,1.0,97.0,1.0,1.0,2.0,1.0,2.0,1.0,6.0,4.0,1.0,1.0,1.0,Democrat,Male,BA+,18-29,1.0
Control (unrelated text),1.0,83.0,1.0,1.0,2.0,1.0,3.0,1.0,6.0,4.0,1.0,2.0,1.0,Democrat,Male,BA+,30-44,3.0
Causal evidence,2.0,51.0,2.0,2.0,2.0,2.0,2.0,2.0,9.0,7.0,2.0,2.0,2.0,Republican,Female,BA+,30-44,2.0
Causal evidence,1.0,96.0,1.0,1.0,3.0,1.0,2.0,1.0,7.0,4.0,1.0,1.0,1.0,Republican,Male,BA+,30-44,2.0
Control (unrelated text),2.0,97.0,2.0,2.0,2.0,1.0,1.0,3.0,12.0,6.0,2.0,2.0,2.0,Independent,Male,BA+,18-29,3.0
Scientific consensus,3.0,96.0,1.0,3.0,3.0,2.0,2.0,3.0,12.0,10.0,4.0,3.0,2.0,Republican,Male,BA+,30-44,1.0
Causal evidence,2.0,73.0,2.0,2.0,2.0,2.0,2.0,3.0,9.0,6.0,2.0,2.0,2.0,Republican,Female,No degree,45-59,2.0
Causal evidence,3.0,25.0,2.0,2.0,2.0,3.0,2.0,4.0,10.0,8.0,2.0,3.0,2.0,Republican,Male,Some college,30-44,2.0
Causal evidence,1.0,94.0,1.0,1.0,3.0,1.0,3.0,2.0,9.0,7.0,2.0,2.0,1.0,Republican,Female,BA+,30-44,2.0
Control (unrelated text),1.0,80.0,1.0,2.0,2.0,1.0,3.0,2.0,7.0,5.0,2.0,1.0,1.0,Republican,Female,BA+,30-44,3.0
Control (unrelated text),2.0,65.0,2.0,1.0,1.0,2.0,2.0,2.0,9.0,7.0,2.0,2.0,2.0,Republican,Female,No degree,30-44,3.0
Causal evidence,2.0,97.0,1.0,1.0,2.0,1.0,1.0,1.0,8.0,4.0,1.0,2.0,2.0,Republican,Male,BA+,45-59,2.0
Scientific consensus,1.0,96.0,1.0,1.0,3.0,1.0,3.0,1.0,9.0,8.0,2.0,1.0,1.0,Republican,Female,BA+,30-44,1.0
Scientific consensus,2.0,93.0,2.0,2.0,2.0,2.0,2.0,2.0,8.0,6.0,2.0,2.0,2.0,Republican,Female,No degree,30-44,1.0
Control (unrelated text),2.0,92.0,2.0,2.0,2.0,2.0,3.0,3.0,8.0,6.0,3.0,2.0,2.0,Republican,Female,BA+,45-59,3.0
Causal evidence,3.0,30.0,3.0,2.0,1.0,2.0,2.0,5.0,12.0,10.0,4.0,3.0,3.0,Republican,Female,No degree,30-44,2.0
Scientific consensus,2.0,97.0,1.0,2.0,2.0,2.0,2.0,5.0,12.0,10.0,4.0,2.0,2.0,Republican,Male,BA+,30-44,1.0
Control (unrelated text),3.0,50.0,3.0,3.0,1.0,2.0,2.0,5.0,11.0,9.0,3.0,3.0,3.0,Republican,Female,No degree,30-44,3.0
Control (unrelated text),2.0,,2.0,3.0,1.0,2.0,1.0,3.0,11.0,9.0,3.0,2.0,2.0,Republican,Female,Some college,45-59,3.0
Causal evidence,1.0,87.0,1.0,2.0,2.0,2.0,2.0,1.0,10.0,7.0,2.0,1.0,2.0,Republican,Male,Some college,45-59,2.0
Scientific consensus,3.0,97.0,3.0,3.0,1.0,1.0,2.0,4.0,12.0,9.0,3.0,3.0,3.0,Republican,Female,No degree,60+,2.0
Control (unrelated text),2.0,95.0,2.0,2.0,2.0,2.0,2.0,2.0,8.0,9.0,2.0,2.0,2.0,Republican,Female,BA+,30-44,3.0
Causal evidence,3.0,28.0,3.0,2.0,1.0,3.0,3.0,5.0,12.0,10.0,3.0,3.0,3.0,Republican,Male,No degree,60+,2.0
Control (unrelated text),3.0,85.0,2.0,2.0,2.0,2.0,2.0,4.0,12.0,9.0,4.0,3.0,2.0,Republican,Male,BA+,45-59,3.0
Scientific consensus,1.0,97.0,1.0,1.0,2.0,1.0,1.0,1.0,7.0,4.0,1.0,1.0,1.0,Republican,Male,BA+,30-44,1.0
Scientific consensus,2.0,97.0,2.0,2.0,2.0,1.0,2.0,2.0,9.0,7.0,2.0,2.0,2.0,Republican,Male,Some college,18-29,1.0
Scientific consensus,3.0,8.0,3.0,3.0,1.0,3.0,1.0,5.0,12.0,10.0,4.0,3.0,3.0,Republican,Female,No degree,30-44,1.0
Control (unrelated text),4.0,11.0,3.0,4.0,1.0,3.0,1.0,5.0,12.0,10.0,4.0,4.0,3.0,Republican,Female,Some college,45-59,3.0
Control (unrelated text),4.0,40.0,3.0,3.0,1.0,4.0,1.0,5.0,12.0,7.0,4.0,4.0,3.0,Republican,Female,Some college,30-44,3.0
Scientific consensus,2.0,97.0,1.0,2.0,2.0,3.0,2.0,2.0,8.0,5.0,2.0,2.0,2.0,Republican,Male,BA+,30-44,1.0
Control (unrelated text),2.0,65.0,2.0,2.0,2.0,2.0,1.0,3.0,12.0,7.0,4.0,2.0,2.0,Republican,Female,BA+,18-29,3.0
Causal evidence,2.0,76.0,1.0,2.0,3.0,2.0,3.0,2.0,9.0,7.0,2.0,3.0,1.0,Republican,Male,BA+,18-29,2.0
Causal evidence,2.0,97.0,1.0,2.0,3.0,2.0,3.0,3.0,9.0,7.0,3.0,3.0,2.0,Republican,Male,BA+,45-59,2.0
Causal evidence,2.0,65.0,3.0,2.0,1.0,3.0,2.0,5.0,12.0,10.0,4.0,2.0,3.0,Republican,Male,No degree,30-44,2.0
Causal evidence,2.0,86.0,2.0,1.0,3.0,1.0,2.0,2.0,8.0,6.0,2.0,2.0,1.0,Republican,Female,No degree,18-29,2.0
Causal evidence,1.0,95.0,1.0,1.0,3.0,1.0,1.0,3.0,11.0,8.0,2.0,2.0,2.0,Republican,Female,No degree,30-44,1.0
Scientific consensus,2.0,97.0,2.0,2.0,2.0,2.0,3.0,3.0,11.0,10.0,4.0,2.0,2.0,Republican,Female,Some college,45-59,1.0
Scientific consensus,3.0,90.0,3.0,3.0,1.0,3.0,3.0,5.0,12.0,10.0,4.0,3.0,3.0,Republican,Male,No degree,45-59,1.0
Control (unrelated text),3.0,95.0,3.0,2.0,1.0,2.0,1.0,3.0,12.0,10.0,3.0,3.0,3.0,Republican,Male,Some college,45-59,3.0
Control (unrelated text),3.0,90.0,3.0,3.0,1.0,3.0,1.0,5.0,12.0,10.0,4.0,4.0,3.0,Republican,Male,Some college,30-44,3.0
Control (unrelated text),2.0,80.0,1.0,1.0,2.0,1.0,2.0,1.0,6.0,6.0,2.0,2.0,1.0,Republican,Male,No degree,30-44,3.0
Causal evidence,3.0,74.0,2.0,2.0,2.0,2.0,2.0,3.0,9.0,7.0,3.0,3.0,3.0,Republican,Female,BA+,30-44,2.0
Control (unrelated text),1.0,40.0,2.0,1.0,1.0,1.0,1.0,2.0,6.0,4.0,1.0,1.0,2.0,Republican,Female,Some college,45-59,3.0
Causal evidence,2.0,,1.0,3.0,2.0,2.0,3.0,2.0,8.0,6.0,3.0,2.0,1.0,Republican,Female,No degree,18-29,
Scientific consensus,3.0,91.0,2.0,2.0,2.0,2.0,2.0,3.0,10.0,9.0,4.0,3.0,2.0,Republican,Female,No degree,60+,1.0
Causal evidence,2.0,70.0,2.0,2.0,2.0,2.0,2.0,3.0,10.0,6.0,3.0,2.0,2.0,Republican,Female,BA+,30-44,2.0
Scientific consensus,3.0,97.0,3.0,3.0,1.0,2.0,1.0,4.0,12.0,10.0,3.0,3.0,3.0,Republican,Male,No degree,60+,1.0
Scientific consensus,2.0,95.0,1.0,1.0,2.0,1.0,2.0,1.0,7.0,5.0,1.0,2.0,1.0,Independent,Female,BA+,45-59,1.0
Causal evidence,2.0,73.0,1.0,1.0,1.0,1.0,2.0,2.0,7.0,7.0,2.0,2.0,2.0,Republican,Female,BA+,30-44,2.0
Control (unrelated text),3.0,,3.0,3.0,1.0,3.0,1.0,5.0,12.0,10.0,4.0,3.0,3.0,Republican,Male,BA+,45-59,3.0
Causal evidence,1.0,90.0,1.0,1.0,3.0,1.0,4.0,3.0,12.0,5.0,2.0,1.0,2.0,Republican,Male,BA+,30-44,2.0
Control (unrelated text),1.0,82.0,1.0,1.0,3.0,1.0,3.0,3.0,8.0,6.0,3.0,1.0,1.0,Republican,Female,Some college,45-59,3.0
Causal evidence,3.0,51.0,3.0,3.0,1.0,3.0,3.0,5.0,12.0,10.0,4.0,3.0,3.0,Republican,Female,No degree,60+,2.0
Control (unrelated text),2.0,81.0,1.0,1.0,2.0,1.0,1.0,1.0,6.0,7.0,2.0,2.0,1.0,Republican,Female,BA+,18-29,3.0
Scientific consensus,3.0,97.0,1.0,3.0,3.0,2.0,2.0,4.0,11.0,9.0,3.0,4.0,2.0,Republican,Female,No degree,60+,1.0
Control (unrelated text),2.0,76.0,2.0,2.0,1.0,4.0,1.0,4.0,8.0,6.0,4.0,2.0,2.0,Republican,Male,BA+,18-29,2.0
Causal evidence,2.0,91.0,1.0,2.0,2.0,2.0,2.0,1.0,7.0,5.0,2.0,2.0,1.0,Republican,Male,BA+,60+,2.0
Control (unrelated text),2.0,72.0,2.0,2.0,2.0,2.0,2.0,3.0,11.0,9.0,3.0,2.0,2.0,Republican,Male,BA+,45-59,3.0
Scientific consensus,2.0,72.0,1.0,2.0,2.0,2.0,2.0,3.0,10.0,8.0,3.0,2.0,1.0,Republican,Female,Some college,45-59,2.0
Scientific consensus,1.0,90.0,1.0,1.0,3.0,1.0,2.0,1.0,7.0,4.0,2.0,1.0,1.0,Republican,Female,No degree,60+,2.0
Control (unrelated text),2.0,65.0,1.0,2.0,2.0,2.0,2.0,2.0,8.0,7.0,2.0,2.0,1.0,Republican,Male,No degree,30-44,3.0
Control (unrelated text),2.0,60.0,1.0,1.0,2.0,2.0,2.0,3.0,10.0,8.0,3.0,2.0,1.0,Republican,Female,No degree,30-44,3.0
Scientific consensus,3.0,93.0,1.0,2.0,2.0,2.0,2.0,3.0,12.0,10.0,3.0,3.0,2.0,Republican,Female,BA+,18-29,1.0
Scientific consensus,1.0,73.0,1.0,2.0,2.0,1.0,1.0,1.0,9.0,7.0,2.0,1.0,2.0,Democrat,Female,BA+,18-29,2.0
Causal evidence,2.0,70.0,1.0,1.0,2.0,1.0,2.0,2.0,12.0,10.0,2.0,2.0,1.0,Republican,Male,BA+,60+,2.0
Control (unrelated text),3.0,80.0,2.0,2.0,2.0,1.0,1.0,3.0,11.0,8.0,2.0,3.0,2.0,Republican,Female,BA+,45-59,3.0
Causal evidence,2.0,75.0,1.0,2.0,2.0,1.0,2.0,2.0,11.0,6.0,2.0,2.0,2.0,Republican,Male,BA+,,2.0
Scientific consensus,2.0,97.0,1.0,2.0,2.0,1.0,2.0,2.0,11.0,10.0,2.0,3.0,3.0,Republican,Female,BA+,30-44,1.0
Scientific consensus,2.0,91.0,1.0,1.0,2.0,1.0,2.0,1.0,8.0,6.0,2.0,2.0,1.0,Republican,Female,No degree,30-44,1.0
Control (unrelated text),4.0,84.0,3.0,4.0,1.0,4.0,2.0,5.0,12.0,10.0,4.0,4.0,3.0,Republican,Female,No degree,45-59,3.0
Control (unrelated text),2.0,62.0,1.0,2.0,2.0,2.0,2.0,2.0,8.0,6.0,2.0,2.0,1.0,Republican,Female,BA+,18-29,3.0
Scientific consensus,2.0,97.0,2.0,2.0,2.0,2.0,2.0,4.0,10.0,9.0,3.0,2.0,2.0,Republican,Female,BA+,45-59,1.0
Scientific consensus,4.0,23.0,3.0,4.0,1.0,4.0,1.0,5.0,12.0,10.0,4.0,4.0,3.0,Republican,Female,BA+,18-29,2.0
Control (unrelated text),2.0,82.0,2.0,2.0,2.0,2.0,2.0,2.0,7.0,5.0,2.0,2.0,2.0,Republican,Female,BA+,30-44,3.0
Causal evidence,4.0,20.0,3.0,4.0,1.0,3.0,1.0,5.0,12.0,10.0,4.0,4.0,3.0,Republican,Male,No degree,45-59,2.0
Causal evidence,2.0,72.0,2.0,2.0,2.0,1.0,2.0,1.0,11.0,6.0,2.0,2.0,2.0,Republican,Male,No degree,60+,2.0
Causal evidence,1.0,87.0,1.0,1.0,3.0,1.0,3.0,1.0,8.0,5.0,1.0,2.0,1.0,Republican,Female,BA+,45-59,2.0
Control (unrelated text),2.0,70.0,2.0,2.0,2.0,2.0,2.0,2.0,10.0,5.0,2.0,2.0,2.0,Democrat,Male,No degree,45-59,3.0
Control (unrelated text),2.0,53.0,2.0,2.0,2.0,2.0,2.0,2.0,8.0,7.0,2.0,2.0,2.0,Republican,Female,No degree,45-59,3.0
Control (unrelated text),3.0,73.0,3.0,2.0,1.0,2.0,1.0,4.0,12.0,10.0,4.0,4.0,3.0,Independent,Female,No degree,60+,3.0
Scientific consensus,2.0,81.0,2.0,2.0,2.0,2.0,2.0,3.0,8.0,6.0,2.0,2.0,2.0,Republican,Female,BA+,30-44,1.0
Causal evidence,3.0,50.0,1.0,2.0,2.0,2.0,3.0,3.0,9.0,7.0,3.0,3.0,2.0,Republican,Female,No degree,30-44,2.0
Causal evidence,3.0,92.0,2.0,3.0,2.0,2.0,1.0,3.0,9.0,8.0,2.0,3.0,3.0,Republican,Female,BA+,60+,2.0
Scientific consensus,4.0,97.0,3.0,2.0,1.0,2.0,1.0,4.0,12.0,10.0,4.0,4.0,3.0,Republican,Male,No degree,45-59,1.0
Control (unrelated text),3.0,75.0,1.0,2.0,3.0,2.0,3.0,3.0,9.0,7.0,2.0,3.0,1.0,Republican,Male,Some college,45-59,3.0
Control (unrelated text),2.0,77.0,2.0,2.0,2.0,2.0,2.0,2.0,9.0,7.0,2.0,2.0,2.0,Republican,Female,Some college,45-59,3.0
Scientific consensus,2.0,82.0,2.0,2.0,2.0,2.0,2.0,2.0,9.0,7.0,2.0,2.0,2.0,Republican,Female,No degree,18-29,2.0
Causal evidence,2.0,88.0,1.0,2.0,2.0,2.0,2.0,4.0,12.0,10.0,3.0,2.0,2.0,Republican,Male,BA+,18-29,2.0
Causal evidence,3.0,73.0,2.0,1.0,2.0,1.0,2.0,2.0,8.0,7.0,4.0,3.0,2.0,Republican,Female,Some college,60+,2.0
Scientific consensus,2.0,92.0,2.0,1.0,1.0,1.0,1.0,2.0,9.0,8.0,3.0,2.0,2.0,Republican,Female,No degree,30-44,2.0
Causal evidence,3.0,71.0,3.0,2.0,2.0,2.0,2.0,1.0,8.0,7.0,3.0,3.0,2.0,Republican,Female,No degree,18-29,1.0
Scientific consensus,3.0,97.0,2.0,3.0,1.0,2.0,1.0,5.0,12.0,9.0,4.0,3.0,2.0,Republican,Female,No degree,60+,1.0
Causal evidence,3.0,72.0,3.0,3.0,2.0,3.0,2.0,3.0,12.0,9.0,2.0,3.0,3.0,Republican,Female,No degree,60+,2.0
Causal evidence,1.0,95.0,1.0,1.0,2.0,1.0,3.0,1.0,6.0,5.0,2.0,2.0,1.0,Republican,Female,No degree,30-44,2.0
Control (unrelated text),1.0,75.0,2.0,1.0,2.0,1.0,2.0,2.0,9.0,4.0,1.0,1.0,2.0,Republican,Male,BA+,30-44,3.0
Control (unrelated text),1.0,94.0,1.0,1.0,2.0,2.0,2.0,1.0,9.0,6.0,1.0,1.0,2.0,Republican,Female,BA+,45-59,3.0
Control (unrelated text),3.0,75.0,3.0,2.0,1.0,3.0,1.0,3.0,11.0,9.0,2.0,3.0,3.0,Republican,Female,No degree,45-59,3.0
Causal evidence,3.0,30.0,3.0,2.0,2.0,2.0,3.0,2.0,11.0,7.0,2.0,2.0,2.0,Republican,Female,Some college,60+,2.0
Scientific consensus,2.0,93.0,1.0,1.0,1.0,1.0,2.0,2.0,6.0,5.0,1.0,2.0,1.0,Republican,Female,BA+,30-44,1.0
Scientific consensus,3.0,97.0,3.0,3.0,1.0,2.0,1.0,5.0,12.0,10.0,4.0,3.0,3.0,Republican,Female,BA+,30-44,1.0
Causal evidence,2.0,82.0,1.0,2.0,3.0,1.0,3.0,2.0,8.0,7.0,2.0,2.0,2.0,Republican,Male,No degree,30-44,2.0
Scientific consensus,2.0,97.0,1.0,2.0,4.0,1.0,3.0,3.0,11.0,9.0,3.0,2.0,1.0,Republican,Male,BA+,30-44,1.0
Scientific consensus,1.0,97.0,1.0,1.0,3.0,1.0,3.0,1.0,9.0,8.0,2.0,2.0,1.0,Republican,Female,No degree,60+,1.0
Scientific consensus,3.0,64.0,3.0,2.0,2.0,2.0,2.0,3.0,12.0,10.0,4.0,4.0,2.0,Republican,Female,BA+,30-44,1.0
Scientific consensus,2.0,97.0,1.0,2.0,2.0,2.0,2.0,2.0,8.0,7.0,2.0,2.0,1.0,Republican,Female,Some college,,1.0
Control (unrelated text),3.0,60.0,3.0,2.0,1.0,2.0,1.0,5.0,12.0,10.0,4.0,3.0,3.0,Republican,Male,No degree,30-44,3.0
Scientific consensus,1.0,97.0,1.0,1.0,2.0,1.0,2.0,1.0,6.0,4.0,1.0,1.0,2.0,Republican,Female,No degree,18-29,1.0
Scientific consensus,3.0,97.0,2.0,2.0,2.0,2.0,2.0,3.0,12.0,10.0,2.0,3.0,2.0,Republican,Male,No degree,30-44,1.0
Causal evidence,4.0,65.0,3.0,2.0,1.0,2.0,1.0,5.0,12.0,10.0,4.0,4.0,3.0,Republican,Male,Some college,18-29,2.0
Control (unrelated text),2.0,72.0,2.0,2.0,2.0,2.0,2.0,2.0,9.0,7.0,2.0,2.0,2.0,Republican,Female,Some college,30-44,3.0
Scientific consensus,4.0,97.0,3.0,3.0,2.0,3.0,2.0,5.0,12.0,10.0,4.0,3.0,3.0,Republican,Female,BA+,30-44,1.0
Control (unrelated text),2.0,83.0,2.0,2.0,2.0,2.0,2.0,3.0,10.0,8.0,2.0,2.0,2.0,Republican,Female,BA+,30-44,3.0
Control (unrelated text),1.0,61.0,1.0,1.0,2.0,1.0,2.0,2.0,6.0,7.0,2.0,1.0,1.0,Republican,Male,Some college,18-29,3.0
Causal evidence,1.0,74.0,2.0,2.0,2.0,3.0,2.0,2.0,9.0,5.0,3.0,2.0,2.0,Republican,Male,No degree,18-29,2.0
Control (unrelated text),3.0,73.0,2.0,2.0,2.0,2.0,2.0,2.0,10.0,9.0,2.0,2.0,2.0,Republican,Female,Some college,18-29,3.0
Scientific consensus,1.0,97.0,1.0,1.0,2.0,1.0,2.0,1.0,6.0,4.0,1.0,1.0,2.0,Democrat,Female,BA+,18-29,2.0
Scientific consensus,2.0,97.0,1.0,1.0,3.0,1.0,3.0,2.0,7.0,7.0,2.0,2.0,1.0,Independent,Male,Some college,30-44,1.0
Causal evidence,1.0,99.0,1.0,1.0,1.0,1.0,1.0,1.0,6.0,4.0,1.0,1.0,1.0,Independent,Male,BA+,30-44,2.0
Control (unrelated text),3.0,40.0,1.0,3.0,2.0,3.0,3.0,3.0,10.0,9.0,3.0,3.0,2.0,Republican,Female,BA+,60+,3.0
Causal evidence,2.0,99.0,1.0,1.0,2.0,1.0,3.0,1.0,7.0,5.0,2.0,2.0,1.0,Republican,Male,BA+,30-44,2.0
Scientific consensus,2.0,88.0,1.0,2.0,1.0,2.0,1.0,2.0,7.0,4.0,1.0,2.0,1.0,Democrat,Male,BA+,60+,1.0
Control (unrelated text),1.0,90.0,1.0,1.0,3.0,1.0,2.0,1.0,8.0,4.0,1.0,1.0,1.0,Republican,Male,BA+,30-44,3.0
Causal evidence,1.0,98.0,1.0,1.0,3.0,1.0,3.0,1.0,7.0,5.0,2.0,1.0,1.0,Democrat,Female,BA+,18-29,2.0
Causal evidence,4.0,95.0,3.0,3.0,1.0,1.0,4.0,5.0,12.0,10.0,4.0,3.0,3.0,Republican,Male,BA+,45-59,2.0
Causal evidence,2.0,86.0,2.0,2.0,2.0,1.0,1.0,2.0,7.0,7.0,2.0,2.0,2.0,Democrat,Male,Some college,45-59,2.0
Causal evidence,3.0,82.0,1.0,3.0,1.0,2.0,3.0,3.0,12.0,10.0,3.0,3.0,1.0,Independent,Female,No degree,60+,2.0
Control (unrelated text),1.0,75.0,1.0,1.0,2.0,1.0,2.0,1.0,6.0,4.0,1.0,1.0,1.0,Democrat,Male,BA+,45-59,3.0
Control (unrelated text),1.0,99.0,1.0,1.0,3.0,1.0,1.0,1.0,6.0,4.0,1.0,1.0,1.0,Democrat,Male,No degree,30-44,3.0
Scientific consensus,3.0,97.0,3.0,4.0,1.0,4.0,1.0,5.0,12.0,10.0,4.0,3.0,3.0,Republican,Male,No degree,30-44,1.0
Causal evidence,1.0,87.0,1.0,1.0,3.0,1.0,3.0,1.0,7.0,5.0,1.0,1.0,1.0,Democrat,Male,No degree,30-44,2.0
Control (unrelated text),2.0,75.0,2.0,2.0,1.0,2.0,2.0,3.0,9.0,7.0,2.0,2.0,2.0,Democrat,Male,BA+,30-44,3.0
Causal evidence,1.0,95.0,2.0,1.0,1.0,2.0,2.0,3.0,6.0,4.0,1.0,1.0,1.0,Republican,Male,BA+,18-29,2.0
Scientific consensus,1.0,97.0,1.0,1.0,2.0,1.0,2.0,1.0,6.0,4.0,1.0,1.0,1.0,Democrat,Female,BA+,30-44,2.0
Control (unrelated text),1.0,91.0,1.0,1.0,2.0,1.0,3.0,1.0,6.0,4.0,1.0,1.0,1.0,Democrat,Male,No degree,30-44,3.0
Scientific consensus,1.0,97.0,1.0,1.0,4.0,1.0,4.0,1.0,7.0,10.0,1.0,1.0,1.0,Independent,Male,BA+,45-59,1.0
Causal evidence,1.0,90.0,1.0,1.0,4.0,1.0,4.0,1.0,6.0,5.0,1.0,1.0,1.0,Democrat,Male,No degree,30-44,2.0
Causal evidence,2.0,80.0,1.0,1.0,3.0,1.0,2.0,2.0,8.0,5.0,2.0,2.0,1.0,Democrat,Male,BA+,18-29,2.0
Control (unrelated text),2.0,80.0,1.0,1.0,3.0,1.0,3.0,1.0,6.0,4.0,1.0,2.0,1.0,Democrat,Male,No degree,30-44,3.0
Control (unrelated text),1.0,85.0,1.0,1.0,3.0,1.0,3.0,1.0,6.0,4.0,1.0,1.0,1.0,Democrat,Female,No degree,60+,3.0
Control (unrelated text),4.0,80.0,3.0,4.0,1.0,4.0,1.0,5.0,12.0,10.0,4.0,4.0,3.0,Republican,Female,No degree,60+,3.0
Causal evidence,1.0,82.0,1.0,1.0,4.0,1.0,2.0,1.0,6.0,4.0,1.0,1.0,1.0,Democrat,Female,Some college,45-59,2.0
Causal evidence,3.0,40.0,2.0,3.0,3.0,3.0,3.0,5.0,12.0,9.0,4.0,3.0,2.0,Democrat,Male,BA+,60+,2.0
Scientific consensus,1.0,97.0,1.0,1.0,2.0,1.0,2.0,1.0,6.0,4.0,1.0,1.0,1.0,Independent,Male,No degree,18-29,1.0
Scientific consensus,2.0,96.0,1.0,1.0,2.0,1.0,3.0,1.0,6.0,4.0,1.0,2.0,1.0,Democrat,Female,No degree,30-44,1.0
Control (unrelated text),3.0,60.0,3.0,3.0,1.0,3.0,1.0,5.0,11.0,10.0,4.0,3.0,3.0,Republican,Female,BA+,45-59,3.0
Control (unrelated text),1.0,100.0,1.0,1.0,3.0,1.0,2.0,1.0,6.0,4.0,2.0,1.0,1.0,Democrat,Female,Some college,30-44,3.0
Scientific consensus,3.0,67.0,3.0,2.0,1.0,4.0,2.0,2.0,6.0,5.0,2.0,2.0,3.0,Democrat,Male,BA+,18-29,2.0
Scientific consensus,3.0,50.0,2.0,2.0,2.0,2.0,2.0,5.0,12.0,10.0,4.0,3.0,2.0,Republican,Female,No degree,30-44,2.0
Control (unrelated text),3.0,82.0,3.0,3.0,2.0,3.0,1.0,4.0,9.0,9.0,3.0,3.0,3.0,Republican,Female,No degree,30-44,3.0
Causal evidence,1.0,97.0,1.0,1.0,1.0,1.0,1.0,1.0,6.0,4.0,1.0,1.0,1.0,Democrat,Male,BA+,30-44,2.0
Causal evidence,2.0,63.0,1.0,1.0,2.0,2.0,3.0,2.0,8.0,6.0,2.0,2.0,2.0,Democrat,Female,No degree,18-29,2.0
Scientific consensus,1.0,97.0,2.0,1.0,1.0,1.0,1.0,1.0,6.0,5.0,1.0,1.0,2.0,Democrat,Male,BA+,18-29,1.0
Control (unrelated text),1.0,96.0,1.0,1.0,3.0,1.0,3.0,1.0,6.0,4.0,1.0,1.0,1.0,Democrat,Male,No degree,30-44,3.0
Control (unrelated text),1.0,50.0,2.0,2.0,2.0,2.0,2.0,3.0,9.0,7.0,3.0,1.0,2.0,Democrat,Male,BA+,18-29,3.0
Control (unrelated text),2.0,60.0,2.0,2.0,2.0,2.0,2.0,3.0,12.0,9.0,2.0,2.0,2.0,Independent,Male,No degree,18-29,3.0
Scientific consensus,3.0,77.0,2.0,3.0,3.0,3.0,2.0,4.0,7.0,7.0,2.0,2.0,1.0,Democrat,Male,No degree,18-29,2.0
Scientific consensus,1.0,97.0,1.0,1.0,3.0,1.0,3.0,1.0,7.0,4.0,2.0,1.0,1.0,Democrat,Male,BA+,18-29,1.0
Control (unrelated text),1.0,95.0,1.0,1.0,3.0,1.0,3.0,1.0,7.0,6.0,1.0,2.0,1.0,Democrat,Male,No degree,30-44,3.0
Causal evidence,2.0,90.0,1.0,2.0,2.0,1.0,2.0,2.0,7.0,5.0,1.0,2.0,2.0,Democrat,Male,No degree,30-44,2.0
Scientific consensus,1.0,97.0,1.0,1.0,3.0,1.0,2.0,1.0,8.0,5.0,2.0,2.0,1.0,Democrat,Male,BA+,30-44,1.0
Causal evidence,1.0,100.0,1.0,1.0,4.0,1.0,4.0,1.0,7.0,4.0,1.0,1.0,1.0,Democrat,Female,BA+,18-29,2.0
Control (unrelated text),2.0,81.0,2.0,1.0,1.0,2.0,2.0,1.0,9.0,5.0,1.0,2.0,2.0,Democrat,Male,No degree,30-44,3.0
Control (unrelated text),1.0,90.0,1.0,1.0,3.0,1.0,3.0,2.0,8.0,5.0,2.0,1.0,1.0,Democrat,Male,BA+,30-44,3.0
Scientific consensus,1.0,97.0,1.0,1.0,3.0,1.0,3.0,1.0,6.0,4.0,1.0,1.0,1.0,Democrat,Female,BA+,30-44,1.0
Causal evidence,1.0,88.0,1.0,1.0,3.0,1.0,3.0,1.0,6.0,4.0,2.0,1.0,1.0,Democrat,Female,No degree,30-44,2.0
Scientific consensus,1.0,97.0,1.0,1.0,3.0,1.0,3.0,1.0,6.0,5.0,1.0,2.0,1.0,Democrat,Male,No degree,18-29,1.0
Control (unrelated text),2.0,50.0,2.0,2.0,2.0,3.0,2.0,3.0,8.0,5.0,2.0,2.0,2.0,Democrat,Male,BA+,18-29,2.0
Causal evidence,2.0,85.0,1.0,1.0,2.0,1.0,1.0,1.0,7.0,5.0,1.0,2.0,1.0,Democrat,Male,BA+,30-44,2.0
Scientific consensus,1.0,97.0,1.0,1.0,3.0,1.0,3.0,1.0,6.0,4.0,1.0,1.0,2.0,Democrat,Male,No degree,30-44,2.0
Control (unrelated text),1.0,96.0,1.0,1.0,3.0,1.0,3.0,1.0,7.0,4.0,1.0,1.0,1.0,Democrat,Male,No degree,30-44,3.0
Control (unrelated text),2.0,70.0,1.0,2.0,2.0,2.0,3.0,2.0,9.0,7.0,2.0,2.0,1.0,Independent,Male,BA+,30-44,3.0
Control (unrelated text),1.0,80.0,1.0,1.0,4.0,1.0,4.0,1.0,9.0,6.0,2.0,1.0,1.0,Democrat,Male,No degree,18-29,3.0
Scientific consensus,1.0,97.0,1.0,1.0,3.0,1.0,3.0,2.0,9.0,7.0,3.0,1.0,1.0,Democrat,Male,No degree,30-44,1.0
Causal evidence,1.0,96.0,1.0,1.0,3.0,1.0,3.0,1.0,6.0,4.0,1.0,1.0,1.0,Democrat,Male,No degree,45-59,2.0
Control (unrelated text),1.0,99.0,1.0,1.0,3.0,1.0,1.0,1.0,6.0,4.0,1.0,1.0,1.0,Democrat,Female,No degree,30-44,3.0
Causal evidence,1.0,85.0,1.0,1.0,3.0,1.0,3.0,1.0,6.0,4.0,1.0,1.0,1.0,Democrat,Male,BA+,30-44,2.0
Scientific consensus,1.0,97.0,1.0,1.0,3.0,1.0,2.0,1.0,7.0,4.0,2.0,1.0,1.0,Democrat,Male,No degree,30-44,1.0
Control (unrelated text),1.0,80.0,2.0,1.0,2.0,2.0,2.0,2.0,7.0,5.0,3.0,1.0,2.0,Democrat,Male,No degree,45-59,3.0
Causal evidence,1.0,99.0,1.0,1.0,3.0,1.0,3.0,1.0,7.0,4.0,2.0,1.0,1.0,Democrat,Male,BA+,45-59,2.0
Causal evidence,2.0,78.0,2.0,2.0,3.0,2.0,3.0,2.0,8.0,6.0,2.0,2.0,2.0,Republican,Female,BA+,,2.0
Causal evidence,2.0,61.0,2.0,1.0,1.0,1.0,2.0,2.0,8.0,6.0,2.0,2.0,2.0,Democrat,Female,BA+,60+,2.0
Scientific consensus,2.0,97.0,1.0,1.0,2.0,1.0,3.0,2.0,9.0,6.0,2.0,2.0,1.0,Republican,Male,BA+,30-44,1.0
Control (unrelated text),1.0,90.0,1.0,1.0,3.0,1.0,2.0,2.0,7.0,5.0,2.0,1.0,1.0,Independent,Female,Some college,45-59,3.0
Causal evidence,1.0,95.0,1.0,1.0,3.0,1.0,3.0,1.0,7.0,6.0,2.0,1.0,1.0,Democrat,Male,BA+,30-44,2.0
Scientific consensus,2.0,96.0,1.0,1.0,2.0,1.0,2.0,1.0,7.0,4.0,2.0,1.0,1.0,Democrat,Female,BA+,18-29,1.0
Control (unrelated text),1.0,90.0,1.0,1.0,3.0,1.0,2.0,1.0,6.0,4.0,2.0,1.0,1.0,Democrat,Male,No degree,30-44,3.0
Causal evidence,1.0,81.0,1.0,1.0,3.0,1.0,4.0,2.0,6.0,7.0,2.0,1.0,1.0,Democrat,Female,BA+,30-44,2.0
Scientific consensus,2.0,75.0,2.0,1.0,2.0,2.0,4.0,2.0,9.0,9.0,1.0,3.0,2.0,Republican,Male,BA+,30-44,1.0
Scientific consensus,1.0,97.0,1.0,1.0,3.0,1.0,3.0,1.0,6.0,4.0,1.0,1.0,1.0,Democrat,Male,No degree,18-29,1.0
Scientific consensus,2.0,97.0,1.0,2.0,2.0,2.0,2.0,1.0,6.0,5.0,1.0,2.0,2.0,Democrat,Female,No degree,18-29,1.0
Control (unrelated text),1.0,97.0,1.0,1.0,1.0,1.0,2.0,1.0,7.0,4.0,1.0,1.0,1.0,Democrat,Female,BA+,30-44,3.0
Control (unrelated text),1.0,95.0,1.0,1.0,2.0,1.0,2.0,1.0,6.0,4.0,1.0,1.0,1.0,Democrat,Male,No degree,60+,3.0
Control (unrelated text),2.0,81.0,1.0,1.0,2.0,1.0,3.0,1.0,8.0,4.0,1.0,2.0,1.0,Independent,Female,No degree,18-29,3.0
Causal evidence,1.0,70.0,1.0,1.0,3.0,1.0,3.0,1.0,6.0,4.0,1.0,1.0,1.0,Democrat,Male,BA+,45-59,2.0
Causal evidence,2.0,79.0,1.0,1.0,2.0,2.0,2.0,2.0,8.0,5.0,2.0,2.0,1.0,Independent,Male,Some college,30-44,2.0
Scientific consensus,2.0,99.0,1.0,1.0,3.0,1.0,1.0,1.0,6.0,4.0,1.0,2.0,1.0,Democrat,Male,No degree,30-44,1.0
Causal evidence,1.0,85.0,1.0,1.0,4.0,1.0,4.0,1.0,6.0,4.0,1.0,1.0,1.0,Democrat,Male,BA+,30-44,2.0
Control (unrelated text),1.0,98.0,1.0,1.0,3.0,1.0,3.0,1.0,6.0,4.0,2.0,1.0,1.0,Democrat,Male,BA+,30-44,3.0
Causal evidence,1.0,84.0,1.0,1.0,3.0,1.0,3.0,3.0,7.0,4.0,2.0,1.0,1.0,Democrat,Male,BA+,30-44,2.0
Control (unrelated text),1.0,40.0,1.0,2.0,2.0,3.0,2.0,1.0,8.0,6.0,2.0,2.0,1.0,Republican,Male,BA+,30-44,3.0
Causal evidence,1.0,77.0,1.0,1.0,2.0,2.0,2.0,1.0,7.0,5.0,1.0,1.0,2.0,Democrat,Male,BA+,30-44,2.0
Scientific consensus,1.0,97.0,1.0,1.0,3.0,1.0,3.0,1.0,8.0,4.0,1.0,1.0,1.0,Democrat,Male,BA+,30-44,1.0
Scientific consensus,2.0,97.0,2.0,2.0,1.0,2.0,2.0,3.0,9.0,8.0,2.0,2.0,2.0,Republican,Female,Some college,45-59,1.0
Causal evidence,3.0,79.0,3.0,2.0,1.0,2.0,1.0,4.0,12.0,10.0,4.0,3.0,3.0,Republican,Male,BA+,18-29,2.0
Control (unrelated text),1.0,96.0,1.0,1.0,3.0,1.0,2.0,1.0,6.0,4.0,1.0,1.0,1.0,Democrat,Female,No degree,18-29,3.0
Scientific consensus,1.0,97.0,1.0,1.0,2.0,1.0,3.0,1.0,6.0,4.0,1.0,1.0,1.0,Independent,Female,No degree,30-44,1.0
Scientific consensus,3.0,97.0,1.0,1.0,2.0,1.0,1.0,3.0,12.0,10.0,3.0,3.0,2.0,Republican,Male,BA+,30-44,1.0
Causal evidence,1.0,84.0,1.0,1.0,2.0,1.0,3.0,1.0,7.0,5.0,1.0,1.0,1.0,Democrat,Male,BA+,30-44,2.0
Control (unrelated text),2.0,71.0,1.0,2.0,2.0,2.0,2.0,2.0,7.0,5.0,2.0,2.0,1.0,Democrat,Male,BA+,30-44,3.0
Scientific consensus,2.0,97.0,1.0,1.0,2.0,1.0,3.0,1.0,6.0,4.0,2.0,2.0,1.0,Democrat,Female,No degree,60+,1.0
Causal evidence,1.0,98.0,1.0,1.0,4.0,1.0,4.0,1.0,6.0,4.0,2.0,1.0,1.0,Democrat,Male,BA+,30-44,2.0
Scientific consensus,1.0,97.0,1.0,1.0,3.0,1.0,3.0,1.0,6.0,4.0,2.0,1.0,1.0,Democrat,Female,BA+,30-44,1.0
Causal evidence,2.0,98.0,1.0,1.0,1.0,1.0,1.0,1.0,6.0,4.0,1.0,2.0,1.0,Democrat,Male,BA+,18-29,2.0
Control (unrelated text),1.0,97.0,1.0,2.0,3.0,1.0,3.0,1.0,7.0,4.0,1.0,1.0,1.0,Democrat,Female,BA+,18-29,3.0
Causal evidence,2.0,80.0,2.0,2.0,2.0,2.0,2.0,3.0,12.0,10.0,3.0,2.0,2.0,Republican,Female,No degree,30-44,2.0
Causal evidence,1.0,92.0,1.0,1.0,4.0,1.0,4.0,1.0,7.0,4.0,2.0,1.0,1.0,Democrat,Female,BA+,45-59,2.0
Scientific consensus,1.0,97.0,1.0,1.0,3.0,1.0,4.0,1.0,6.0,4.0,1.0,1.0,1.0,Democrat,Male,BA+,30-44,1.0
Control (unrelated text),1.0,95.0,2.0,1.0,2.0,1.0,2.0,1.0,7.0,5.0,2.0,1.0,2.0,Democrat,Male,No degree,18-29,3.0
Control (unrelated text),2.0,76.0,1.0,1.0,2.0,1.0,2.0,1.0,7.0,5.0,2.0,2.0,1.0,Democrat,Female,BA+,18-29,3.0
Scientific consensus,3.0,65.0,2.0,2.0,1.0,1.0,2.0,1.0,6.0,6.0,1.0,1.0,2.0,Republican,Male,No degree,,2.0
Scientific consensus,1.0,97.0,1.0,1.0,2.0,1.0,3.0,1.0,6.0,4.0,1.0,1.0,1.0,Democrat,Female,BA+,60+,1.0
Scientific consensus,1.0,97.0,2.0,1.0,2.0,1.0,1.0,3.0,9.0,5.0,2.0,1.0,2.0,Democrat,Male,BA+,45-59,1.0
Scientific consensus,2.0,80.0,2.0,2.0,2.0,2.0,2.0,1.0,8.0,4.0,1.0,2.0,2.0,Democrat,Female,No degree,30-44,2.0
Causal evidence,1.0,60.0,1.0,1.0,4.0,1.0,4.0,1.0,6.0,4.0,2.0,1.0,1.0,Democrat,Female,BA+,30-44,2.0
Causal evidence,2.0,65.0,1.0,1.0,2.0,1.0,2.0,2.0,7.0,4.0,2.0,2.0,2.0,Democrat,Female,BA+,30-44,2.0
Scientific consensus,1.0,99.0,1.0,1.0,3.0,1.0,3.0,1.0,6.0,4.0,1.0,1.0,1.0,Democrat,Male,BA+,30-44,2.0
Scientific consensus,2.0,61.0,1.0,2.0,2.0,2.0,1.0,1.0,8.0,5.0,1.0,2.0,1.0,Independent,Male,BA+,30-44,1.0
Control (unrelated text),2.0,97.0,1.0,1.0,3.0,1.0,2.0,2.0,11.0,6.0,2.0,2.0,1.0,Republican,Male,No degree,45-59,3.0
Control (unrelated text),2.0,90.0,2.0,1.0,1.0,1.0,1.0,2.0,8.0,4.0,2.0,2.0,2.0,Independent,Female,BA+,30-44,3.0
Causal evidence,1.0,90.0,1.0,1.0,2.0,1.0,1.0,2.0,7.0,4.0,2.0,2.0,1.0,Democrat,Male,No degree,30-44,2.0
Control (unrelated text),1.0,62.0,1.0,1.0,1.0,2.0,2.0,2.0,7.0,,2.0,2.0,1.0,Independent,Female,No degree,30-44,2.0
Scientific consensus,2.0,97.0,2.0,1.0,2.0,2.0,2.0,3.0,10.0,7.0,3.0,2.0,2.0,Independent,Male,No degree,30-44,1.0
Causal evidence,1.0,81.0,1.0,1.0,2.0,1.0,2.0,1.0,7.0,4.0,1.0,1.0,2.0,Democrat,Male,BA+,30-44,2.0
Control (unrelated text),1.0,96.0,1.0,1.0,3.0,1.0,4.0,1.0,6.0,4.0,1.0,1.0,1.0,Democrat,Male,BA+,45-59,3.0
Scientific consensus,1.0,98.0,1.0,1.0,3.0,1.0,3.0,2.0,8.0,5.0,2.0,2.0,1.0,Democrat,Male,BA+,30-44,1.0
Scientific consensus,1.0,97.0,1.0,1.0,4.0,1.0,4.0,1.0,6.0,4.0,1.0,1.0,1.0,Democrat,Female,BA+,45-59,1.0
Scientific consensus,1.0,97.0,1.0,1.0,3.0,1.0,3.0,1.0,8.0,5.0,2.0,1.0,1.0,Democrat,Male,No degree,30-44,1.0
Control (unrelated text),1.0,93.0,1.0,1.0,3.0,1.0,3.0,1.0,8.0,4.0,1.0,1.0,1.0,Democrat,Male,BA+,60+,3.0
Causal evidence,1.0,85.0,1.0,1.0,3.0,1.0,3.0,1.0,6.0,4.0,1.0,1.0,1.0,Democrat,Female,BA+,18-29,2.0
Scientific consensus,2.0,97.0,1.0,2.0,3.0,2.0,3.0,1.0,6.0,6.0,1.0,4.0,1.0,Independent,Female,No degree,30-44,1.0
Control (unrelated text),4.0,80.0,3.0,4.0,1.0,3.0,1.0,5.0,12.0,10.0,4.0,4.0,3.0,Republican,Female,No degree,30-44,3.0
Scientific consensus,2.0,95.0,3.0,2.0,1.0,2.0,2.0,1.0,12.0,10.0,2.0,2.0,3.0,Republican,Male,BA+,45-59,1.0
Causal evidence,1.0,96.0,1.0,1.0,3.0,1.0,1.0,1.0,6.0,4.0,1.0,1.0,1.0,Democrat,Female,No degree,30-44,2.0
Control (unrelated text),1.0,100.0,1.0,1.0,3.0,1.0,2.0,1.0,6.0,4.0,1.0,1.0,1.0,Democrat,Female,BA+,30-44,3.0
Control (unrelated text),2.0,90.0,1.0,1.0,2.0,1.0,2.0,1.0,6.0,5.0,1.0,2.0,1.0,Democrat,Female,BA+,45-59,3.0
Causal evidence,1.0,95.0,1.0,1.0,3.0,1.0,3.0,1.0,6.0,4.0,2.0,1.0,1.0,Republican,Male,BA+,18-29,2.0
Control (unrelated text),2.0,99.0,1.0,2.0,3.0,1.0,3.0,2.0,7.0,4.0,2.0,2.0,1.0,Democrat,Female,No degree,18-29,3.0
Scientific consensus,1.0,97.0,1.0,1.0,3.0,1.0,3.0,1.0,6.0,4.0,1.0,1.0,1.0,Democrat,Female,No degree,45-59,1.0
Scientific consensus,1.0,97.0,1.0,1.0,2.0,1.0,2.0,1.0,8.0,5.0,1.0,1.0,1.0,Democrat,Female,BA+,18-29,1.0
Control (unrelated text),2.0,77.0,1.0,2.0,3.0,2.0,3.0,2.0,9.0,7.0,2.0,2.0,1.0,Independent,Female,BA+,18-29,3.0
Causal evidence,2.0,90.0,1.0,1.0,3.0,1.0,2.0,1.0,6.0,4.0,2.0,2.0,1.0,Democrat,Female,BA+,30-44,2.0
Causal evidence,1.0,95.0,1.0,1.0,3.0,1.0,3.0,1.0,6.0,4.0,1.0,1.0,1.0,Democrat,Male,BA+,30-44,2.0
Control (unrelated text),1.0,97.0,1.0,1.0,4.0,1.0,4.0,1.0,6.0,4.0,1.0,1.0,1.0,Democrat,Female,BA+,60+,3.0
Control (unrelated text),2.0,76.0,2.0,2.0,2.0,2.0,2.0,3.0,10.0,8.0,2.0,2.0,2.0,Democrat,Male,No degree,18-29,3.0
Scientific consensus,1.0,97.0,1.0,1.0,3.0,1.0,3.0,2.0,9.0,5.0,2.0,1.0,1.0,Democrat,Male,BA+,60+,1.0
Causal evidence,1.0,81.0,1.0,1.0,2.0,1.0,1.0,1.0,7.0,5.0,2.0,2.0,1.0,Democrat,Female,BA+,60+,2.0
Scientific consensus,1.0,97.0,1.0,1.0,3.0,1.0,3.0,1.0,6.0,4.0,1.0,1.0,1.0,Democrat,Female,No degree,30-44,1.0
Scientific consensus,1.0,97.0,1.0,1.0,3.0,1.0,3.0,1.0,7.0,5.0,1.0,1.0,1.0,Democrat,Male,BA+,30-44,1.0
Control (unrelated text),1.0,97.0,1.0,1.0,3.0,1.0,3.0,1.0,6.0,4.0,1.0,1.0,1.0,Democrat,Female,BA+,18-29,3.0
Causal evidence,1.0,91.0,1.0,1.0,3.0,1.0,3.0,1.0,6.0,7.0,1.0,1.0,1.0,Democrat,Female,Some college,30-44,2.0
Scientific consensus,1.0,97.0,1.0,1.0,2.0,1.0,2.0,1.0,7.0,4.0,1.0,1.0,1.0,Democrat,Female,BA+,60+,1.0
Causal evidence,1.0,99.0,1.0,1.0,3.0,1.0,3.0,1.0,6.0,4.0,1.0,1.0,1.0,Democrat,Male,BA+,18-29,2.0
Scientific consensus,3.0,97.0,3.0,3.0,1.0,3.0,1.0,5.0,12.0,10.0,4.0,3.0,3.0,Republican,Male,No degree,45-59,1.0
Causal evidence,1.0,30.0,1.0,1.0,3.0,1.0,4.0,1.0,7.0,4.0,2.0,2.0,1.0,Democrat,Male,No degree,18-29,2.0
Scientific consensus,1.0,91.0,1.0,1.0,3.0,1.0,2.0,1.0,6.0,4.0,1.0,1.0,1.0,Democrat,Male,BA+,18-29,1.0
Control (unrelated text),1.0,99.0,1.0,1.0,4.0,1.0,4.0,1.0,6.0,4.0,1.0,1.0,1.0,Democrat,Male,BA+,30-44,3.0
Control (unrelated text),1.0,90.0,1.0,1.0,3.0,1.0,3.0,2.0,8.0,6.0,2.0,1.0,1.0,Republican,Male,Some college,30-44,3.0
Control (unrelated text),1.0,98.0,1.0,1.0,3.0,1.0,3.0,1.0,7.0,4.0,1.0,1.0,1.0,Democrat,Male,No degree,60+,3.0
Causal evidence,3.0,70.0,1.0,1.0,2.0,1.0,2.0,1.0,7.0,4.0,1.0,2.0,1.0,Independent,Female,BA+,60+,2.0
Scientific consensus,2.0,97.0,1.0,1.0,2.0,1.0,2.0,1.0,8.0,5.0,1.0,2.0,1.0,Democrat,Male,BA+,30-44,1.0
Control (unrelated text),1.0,100.0,1.0,1.0,3.0,1.0,3.0,1.0,6.0,4.0,1.0,1.0,1.0,Democrat,Female,No degree,18-29,3.0
Control (unrelated text),1.0,95.0,1.0,1.0,3.0,1.0,3.0,1.0,6.0,4.0,1.0,1.0,1.0,Democrat,Female,No degree,60+,3.0
Control (unrelated text),2.0,95.0,1.0,1.0,3.0,1.0,3.0,1.0,8.0,7.0,1.0,2.0,1.0,Democrat,Female,BA+,18-29,3.0
Causal evidence,1.0,97.0,1.0,1.0,3.0,1.0,4.0,1.0,6.0,4.0,1.0,1.0,1.0,Democrat,Female,BA+,30-44,2.0
Causal evidence,1.0,99.0,1.0,1.0,3.0,1.0,4.0,1.0,6.0,4.0,1.0,1.0,1.0,Democrat,Female,Some college,60+,2.0
Control (unrelated text),1.0,85.0,1.0,1.0,2.0,1.0,2.0,1.0,9.0,4.0,2.0,1.0,1.0,Democrat,Female,BA+,30-44,3.0
Control (unrelated text),2.0,97.0,1.0,2.0,1.0,2.0,1.0,1.0,8.0,7.0,2.0,2.0,1.0,Independent,Male,No degree,18-29,2.0
Control (unrelated text),2.0,91.0,2.0,2.0,1.0,1.0,1.0,3.0,12.0,7.0,3.0,2.0,2.0,Independent,Female,BA+,18-29,3.0
Control (unrelated text),2.0,72.0,1.0,1.0,2.0,1.0,2.0,1.0,8.0,5.0,2.0,2.0,1.0,Republican,Female,BA+,18-29,3.0
Scientific consensus,1.0,97.0,1.0,1.0,3.0,1.0,3.0,1.0,6.0,4.0,2.0,1.0,1.0,Democrat,Male,No degree,18-29,1.0
Causal evidence,4.0,50.0,3.0,3.0,2.0,3.0,3.0,5.0,12.0,10.0,4.0,4.0,3.0,Independent,Male,No degree,30-44,2.0
Scientific consensus,1.0,97.0,1.0,1.0,3.0,1.0,3.0,1.0,6.0,4.0,1.0,1.0,1.0,Democrat,Male,BA+,45-59,1.0
Scientific consensus,1.0,90.0,1.0,1.0,2.0,1.0,2.0,2.0,7.0,5.0,2.0,1.0,1.0,Independent,Male,BA+,45-59,2.0
Control (unrelated text),2.0,85.0,2.0,2.0,2.0,2.0,2.0,1.0,8.0,6.0,1.0,2.0,2.0,Independent,Male,No degree,18-29,3.0
Causal evidence,2.0,65.0,3.0,2.0,2.0,2.0,2.0,2.0,9.0,7.0,2.0,2.0,2.0,Independent,Female,No degree,30-44,2.0
Control (unrelated text),2.0,95.0,1.0,1.0,3.0,1.0,2.0,2.0,7.0,5.0,2.0,2.0,1.0,Democrat,Male,No degree,30-44,3.0
Causal evidence,1.0,99.0,1.0,1.0,3.0,1.0,3.0,1.0,6.0,4.0,1.0,1.0,1.0,Democrat,Female,No degree,45-59,2.0
Causal evidence,1.0,80.0,1.0,1.0,4.0,1.0,4.0,1.0,6.0,4.0,1.0,1.0,1.0,Democrat,Male,BA+,45-59,2.0
Control (unrelated text),1.0,96.0,1.0,1.0,3.0,1.0,3.0,1.0,7.0,4.0,1.0,1.0,1.0,Democrat,Female,Some college,30-44,3.0
Causal evidence,1.0,99.0,1.0,1.0,3.0,1.0,3.0,1.0,6.0,4.0,1.0,1.0,1.0,Democrat,Male,No degree,30-44,2.0
Scientific consensus,2.0,97.0,1.0,1.0,3.0,1.0,3.0,1.0,7.0,5.0,2.0,1.0,1.0,Democrat,Female,No degree,45-59,1.0
Causal evidence,1.0,90.0,1.0,1.0,3.0,1.0,3.0,1.0,6.0,4.0,1.0,1.0,1.0,Democrat,Female,BA+,30-44,2.0
Control (unrelated text),1.0,90.0,1.0,1.0,2.0,1.0,1.0,1.0,6.0,4.0,1.0,1.0,1.0,Democrat,Male,No degree,30-44,3.0
Causal evidence,1.0,96.0,1.0,1.0,2.0,1.0,3.0,2.0,7.0,4.0,2.0,1.0,1.0,Democrat,Female,BA+,45-59,2.0
Causal evidence,3.0,60.0,3.0,3.0,1.0,3.0,2.0,5.0,12.0,10.0,4.0,4.0,3.0,Republican,Female,BA+,45-59,2.0
Control (unrelated text),2.0,50.0,2.0,2.0,2.0,2.0,2.0,2.0,9.0,10.0,2.0,2.0,2.0,Independent,Female,No degree,45-59,3.0
Causal evidence,1.0,75.0,2.0,1.0,2.0,1.0,2.0,1.0,7.0,4.0,1.0,1.0,1.0,Democrat,Male,BA+,30-44,2.0
Scientific consensus,1.0,97.0,1.0,1.0,2.0,1.0,2.0,1.0,8.0,6.0,1.0,2.0,1.0,Independent,Male,BA+,30-44,1.0
Causal evidence,1.0,98.0,1.0,1.0,3.0,1.0,4.0,1.0,6.0,4.0,1.0,1.0,1.0,Democrat,Male,No degree,45-59,2.0
Control (unrelated text),1.0,95.0,1.0,1.0,2.0,1.0,2.0,1.0,6.0,4.0,2.0,1.0,1.0,Democrat,Male,No degree,18-29,3.0
Causal evidence,1.0,90.0,1.0,1.0,2.0,1.0,3.0,1.0,6.0,4.0,1.0,1.0,2.0,Independent,Male,Some college,45-59,2.0
Causal evidence,2.0,99.0,2.0,2.0,2.0,2.0,2.0,3.0,11.0,8.0,2.0,2.0,2.0,Republican,Female,BA+,45-59,2.0
Control (unrelated text),2.0,71.0,2.0,2.0,2.0,2.0,2.0,5.0,12.0,10.0,3.0,2.0,2.0,Republican,Female,Some college,60+,3.0
Scientific consensus,1.0,97.0,1.0,1.0,3.0,1.0,3.0,1.0,6.0,4.0,1.0,1.0,1.0,Democrat,Male,No degree,45-59,1.0
Causal evidence,1.0,80.0,1.0,2.0,4.0,2.0,1.0,1.0,8.0,4.0,2.0,2.0,2.0,Democrat,Male,BA+,18-29,2.0
Causal evidence,1.0,76.0,1.0,2.0,3.0,2.0,3.0,2.0,8.0,5.0,2.0,1.0,1.0,Democrat,Female,BA+,30-44,2.0
Scientific consensus,1.0,97.0,1.0,1.0,3.0,1.0,1.0,1.0,6.0,5.0,2.0,1.0,1.0,Democrat,Female,BA+,30-44,1.0
Control (unrelated text),1.0,98.0,1.0,1.0,3.0,1.0,3.0,1.0,6.0,4.0,2.0,1.0,1.0,Democrat,Male,No degree,30-44,3.0
Scientific consensus,3.0,97.0,1.0,2.0,3.0,2.0,3.0,4.0,12.0,10.0,4.0,3.0,2.0,Republican,Female,BA+,45-59,1.0
Causal evidence,1.0,97.0,1.0,1.0,3.0,1.0,3.0,1.0,6.0,4.0,1.0,1.0,1.0,Democrat,Female,BA+,18-29,2.0
Scientific consensus,2.0,97.0,1.0,1.0,3.0,1.0,2.0,1.0,6.0,7.0,1.0,2.0,1.0,Democrat,Female,BA+,45-59,1.0
Scientific consensus,1.0,97.0,1.0,1.0,4.0,1.0,4.0,1.0,7.0,4.0,1.0,1.0,1.0,Democrat,Female,BA+,60+,1.0
Control (unrelated text),3.0,29.0,3.0,3.0,1.0,3.0,3.0,4.0,12.0,10.0,3.0,3.0,3.0,Republican,Male,No degree,30-44,3.0
Scientific consensus,1.0,97.0,1.0,1.0,3.0,1.0,2.0,1.0,6.0,4.0,1.0,1.0,1.0,Democrat,Female,No degree,18-29,1.0
Control (unrelated text),1.0,51.0,1.0,1.0,2.0,1.0,2.0,1.0,6.0,7.0,1.0,1.0,1.0,Democrat,Female,No degree,45-59,3.0
Causal evidence,1.0,90.0,1.0,1.0,2.0,1.0,1.0,1.0,6.0,4.0,1.0,1.0,1.0,Democrat,Female,BA+,45-59,2.0
Causal evidence,1.0,80.0,1.0,1.0,3.0,1.0,3.0,2.0,8.0,4.0,2.0,1.0,1.0,Democrat,Male,BA+,30-44,2.0
Scientific consensus,1.0,97.0,1.0,1.0,3.0,1.0,3.0,1.0,6.0,4.0,1.0,1.0,1.0,Democrat,Male,Some college,45-59,1.0
Scientific consensus,1.0,97.0,1.0,1.0,2.0,2.0,2.0,1.0,6.0,7.0,2.0,1.0,2.0,Democrat,Female,No degree,30-44,2.0
Control (unrelated text),2.0,84.0,1.0,1.0,2.0,1.0,2.0,1.0,8.0,6.0,1.0,2.0,1.0,Republican,Female,No degree,45-59,3.0
Control (unrelated text),1.0,96.0,2.0,1.0,2.0,1.0,2.0,1.0,6.0,4.0,2.0,1.0,1.0,Democrat,Male,BA+,60+,3.0
Causal evidence,2.0,66.0,1.0,1.0,2.0,1.0,3.0,1.0,7.0,5.0,1.0,2.0,1.0,Independent,Female,Some college,30-44,2.0
Control (unrelated text),3.0,92.0,1.0,2.0,2.0,2.0,1.0,3.0,11.0,8.0,2.0,3.0,1.0,Republican,Male,BA+,30-44,3.0
Scientific consensus,1.0,97.0,1.0,1.0,2.0,1.0,3.0,1.0,8.0,4.0,1.0,2.0,1.0,Democrat,Male,BA+,30-44,1.0
Control (unrelated text),2.0,,2.0,3.0,3.0,3.0,3.0,2.0,10.0,7.0,2.0,2.0,2.0,Republican,Female,No degree,30-44,3.0
Causal evidence,2.0,91.0,1.0,1.0,3.0,1.0,1.0,1.0,12.0,10.0,2.0,2.0,1.0,Republican,Male,BA+,45-59,2.0
Control (unrelated text),2.0,71.0,1.0,1.0,1.0,1.0,1.0,1.0,6.0,5.0,1.0,2.0,1.0,Democrat,Male,No degree,18-29,1.0
Causal evidence,1.0,96.0,1.0,1.0,3.0,1.0,3.0,1.0,6.0,4.0,1.0,1.0,1.0,Democrat,Male,BA+,30-44,2.0
Control (unrelated text),1.0,70.0,1.0,1.0,3.0,1.0,3.0,1.0,9.0,6.0,2.0,1.0,1.0,Democrat,Female,BA+,30-44,3.0
Control (unrelated text),1.0,99.0,1.0,1.0,3.0,1.0,3.0,1.0,6.0,4.0,1.0,1.0,1.0,Democrat,Female,Some college,60+,3.0
Scientific consensus,1.0,97.0,1.0,1.0,3.0,1.0,3.0,1.0,7.0,5.0,1.0,1.0,1.0,Republican,Female,BA+,30-44,1.0
Control (unrelated text),1.0,81.0,1.0,1.0,2.0,1.0,1.0,1.0,7.0,4.0,2.0,1.0,1.0,Democrat,Female,BA+,30-44,3.0
Control (unrelated text),2.0,51.0,2.0,2.0,2.0,2.0,2.0,3.0,9.0,7.0,3.0,2.0,2.0,Independent,Female,No degree,30-44,2.0
Control (unrelated text),1.0,85.0,1.0,1.0,2.0,1.0,2.0,1.0,7.0,4.0,2.0,1.0,1.0,Democrat,Female,No degree,60+,3.0
Causal evidence,1.0,82.0,1.0,1.0,3.0,1.0,3.0,1.0,6.0,4.0,1.0,1.0,1.0,Democrat,Female,BA+,60+,2.0
Causal evidence,1.0,97.0,1.0,1.0,4.0,1.0,4.0,1.0,6.0,4.0,1.0,1.0,1.0,Democrat,Male,BA+,30-44,2.0
Causal evidence,1.0,95.0,1.0,1.0,3.0,1.0,3.0,1.0,6.0,4.0,1.0,2.0,1.0,Democrat,Male,BA+,18-29,2.0
Causal evidence,2.0,75.0,2.0,2.0,2.0,2.0,2.0,2.0,7.0,5.0,2.0,2.0,3.0,Independent,Male,Some college,30-44,2.0
Scientific consensus,1.0,97.0,1.0,1.0,2.0,1.0,1.0,1.0,6.0,4.0,1.0,1.0,1.0,Democrat,Male,BA+,30-44,1.0
Scientific consensus,1.0,97.0,1.0,1.0,3.0,1.0,3.0,1.0,7.0,4.0,1.0,1.0,1.0,Democrat,Female,BA+,30-44,1.0
Control (unrelated text),1.0,97.0,1.0,1.0,3.0,1.0,2.0,1.0,7.0,5.0,1.0,1.0,1.0,Democrat,Female,BA+,18-29,3.0
Causal evidence,1.0,97.0,1.0,1.0,2.0,1.0,1.0,1.0,6.0,4.0,1.0,1.0,1.0,Democrat,Male,No degree,30-44,2.0
Control (unrelated text),1.0,96.0,1.0,1.0,3.0,1.0,4.0,1.0,6.0,4.0,2.0,1.0,1.0,Independent,Female,BA+,45-59,3.0
Causal evidence,2.0,80.0,1.0,1.0,2.0,1.0,2.0,1.0,8.0,7.0,2.0,2.0,2.0,Republican,Female,BA+,30-44,2.0
Scientific consensus,1.0,97.0,1.0,1.0,2.0,1.0,1.0,1.0,7.0,5.0,2.0,1.0,1.0,Democrat,Male,BA+,30-44,1.0
Causal evidence,1.0,92.0,1.0,1.0,3.0,1.0,3.0,1.0,6.0,4.0,1.0,1.0,1.0,Democrat,Male,BA+,30-44,2.0
Scientific consensus,1.0,97.0,1.0,1.0,3.0,1.0,3.0,1.0,7.0,4.0,1.0,1.0,1.0,Democrat,Female,BA+,30-44,1.0
Scientific consensus,1.0,97.0,1.0,2.0,2.0,2.0,3.0,1.0,6.0,4.0,1.0,2.0,1.0,Democrat,Female,No degree,18-29,2.0
Causal evidence,1.0,99.0,1.0,1.0,4.0,1.0,4.0,1.0,9.0,4.0,1.0,1.0,1.0,Republican,Male,BA+,30-44,2.0
Control (unrelated text),1.0,95.0,1.0,1.0,3.0,1.0,3.0,1.0,11.0,7.0,2.0,1.0,1.0,Independent,Male,BA+,30-44,3.0
Scientific consensus,1.0,95.0,1.0,1.0,2.0,1.0,2.0,1.0,7.0,5.0,1.0,1.0,1.0,Democrat,Female,BA+,45-59,1.0
Scientific consensus,2.0,97.0,3.0,3.0,1.0,3.0,3.0,3.0,10.0,8.0,3.0,2.0,3.0,Republican,Male,BA+,30-44,1.0
Causal evidence,2.0,90.0,1.0,1.0,3.0,1.0,3.0,1.0,10.0,5.0,1.0,2.0,1.0,Democrat,Female,No degree,60+,2.0
Control (unrelated text),1.0,95.0,1.0,1.0,3.0,1.0,3.0,1.0,6.0,4.0,1.0,1.0,1.0,Democrat,Male,No degree,18-29,3.0
Control (unrelated text),2.0,67.0,2.0,1.0,2.0,1.0,1.0,2.0,7.0,6.0,2.0,2.0,2.0,Independent,Female,No degree,18-29,3.0
Control (unrelated text),1.0,74.0,1.0,1.0,1.0,1.0,1.0,1.0,6.0,4.0,2.0,1.0,1.0,Democrat,Female,BA+,30-44,3.0
Scientific consensus,2.0,92.0,1.0,1.0,1.0,2.0,3.0,3.0,8.0,6.0,2.0,2.0,2.0,Republican,Female,BA+,45-59,2.0
Causal evidence,2.0,91.0,1.0,1.0,1.0,1.0,1.0,2.0,9.0,7.0,2.0,2.0,2.0,Independent,Female,No degree,45-59,2.0
Scientific consensus,1.0,92.0,1.0,1.0,3.0,1.0,3.0,1.0,8.0,4.0,1.0,,1.0,Democrat,Female,BA+,45-59,2.0
Control (unrelated text),1.0,55.0,2.0,3.0,2.0,3.0,2.0,2.0,8.0,6.0,2.0,1.0,2.0,Independent,Female,No degree,45-59,3.0
Scientific consensus,1.0,97.0,1.0,1.0,2.0,1.0,2.0,1.0,9.0,4.0,1.0,1.0,1.0,Democrat,Male,BA+,18-29,1.0
Control (unrelated text),1.0,97.0,1.0,1.0,3.0,1.0,3.0,1.0,7.0,4.0,1.0,1.0,1.0,Democrat,Male,BA+,30-44,3.0
Causal evidence,1.0,89.0,1.0,1.0,3.0,1.0,2.0,1.0,6.0,4.0,1.0,1.0,1.0,Democrat,Female,No degree,45-59,2.0
Scientific consensus,2.0,81.0,1.0,1.0,2.0,1.0,2.0,1.0,8.0,6.0,1.0,2.0,2.0,Democrat,Female,Some college,45-59,1.0
Scientific consensus,2.0,77.0,1.0,1.0,4.0,1.0,4.0,1.0,7.0,6.0,1.0,2.0,1.0,Democrat,Male,Some college,30-44,1.0
Causal evidence,1.0,85.0,1.0,1.0,3.0,1.0,3.0,1.0,6.0,4.0,1.0,1.0,1.0,Democrat,Male,BA+,30-44,2.0
Control (unrelated text),2.0,91.0,1.0,1.0,2.0,1.0,2.0,2.0,12.0,10.0,3.0,2.0,1.0,Republican,Male,Some college,18-29,3.0
Scientific consensus,1.0,97.0,1.0,2.0,2.0,2.0,2.0,1.0,8.0,5.0,2.0,2.0,2.0,Democrat,Female,Some college,60+,1.0
Causal evidence,1.0,98.0,1.0,1.0,3.0,1.0,4.0,1.0,6.0,4.0,1.0,1.0,1.0,Democrat,Male,No degree,30-44,2.0
Scientific consensus,2.0,97.0,1.0,1.0,3.0,1.0,3.0,2.0,7.0,7.0,2.0,2.0,1.0,Independent,Female,No degree,30-44,1.0
Causal evidence,1.0,98.0,1.0,1.0,3.0,1.0,3.0,3.0,11.0,9.0,2.0,2.0,1.0,Democrat,Male,BA+,45-59,2.0
Control (unrelated text),1.0,90.0,1.0,1.0,3.0,1.0,3.0,1.0,7.0,4.0,1.0,1.0,1.0,Democrat,Male,BA+,30-44,3.0
Control (unrelated text),4.0,93.0,3.0,3.0,1.0,3.0,1.0,5.0,12.0,10.0,4.0,4.0,3.0,Independent,Male,BA+,30-44,3.0
Control (unrelated text),1.0,95.0,1.0,1.0,3.0,1.0,3.0,1.0,6.0,4.0,1.0,1.0,1.0,Democrat,Female,BA+,30-44,3.0
Causal evidence,1.0,99.0,1.0,1.0,2.0,1.0,1.0,1.0,7.0,4.0,1.0,2.0,1.0,Democrat,Male,No degree,45-59,2.0
Control (unrelated text),2.0,94.0,1.0,2.0,3.0,2.0,3.0,3.0,8.0,6.0,2.0,2.0,1.0,Democrat,Male,No degree,45-59,3.0
Scientific consensus,1.0,97.0,1.0,1.0,2.0,1.0,2.0,1.0,6.0,4.0,1.0,1.0,1.0,Democrat,Female,BA+,30-44,1.0
Scientific consensus,1.0,97.0,1.0,1.0,3.0,1.0,4.0,1.0,6.0,4.0,2.0,1.0,1.0,Democrat,Female,Some college,30-44,2.0
Causal evidence,2.0,86.0,1.0,1.0,2.0,1.0,2.0,1.0,7.0,4.0,1.0,2.0,1.0,Democrat,Male,BA+,30-44,2.0
Scientific consensus,1.0,98.0,1.0,1.0,3.0,1.0,3.0,1.0,6.0,4.0,1.0,1.0,1.0,Democrat,Female,BA+,45-59,1.0
Scientific consensus,2.0,97.0,1.0,1.0,2.0,2.0,2.0,2.0,6.0,7.0,2.0,2.0,2.0,Democrat,Female,No degree,30-44,1.0
Control (unrelated text),1.0,98.0,1.0,1.0,3.0,1.0,3.0,1.0,6.0,4.0,1.0,1.0,1.0,Democrat,Male,BA+,60+,3.0
Causal evidence,2.0,73.0,2.0,2.0,2.0,2.0,2.0,2.0,8.0,5.0,2.0,3.0,1.0,Democrat,Female,No degree,30-44,2.0
Causal evidence,1.0,95.0,1.0,1.0,4.0,1.0,4.0,1.0,7.0,4.0,1.0,1.0,1.0,Democrat,Female,BA+,30-44,2.0
Scientific consensus,2.0,64.0,1.0,2.0,2.0,2.0,2.0,2.0,8.0,6.0,2.0,2.0,1.0,Democrat,Male,No degree,30-44,1.0
Causal evidence,1.0,95.0,1.0,1.0,2.0,1.0,2.0,1.0,7.0,5.0,2.0,1.0,1.0,Democrat,Male,BA+,30-44,2.0
Control (unrelated text),1.0,70.0,1.0,1.0,2.0,1.0,2.0,2.0,7.0,5.0,2.0,1.0,1.0,Democrat,Female,BA+,30-44,3.0
Scientific consensus,3.0,80.0,3.0,2.0,1.0,1.0,1.0,3.0,9.0,8.0,3.0,2.0,3.0,Independent,Male,BA+,60+,1.0
Causal evidence,2.0,31.0,2.0,2.0,2.0,2.0,2.0,2.0,9.0,7.0,2.0,2.0,3.0,Republican,Female,Some college,30-44,2.0
Control (unrelated text),1.0,94.0,1.0,1.0,2.0,1.0,2.0,1.0,6.0,4.0,1.0,1.0,1.0,Democrat,Female,No degree,18-29,3.0
Scientific consensus,1.0,100.0,1.0,1.0,3.0,1.0,1.0,1.0,6.0,4.0,1.0,1.0,1.0,Democrat,Female,BA+,30-44,1.0
Scientific consensus,1.0,90.0,1.0,1.0,3.0,1.0,3.0,1.0,7.0,4.0,2.0,1.0,1.0,Democrat,Male,BA+,30-44,1.0
Causal evidence,1.0,100.0,1.0,1.0,3.0,1.0,1.0,1.0,6.0,4.0,2.0,1.0,1.0,Democrat,Female,No degree,18-29,2.0
Causal evidence,2.0,70.0,2.0,3.0,2.0,2.0,2.0,4.0,12.0,10.0,4.0,2.0,2.0,Democrat,Male,No degree,30-44,2.0
Scientific consensus,2.0,100.0,3.0,1.0,3.0,3.0,3.0,2.0,7.0,7.0,3.0,2.0,1.0,Independent,Male,BA+,18-29,2.0
Scientific consensus,2.0,30.0,3.0,2.0,1.0,1.0,1.0,3.0,11.0,9.0,3.0,2.0,3.0,Independent,Male,BA+,30-44,1.0
Control (unrelated text),2.0,96.0,1.0,1.0,3.0,1.0,3.0,1.0,7.0,4.0,1.0,2.0,1.0,Democrat,Male,No degree,30-44,3.0
Control (unrelated text),1.0,75.0,2.0,1.0,2.0,1.0,2.0,1.0,7.0,4.0,2.0,1.0,2.0,Democrat,Female,BA+,45-59,3.0
Control (unrelated text),1.0,97.0,1.0,1.0,3.0,1.0,3.0,1.0,6.0,4.0,1.0,1.0,1.0,Democrat,Female,BA+,30-44,3.0
Causal evidence,1.0,96.0,1.0,1.0,3.0,1.0,3.0,1.0,6.0,4.0,1.0,1.0,1.0,Democrat,Male,BA+,30-44,2.0
Causal evidence,1.0,98.0,1.0,1.0,3.0,1.0,2.0,1.0,8.0,4.0,1.0,1.0,1.0,Democrat,Female,BA+,30-44,2.0
Scientific consensus,1.0,97.0,1.0,1.0,3.0,1.0,4.0,1.0,6.0,4.0,1.0,1.0,1.0,Democrat,Male,BA+,18-29,1.0
Causal evidence,3.0,80.0,3.0,3.0,2.0,2.0,2.0,2.0,7.0,5.0,2.0,3.0,3.0,Republican,Female,No degree,30-44,2.0
Control (unrelated text),1.0,96.0,1.0,1.0,3.0,1.0,3.0,1.0,11.0,6.0,2.0,1.0,1.0,Independent,Male,Some college,30-44,3.0
Scientific consensus,1.0,97.0,1.0,1.0,3.0,1.0,3.0,1.0,7.0,5.0,1.0,2.0,1.0,Democrat,Male,BA+,30-44,2.0
Causal evidence,2.0,95.0,1.0,1.0,3.0,1.0,4.0,1.0,9.0,4.0,1.0,2.0,1.0,Democrat,Male,BA+,30-44,2.0
Control (unrelated text),2.0,97.0,1.0,1.0,2.0,1.0,1.0,1.0,6.0,4.0,1.0,2.0,1.0,Democrat,Male,BA+,30-44,3.0
Scientific consensus,1.0,97.0,1.0,1.0,2.0,1.0,2.0,1.0,9.0,5.0,1.0,1.0,1.0,Democrat,Female,BA+,45-59,1.0
Control (unrelated text),1.0,67.0,1.0,1.0,3.0,1.0,3.0,1.0,7.0,4.0,2.0,1.0,1.0,Democrat,Male,No degree,30-44,3.0
Scientific consensus,1.0,100.0,1.0,1.0,3.0,1.0,1.0,1.0,6.0,4.0,1.0,1.0,1.0,Democrat,Male,BA+,18-29,1.0
Causal evidence,1.0,70.0,2.0,1.0,3.0,1.0,3.0,4.0,9.0,5.0,2.0,2.0,1.0,Democrat,Male,Some college,30-44,2.0
Scientific consensus,1.0,90.0,1.0,1.0,3.0,1.0,3.0,1.0,6.0,4.0,2.0,1.0,1.0,Independent,Male,BA+,30-44,1.0
Control (unrelated text),3.0,75.0,1.0,1.0,2.0,1.0,2.0,1.0,10.0,4.0,2.0,3.0,1.0,Republican,Male,BA+,30-44,3.0
Causal evidence,1.0,85.0,1.0,2.0,2.0,1.0,2.0,1.0,6.0,4.0,1.0,1.0,1.0,Democrat,Male,BA+,18-29,2.0
Scientific consensus,4.0,50.0,3.0,4.0,1.0,3.0,1.0,5.0,12.0,10.0,4.0,4.0,3.0,Republican,Male,BA+,30-44,2.0
Control (unrelated text),2.0,60.0,1.0,2.0,2.0,2.0,3.0,4.0,12.0,10.0,4.0,2.0,1.0,Republican,Female,BA+,18-29,3.0
Control (unrelated text),3.0,76.0,3.0,3.0,1.0,3.0,1.0,4.0,12.0,10.0,3.0,3.0,3.0,Republican,Female,BA+,60+,3.0
Scientific consensus,2.0,90.0,2.0,2.0,2.0,2.0,2.0,2.0,8.0,6.0,2.0,2.0,2.0,Republican,Female,Some college,30-44,1.0
Scientific consensus,2.0,97.0,1.0,2.0,2.0,2.0,3.0,2.0,12.0,10.0,3.0,3.0,2.0,Independent,Female,BA+,30-44,1.0
Scientific consensus,1.0,97.0,1.0,1.0,3.0,1.0,3.0,1.0,6.0,4.0,2.0,2.0,1.0,Independent,Female,BA+,60+,1.0
Causal evidence,3.0,51.0,2.0,2.0,2.0,4.0,2.0,2.0,9.0,8.0,2.0,3.0,2.0,Republican,Female,BA+,30-44,1.0
Causal evidence,3.0,75.0,2.0,2.0,2.0,2.0,2.0,2.0,8.0,6.0,2.0,3.0,2.0,Republican,Male,No degree,30-44,2.0
Scientific consensus,3.0,97.0,3.0,3.0,1.0,3.0,1.0,5.0,12.0,10.0,4.0,3.0,3.0,Republican,Male,BA+,45-59,1.0
Scientific consensus,3.0,91.0,2.0,2.0,1.0,3.0,3.0,3.0,12.0,10.0,2.0,3.0,2.0,Republican,Female,No degree,60+,1.0
Causal evidence,2.0,80.0,2.0,2.0,2.0,2.0,2.0,4.0,10.0,8.0,3.0,2.0,2.0,Republican,Female,BA+,30-44,2.0
Causal evidence,4.0,81.0,1.0,1.0,2.0,1.0,3.0,5.0,12.0,10.0,4.0,4.0,1.0,Republican,Male,BA+,30-44,2.0
Control (unrelated text),1.0,70.0,2.0,1.0,1.0,3.0,2.0,2.0,8.0,7.0,2.0,1.0,2.0,Republican,Female,BA+,60+,3.0
Scientific consensus,1.0,70.0,2.0,1.0,1.0,1.0,1.0,1.0,12.0,4.0,2.0,2.0,2.0,Republican,Male,BA+,45-59,2.0
Scientific consensus,2.0,97.0,1.0,2.0,2.0,2.0,2.0,3.0,12.0,8.0,3.0,2.0,1.0,Republican,Male,BA+,45-59,1.0
Control (unrelated text),2.0,61.0,3.0,3.0,1.0,3.0,2.0,5.0,12.0,10.0,4.0,2.0,3.0,Republican,Male,BA+,30-44,3.0
Causal evidence,4.0,80.0,3.0,3.0,1.0,3.0,1.0,4.0,11.0,10.0,4.0,4.0,3.0,Republican,Female,No degree,60+,2.0
Causal evidence,1.0,100.0,1.0,1.0,3.0,1.0,3.0,1.0,6.0,4.0,1.0,1.0,1.0,Republican,Female,No degree,60+,2.0
Scientific consensus,2.0,94.0,2.0,2.0,2.0,2.0,3.0,3.0,8.0,7.0,3.0,1.0,2.0,Republican,Male,BA+,30-44,1.0
Control (unrelated text),2.0,60.0,3.0,2.0,1.0,2.0,1.0,1.0,7.0,6.0,2.0,2.0,3.0,Republican,Female,No degree,18-29,3.0
Control (unrelated text),4.0,88.0,2.0,2.0,2.0,2.0,2.0,2.0,11.0,10.0,2.0,4.0,2.0,Republican,Female,BA+,60+,3.0
Scientific consensus,2.0,97.0,1.0,1.0,3.0,1.0,4.0,1.0,9.0,5.0,1.0,2.0,1.0,Republican,Female,BA+,30-44,1.0
Control (unrelated text),1.0,97.0,1.0,1.0,3.0,1.0,1.0,1.0,6.0,4.0,1.0,1.0,1.0,Independent,Female,BA+,60+,3.0
Scientific consensus,1.0,97.0,1.0,1.0,2.0,2.0,2.0,2.0,7.0,5.0,2.0,2.0,1.0,Republican,Female,Some college,60+,1.0
Causal evidence,3.0,38.0,2.0,2.0,1.0,2.0,2.0,4.0,9.0,7.0,3.0,3.0,3.0,Republican,Female,BA+,18-29,2.0
Control (unrelated text),2.0,43.0,2.0,3.0,2.0,2.0,3.0,4.0,12.0,10.0,4.0,4.0,2.0,Republican,Female,No degree,30-44,3.0
Causal evidence,3.0,82.0,2.0,2.0,2.0,2.0,2.0,4.0,10.0,9.0,3.0,3.0,2.0,Republican,Female,Some college,30-44,2.0
Causal evidence,2.0,60.0,2.0,2.0,2.0,2.0,1.0,3.0,12.0,10.0,3.0,2.0,2.0,Republican,Female,BA+,30-44,2.0
Scientific consensus,2.0,97.0,1.0,2.0,1.0,1.0,1.0,2.0,8.0,9.0,2.0,2.0,2.0,Republican,Male,No degree,18-29,1.0
Causal evidence,3.0,90.0,1.0,2.0,3.0,2.0,3.0,2.0,11.0,6.0,3.0,3.0,1.0,Republican,Female,BA+,18-29,2.0
Scientific consensus,2.0,68.0,2.0,2.0,1.0,2.0,1.0,2.0,10.0,9.0,2.0,2.0,2.0,Republican,Male,No degree,30-44,2.0
Control (unrelated text),2.0,70.0,2.0,2.0,2.0,2.0,2.0,3.0,12.0,7.0,3.0,2.0,2.0,Republican,Male,Some college,18-29,3.0
Scientific consensus,3.0,95.0,2.0,2.0,1.0,2.0,1.0,4.0,12.0,10.0,3.0,3.0,2.0,Republican,Male,BA+,45-59,1.0
Control (unrelated text),2.0,75.0,1.0,1.0,2.0,1.0,2.0,1.0,7.0,5.0,2.0,1.0,1.0,Republican,Male,Some college,30-44,3.0
Causal evidence,1.0,65.0,2.0,1.0,2.0,1.0,2.0,1.0,6.0,5.0,1.0,2.0,1.0,Republican,Male,Some college,18-29,2.0
Causal evidence,4.0,85.0,3.0,2.0,1.0,2.0,1.0,5.0,12.0,9.0,3.0,4.0,3.0,Republican,Male,BA+,45-59,2.0
Causal evidence,2.0,,2.0,2.0,2.0,2.0,2.0,2.0,9.0,7.0,2.0,2.0,2.0,Republican,Female,No degree,30-44,2.0
Causal evidence,2.0,75.0,2.0,2.0,2.0,2.0,1.0,2.0,9.0,8.0,2.0,2.0,2.0,Republican,Female,BA+,30-44,2.0
Scientific consensus,2.0,97.0,3.0,3.0,3.0,2.0,2.0,2.0,8.0,7.0,2.0,1.0,3.0,Republican,Female,No degree,45-59,2.0
Causal evidence,2.0,70.0,1.0,2.0,2.0,2.0,3.0,2.0,11.0,7.0,2.0,3.0,2.0,Republican,Male,BA+,45-59,2.0
Control (unrelated text),4.0,95.0,2.0,2.0,1.0,3.0,2.0,4.0,12.0,8.0,2.0,4.0,2.0,Republican,Female,Some college,45-59,3.0
Control (unrelated text),2.0,60.0,3.0,2.0,1.0,3.0,1.0,3.0,12.0,8.0,3.0,2.0,3.0,Republican,Female,BA+,30-44,3.0
Control (unrelated text),2.0,80.0,1.0,1.0,2.0,1.0,2.0,1.0,8.0,4.0,1.0,2.0,1.0,Republican,Female,BA+,45-59,3.0
Control (unrelated text),3.0,80.0,2.0,2.0,1.0,2.0,2.0,3.0,12.0,10.0,4.0,4.0,2.0,Republican,Female,No degree,30-44,3.0
Scientific consensus,1.0,86.0,1.0,1.0,1.0,2.0,2.0,2.0,9.0,7.0,2.0,2.0,3.0,Republican,Female,BA+,60+,1.0
Scientific consensus,1.0,97.0,1.0,1.0,2.0,2.0,2.0,1.0,7.0,6.0,2.0,1.0,1.0,Republican,Male,BA+,18-29,1.0
Control (unrelated text),3.0,28.0,3.0,3.0,1.0,3.0,2.0,3.0,9.0,7.0,2.0,3.0,3.0,Republican,Female,No degree,30-44,3.0
Control (unrelated text),2.0,99.0,1.0,1.0,2.0,1.0,2.0,1.0,10.0,4.0,2.0,2.0,1.0,Republican,Female,BA+,30-44,3.0
Scientific consensus,1.0,97.0,1.0,1.0,3.0,1.0,3.0,1.0,9.0,7.0,1.0,1.0,1.0,Republican,Female,No degree,60+,1.0
Causal evidence,2.0,92.0,2.0,1.0,2.0,1.0,2.0,2.0,12.0,5.0,2.0,2.0,2.0,Republican,Male,BA+,60+,2.0
Control (unrelated text),3.0,25.0,3.0,2.0,1.0,2.0,1.0,4.0,11.0,7.0,4.0,3.0,3.0,Republican,Female,Some college,60+,3.0
Scientific consensus,2.0,91.0,3.0,3.0,3.0,3.0,3.0,4.0,12.0,9.0,3.0,2.0,3.0,Republican,Male,BA+,45-59,1.0
Scientific consensus,3.0,78.0,2.0,2.0,2.0,2.0,3.0,2.0,8.0,7.0,2.0,3.0,2.0,Republican,Female,BA+,30-44,1.0
Causal evidence,4.0,74.0,3.0,3.0,1.0,3.0,2.0,5.0,12.0,10.0,4.0,4.0,3.0,Republican,Male,BA+,45-59,2.0
Causal evidence,4.0,91.0,3.0,3.0,1.0,3.0,1.0,5.0,12.0,10.0,4.0,4.0,3.0,Independent,Male,BA+,30-44,2.0
Causal evidence,2.0,82.0,2.0,2.0,2.0,2.0,2.0,5.0,12.0,10.0,4.0,2.0,2.0,Republican,Male,BA+,30-44,2.0
Control (unrelated text),1.0,70.0,2.0,1.0,2.0,2.0,2.0,2.0,7.0,6.0,2.0,1.0,2.0,Republican,Male,BA+,45-59,3.0
Scientific consensus,2.0,97.0,2.0,2.0,2.0,2.0,2.0,3.0,10.0,9.0,2.0,2.0,2.0,Republican,Female,BA+,45-59,1.0
Causal evidence,4.0,94.0,3.0,3.0,1.0,3.0,1.0,4.0,12.0,10.0,4.0,3.0,3.0,Republican,Male,No degree,45-59,2.0
Causal evidence,2.0,75.0,1.0,2.0,3.0,2.0,3.0,3.0,12.0,9.0,2.0,2.0,1.0,Republican,Male,BA+,30-44,2.0
Control (unrelated text),3.0,47.0,3.0,2.0,2.0,2.0,2.0,4.0,7.0,7.0,2.0,3.0,3.0,Republican,Male,BA+,18-29,3.0
Scientific consensus,2.0,39.0,1.0,2.0,2.0,1.0,2.0,1.0,9.0,10.0,1.0,3.0,1.0,Independent,Female,No degree,18-29,2.0
Causal evidence,2.0,75.0,3.0,2.0,1.0,2.0,2.0,2.0,11.0,7.0,2.0,2.0,1.0,Republican,Female,BA+,30-44,2.0
Scientific consensus,2.0,83.0,1.0,1.0,2.0,1.0,2.0,3.0,7.0,6.0,2.0,2.0,2.0,Republican,Female,No degree,30-44,1.0
Causal evidence,2.0,85.0,1.0,2.0,2.0,2.0,2.0,3.0,9.0,7.0,2.0,2.0,2.0,Independent,Female,No degree,30-44,2.0
Scientific consensus,2.0,97.0,2.0,2.0,1.0,2.0,2.0,2.0,9.0,8.0,2.0,2.0,2.0,Republican,Female,No degree,45-59,1.0
Control (unrelated text),2.0,69.0,2.0,1.0,3.0,1.0,2.0,1.0,7.0,5.0,2.0,2.0,1.0,Republican,Female,BA+,30-44,3.0
Causal evidence,2.0,50.0,2.0,1.0,1.0,2.0,2.0,3.0,9.0,7.0,3.0,2.0,2.0,Republican,Female,No degree,30-44,2.0
Control (unrelated text),4.0,88.0,2.0,3.0,3.0,4.0,4.0,5.0,12.0,10.0,4.0,3.0,2.0,Republican,Female,No degree,45-59,3.0
Causal evidence,3.0,95.0,3.0,3.0,1.0,3.0,1.0,5.0,12.0,10.0,4.0,3.0,3.0,Republican,Male,BA+,18-29,2.0
Causal evidence,2.0,85.0,1.0,1.0,3.0,2.0,3.0,2.0,11.0,10.0,3.0,2.0,1.0,Republican,Female,No degree,60+,2.0
Control (unrelated text),1.0,42.0,2.0,2.0,2.0,2.0,2.0,1.0,6.0,5.0,1.0,2.0,2.0,Republican,Male,Some college,18-29,3.0
Scientific consensus,3.0,90.0,2.0,2.0,2.0,2.0,2.0,2.0,9.0,7.0,2.0,2.0,2.0,Republican,Female,BA+,45-59,1.0
Causal evidence,1.0,88.0,2.0,2.0,2.0,1.0,2.0,2.0,9.0,5.0,2.0,1.0,2.0,Independent,Female,BA+,45-59,2.0
Control (unrelated text),1.0,70.0,1.0,1.0,2.0,2.0,2.0,2.0,6.0,4.0,2.0,1.0,1.0,Republican,Female,BA+,30-44,3.0
Causal evidence,1.0,88.0,1.0,2.0,3.0,2.0,3.0,2.0,7.0,5.0,2.0,1.0,1.0,Independent,Female,BA+,30-44,2.0
Scientific consensus,2.0,97.0,2.0,2.0,2.0,2.0,2.0,2.0,9.0,8.0,3.0,2.0,2.0,Republican,Female,BA+,45-59,1.0
Control (unrelated text),3.0,75.0,3.0,4.0,1.0,3.0,1.0,5.0,12.0,10.0,4.0,3.0,3.0,Republican,Female,Some college,30-44,3.0
Control (unrelated text),2.0,70.0,2.0,2.0,2.0,2.0,2.0,1.0,9.0,8.0,2.0,2.0,2.0,Republican,Male,No degree,30-44,3.0
Scientific consensus,1.0,97.0,1.0,1.0,3.0,1.0,3.0,1.0,7.0,7.0,1.0,2.0,2.0,Republican,Female,No degree,30-44,2.0
Causal evidence,3.0,58.0,1.0,2.0,3.0,2.0,3.0,3.0,10.0,8.0,2.0,3.0,2.0,Republican,Female,Some college,60+,2.0
Scientific consensus,2.0,97.0,1.0,1.0,1.0,2.0,2.0,1.0,6.0,5.0,1.0,2.0,1.0,Republican,Female,BA+,45-59,1.0
Control (unrelated text),2.0,83.0,1.0,1.0,2.0,2.0,2.0,1.0,7.0,5.0,2.0,1.0,1.0,Independent,Male,No degree,18-29,3.0
Causal evidence,1.0,61.0,1.0,1.0,3.0,1.0,2.0,2.0,7.0,7.0,2.0,2.0,2.0,Republican,Female,Some college,30-44,2.0
Scientific consensus,3.0,97.0,3.0,2.0,2.0,2.0,2.0,3.0,11.0,10.0,2.0,3.0,3.0,Republican,Male,No degree,60+,1.0
Causal evidence,2.0,34.0,1.0,2.0,2.0,2.0,3.0,3.0,12.0,10.0,2.0,2.0,2.0,Republican,Male,BA+,45-59,2.0
Control (unrelated text),2.0,60.0,2.0,2.0,2.0,2.0,2.0,3.0,10.0,8.0,3.0,2.0,2.0,Republican,Female,No degree,30-44,3.0
Scientific consensus,2.0,95.0,2.0,2.0,2.0,2.0,2.0,3.0,12.0,10.0,2.0,2.0,2.0,Republican,Female,No degree,45-59,2.0
Control (unrelated text),3.0,63.0,3.0,3.0,2.0,2.0,2.0,2.0,9.0,5.0,2.0,3.0,2.0,Republican,Female,No degree,18-29,2.0
Causal evidence,2.0,80.0,1.0,1.0,3.0,1.0,1.0,1.0,7.0,5.0,1.0,2.0,1.0,Republican,Female,BA+,60+,2.0
Scientific consensus,2.0,97.0,1.0,2.0,2.0,2.0,2.0,2.0,12.0,10.0,3.0,2.0,2.0,Republican,Female,BA+,18-29,1.0
Causal evidence,2.0,74.0,2.0,2.0,2.0,2.0,2.0,2.0,8.0,8.0,3.0,2.0,2.0,Republican,Female,No degree,30-44,2.0
Scientific consensus,3.0,70.0,1.0,2.0,2.0,1.0,2.0,1.0,9.0,7.0,2.0,2.0,2.0,Republican,Female,Some college,30-44,2.0
Scientific consensus,2.0,97.0,2.0,1.0,2.0,1.0,2.0,2.0,7.0,5.0,3.0,3.0,2.0,Republican,Male,No degree,18-29,1.0
Scientific consensus,3.0,90.0,1.0,2.0,2.0,2.0,3.0,3.0,8.0,6.0,2.0,3.0,1.0,Republican,Female,No degree,45-59,1.0
Control (unrelated text),1.0,96.0,1.0,1.0,4.0,1.0,4.0,1.0,7.0,4.0,1.0,1.0,1.0,Republican,Female,BA+,30-44,3.0
Control (unrelated text),2.0,56.0,2.0,2.0,1.0,3.0,2.0,5.0,12.0,10.0,4.0,2.0,2.0,Republican,Male,Some college,60+,3.0
Control (unrelated text),2.0,60.0,2.0,2.0,2.0,2.0,3.0,1.0,7.0,7.0,2.0,2.0,2.0,Republican,Male,BA+,30-44,3.0
Control (unrelated text),2.0,85.0,2.0,2.0,2.0,2.0,2.0,2.0,12.0,10.0,3.0,2.0,2.0,Republican,Female,No degree,45-59,3.0
Scientific consensus,3.0,81.0,1.0,1.0,3.0,1.0,3.0,5.0,12.0,10.0,4.0,3.0,1.0,Republican,Male,BA+,30-44,2.0
Causal evidence,2.0,70.0,1.0,2.0,2.0,2.0,2.0,2.0,9.0,7.0,2.0,2.0,1.0,Republican,Male,BA+,30-44,2.0
Causal evidence,4.0,25.0,3.0,3.0,3.0,3.0,3.0,5.0,12.0,10.0,4.0,4.0,3.0,Republican,Male,No degree,60+,2.0
Causal evidence,3.0,60.0,2.0,2.0,2.0,2.0,2.0,2.0,11.0,9.0,2.0,3.0,2.0,Republican,Female,Some college,30-44,2.0
Causal evidence,2.0,92.0,1.0,1.0,2.0,2.0,2.0,2.0,9.0,6.0,2.0,1.0,1.0,Republican,Female,BA+,18-29,2.0
Control (unrelated text),4.0,52.0,3.0,3.0,1.0,3.0,1.0,3.0,12.0,10.0,3.0,4.0,3.0,Republican,Female,No degree,60+,3.0
Control (unrelated text),3.0,80.0,2.0,2.0,2.0,2.0,2.0,2.0,11.0,6.0,2.0,3.0,2.0,Republican,Male,BA+,30-44,3.0
Scientific consensus,2.0,97.0,1.0,2.0,3.0,2.0,3.0,2.0,9.0,9.0,2.0,3.0,2.0,Republican,Male,No degree,45-59,1.0
Control (unrelated text),2.0,40.0,2.0,2.0,3.0,2.0,2.0,3.0,9.0,8.0,3.0,2.0,2.0,Republican,Female,BA+,30-44,3.0
Causal evidence,2.0,65.0,1.0,2.0,2.0,3.0,1.0,3.0,9.0,9.0,2.0,2.0,2.0,Republican,Female,No degree,30-44,2.0
Scientific consensus,4.0,97.0,3.0,4.0,1.0,4.0,1.0,5.0,12.0,10.0,4.0,3.0,3.0,Republican,Male,BA+,30-44,1.0
Causal evidence,2.0,71.0,2.0,2.0,2.0,2.0,2.0,3.0,9.0,8.0,2.0,2.0,2.0,Republican,Female,No degree,30-44,2.0
Scientific consensus,2.0,97.0,2.0,2.0,2.0,1.0,1.0,2.0,9.0,5.0,2.0,2.0,2.0,Republican,Male,Some college,45-59,1.0
Control (unrelated text),2.0,90.0,2.0,2.0,1.0,2.0,2.0,2.0,12.0,6.0,3.0,2.0,2.0,Republican,Male,BA+,30-44,3.0
Control (unrelated text),2.0,66.0,2.0,2.0,2.0,3.0,2.0,3.0,9.0,9.0,2.0,3.0,2.0,Republican,Female,No degree,60+,3.0
Control (unrelated text),2.0,90.0,1.0,1.0,3.0,1.0,3.0,3.0,12.0,7.0,3.0,2.0,1.0,Republican,Male,BA+,30-44,3.0
Scientific consensus,2.0,97.0,2.0,2.0,1.0,2.0,1.0,3.0,12.0,9.0,3.0,3.0,3.0,Republican,Male,No degree,30-44,1.0
Scientific consensus,2.0,70.0,2.0,2.0,2.0,2.0,2.0,2.0,8.0,6.0,2.0,2.0,2.0,Republican,Female,No degree,30-44,2.0
Control (unrelated text),3.0,50.0,3.0,3.0,1.0,2.0,1.0,4.0,12.0,10.0,4.0,3.0,3.0,Republican,Male,BA+,45-59,3.0
Scientific consensus,2.0,60.0,1.0,1.0,2.0,1.0,1.0,3.0,12.0,10.0,4.0,2.0,2.0,Republican,Male,No degree,30-44,1.0
Control (unrelated text),2.0,75.0,1.0,1.0,2.0,2.0,2.0,3.0,8.0,10.0,3.0,2.0,1.0,Republican,Male,No degree,45-59,3.0
Control (unrelated text),3.0,94.0,2.0,2.0,1.0,2.0,2.0,2.0,11.0,9.0,2.0,3.0,2.0,Republican,Male,Some college,60+,3.0
Scientific consensus,1.0,97.0,1.0,1.0,3.0,1.0,4.0,2.0,10.0,5.0,3.0,1.0,1.0,Republican,Female,Some college,60+,1.0
Scientific consensus,2.0,70.0,2.0,2.0,2.0,2.0,2.0,2.0,8.0,6.0,3.0,2.0,2.0,Republican,Female,BA+,18-29,2.0
Causal evidence,2.0,35.0,1.0,1.0,2.0,1.0,2.0,2.0,8.0,10.0,2.0,2.0,2.0,Republican,Female,No degree,18-29,2.0
Scientific consensus,2.0,90.0,1.0,2.0,3.0,2.0,3.0,2.0,8.0,5.0,2.0,3.0,1.0,Republican,Female,BA+,60+,1.0
Control (unrelated text),1.0,97.0,1.0,1.0,2.0,1.0,3.0,2.0,8.0,4.0,1.0,1.0,1.0,Republican,Male,BA+,30-44,3.0
Control (unrelated text),2.0,75.0,2.0,2.0,2.0,2.0,2.0,3.0,11.0,8.0,2.0,2.0,2.0,Independent,Male,Some college,30-44,3.0
Scientific consensus,2.0,97.0,3.0,2.0,2.0,3.0,3.0,2.0,8.0,5.0,3.0,2.0,2.0,Republican,Female,Some college,45-59,1.0
Causal evidence,3.0,85.0,1.0,2.0,3.0,1.0,3.0,2.0,12.0,10.0,2.0,3.0,1.0,Republican,Male,BA+,30-44,2.0
Causal evidence,2.0,80.0,1.0,1.0,2.0,1.0,3.0,1.0,8.0,6.0,2.0,2.0,2.0,Republican,Female,No degree,45-59,2.0
Scientific consensus,2.0,97.0,1.0,1.0,2.0,1.0,1.0,1.0,8.0,4.0,2.0,2.0,1.0,Republican,Female,BA+,45-59,1.0
Causal evidence,3.0,64.0,3.0,3.0,1.0,2.0,2.0,3.0,12.0,9.0,3.0,3.0,3.0,Republican,Male,BA+,30-44,2.0
Causal evidence,2.0,44.0,2.0,2.0,2.0,1.0,2.0,3.0,9.0,8.0,2.0,3.0,2.0,Republican,Female,No degree,18-29,2.0
Scientific consensus,2.0,91.0,2.0,1.0,2.0,1.0,2.0,2.0,9.0,7.0,2.0,2.0,2.0,Republican,Male,BA+,30-44,2.0
Causal evidence,2.0,85.0,1.0,2.0,2.0,2.0,2.0,2.0,11.0,9.0,2.0,2.0,1.0,Republican,Male,BA+,45-59,2.0
Control (unrelated text),2.0,81.0,1.0,1.0,2.0,1.0,2.0,1.0,8.0,6.0,2.0,2.0,1.0,Republican,Female,No degree,18-29,3.0
Control (unrelated text),3.0,98.0,2.0,3.0,2.0,3.0,2.0,3.0,12.0,9.0,2.0,3.0,2.0,Independent,Female,BA+,45-59,3.0
Causal evidence,2.0,23.0,2.0,2.0,2.0,2.0,2.0,3.0,8.0,6.0,2.0,2.0,2.0,Republican,Male,No degree,45-59,2.0
Control (unrelated text),2.0,90.0,1.0,1.0,2.0,1.0,2.0,2.0,7.0,,2.0,2.0,1.0,Democrat,Male,BA+,18-29,3.0
Control (unrelated text),2.0,91.0,2.0,2.0,2.0,2.0,2.0,3.0,10.0,8.0,3.0,2.0,2.0,Republican,Male,BA+,45-59,3.0
Causal evidence,1.0,90.0,1.0,1.0,3.0,1.0,3.0,2.0,10.0,9.0,2.0,2.0,1.0,Republican,Male,No degree,18-29,2.0
Scientific consensus,1.0,95.0,1.0,1.0,3.0,1.0,3.0,1.0,6.0,4.0,2.0,1.0,1.0,Republican,Female,BA+,30-44,2.0
Scientific consensus,2.0,97.0,1.0,1.0,1.0,1.0,1.0,4.0,12.0,10.0,3.0,4.0,3.0,Republican,Male,BA+,18-29,1.0
Scientific consensus,1.0,97.0,1.0,1.0,2.0,1.0,2.0,1.0,6.0,5.0,1.0,2.0,1.0,Republican,Male,Some college,30-44,1.0
Scientific consensus,3.0,97.0,2.0,2.0,2.0,2.0,3.0,5.0,12.0,10.0,3.0,2.0,2.0,Republican,Female,BA+,45-59,1.0
Scientific consensus,2.0,97.0,3.0,2.0,2.0,2.0,2.0,3.0,8.0,7.0,2.0,2.0,3.0,Independent,Female,No degree,45-59,1.0
Causal evidence,3.0,85.0,2.0,1.0,1.0,2.0,2.0,2.0,10.0,9.0,1.0,3.0,2.0,Republican,Female,No degree,18-29,2.0
Scientific consensus,2.0,75.0,1.0,1.0,1.0,1.0,2.0,2.0,12.0,7.0,2.0,2.0,2.0,Republican,Male,No degree,18-29,2.0
Control (unrelated text),3.0,72.0,3.0,3.0,1.0,2.0,1.0,3.0,11.0,7.0,3.0,3.0,3.0,Republican,Female,BA+,30-44,3.0
Causal evidence,2.0,71.0,1.0,3.0,3.0,2.0,2.0,2.0,12.0,8.0,3.0,2.0,2.0,Republican,Female,BA+,30-44,2.0
Scientific consensus,2.0,68.0,2.0,1.0,2.0,1.0,1.0,2.0,8.0,6.0,2.0,2.0,2.0,Republican,Male,No degree,45-59,1.0
Causal evidence,4.0,69.0,3.0,4.0,2.0,3.0,2.0,5.0,12.0,10.0,4.0,3.0,3.0,Republican,Female,BA+,60+,2.0
Control (unrelated text),2.0,72.0,1.0,1.0,1.0,2.0,3.0,1.0,6.0,7.0,2.0,2.0,1.0,Republican,Female,No degree,45-59,3.0
Control (unrelated text),1.0,75.0,2.0,2.0,2.0,2.0,2.0,2.0,8.0,5.0,2.0,1.0,2.0,Republican,Female,BA+,45-59,3.0
Scientific consensus,3.0,97.0,3.0,3.0,3.0,3.0,2.0,5.0,9.0,9.0,4.0,3.0,3.0,Republican,Female,Some college,45-59,1.0
Causal evidence,2.0,80.0,1.0,1.0,3.0,1.0,1.0,2.0,9.0,7.0,2.0,2.0,1.0,Republican,Female,No degree,45-59,2.0
Scientific consensus,3.0,97.0,1.0,1.0,2.0,1.0,1.0,1.0,6.0,4.0,1.0,3.0,1.0,Republican,Male,BA+,18-29,1.0
Control (unrelated text),2.0,30.0,1.0,1.0,3.0,2.0,2.0,1.0,6.0,9.0,2.0,2.0,1.0,Republican,Female,No degree,18-29,3.0
Scientific consensus,4.0,97.0,2.0,2.0,2.0,2.0,2.0,5.0,12.0,10.0,4.0,4.0,2.0,Republican,Male,BA+,18-29,1.0
Causal evidence,2.0,91.0,1.0,1.0,3.0,1.0,3.0,3.0,8.0,6.0,2.0,2.0,1.0,Republican,Male,BA+,18-29,2.0
Causal evidence,2.0,79.0,1.0,2.0,2.0,1.0,2.0,1.0,7.0,7.0,2.0,2.0,1.0,Republican,Male,BA+,45-59,1.0
Control (unrelated text),2.0,86.0,1.0,2.0,2.0,2.0,2.0,2.0,8.0,6.0,2.0,2.0,1.0,Republican,Male,BA+,30-44,3.0
Causal evidence,4.0,68.0,3.0,3.0,1.0,2.0,1.0,5.0,12.0,10.0,4.0,4.0,3.0,Republican,Female,Some college,45-59,2.0
Causal evidence,2.0,92.0,1.0,1.0,3.0,1.0,3.0,2.0,9.0,8.0,1.0,2.0,1.0,Republican,Female,BA+,30-44,2.0
Control (unrelated text),2.0,70.0,2.0,2.0,2.0,3.0,2.0,2.0,8.0,8.0,3.0,2.0,2.0,Republican,Female,No degree,60+,3.0
Causal evidence,1.0,79.0,1.0,2.0,2.0,2.0,2.0,1.0,6.0,7.0,2.0,2.0,2.0,Republican,Female,No degree,30-44,2.0
Control (unrelated text),3.0,72.0,3.0,3.0,2.0,4.0,2.0,4.0,12.0,10.0,4.0,3.0,3.0,Republican,Male,No degree,45-59,3.0
Control (unrelated text),2.0,95.0,1.0,1.0,1.0,1.0,2.0,1.0,7.0,4.0,2.0,2.0,1.0,Independent,Female,BA+,60+,3.0
Scientific consensus,2.0,97.0,1.0,2.0,3.0,2.0,2.0,3.0,12.0,8.0,3.0,2.0,2.0,Republican,Female,BA+,30-44,1.0
Scientific consensus,2.0,73.0,1.0,1.0,2.0,2.0,2.0,1.0,9.0,7.0,1.0,2.0,1.0,Republican,Female,Some college,18-29,2.0
Control (unrelated text),4.0,95.0,2.0,2.0,2.0,2.0,2.0,5.0,12.0,10.0,4.0,4.0,2.0,Republican,Female,BA+,30-44,3.0
Control (unrelated text),3.0,51.0,2.0,2.0,1.0,2.0,2.0,3.0,12.0,10.0,2.0,3.0,2.0,Republican,Male,No degree,45-59,3.0
Scientific consensus,1.0,97.0,1.0,1.0,3.0,1.0,4.0,1.0,6.0,9.0,1.0,2.0,1.0,Republican,Female,BA+,30-44,1.0
Scientific consensus,2.0,96.0,1.0,1.0,2.0,1.0,2.0,1.0,7.0,7.0,2.0,2.0,2.0,Republican,Male,No degree,60+,1.0
Control (unrelated text),2.0,71.0,1.0,2.0,2.0,2.0,2.0,2.0,8.0,5.0,2.0,2.0,1.0,Independent,Male,BA+,30-44,3.0
Causal evidence,2.0,82.0,2.0,1.0,2.0,1.0,2.0,2.0,12.0,10.0,2.0,2.0,2.0,Republican,Female,BA+,30-44,2.0
Causal evidence,2.0,39.0,2.0,2.0,2.0,2.0,2.0,3.0,9.0,7.0,2.0,3.0,2.0,Independent,Female,No degree,30-44,2.0
Control (unrelated text),4.0,39.0,3.0,4.0,1.0,4.0,1.0,5.0,12.0,10.0,4.0,4.0,3.0,Republican,Male,No degree,60+,3.0
Causal evidence,2.0,77.0,1.0,1.0,3.0,1.0,3.0,2.0,8.0,5.0,2.0,2.0,1.0,Republican,Female,BA+,18-29,2.0
Causal evidence,2.0,93.0,1.0,1.0,3.0,1.0,3.0,1.0,9.0,5.0,1.0,2.0,1.0,Republican,Male,BA+,45-59,2.0
Scientific consensus,1.0,90.0,1.0,1.0,3.0,1.0,2.0,1.0,6.0,5.0,2.0,2.0,2.0,Republican,Female,No degree,45-59,2.0
Control (unrelated text),2.0,90.0,2.0,2.0,2.0,2.0,2.0,2.0,9.0,7.0,2.0,3.0,2.0,Republican,Female,BA+,45-59,3.0
Scientific consensus,1.0,97.0,1.0,1.0,2.0,1.0,3.0,1.0,8.0,6.0,2.0,1.0,1.0,Republican,Male,BA+,60+,1.0
Control (unrelated text),2.0,77.0,2.0,2.0,3.0,2.0,3.0,2.0,7.0,7.0,2.0,2.0,2.0,Republican,Male,BA+,30-44,3.0
Scientific consensus,2.0,97.0,1.0,2.0,2.0,1.0,2.0,1.0,7.0,5.0,2.0,2.0,1.0,Republican,Male,BA+,30-44,1.0
Causal evidence,3.0,82.0,2.0,2.0,2.0,2.0,2.0,2.0,12.0,9.0,2.0,3.0,3.0,Republican,Male,Some college,30-44,2.0
Control (unrelated text),2.0,51.0,2.0,2.0,2.0,2.0,2.0,3.0,11.0,6.0,3.0,3.0,2.0,Republican,Female,BA+,30-44,3.0
Causal evidence,1.0,90.0,1.0,1.0,3.0,1.0,2.0,2.0,10.0,6.0,2.0,1.0,1.0,Republican,Female,BA+,30-44,2.0
Control (unrelated text),2.0,86.0,1.0,1.0,3.0,1.0,2.0,1.0,6.0,4.0,2.0,2.0,1.0,Republican,Female,BA+,30-44,3.0
Causal evidence,3.0,90.0,3.0,3.0,2.0,2.0,2.0,3.0,12.0,10.0,2.0,3.0,3.0,Independent,Male,No degree,18-29,2.0
Control (unrelated text),1.0,91.0,1.0,1.0,2.0,1.0,2.0,1.0,6.0,4.0,1.0,1.0,1.0,Republican,Male,BA+,45-59,3.0
Causal evidence,2.0,85.0,1.0,1.0,3.0,1.0,2.0,1.0,6.0,5.0,1.0,2.0,1.0,Republican,Female,No degree,60+,
Scientific consensus,2.0,97.0,1.0,1.0,1.0,2.0,3.0,2.0,8.0,6.0,2.0,2.0,1.0,Republican,Female,BA+,45-59,1.0
Causal evidence,3.0,49.0,1.0,2.0,2.0,3.0,3.0,4.0,12.0,10.0,4.0,3.0,2.0,Republican,Male,BA+,60+,2.0
Control (unrelated text),3.0,30.0,3.0,4.0,1.0,3.0,1.0,4.0,12.0,10.0,3.0,3.0,3.0,Republican,Female,Some college,60+,3.0
Causal evidence,2.0,83.0,1.0,1.0,1.0,1.0,2.0,1.0,8.0,7.0,2.0,2.0,2.0,Republican,Female,Some college,30-44,2.0
Scientific consensus,2.0,97.0,1.0,2.0,2.0,2.0,2.0,2.0,7.0,5.0,2.0,3.0,2.0,Republican,Female,No degree,30-44,1.0
Scientific consensus,3.0,90.0,3.0,3.0,1.0,3.0,1.0,4.0,11.0,9.0,3.0,2.0,3.0,Republican,Male,BA+,45-59,1.0
Control (unrelated text),2.0,100.0,2.0,2.0,2.0,1.0,1.0,2.0,12.0,7.0,2.0,2.0,2.0,Republican,Male,BA+,30-44,3.0
Causal evidence,4.0,5.0,2.0,2.0,2.0,2.0,2.0,5.0,12.0,10.0,4.0,4.0,2.0,Republican,Male,No degree,30-44,2.0
Causal evidence,4.0,51.0,3.0,4.0,1.0,4.0,1.0,5.0,12.0,10.0,4.0,4.0,3.0,Republican,Female,BA+,45-59,2.0
Causal evidence,1.0,99.0,1.0,1.0,3.0,1.0,3.0,1.0,11.0,5.0,1.0,1.0,1.0,Republican,Male,BA+,45-59,2.0
Causal evidence,3.0,69.0,3.0,3.0,3.0,2.0,2.0,5.0,12.0,10.0,4.0,3.0,3.0,Republican,Female,BA+,45-59,2.0
Control (unrelated text),1.0,80.0,1.0,1.0,2.0,1.0,2.0,1.0,9.0,9.0,2.0,1.0,1.0,Republican,Male,Some college,30-44,3.0
Scientific consensus,1.0,97.0,1.0,1.0,2.0,2.0,3.0,2.0,8.0,6.0,2.0,1.0,1.0,Republican,Female,BA+,30-44,1.0
Scientific consensus,3.0,50.0,3.0,4.0,1.0,3.0,1.0,4.0,12.0,10.0,3.0,3.0,3.0,Republican,Male,Some college,45-59,1.0
Control (unrelated text),3.0,70.0,3.0,2.0,1.0,2.0,2.0,3.0,11.0,10.0,2.0,3.0,2.0,Republican,Male,No degree,30-44,3.0
Scientific consensus,1.0,97.0,1.0,1.0,3.0,1.0,3.0,1.0,7.0,5.0,1.0,1.0,2.0,Republican,Female,No degree,30-44,1.0
Causal evidence,1.0,61.0,1.0,2.0,1.0,2.0,3.0,3.0,8.0,5.0,2.0,1.0,2.0,Republican,Female,BA+,30-44,2.0
Causal evidence,2.0,88.0,1.0,2.0,2.0,2.0,2.0,3.0,8.0,7.0,2.0,2.0,2.0,Republican,Female,BA+,45-59,2.0
Scientific consensus,1.0,97.0,1.0,1.0,1.0,2.0,2.0,2.0,10.0,7.0,2.0,2.0,2.0,Republican,Female,BA+,18-29,1.0
Control (unrelated text),3.0,60.0,1.0,2.0,2.0,2.0,2.0,3.0,11.0,9.0,3.0,3.0,1.0,Republican,Female,BA+,45-59,3.0
Scientific consensus,2.0,97.0,1.0,1.0,3.0,1.0,3.0,1.0,6.0,7.0,2.0,2.0,1.0,Republican,Female,No degree,18-29,1.0
Control (unrelated text),1.0,74.0,3.0,2.0,1.0,2.0,1.0,2.0,9.0,8.0,1.0,2.0,3.0,Republican,Male,No degree,30-44,3.0
Scientific consensus,3.0,70.0,3.0,3.0,1.0,3.0,1.0,5.0,12.0,10.0,4.0,3.0,3.0,Republican,Male,No degree,30-44,1.0
Causal evidence,2.0,80.0,2.0,1.0,2.0,1.0,2.0,2.0,9.0,10.0,2.0,2.0,2.0,Republican,Female,No degree,18-29,2.0
Control (unrelated text),4.0,68.0,3.0,4.0,1.0,4.0,1.0,5.0,12.0,10.0,4.0,4.0,3.0,Republican,Female,Some college,60+,3.0
Control (unrelated text),4.0,60.0,3.0,4.0,1.0,4.0,1.0,5.0,12.0,10.0,4.0,4.0,3.0,Republican,Male,BA+,45-59,3.0
Scientific consensus,3.0,90.0,2.0,2.0,1.0,2.0,1.0,3.0,12.0,10.0,3.0,3.0,3.0,Republican,Female,BA+,45-59,1.0
Control (unrelated text),4.0,91.0,2.0,4.0,2.0,3.0,2.0,3.0,10.0,8.0,4.0,4.0,2.0,Republican,Female,BA+,30-44,3.0
Control (unrelated text),2.0,85.0,1.0,1.0,2.0,2.0,2.0,2.0,9.0,7.0,2.0,2.0,1.0,Republican,Female,Some college,18-29,3.0
Causal evidence,4.0,,3.0,3.0,2.0,3.0,3.0,4.0,9.0,10.0,4.0,4.0,3.0,Republican,Female,No degree,45-59,2.0
Scientific consensus,1.0,97.0,1.0,1.0,2.0,1.0,2.0,1.0,7.0,4.0,2.0,1.0,2.0,Independent,Male,BA+,30-44,1.0
Scientific consensus,2.0,63.0,2.0,2.0,1.0,2.0,1.0,3.0,11.0,9.0,2.0,2.0,2.0,Republican,Female,BA+,45-59,1.0
Causal evidence,2.0,85.0,1.0,1.0,2.0,2.0,2.0,1.0,7.0,5.0,2.0,2.0,1.0,Republican,Male,No degree,45-59,2.0
Control (unrelated text),3.0,62.0,3.0,2.0,1.0,2.0,2.0,2.0,9.0,7.0,2.0,2.0,3.0,Republican,Male,No degree,18-29,3.0
Control (unrelated text),2.0,40.0,2.0,2.0,1.0,2.0,1.0,1.0,7.0,9.0,2.0,2.0,2.0,Republican,Male,BA+,30-44,3.0
Scientific consensus,2.0,80.0,1.0,2.0,2.0,2.0,2.0,3.0,10.0,10.0,4.0,2.0,1.0,Republican,Male,No degree,45-59,1.0
Scientific consensus,2.0,93.0,1.0,2.0,2.0,2.0,2.0,3.0,11.0,8.0,3.0,2.0,2.0,Republican,Female,No degree,30-44,1.0
Control (unrelated text),2.0,75.0,2.0,1.0,3.0,1.0,3.0,3.0,8.0,6.0,2.0,2.0,2.0,Republican,Female,BA+,18-29,3.0
Causal evidence,3.0,92.0,1.0,2.0,3.0,1.0,3.0,2.0,11.0,10.0,2.0,3.0,1.0,Republican,Female,BA+,30-44,2.0
Scientific consensus,1.0,65.0,1.0,1.0,2.0,1.0,1.0,2.0,8.0,7.0,2.0,2.0,1.0,Republican,Female,Some college,30-44,2.0
Control (unrelated text),1.0,100.0,1.0,1.0,1.0,1.0,1.0,1.0,6.0,7.0,2.0,1.0,1.0,Republican,Male,No degree,30-44,3.0
Control (unrelated text),1.0,76.0,1.0,1.0,1.0,1.0,2.0,2.0,6.0,6.0,2.0,1.0,1.0,Republican,Female,Some college,30-44,3.0
Causal evidence,2.0,80.0,1.0,1.0,3.0,2.0,2.0,2.0,8.0,6.0,2.0,2.0,1.0,Republican,Female,BA+,18-29,2.0
Causal evidence,3.0,30.0,2.0,2.0,2.0,2.0,2.0,3.0,12.0,10.0,4.0,3.0,2.0,Republican,Male,BA+,30-44,2.0
Causal evidence,1.0,88.0,1.0,1.0,2.0,1.0,2.0,1.0,12.0,6.0,2.0,2.0,3.0,Republican,Male,No degree,30-44,2.0
Control (unrelated text),2.0,78.0,2.0,3.0,2.0,2.0,2.0,3.0,9.0,6.0,2.0,2.0,2.0,Republican,Female,No degree,60+,3.0
Scientific consensus,3.0,88.0,2.0,2.0,2.0,2.0,2.0,4.0,10.0,9.0,2.0,3.0,3.0,Republican,Male,No degree,45-59,1.0
Causal evidence,2.0,76.0,1.0,1.0,3.0,1.0,3.0,2.0,8.0,6.0,2.0,2.0,2.0,Republican,Male,No degree,60+,2.0
Scientific consensus,3.0,91.0,2.0,2.0,1.0,2.0,1.0,3.0,12.0,9.0,2.0,3.0,2.0,Republican,Male,No degree,60+,1.0
Scientific consensus,3.0,39.0,2.0,2.0,2.0,2.0,2.0,2.0,10.0,7.0,3.0,3.0,2.0,Republican,Female,BA+,30-44,2.0
Scientific consensus,2.0,97.0,3.0,3.0,1.0,2.0,2.0,3.0,8.0,8.0,2.0,2.0,3.0,Republican,Male,No degree,45-59,1.0
Causal evidence,1.0,75.0,1.0,1.0,3.0,2.0,3.0,2.0,7.0,5.0,2.0,2.0,1.0,Republican,Female,BA+,30-44,2.0
Control (unrelated text),2.0,50.0,2.0,2.0,2.0,2.0,2.0,3.0,9.0,9.0,3.0,2.0,2.0,Republican,Male,BA+,60+,3.0
Control (unrelated text),1.0,92.0,1.0,1.0,3.0,1.0,3.0,1.0,7.0,6.0,2.0,1.0,1.0,Republican,Female,BA+,30-44,3.0
Control (unrelated text),4.0,80.0,2.0,2.0,2.0,2.0,2.0,4.0,12.0,10.0,4.0,4.0,2.0,Republican,Male,BA+,30-44,3.0
Control (unrelated text),2.0,71.0,2.0,2.0,2.0,2.0,2.0,2.0,9.0,7.0,2.0,2.0,2.0,Republican,Female,No degree,30-44,3.0
Causal evidence,3.0,70.0,2.0,2.0,2.0,2.0,2.0,3.0,11.0,9.0,3.0,3.0,2.0,Republican,Male,Some college,30-44,2.0
Control (unrelated text),3.0,77.0,3.0,3.0,1.0,3.0,1.0,5.0,11.0,9.0,4.0,3.0,3.0,Republican,Female,BA+,45-59,3.0
Causal evidence,1.0,60.0,1.0,1.0,4.0,1.0,3.0,1.0,9.0,7.0,1.0,2.0,1.0,Republican,Female,BA+,30-44,2.0
Causal evidence,3.0,74.0,2.0,2.0,2.0,2.0,2.0,2.0,12.0,9.0,2.0,3.0,3.0,Republican,Male,BA+,45-59,2.0
Causal evidence,3.0,34.0,2.0,2.0,2.0,2.0,2.0,3.0,9.0,7.0,2.0,3.0,2.0,Democrat,Female,BA+,30-44,2.0
Scientific consensus,2.0,100.0,1.0,2.0,2.0,2.0,2.0,2.0,10.0,8.0,2.0,2.0,2.0,Republican,Female,BA+,45-59,1.0
Scientific consensus,1.0,79.0,1.0,1.0,2.0,1.0,2.0,2.0,7.0,6.0,2.0,1.0,1.0,Republican,Female,No degree,18-29,2.0
Causal evidence,3.0,83.0,3.0,3.0,1.0,3.0,2.0,5.0,12.0,10.0,4.0,4.0,3.0,Republican,Female,No degree,45-59,2.0
Causal evidence,3.0,90.0,2.0,2.0,2.0,2.0,2.0,3.0,12.0,10.0,4.0,3.0,2.0,Republican,Male,BA+,30-44,2.0
Control (unrelated text),1.0,90.0,1.0,1.0,3.0,1.0,3.0,1.0,7.0,4.0,2.0,1.0,1.0,Independent,Female,Some college,30-44,3.0
Scientific consensus,1.0,97.0,1.0,1.0,2.0,1.0,1.0,1.0,7.0,5.0,1.0,2.0,2.0,Republican,Female,BA+,45-59,2.0
Control (unrelated text),2.0,62.0,2.0,2.0,2.0,2.0,2.0,2.0,9.0,7.0,3.0,2.0,2.0,Republican,Female,BA+,30-44,3.0
Causal evidence,1.0,90.0,1.0,1.0,4.0,1.0,2.0,1.0,7.0,8.0,2.0,2.0,1.0,Republican,Female,No degree,30-44,2.0
Causal evidence,2.0,95.0,2.0,1.0,2.0,1.0,2.0,3.0,9.0,7.0,2.0,2.0,2.0,Republican,Male,No degree,45-59,2.0
Scientific consensus,2.0,87.0,1.0,1.0,1.0,1.0,1.0,1.0,10.0,6.0,3.0,2.0,1.0,Republican,Female,No degree,30-44,1.0
Causal evidence,1.0,95.0,1.0,1.0,2.0,1.0,2.0,1.0,6.0,4.0,1.0,1.0,2.0,Republican,Female,No degree,30-44,2.0
Control (unrelated text),2.0,51.0,2.0,2.0,1.0,3.0,2.0,3.0,9.0,8.0,3.0,2.0,2.0,Republican,Female,Some college,45-59,3.0
Scientific consensus,3.0,90.0,1.0,1.0,2.0,1.0,1.0,2.0,9.0,9.0,2.0,3.0,1.0,Republican,Female,Some college,30-44,1.0
Scientific consensus,1.0,97.0,1.0,1.0,2.0,2.0,3.0,2.0,10.0,8.0,3.0,2.0,2.0,Republican,Female,No degree,45-59,1.0
Scientific consensus,2.0,96.0,1.0,2.0,3.0,1.0,3.0,2.0,7.0,7.0,3.0,3.0,3.0,Republican,Female,No degree,30-44,2.0
Control (unrelated text),3.0,80.0,1.0,3.0,2.0,3.0,2.0,5.0,12.0,10.0,4.0,3.0,1.0,Republican,Male,No degree,45-59,3.0
Scientific consensus,2.0,90.0,2.0,2.0,2.0,1.0,2.0,3.0,12.0,10.0,4.0,2.0,2.0,Republican,Female,BA+,45-59,2.0
Causal evidence,2.0,70.0,2.0,2.0,2.0,2.0,2.0,3.0,10.0,7.0,3.0,2.0,2.0,Republican,Female,BA+,18-29,2.0
Causal evidence,3.0,25.0,3.0,3.0,2.0,3.0,2.0,4.0,12.0,10.0,4.0,4.0,3.0,Republican,Female,Some college,30-44,2.0
Control (unrelated text),3.0,53.0,2.0,2.0,2.0,2.0,2.0,5.0,12.0,7.0,4.0,3.0,2.0,Republican,Female,Some college,30-44,3.0
Scientific consensus,3.0,97.0,2.0,2.0,2.0,2.0,3.0,2.0,12.0,7.0,3.0,3.0,2.0,Republican,Female,No degree,45-59,1.0
Causal evidence,2.0,90.0,1.0,1.0,3.0,1.0,3.0,2.0,12.0,8.0,3.0,2.0,2.0,Republican,Female,Some college,60+,2.0
Causal evidence,2.0,90.0,1.0,1.0,2.0,1.0,3.0,1.0,7.0,7.0,2.0,2.0,2.0,Independent,Female,No degree,18-29,2.0
Control (unrelated text),4.0,70.0,3.0,4.0,1.0,4.0,3.0,4.0,12.0,10.0,4.0,4.0,3.0,Republican,Female,No degree,45-59,3.0
Causal evidence,2.0,75.0,1.0,1.0,3.0,1.0,2.0,2.0,8.0,7.0,2.0,2.0,1.0,Republican,Female,Some college,18-29,2.0
Causal evidence,2.0,80.0,2.0,1.0,1.0,1.0,2.0,3.0,9.0,10.0,4.0,2.0,2.0,Republican,Female,Some college,30-44,2.0
Control (unrelated text),3.0,78.0,2.0,3.0,3.0,3.0,3.0,3.0,8.0,7.0,2.0,2.0,2.0,Republican,Male,BA+,45-59,3.0
Control (unrelated text),1.0,72.0,2.0,2.0,1.0,2.0,2.0,2.0,9.0,7.0,2.0,1.0,2.0,Republican,Female,BA+,45-59,3.0
Causal evidence,4.0,1.0,3.0,4.0,1.0,4.0,3.0,5.0,12.0,10.0,4.0,4.0,3.0,Republican,Male,No degree,30-44,2.0
Control (unrelated text),2.0,61.0,2.0,2.0,2.0,2.0,2.0,1.0,8.0,7.0,1.0,2.0,2.0,Republican,Female,BA+,18-29,3.0
Control (unrelated text),4.0,60.0,3.0,3.0,1.0,4.0,2.0,5.0,12.0,10.0,4.0,4.0,3.0,Republican,Male,BA+,30-44,3.0
Control (unrelated text),2.0,85.0,2.0,2.0,2.0,2.0,2.0,3.0,11.0,9.0,4.0,3.0,2.0,Republican,Female,No degree,30-44,3.0
Scientific consensus,3.0,97.0,3.0,3.0,1.0,3.0,1.0,3.0,12.0,10.0,3.0,3.0,3.0,Republican,Male,No degree,60+,1.0
Scientific consensus,2.0,97.0,1.0,2.0,2.0,3.0,2.0,1.0,9.0,7.0,2.0,2.0,2.0,Republican,Female,No degree,18-29,2.0
Control (unrelated text),2.0,65.0,1.0,1.0,2.0,1.0,1.0,2.0,7.0,5.0,2.0,2.0,1.0,Republican,Female,No degree,18-29,3.0
Scientific consensus,1.0,59.0,1.0,1.0,1.0,2.0,2.0,3.0,10.0,7.0,3.0,1.0,1.0,Republican,Male,BA+,30-44,2.0
Scientific consensus,3.0,73.0,1.0,2.0,3.0,2.0,2.0,2.0,11.0,10.0,3.0,2.0,1.0,Republican,Female,BA+,45-59,2.0
Scientific consensus,2.0,91.0,2.0,2.0,2.0,2.0,2.0,3.0,11.0,9.0,3.0,3.0,2.0,Republican,Female,No degree,60+,1.0
Causal evidence,1.0,92.0,1.0,1.0,2.0,1.0,1.0,1.0,7.0,5.0,1.0,1.0,1.0,Republican,Male,Some college,30-44,2.0
Scientific consensus,4.0,29.0,2.0,4.0,2.0,4.0,2.0,5.0,12.0,10.0,4.0,4.0,3.0,Republican,Female,BA+,60+,1.0
Scientific consensus,2.0,90.0,2.0,2.0,2.0,1.0,1.0,3.0,11.0,8.0,2.0,2.0,2.0,Republican,Male,BA+,30-44,1.0
Scientific consensus,1.0,93.0,1.0,1.0,2.0,1.0,2.0,1.0,7.0,5.0,2.0,1.0,2.0,Republican,Female,BA+,45-59,2.0
Causal evidence,4.0,0.0,3.0,3.0,1.0,4.0,1.0,5.0,12.0,10.0,4.0,4.0,3.0,Republican,Male,No degree,45-59,2.0
Causal evidence,3.0,65.0,2.0,2.0,1.0,2.0,1.0,3.0,12.0,10.0,3.0,3.0,2.0,Republican,Female,No degree,18-29,2.0
Control (unrelated text),1.0,82.0,1.0,1.0,3.0,1.0,2.0,1.0,7.0,5.0,1.0,1.0,1.0,Republican,Female,BA+,18-29,3.0
Scientific consensus,4.0,70.0,3.0,3.0,1.0,2.0,1.0,5.0,12.0,10.0,4.0,3.0,3.0,Republican,Male,BA+,30-44,1.0
Causal evidence,2.0,65.0,2.0,2.0,2.0,2.0,2.0,3.0,7.0,8.0,2.0,3.0,2.0,Republican,Female,No degree,30-44,2.0
Causal evidence,3.0,45.0,2.0,3.0,1.0,2.0,3.0,3.0,12.0,10.0,4.0,3.0,2.0,Republican,Female,BA+,45-59,2.0
Control (unrelated text),2.0,63.0,3.0,3.0,3.0,3.0,1.0,5.0,12.0,10.0,4.0,3.0,3.0,Republican,Female,BA+,30-44,3.0
Control (unrelated text),3.0,75.0,3.0,2.0,1.0,2.0,1.0,4.0,12.0,10.0,4.0,3.0,3.0,Republican,Male,BA+,30-44,3.0
Causal evidence,3.0,81.0,3.0,3.0,2.0,3.0,3.0,4.0,11.0,9.0,4.0,3.0,3.0,Republican,Female,BA+,18-29,2.0
Control (unrelated text),2.0,70.0,2.0,2.0,2.0,2.0,2.0,3.0,10.0,7.0,3.0,2.0,2.0,Republican,Female,BA+,45-59,3.0
Scientific consensus,4.0,97.0,3.0,3.0,2.0,3.0,2.0,5.0,12.0,10.0,4.0,4.0,3.0,Republican,Female,Some college,60+,1.0
Control (unrelated text),3.0,50.0,3.0,3.0,1.0,3.0,1.0,4.0,12.0,10.0,2.0,3.0,3.0,Republican,Female,BA+,30-44,3.0
Scientific consensus,2.0,97.0,1.0,2.0,2.0,2.0,2.0,3.0,12.0,9.0,3.0,2.0,2.0,Republican,Male,BA+,18-29,1.0
Scientific consensus,1.0,92.0,1.0,1.0,1.0,1.0,1.0,1.0,6.0,7.0,2.0,1.0,1.0,Republican,Female,BA+,30-44,2.0
Control (unrelated text),3.0,70.0,3.0,3.0,1.0,3.0,2.0,4.0,12.0,9.0,3.0,2.0,3.0,Republican,Male,BA+,30-44,3.0
Control (unrelated text),2.0,85.0,2.0,2.0,1.0,2.0,2.0,3.0,8.0,8.0,2.0,2.0,2.0,Republican,Female,No degree,30-44,3.0
Causal evidence,2.0,73.0,1.0,1.0,3.0,1.0,2.0,1.0,7.0,5.0,1.0,3.0,1.0,Republican,Male,Some college,30-44,2.0
Causal evidence,2.0,90.0,1.0,2.0,2.0,2.0,3.0,2.0,10.0,4.0,2.0,2.0,2.0,Republican,Male,BA+,45-59,2.0
Causal evidence,3.0,76.0,1.0,2.0,3.0,2.0,2.0,2.0,8.0,7.0,2.0,3.0,2.0,Republican,Female,Some college,30-44,2.0
Control (unrelated text),3.0,50.0,3.0,2.0,2.0,2.0,2.0,2.0,9.0,7.0,2.0,3.0,3.0,Republican,Female,No degree,30-44,3.0
Causal evidence,2.0,71.0,1.0,2.0,3.0,2.0,3.0,2.0,9.0,7.0,2.0,2.0,1.0,Republican,Male,No degree,30-44,2.0
Control (unrelated text),3.0,93.0,2.0,3.0,1.0,2.0,1.0,3.0,12.0,9.0,3.0,3.0,2.0,Republican,Female,BA+,30-44,3.0
Causal evidence,2.0,76.0,2.0,2.0,2.0,2.0,2.0,4.0,12.0,10.0,4.0,3.0,2.0,Republican,Female,BA+,60+,2.0
Scientific consensus,1.0,97.0,1.0,1.0,2.0,1.0,2.0,1.0,6.0,6.0,2.0,1.0,1.0,Republican,Female,No degree,18-29,1.0
Control (unrelated text),2.0,54.0,2.0,2.0,2.0,2.0,2.0,4.0,9.0,7.0,2.0,2.0,2.0,Republican,Female,No degree,18-29,3.0
Control (unrelated text),3.0,70.0,1.0,1.0,2.0,1.0,2.0,1.0,6.0,4.0,2.0,3.0,1.0,Republican,Male,No degree,30-44,3.0
Scientific consensus,1.0,97.0,1.0,1.0,1.0,1.0,1.0,1.0,7.0,5.0,2.0,1.0,2.0,Republican,Female,No degree,30-44,1.0
Causal evidence,3.0,77.0,2.0,2.0,2.0,2.0,2.0,3.0,9.0,7.0,2.0,3.0,2.0,Republican,Female,BA+,18-29,2.0
Control (unrelated text),2.0,85.0,1.0,1.0,2.0,2.0,2.0,2.0,9.0,7.0,2.0,2.0,1.0,Republican,Female,BA+,18-29,2.0
Scientific consensus,2.0,97.0,2.0,2.0,3.0,1.0,2.0,3.0,12.0,9.0,2.0,2.0,2.0,Republican,Female,Some college,30-44,1.0
Scientific consensus,2.0,72.0,2.0,2.0,3.0,2.0,1.0,2.0,11.0,8.0,2.0,4.0,2.0,Republican,Female,Some college,18-29,1.0
Scientific consensus,2.0,97.0,2.0,2.0,1.0,1.0,1.0,3.0,10.0,8.0,3.0,2.0,3.0,Republican,Male,Some college,30-44,1.0
Control (unrelated text),2.0,99.0,2.0,2.0,2.0,1.0,1.0,4.0,10.0,9.0,2.0,2.0,2.0,Republican,Male,Some college,30-44,3.0
Scientific consensus,2.0,73.0,2.0,2.0,2.0,2.0,2.0,2.0,12.0,9.0,2.0,2.0,2.0,Republican,Male,BA+,30-44,1.0
Causal evidence,2.0,64.0,1.0,2.0,2.0,1.0,2.0,3.0,8.0,7.0,2.0,2.0,1.0,Republican,Female,BA+,18-29,2.0
Control (unrelated text),2.0,71.0,1.0,1.0,2.0,2.0,2.0,1.0,6.0,4.0,2.0,2.0,1.0,Republican,Female,BA+,45-59,3.0
Control (unrelated text),2.0,83.0,2.0,2.0,2.0,2.0,2.0,3.0,9.0,7.0,2.0,2.0,2.0,Republican,Female,Some college,45-59,3.0
Causal evidence,1.0,81.0,2.0,1.0,2.0,1.0,2.0,1.0,7.0,8.0,2.0,2.0,2.0,Republican,Female,BA+,45-59,2.0
Scientific consensus,2.0,80.0,2.0,1.0,1.0,1.0,1.0,2.0,8.0,8.0,2.0,2.0,2.0,Republican,Female,No degree,45-59,1.0
Control (unrelated text),2.0,64.0,2.0,2.0,2.0,2.0,2.0,2.0,8.0,7.0,2.0,2.0,2.0,Republican,Female,BA+,18-29,3.0
Causal evidence,4.0,85.0,3.0,4.0,3.0,3.0,3.0,5.0,12.0,10.0,4.0,4.0,3.0,Republican,Male,Some college,45-59,2.0
Control (unrelated text),2.0,,2.0,2.0,2.0,2.0,2.0,3.0,8.0,10.0,2.0,2.0,2.0,Republican,Female,No degree,18-29,3.0
Causal evidence,4.0,69.0,3.0,4.0,1.0,4.0,1.0,5.0,12.0,10.0,4.0,4.0,3.0,Republican,Female,BA+,30-44,2.0
Control (unrelated text),3.0,76.0,2.0,2.0,2.0,2.0,2.0,5.0,12.0,10.0,4.0,3.0,2.0,Republican,Female,BA+,30-44,3.0
Control (unrelated text),2.0,51.0,2.0,2.0,2.0,2.0,2.0,1.0,8.0,6.0,2.0,1.0,2.0,Republican,Female,No degree,60+,3.0
Scientific consensus,2.0,97.0,1.0,1.0,3.0,1.0,3.0,1.0,8.0,9.0,2.0,2.0,1.0,Republican,Male,BA+,18-29,1.0
Causal evidence,2.0,71.0,1.0,2.0,1.0,2.0,2.0,3.0,9.0,9.0,2.0,3.0,2.0,Republican,Male,No degree,45-59,2.0
Scientific consensus,4.0,95.0,2.0,2.0,1.0,2.0,2.0,5.0,12.0,10.0,4.0,4.0,2.0,Republican,Female,Some college,30-44,1.0
Control (unrelated text),1.0,94.0,1.0,1.0,2.0,1.0,1.0,2.0,8.0,7.0,2.0,1.0,1.0,Republican,Male,BA+,30-44,3.0
Scientific consensus,2.0,97.0,1.0,1.0,2.0,2.0,3.0,2.0,7.0,7.0,2.0,2.0,1.0,Republican,Female,BA+,18-29,1.0
Scientific consensus,2.0,62.0,2.0,3.0,2.0,3.0,3.0,3.0,12.0,10.0,3.0,2.0,2.0,Republican,Male,BA+,30-44,1.0
Scientific consensus,3.0,87.0,1.0,2.0,2.0,2.0,2.0,2.0,7.0,6.0,1.0,2.0,2.0,Republican,Male,BA+,30-44,2.0
Causal evidence,3.0,54.0,2.0,2.0,2.0,1.0,1.0,2.0,9.0,6.0,2.0,2.0,1.0,Republican,Female,No degree,30-44,2.0
Causal evidence,2.0,85.0,1.0,2.0,3.0,1.0,3.0,3.0,11.0,9.0,4.0,2.0,1.0,Republican,Male,BA+,30-44,2.0
Scientific consensus,1.0,97.0,1.0,1.0,2.0,1.0,2.0,1.0,6.0,4.0,1.0,1.0,1.0,Democrat,Male,No degree,18-29,2.0
Causal evidence,1.0,86.0,1.0,1.0,3.0,2.0,3.0,1.0,7.0,6.0,1.0,1.0,2.0,Republican,Male,No degree,18-29,2.0
Scientific consensus,2.0,37.0,3.0,2.0,1.0,2.0,2.0,3.0,8.0,7.0,2.0,2.0,3.0,Republican,Male,No degree,30-44,
Control (unrelated text),1.0,68.0,2.0,2.0,3.0,1.0,1.0,1.0,6.0,7.0,1.0,1.0,2.0,Republican,Male,No degree,30-44,3.0
Causal evidence,2.0,84.0,2.0,2.0,2.0,2.0,2.0,2.0,8.0,6.0,2.0,3.0,2.0,Republican,Female,Some college,45-59,2.0
Causal evidence,3.0,39.0,1.0,3.0,1.0,2.0,2.0,4.0,12.0,10.0,3.0,3.0,3.0,Republican,Male,BA+,30-44,2.0
Scientific consensus,4.0,97.0,2.0,2.0,2.0,2.0,2.0,5.0,12.0,10.0,4.0,4.0,2.0,Republican,Male,BA+,18-29,2.0
Causal evidence,2.0,70.0,2.0,2.0,2.0,2.0,3.0,3.0,11.0,9.0,2.0,2.0,2.0,Republican,Female,No degree,45-59,2.0
Scientific consensus,3.0,97.0,1.0,1.0,2.0,1.0,3.0,1.0,6.0,5.0,2.0,3.0,2.0,Republican,Female,BA+,45-59,1.0
Control (unrelated text),2.0,56.0,2.0,2.0,2.0,2.0,2.0,3.0,8.0,8.0,3.0,2.0,1.0,Republican,Female,BA+,30-44,3.0
Causal evidence,2.0,80.0,1.0,2.0,3.0,1.0,3.0,2.0,9.0,8.0,2.0,2.0,1.0,Republican,Female,BA+,30-44,2.0
Scientific consensus,1.0,97.0,1.0,2.0,3.0,1.0,3.0,1.0,10.0,4.0,2.0,2.0,1.0,Republican,Female,No degree,45-59,1.0
Scientific consensus,2.0,97.0,2.0,2.0,2.0,2.0,1.0,3.0,11.0,9.0,3.0,2.0,2.0,Republican,Male,BA+,30-44,1.0
Scientific consensus,1.0,92.0,1.0,1.0,2.0,1.0,2.0,1.0,9.0,5.0,1.0,1.0,1.0,Independent,Male,BA+,30-44,2.0
Scientific consensus,4.0,97.0,3.0,4.0,1.0,2.0,2.0,3.0,12.0,10.0,2.0,4.0,3.0,Republican,Male,BA+,30-44,1.0
Control (unrelated text),2.0,71.0,2.0,2.0,2.0,2.0,2.0,2.0,12.0,9.0,2.0,2.0,2.0,Republican,Female,Some college,30-44,3.0
Control (unrelated text),3.0,55.0,1.0,1.0,3.0,1.0,3.0,1.0,7.0,7.0,1.0,3.0,1.0,Republican,Female,BA+,30-44,3.0
Causal evidence,3.0,81.0,1.0,2.0,2.0,2.0,2.0,4.0,12.0,10.0,4.0,3.0,1.0,Republican,Female,BA+,30-44,2.0
Causal evidence,2.0,70.0,1.0,2.0,2.0,1.0,2.0,2.0,10.0,6.0,2.0,2.0,2.0,Republican,Male,BA+,30-44,2.0
Causal evidence,2.0,75.0,1.0,1.0,3.0,2.0,3.0,2.0,9.0,6.0,2.0,2.0,1.0,Independent,Female,BA+,45-59,2.0
Causal evidence,2.0,71.0,2.0,2.0,2.0,2.0,2.0,4.0,9.0,7.0,2.0,2.0,2.0,Republican,Female,BA+,60+,2.0
Control (unrelated text),4.0,100.0,3.0,3.0,1.0,3.0,1.0,2.0,12.0,10.0,4.0,4.0,3.0,Republican,Female,Some college,45-59,3.0
Causal evidence,2.0,55.0,2.0,2.0,2.0,2.0,2.0,4.0,11.0,8.0,3.0,3.0,3.0,Republican,Female,No degree,60+,2.0
Control (unrelated text),2.0,42.0,2.0,2.0,1.0,3.0,2.0,3.0,9.0,8.0,2.0,2.0,2.0,Republican,Male,No degree,30-44,3.0
Causal evidence,2.0,90.0,1.0,2.0,2.0,2.0,2.0,2.0,10.0,6.0,2.0,2.0,1.0,Republican,Male,BA+,30-44,2.0
Control (unrelated text),2.0,71.0,2.0,2.0,2.0,2.0,2.0,3.0,9.0,7.0,3.0,2.0,1.0,Republican,Female,BA+,30-44,3.0
Control (unrelated text),4.0,3.0,3.0,4.0,1.0,4.0,1.0,5.0,12.0,10.0,4.0,4.0,3.0,Republican,Female,BA+,60+,3.0
Scientific consensus,2.0,97.0,1.0,1.0,1.0,1.0,1.0,2.0,11.0,5.0,2.0,2.0,2.0,Republican,Female,BA+,18-29,1.0
Scientific consensus,1.0,97.0,1.0,1.0,4.0,1.0,3.0,1.0,8.0,4.0,1.0,1.0,1.0,Republican,Male,BA+,30-44,1.0
Control (unrelated text),2.0,97.0,1.0,1.0,2.0,1.0,2.0,2.0,9.0,6.0,2.0,2.0,1.0,Republican,Male,BA+,45-59,3.0
Control (unrelated text),3.0,60.0,3.0,2.0,1.0,3.0,2.0,4.0,12.0,10.0,3.0,3.0,2.0,Republican,Female,BA+,45-59,3.0
Causal evidence,1.0,82.0,1.0,1.0,3.0,1.0,3.0,2.0,8.0,7.0,3.0,2.0,2.0,Republican,Male,No degree,45-59,2.0
Control (unrelated text),2.0,61.0,3.0,2.0,2.0,3.0,2.0,3.0,11.0,9.0,3.0,2.0,3.0,Republican,Male,BA+,30-44,3.0
Scientific consensus,4.0,97.0,3.0,4.0,1.0,4.0,1.0,5.0,12.0,10.0,4.0,4.0,3.0,Republican,Male,BA+,45-59,1.0
Scientific consensus,2.0,97.0,2.0,2.0,1.0,3.0,1.0,3.0,12.0,10.0,4.0,2.0,2.0,Republican,Female,BA+,30-44,1.0
Scientific consensus,2.0,90.0,1.0,1.0,3.0,1.0,3.0,1.0,7.0,5.0,2.0,2.0,1.0,Republican,Male,BA+,18-29,2.0
Control (unrelated text),1.0,82.0,1.0,1.0,2.0,1.0,1.0,1.0,8.0,6.0,2.0,1.0,1.0,Republican,Male,BA+,30-44,3.0
Scientific consensus,3.0,97.0,2.0,2.0,2.0,1.0,1.0,3.0,12.0,10.0,4.0,3.0,2.0,Republican,Male,No degree,30-44,1.0
Control (unrelated text),3.0,69.0,2.0,3.0,2.0,4.0,4.0,1.0,12.0,10.0,4.0,3.0,2.0,Republican,Female,No degree,30-44,3.0
Control (unrelated text),2.0,78.0,2.0,1.0,1.0,2.0,2.0,2.0,9.0,7.0,2.0,2.0,2.0,Republican,Female,No degree,30-44,3.0
Scientific consensus,2.0,97.0,2.0,2.0,2.0,2.0,3.0,2.0,7.0,6.0,2.0,2.0,2.0,Republican,Female,BA+,30-44,1.0
Causal evidence,3.0,87.0,1.0,2.0,2.0,2.0,2.0,4.0,12.0,10.0,3.0,3.0,2.0,Republican,Male,No degree,60+,2.0
Control (unrelated text),2.0,85.0,2.0,2.0,3.0,2.0,2.0,1.0,6.0,4.0,2.0,2.0,2.0,Democrat,Male,BA+,18-29,3.0
Scientific consensus,3.0,90.0,2.0,2.0,2.0,2.0,1.0,3.0,11.0,9.0,3.0,3.0,2.0,Republican,Male,BA+,30-44,1.0
Causal evidence,1.0,72.0,1.0,1.0,1.0,1.0,2.0,1.0,8.0,6.0,1.0,2.0,2.0,Republican,Male,BA+,30-44,2.0
Causal evidence,2.0,81.0,1.0,1.0,2.0,1.0,1.0,2.0,10.0,6.0,2.0,2.0,2.0,Republican,Female,No degree,30-44,2.0
Causal evidence,4.0,30.0,3.0,4.0,1.0,4.0,2.0,5.0,12.0,10.0,4.0,4.0,3.0,Independent,Female,No degree,30-44,2.0
Control (unrelated text),2.0,59.0,2.0,2.0,2.0,2.0,2.0,2.0,9.0,6.0,2.0,2.0,2.0,Republican,Male,BA+,60+,3.0
Scientific consensus,2.0,69.0,2.0,3.0,2.0,3.0,3.0,2.0,8.0,6.0,3.0,2.0,2.0,Republican,Male,BA+,30-44,2.0
Control (unrelated text),3.0,50.0,3.0,3.0,1.0,3.0,1.0,5.0,12.0,9.0,4.0,3.0,3.0,Republican,Male,Some college,30-44,3.0
Causal evidence,2.0,91.0,1.0,1.0,3.0,1.0,3.0,1.0,9.0,7.0,1.0,2.0,1.0,Republican,Female,No degree,45-59,2.0
Causal evidence,2.0,73.0,3.0,3.0,1.0,2.0,2.0,3.0,9.0,8.0,3.0,2.0,3.0,Republican,Male,BA+,30-44,2.0
Scientific consensus,3.0,90.0,2.0,2.0,2.0,2.0,2.0,3.0,10.0,9.0,3.0,3.0,2.0,Republican,Female,No degree,60+,1.0
Scientific consensus,2.0,97.0,2.0,1.0,2.0,1.0,2.0,2.0,8.0,9.0,2.0,2.0,2.0,Republican,Male,BA+,30-44,1.0
Scientific consensus,4.0,97.0,3.0,3.0,2.0,1.0,3.0,5.0,12.0,10.0,4.0,4.0,3.0,Republican,Female,Some college,45-59,1.0
Causal evidence,2.0,70.0,1.0,1.0,3.0,2.0,3.0,2.0,7.0,6.0,1.0,2.0,1.0,Republican,Female,No degree,18-29,2.0
Causal evidence,3.0,81.0,2.0,2.0,2.0,2.0,1.0,3.0,9.0,10.0,2.0,3.0,2.0,Republican,Male,Some college,30-44,2.0
Control (unrelated text),3.0,92.0,2.0,3.0,1.0,3.0,2.0,3.0,10.0,7.0,3.0,3.0,2.0,Independent,Male,BA+,30-44,3.0
Causal evidence,1.0,88.0,1.0,2.0,3.0,2.0,3.0,2.0,9.0,5.0,2.0,2.0,2.0,Republican,Male,BA+,18-29,2.0
Scientific consensus,1.0,83.0,2.0,3.0,2.0,2.0,2.0,1.0,6.0,10.0,3.0,2.0,2.0,Republican,Male,No degree,30-44,2.0
Control (unrelated text),2.0,90.0,2.0,2.0,2.0,2.0,2.0,5.0,10.0,9.0,3.0,2.0,2.0,Republican,Male,BA+,30-44,3.0
Scientific consensus,3.0,80.0,2.0,2.0,2.0,2.0,1.0,3.0,12.0,10.0,3.0,4.0,2.0,Republican,Female,BA+,18-29,2.0
Causal evidence,3.0,99.0,2.0,3.0,3.0,3.0,4.0,3.0,9.0,7.0,2.0,3.0,2.0,Independent,Female,BA+,30-44,2.0
Causal evidence,2.0,76.0,1.0,1.0,3.0,1.0,3.0,2.0,8.0,7.0,2.0,2.0,2.0,Independent,Female,No degree,45-59,2.0
Causal evidence,2.0,99.0,2.0,1.0,1.0,2.0,1.0,1.0,7.0,5.0,2.0,2.0,3.0,Republican,Female,BA+,60+,2.0
Scientific consensus,3.0,80.0,3.0,2.0,1.0,2.0,1.0,3.0,10.0,7.0,3.0,3.0,3.0,Republican,Male,No degree,30-44,1.0
Control (unrelated text),4.0,0.0,2.0,3.0,1.0,3.0,1.0,4.0,9.0,9.0,4.0,4.0,2.0,Republican,Female,Some college,30-44,3.0
Control (unrelated text),3.0,90.0,3.0,4.0,1.0,3.0,1.0,3.0,12.0,10.0,4.0,4.0,3.0,Republican,Female,BA+,60+,3.0
Control (unrelated text),2.0,92.0,2.0,1.0,2.0,2.0,2.0,2.0,9.0,7.0,2.0,2.0,2.0,Republican,Female,No degree,30-44,3.0
Control (unrelated text),1.0,96.0,1.0,1.0,3.0,1.0,3.0,1.0,6.0,5.0,1.0,1.0,1.0,Democrat,Male,BA+,30-44,3.0
Scientific consensus,1.0,80.0,1.0,1.0,3.0,1.0,2.0,1.0,6.0,4.0,1.0,1.0,1.0,Democrat,Female,BA+,30-44,1.0
Scientific consensus,3.0,51.0,1.0,2.0,2.0,2.0,2.0,3.0,9.0,7.0,2.0,2.0,1.0,Independent,Male,BA+,30-44,2.0
Causal evidence,1.0,70.0,2.0,2.0,2.0,2.0,2.0,2.0,10.0,6.0,2.0,2.0,2.0,Democrat,Female,Some college,30-44,2.0
Control (unrelated text),1.0,92.0,1.0,1.0,3.0,1.0,3.0,1.0,7.0,4.0,1.0,1.0,1.0,Democrat,Female,BA+,30-44,3.0
Causal evidence,1.0,98.0,1.0,1.0,1.0,1.0,1.0,1.0,6.0,4.0,1.0,1.0,1.0,Democrat,Male,BA+,18-29,2.0
Scientific consensus,1.0,98.0,1.0,1.0,2.0,1.0,3.0,1.0,6.0,4.0,1.0,1.0,1.0,Democrat,Male,BA+,18-29,1.0
Scientific consensus,1.0,97.0,1.0,1.0,2.0,1.0,3.0,1.0,6.0,4.0,1.0,1.0,1.0,Democrat,Male,BA+,18-29,1.0
Causal evidence,1.0,95.0,1.0,1.0,3.0,1.0,3.0,1.0,7.0,4.0,2.0,1.0,1.0,Democrat,Female,BA+,30-44,2.0
Causal evidence,1.0,83.0,1.0,1.0,3.0,1.0,3.0,1.0,9.0,7.0,1.0,1.0,1.0,Independent,Male,BA+,30-44,1.0
Scientific consensus,2.0,75.0,3.0,2.0,1.0,2.0,1.0,3.0,12.0,7.0,3.0,2.0,3.0,Republican,Male,BA+,30-44,1.0
Causal evidence,1.0,99.0,1.0,1.0,3.0,1.0,1.0,1.0,6.0,4.0,2.0,1.0,1.0,Democrat,Male,Some college,30-44,2.0
Control (unrelated text),1.0,94.0,1.0,1.0,2.0,1.0,2.0,1.0,7.0,5.0,1.0,1.0,1.0,Democrat,Male,BA+,30-44,3.0
Control (unrelated text),1.0,97.0,1.0,1.0,4.0,1.0,4.0,1.0,6.0,4.0,1.0,1.0,1.0,Democrat,Female,Some college,60+,3.0
Control (unrelated text),2.0,99.0,1.0,1.0,3.0,1.0,2.0,3.0,9.0,7.0,2.0,2.0,1.0,Independent,Male,BA+,30-44,3.0
Control (unrelated text),4.0,10.0,3.0,3.0,1.0,3.0,1.0,5.0,12.0,10.0,4.0,3.0,3.0,Republican,Male,No degree,18-29,3.0
Causal evidence,2.0,90.0,1.0,1.0,2.0,2.0,2.0,1.0,9.0,6.0,2.0,2.0,1.0,Independent,Female,BA+,30-44,2.0
Scientific consensus,1.0,97.0,1.0,1.0,4.0,1.0,4.0,1.0,6.0,4.0,1.0,1.0,1.0,Democrat,Male,BA+,30-44,2.0
Scientific consensus,1.0,97.0,1.0,1.0,3.0,1.0,3.0,1.0,7.0,4.0,1.0,1.0,1.0,Democrat,Male,Some college,60+,1.0
Control (unrelated text),1.0,86.0,1.0,1.0,3.0,1.0,3.0,1.0,6.0,4.0,1.0,1.0,1.0,Democrat,Male,No degree,18-29,3.0
Causal evidence,2.0,85.0,1.0,1.0,3.0,1.0,3.0,1.0,6.0,4.0,1.0,2.0,1.0,Democrat,Male,No degree,30-44,2.0
Scientific consensus,3.0,65.0,1.0,1.0,1.0,2.0,3.0,2.0,9.0,6.0,4.0,1.0,2.0,Independent,Male,BA+,18-29,3.0
Scientific consensus,1.0,97.0,1.0,1.0,2.0,1.0,3.0,1.0,9.0,7.0,2.0,2.0,1.0,Independent,Male,No degree,18-29,1.0
Control (unrelated text),2.0,81.0,1.0,1.0,2.0,1.0,2.0,1.0,7.0,4.0,1.0,2.0,1.0,Democrat,Female,No degree,45-59,3.0
Scientific consensus,1.0,76.0,1.0,1.0,2.0,1.0,2.0,1.0,6.0,4.0,1.0,1.0,1.0,Democrat,Female,BA+,30-44,2.0
Control (unrelated text),2.0,85.0,2.0,1.0,1.0,1.0,1.0,2.0,8.0,6.0,1.0,2.0,2.0,Independent,Female,No degree,18-29,3.0
Causal evidence,2.0,51.0,2.0,1.0,1.0,1.0,2.0,3.0,7.0,6.0,2.0,2.0,2.0,Democrat,Male,No degree,30-44,2.0
Scientific consensus,2.0,97.0,1.0,2.0,2.0,2.0,2.0,2.0,8.0,7.0,2.0,2.0,1.0,Independent,Male,Some college,30-44,1.0
Causal evidence,2.0,70.0,2.0,1.0,2.0,1.0,2.0,1.0,8.0,7.0,2.0,2.0,2.0,Democrat,Male,BA+,18-29,2.0
Causal evidence,2.0,73.0,2.0,2.0,2.0,2.0,2.0,5.0,12.0,10.0,4.0,2.0,2.0,Republican,Male,BA+,30-44,2.0
Scientific consensus,1.0,82.0,1.0,1.0,3.0,1.0,3.0,1.0,6.0,4.0,2.0,1.0,1.0,Democrat,Female,BA+,30-44,1.0
Causal evidence,2.0,63.0,1.0,2.0,3.0,2.0,3.0,3.0,12.0,9.0,3.0,2.0,1.0,Republican,Female,No degree,30-44,2.0
Scientific consensus,2.0,97.0,1.0,1.0,2.0,1.0,2.0,1.0,8.0,6.0,2.0,2.0,1.0,Democrat,Female,Some college,18-29,1.0
Scientific consensus,1.0,97.0,1.0,1.0,2.0,1.0,1.0,1.0,7.0,4.0,1.0,1.0,1.0,Democrat,Male,BA+,60+,2.0
Causal evidence,1.0,93.0,1.0,1.0,3.0,1.0,3.0,2.0,7.0,5.0,1.0,1.0,1.0,Democrat,Male,BA+,18-29,2.0
Control (unrelated text),1.0,95.0,1.0,1.0,2.0,1.0,2.0,1.0,9.0,4.0,1.0,1.0,1.0,Democrat,Male,No degree,60+,3.0
Scientific consensus,1.0,97.0,1.0,1.0,3.0,1.0,3.0,1.0,6.0,4.0,1.0,1.0,1.0,Democrat,Male,No degree,18-29,1.0
Control (unrelated text),1.0,96.0,1.0,1.0,3.0,1.0,3.0,1.0,6.0,4.0,2.0,1.0,1.0,Democrat,Male,BA+,30-44,3.0
Scientific consensus,2.0,97.0,2.0,3.0,1.0,2.0,2.0,4.0,12.0,10.0,4.0,2.0,2.0,Republican,Female,BA+,45-59,1.0
Scientific consensus,1.0,98.0,1.0,1.0,3.0,1.0,3.0,1.0,7.0,5.0,1.0,1.0,1.0,Democrat,Male,No degree,30-44,1.0
Causal evidence,2.0,77.0,1.0,2.0,2.0,1.0,3.0,2.0,8.0,7.0,2.0,2.0,1.0,Republican,Female,BA+,45-59,2.0
Control (unrelated text),1.0,83.0,1.0,1.0,3.0,1.0,3.0,2.0,8.0,5.0,2.0,2.0,1.0,Republican,Male,BA+,18-29,3.0
Causal evidence,1.0,92.0,1.0,1.0,2.0,2.0,2.0,1.0,6.0,4.0,2.0,1.0,1.0,Democrat,Male,No degree,60+,2.0
Control (unrelated text),2.0,95.0,2.0,2.0,2.0,1.0,2.0,3.0,12.0,7.0,3.0,2.0,2.0,Republican,Male,BA+,,3.0
Control (unrelated text),1.0,97.0,1.0,1.0,3.0,1.0,3.0,1.0,7.0,4.0,2.0,1.0,1.0,Democrat,Female,BA+,45-59,3.0
Causal evidence,1.0,90.0,1.0,1.0,3.0,1.0,3.0,1.0,6.0,4.0,1.0,1.0,1.0,Democrat,Male,BA+,30-44,2.0
Scientific consensus,1.0,90.0,1.0,2.0,2.0,2.0,2.0,1.0,7.0,5.0,1.0,1.0,1.0,Democrat,Female,BA+,30-44,1.0
Causal evidence,1.0,96.0,1.0,1.0,3.0,1.0,3.0,3.0,11.0,5.0,2.0,1.0,1.0,Republican,Male,BA+,30-44,1.0
Causal evidence,1.0,99.0,1.0,1.0,3.0,1.0,3.0,1.0,7.0,4.0,1.0,1.0,1.0,Independent,Male,BA+,45-59,2.0
Causal evidence,1.0,95.0,1.0,1.0,3.0,1.0,3.0,1.0,7.0,4.0,2.0,1.0,1.0,Democrat,Female,BA+,30-44,2.0
Scientific consensus,4.0,40.0,3.0,3.0,1.0,3.0,2.0,5.0,12.0,10.0,4.0,4.0,3.0,Republican,Male,BA+,45-59,1.0
Control (unrelated text),2.0,81.0,1.0,1.0,3.0,1.0,3.0,2.0,7.0,5.0,2.0,2.0,1.0,Democrat,Male,BA+,30-44,3.0
Causal evidence,2.0,72.0,2.0,1.0,1.0,2.0,2.0,1.0,6.0,4.0,1.0,1.0,2.0,Democrat,Male,BA+,18-29,2.0
Scientific consensus,1.0,97.0,1.0,1.0,3.0,1.0,4.0,1.0,8.0,4.0,1.0,1.0,1.0,Democrat,Female,BA+,30-44,1.0
Scientific consensus,2.0,97.0,1.0,2.0,2.0,1.0,1.0,2.0,10.0,8.0,2.0,2.0,2.0,Independent,Female,BA+,30-44,1.0
Scientific consensus,1.0,75.0,1.0,1.0,2.0,1.0,2.0,1.0,12.0,9.0,2.0,1.0,1.0,Republican,Male,No degree,18-29,2.0
Causal evidence,1.0,90.0,1.0,1.0,3.0,1.0,4.0,1.0,7.0,4.0,2.0,1.0,1.0,Democrat,Male,No degree,30-44,2.0
Causal evidence,3.0,90.0,3.0,3.0,1.0,3.0,1.0,3.0,12.0,10.0,3.0,3.0,3.0,Independent,Male,Some college,45-59,2.0
Causal evidence,1.0,100.0,1.0,1.0,4.0,1.0,4.0,1.0,6.0,4.0,1.0,1.0,1.0,Democrat,Female,BA+,30-44,2.0
Scientific consensus,2.0,97.0,1.0,1.0,2.0,1.0,2.0,1.0,6.0,4.0,2.0,2.0,1.0,Independent,Female,BA+,45-59,1.0
Scientific consensus,1.0,97.0,1.0,1.0,2.0,1.0,3.0,1.0,7.0,4.0,1.0,1.0,1.0,Democrat,Male,BA+,45-59,1.0
Scientific consensus,1.0,87.0,1.0,1.0,1.0,1.0,2.0,1.0,6.0,4.0,1.0,1.0,1.0,Democrat,Female,BA+,30-44,1.0
Control (unrelated text),1.0,91.0,1.0,1.0,2.0,1.0,2.0,2.0,8.0,6.0,2.0,1.0,1.0,Democrat,Female,BA+,30-44,3.0
Control (unrelated text),1.0,92.0,1.0,1.0,2.0,1.0,3.0,1.0,7.0,4.0,1.0,1.0,1.0,Democrat,Male,No degree,60+,3.0
Control (unrelated text),1.0,95.0,1.0,1.0,2.0,1.0,2.0,1.0,6.0,5.0,2.0,1.0,1.0,Democrat,Male,BA+,30-44,3.0
Control (unrelated text),3.0,70.0,1.0,1.0,1.0,2.0,3.0,1.0,6.0,4.0,1.0,2.0,1.0,Independent,Female,No degree,45-59,3.0
Causal evidence,1.0,93.0,1.0,1.0,3.0,1.0,3.0,1.0,7.0,4.0,1.0,1.0,1.0,Democrat,Female,BA+,30-44,2.0
Control (unrelated text),1.0,99.0,1.0,1.0,2.0,1.0,2.0,1.0,6.0,4.0,1.0,1.0,1.0,Democrat,Male,BA+,30-44,3.0
Causal evidence,1.0,99.0,1.0,1.0,3.0,1.0,3.0,1.0,8.0,4.0,1.0,1.0,1.0,Democrat,Male,BA+,30-44,2.0
Control (unrelated text),1.0,90.0,1.0,1.0,3.0,1.0,2.0,1.0,8.0,4.0,1.0,1.0,1.0,Democrat,Male,BA+,45-59,3.0
Control (unrelated text),2.0,77.0,1.0,1.0,1.0,2.0,1.0,2.0,7.0,6.0,2.0,3.0,2.0,Republican,Female,BA+,30-44,3.0
Control (unrelated text),1.0,97.0,1.0,1.0,3.0,1.0,3.0,1.0,9.0,4.0,1.0,1.0,1.0,Independent,Male,No degree,30-44,3.0
Control (unrelated text),1.0,91.0,1.0,1.0,2.0,1.0,1.0,1.0,6.0,4.0,2.0,1.0,1.0,Democrat,Male,BA+,30-44,3.0
Causal evidence,1.0,100.0,1.0,1.0,3.0,1.0,3.0,1.0,6.0,4.0,1.0,1.0,1.0,Democrat,Female,No degree,60+,2.0
Causal evidence,2.0,20.0,1.0,2.0,2.0,2.0,2.0,2.0,8.0,6.0,2.0,3.0,2.0,Independent,Female,No degree,60+,2.0
Causal evidence,1.0,99.0,1.0,1.0,3.0,1.0,3.0,1.0,7.0,4.0,2.0,1.0,1.0,Democrat,Female,BA+,45-59,2.0
Causal evidence,1.0,86.0,1.0,1.0,1.0,1.0,1.0,1.0,6.0,4.0,1.0,1.0,1.0,Democrat,Female,No degree,45-59,2.0
Causal evidence,1.0,86.0,1.0,1.0,3.0,1.0,3.0,1.0,6.0,4.0,1.0,2.0,1.0,Democrat,Female,BA+,18-29,2.0
Causal evidence,1.0,99.0,1.0,1.0,3.0,1.0,3.0,1.0,6.0,4.0,1.0,1.0,1.0,Democrat,Male,BA+,30-44,2.0
Scientific consensus,1.0,97.0,1.0,1.0,2.0,1.0,2.0,1.0,7.0,4.0,2.0,1.0,1.0,Democrat,Male,No degree,30-44,1.0
Scientific consensus,1.0,97.0,1.0,1.0,3.0,1.0,2.0,1.0,7.0,4.0,1.0,1.0,1.0,Democrat,Male,Some college,18-29,2.0
Control (unrelated text),1.0,95.0,2.0,1.0,2.0,1.0,1.0,1.0,6.0,4.0,1.0,1.0,2.0,Democrat,Male,BA+,30-44,3.0
Control (unrelated text),2.0,83.0,1.0,1.0,2.0,1.0,2.0,1.0,7.0,5.0,2.0,2.0,1.0,Democrat,Female,No degree,30-44,3.0
Control (unrelated text),2.0,94.0,2.0,2.0,1.0,2.0,1.0,3.0,12.0,10.0,4.0,2.0,2.0,Republican,Male,No degree,60+,3.0
Control (unrelated text),2.0,90.0,2.0,2.0,2.0,2.0,2.0,3.0,11.0,9.0,3.0,2.0,2.0,Independent,Male,No degree,30-44,3.0
Scientific consensus,3.0,80.0,3.0,2.0,1.0,3.0,2.0,3.0,12.0,10.0,3.0,3.0,3.0,Democrat,Male,No degree,60+,1.0
Scientific consensus,3.0,97.0,3.0,3.0,1.0,3.0,1.0,3.0,12.0,10.0,4.0,3.0,3.0,Republican,Male,No degree,30-44,1.0
Control (unrelated text),1.0,90.0,1.0,1.0,2.0,1.0,2.0,1.0,7.0,4.0,1.0,1.0,1.0,Democrat,Male,BA+,30-44,3.0
Causal evidence,1.0,99.0,1.0,1.0,3.0,1.0,4.0,1.0,6.0,4.0,1.0,1.0,1.0,Democrat,Male,BA+,30-44,2.0
Scientific consensus,1.0,95.0,1.0,1.0,3.0,1.0,2.0,1.0,6.0,4.0,1.0,1.0,1.0,Democrat,Female,BA+,18-29,1.0
Control (unrelated text),1.0,95.0,1.0,1.0,3.0,1.0,2.0,1.0,6.0,4.0,1.0,1.0,1.0,Democrat,Female,No degree,30-44,3.0
Control (unrelated text),1.0,95.0,1.0,1.0,3.0,1.0,2.0,1.0,8.0,5.0,2.0,1.0,1.0,Democrat,Female,BA+,30-44,3.0
Control (unrelated text),1.0,90.0,1.0,1.0,3.0,1.0,3.0,1.0,7.0,5.0,2.0,1.0,1.0,Democrat,Male,No degree,30-44,3.0
Control (unrelated text),2.0,81.0,1.0,1.0,3.0,1.0,3.0,2.0,11.0,6.0,3.0,2.0,1.0,Independent,Male,BA+,45-59,3.0
Scientific consensus,3.0,97.0,1.0,2.0,1.0,2.0,1.0,3.0,12.0,9.0,3.0,3.0,2.0,Republican,Male,BA+,45-59,1.0
Control (unrelated text),1.0,91.0,2.0,1.0,1.0,1.0,3.0,1.0,6.0,4.0,1.0,1.0,2.0,Democrat,Female,No degree,45-59,3.0
Scientific consensus,2.0,97.0,1.0,1.0,3.0,1.0,2.0,1.0,10.0,5.0,2.0,2.0,1.0,Republican,Male,BA+,30-44,1.0
Causal evidence,1.0,80.0,1.0,1.0,3.0,1.0,4.0,2.0,7.0,4.0,2.0,1.0,1.0,Democrat,Male,No degree,30-44,2.0
Causal evidence,1.0,81.0,1.0,1.0,3.0,1.0,3.0,1.0,7.0,4.0,1.0,1.0,2.0,Democrat,Male,BA+,18-29,2.0
Causal evidence,1.0,85.0,1.0,1.0,3.0,1.0,4.0,2.0,7.0,5.0,2.0,1.0,1.0,Democrat,Female,Some college,45-59,2.0
Control (unrelated text),1.0,90.0,1.0,1.0,2.0,1.0,2.0,2.0,7.0,5.0,2.0,1.0,1.0,Independent,Male,BA+,30-44,3.0
Scientific consensus,1.0,97.0,1.0,1.0,3.0,1.0,3.0,1.0,6.0,7.0,1.0,1.0,1.0,Democrat,Female,No degree,30-44,1.0
Control (unrelated text),1.0,96.0,1.0,1.0,2.0,1.0,1.0,1.0,8.0,4.0,1.0,1.0,1.0,Democrat,Female,No degree,,3.0
Control (unrelated text),1.0,70.0,3.0,2.0,1.0,3.0,2.0,2.0,7.0,7.0,2.0,1.0,3.0,Democrat,Female,No degree,60+,3.0
Causal evidence,2.0,43.0,1.0,1.0,1.0,3.0,3.0,2.0,7.0,7.0,2.0,1.0,1.0,Democrat,Male,BA+,18-29,2.0
Scientific consensus,1.0,97.0,1.0,1.0,4.0,1.0,3.0,1.0,7.0,4.0,1.0,1.0,1.0,Democrat,Male,BA+,30-44,1.0
Causal evidence,2.0,51.0,3.0,2.0,1.0,2.0,,5.0,12.0,10.0,4.0,2.0,3.0,Republican,Male,BA+,45-59,2.0
Control (unrelated text),2.0,95.0,2.0,2.0,2.0,2.0,2.0,3.0,12.0,10.0,3.0,2.0,2.0,Republican,Female,BA+,45-59,3.0
Scientific consensus,1.0,99.0,1.0,1.0,4.0,1.0,4.0,1.0,6.0,4.0,1.0,1.0,1.0,Democrat,Male,BA+,30-44,1.0
Causal evidence,1.0,91.0,1.0,1.0,3.0,1.0,2.0,2.0,6.0,4.0,2.0,1.0,1.0,Democrat,Male,BA+,30-44,2.0
Scientific consensus,1.0,90.0,1.0,1.0,2.0,1.0,2.0,2.0,7.0,5.0,2.0,1.0,1.0,Democrat,Female,BA+,18-29,1.0
Causal evidence,1.0,63.0,1.0,1.0,2.0,2.0,2.0,1.0,9.0,5.0,1.0,1.0,1.0,Democrat,Female,BA+,18-29,2.0
Control (unrelated text),1.0,89.0,1.0,1.0,2.0,1.0,1.0,1.0,7.0,4.0,2.0,2.0,1.0,Democrat,Female,BA+,60+,3.0
Scientific consensus,1.0,97.0,1.0,1.0,3.0,1.0,4.0,1.0,6.0,4.0,1.0,1.0,1.0,Democrat,Male,BA+,30-44,1.0
Control (unrelated text),1.0,99.0,1.0,1.0,3.0,1.0,3.0,1.0,6.0,5.0,1.0,1.0,1.0,Independent,Female,BA+,18-29,3.0
Control (unrelated text),1.0,98.0,1.0,1.0,3.0,1.0,3.0,1.0,6.0,4.0,1.0,1.0,1.0,Democrat,Male,BA+,30-44,3.0
Causal evidence,2.0,72.0,1.0,1.0,3.0,2.0,2.0,2.0,9.0,7.0,1.0,2.0,2.0,Republican,Male,No degree,30-44,2.0
Scientific consensus,1.0,97.0,1.0,1.0,3.0,1.0,4.0,1.0,6.0,4.0,1.0,1.0,1.0,Independent,Female,Some college,30-44,1.0
Scientific consensus,1.0,97.0,1.0,1.0,3.0,1.0,2.0,1.0,8.0,6.0,1.0,1.0,1.0,Independent,Male,BA+,30-44,1.0
Scientific consensus,1.0,97.0,1.0,1.0,3.0,1.0,,1.0,7.0,4.0,2.0,1.0,2.0,Democrat,Female,BA+,60+,1.0
Control (unrelated text),1.0,95.0,1.0,1.0,2.0,1.0,2.0,1.0,6.0,4.0,1.0,1.0,1.0,Democrat,Female,BA+,30-44,3.0
Control (unrelated text),1.0,97.0,1.0,1.0,4.0,1.0,4.0,1.0,6.0,4.0,1.0,1.0,1.0,Democrat,Female,BA+,45-59,3.0
Scientific consensus,2.0,97.0,1.0,1.0,3.0,1.0,2.0,1.0,7.0,4.0,1.0,2.0,1.0,Democrat,Male,BA+,60+,1.0
Scientific consensus,2.0,97.0,1.0,2.0,3.0,1.0,3.0,3.0,8.0,7.0,2.0,2.0,1.0,Independent,Male,Some college,30-44,1.0
Causal evidence,2.0,80.0,1.0,1.0,3.0,1.0,3.0,2.0,8.0,4.0,2.0,2.0,1.0,Democrat,Male,Some college,45-59,2.0
Scientific consensus,1.0,97.0,1.0,1.0,3.0,1.0,3.0,1.0,9.0,4.0,1.0,1.0,1.0,Democrat,Female,BA+,30-44,1.0
Scientific consensus,2.0,90.0,2.0,2.0,2.0,1.0,2.0,1.0,9.0,7.0,2.0,2.0,2.0,Democrat,Female,No degree,45-59,1.0
Causal evidence,1.0,79.0,1.0,1.0,2.0,1.0,2.0,1.0,7.0,5.0,2.0,1.0,1.0,Democrat,Female,Some college,30-44,2.0
Scientific consensus,2.0,97.0,1.0,1.0,2.0,2.0,2.0,3.0,6.0,4.0,2.0,2.0,1.0,Democrat,Male,BA+,18-29,1.0
Causal evidence,1.0,97.0,1.0,1.0,3.0,1.0,3.0,1.0,6.0,4.0,1.0,1.0,1.0,Democrat,Female,BA+,30-44,2.0
Causal evidence,1.0,100.0,1.0,1.0,3.0,1.0,4.0,1.0,9.0,7.0,2.0,3.0,1.0,Democrat,Female,Some college,30-44,2.0
Causal evidence,1.0,97.0,1.0,1.0,3.0,1.0,4.0,1.0,7.0,4.0,1.0,1.0,1.0,Democrat,Female,Some college,30-44,2.0
Control (unrelated text),1.0,99.0,1.0,1.0,3.0,1.0,3.0,1.0,7.0,4.0,1.0,1.0,1.0,Democrat,Male,No degree,30-44,3.0
Control (unrelated text),4.0,86.0,2.0,2.0,2.0,2.0,1.0,3.0,12.0,10.0,3.0,4.0,2.0,Republican,Male,No degree,45-59,3.0
Causal evidence,1.0,99.0,1.0,1.0,2.0,1.0,2.0,1.0,8.0,5.0,1.0,1.0,1.0,Democrat,Female,BA+,45-59,2.0
Scientific consensus,1.0,97.0,1.0,1.0,3.0,1.0,3.0,1.0,8.0,5.0,1.0,1.0,1.0,Democrat,Male,BA+,30-44,1.0
Control (unrelated text),1.0,87.0,1.0,1.0,3.0,1.0,3.0,1.0,7.0,4.0,1.0,1.0,1.0,Democrat,Male,BA+,30-44,3.0
Scientific consensus,1.0,95.0,1.0,1.0,2.0,1.0,2.0,1.0,7.0,4.0,1.0,1.0,1.0,Democrat,Male,BA+,30-44,2.0
Control (unrelated text),1.0,99.0,1.0,1.0,4.0,1.0,4.0,1.0,6.0,4.0,1.0,1.0,1.0,Democrat,Male,BA+,18-29,3.0
Scientific consensus,1.0,97.0,1.0,1.0,4.0,1.0,3.0,1.0,7.0,5.0,1.0,1.0,1.0,Democrat,Male,No degree,45-59,1.0
Control (unrelated text),1.0,97.0,1.0,1.0,3.0,1.0,3.0,1.0,6.0,4.0,1.0,1.0,1.0,Democrat,Male,No degree,30-44,3.0
Causal evidence,1.0,84.0,1.0,1.0,3.0,1.0,2.0,1.0,6.0,4.0,1.0,1.0,1.0,Democrat,Male,BA+,30-44,2.0
Causal evidence,1.0,91.0,1.0,1.0,3.0,1.0,3.0,1.0,6.0,4.0,1.0,1.0,1.0,Democrat,Male,BA+,30-44,2.0
Scientific consensus,1.0,97.0,1.0,1.0,4.0,1.0,3.0,1.0,7.0,4.0,1.0,1.0,1.0,Democrat,Female,BA+,18-29,1.0
Scientific consensus,1.0,99.0,1.0,1.0,1.0,1.0,3.0,2.0,12.0,6.0,1.0,2.0,2.0,Republican,Male,No degree,30-44,1.0
Scientific consensus,3.0,97.0,2.0,2.0,2.0,2.0,2.0,2.0,8.0,7.0,2.0,3.0,2.0,,Female,BA+,45-59,1.0
Causal evidence,2.0,60.0,3.0,3.0,1.0,3.0,1.0,3.0,10.0,8.0,4.0,2.0,3.0,Democrat,Female,Some college,45-59,2.0
Control (unrelated text),2.0,85.0,1.0,1.0,2.0,1.0,2.0,2.0,7.0,4.0,1.0,2.0,1.0,Republican,Female,BA+,18-29,3.0
Causal evidence,1.0,90.0,1.0,1.0,2.0,2.0,3.0,1.0,7.0,5.0,2.0,1.0,1.0,Democrat,Male,BA+,30-44,2.0
Control (unrelated text),1.0,95.0,1.0,1.0,2.0,1.0,1.0,1.0,9.0,4.0,1.0,1.0,1.0,Independent,Male,BA+,30-44,3.0
Control (unrelated text),1.0,98.0,1.0,1.0,3.0,1.0,3.0,1.0,6.0,4.0,1.0,1.0,1.0,Independent,Male,No degree,30-44,3.0
Control (unrelated text),2.0,71.0,2.0,2.0,2.0,2.0,2.0,3.0,10.0,7.0,2.0,3.0,2.0,Independent,Female,BA+,30-44,3.0
Scientific consensus,2.0,36.0,2.0,3.0,2.0,2.0,2.0,3.0,8.0,6.0,3.0,3.0,2.0,Independent,Female,Some college,30-44,1.0
Scientific consensus,1.0,97.0,1.0,1.0,3.0,1.0,2.0,1.0,6.0,4.0,1.0,1.0,1.0,Democrat,Female,BA+,18-29,1.0
Scientific consensus,2.0,75.0,2.0,1.0,2.0,1.0,1.0,2.0,6.0,5.0,1.0,2.0,1.0,Independent,Female,BA+,30-44,2.0
Control (unrelated text),3.0,60.0,2.0,2.0,2.0,1.0,2.0,2.0,9.0,7.0,2.0,3.0,2.0,Democrat,,,,3.0
Control (unrelated text),2.0,57.0,1.0,1.0,1.0,1.0,2.0,1.0,7.0,4.0,1.0,2.0,1.0,Democrat,Female,BA+,30-44,3.0
Causal evidence,2.0,65.0,1.0,2.0,2.0,2.0,3.0,2.0,8.0,7.0,2.0,2.0,2.0,Democrat,Male,No degree,30-44,2.0
Causal evidence,1.0,96.0,1.0,1.0,4.0,1.0,3.0,1.0,6.0,5.0,1.0,1.0,1.0,Democrat,Female,BA+,30-44,2.0
Scientific consensus,1.0,97.0,1.0,1.0,3.0,1.0,3.0,2.0,7.0,5.0,2.0,1.0,1.0,Democrat,Female,BA+,18-29,1.0
Causal evidence,3.0,80.0,2.0,2.0,2.0,1.0,1.0,3.0,12.0,9.0,3.0,3.0,2.0,Independent,Male,No degree,30-44,2.0
Causal evidence,1.0,75.0,1.0,1.0,3.0,1.0,3.0,1.0,6.0,4.0,1.0,1.0,1.0,Democrat,Male,No degree,18-29,2.0
Control (unrelated text),2.0,91.0,2.0,1.0,1.0,1.0,1.0,1.0,9.0,7.0,3.0,1.0,2.0,Independent,Female,BA+,30-44,3.0
Scientific consensus,3.0,31.0,2.0,2.0,1.0,2.0,3.0,2.0,7.0,4.0,2.0,2.0,2.0,Democrat,Female,No degree,30-44,2.0
Causal evidence,1.0,99.0,1.0,1.0,4.0,1.0,4.0,1.0,6.0,4.0,1.0,1.0,1.0,Democrat,Male,No degree,30-44,2.0
Control (unrelated text),2.0,86.0,2.0,1.0,2.0,1.0,2.0,1.0,8.0,5.0,1.0,2.0,2.0,Independent,Male,BA+,45-59,3.0
Control (unrelated text),1.0,96.0,1.0,1.0,2.0,1.0,1.0,1.0,7.0,4.0,1.0,1.0,1.0,Democrat,Female,BA+,30-44,3.0
Control (unrelated text),1.0,90.0,1.0,1.0,2.0,1.0,3.0,1.0,6.0,4.0,1.0,1.0,1.0,Democrat,Male,BA+,18-29,3.0
Control (unrelated text),1.0,75.0,1.0,1.0,2.0,1.0,2.0,2.0,6.0,4.0,2.0,1.0,1.0,Democrat,Female,BA+,30-44,3.0
Scientific consensus,1.0,97.0,1.0,1.0,3.0,1.0,3.0,1.0,7.0,4.0,1.0,1.0,1.0,Democrat,Female,BA+,45-59,1.0
Causal evidence,2.0,99.0,1.0,2.0,2.0,1.0,1.0,3.0,10.0,6.0,2.0,2.0,1.0,Independent,Male,BA+,18-29,2.0
Causal evidence,1.0,87.0,1.0,1.0,3.0,1.0,3.0,1.0,6.0,4.0,1.0,1.0,1.0,Democrat,Female,BA+,30-44,2.0
Control (unrelated text),2.0,81.0,1.0,1.0,3.0,1.0,3.0,1.0,6.0,4.0,1.0,1.0,1.0,Democrat,Female,No degree,45-59,3.0
Causal evidence,2.0,86.0,1.0,3.0,2.0,1.0,3.0,2.0,7.0,7.0,1.0,2.0,1.0,Independent,Male,Some college,30-44,1.0
Control (unrelated text),1.0,99.0,1.0,1.0,3.0,1.0,3.0,2.0,7.0,4.0,2.0,1.0,1.0,Democrat,Male,BA+,45-59,3.0
Scientific consensus,1.0,97.0,1.0,1.0,3.0,1.0,3.0,1.0,9.0,4.0,1.0,1.0,1.0,Democrat,Male,Some college,60+,2.0
Control (unrelated text),4.0,50.0,3.0,3.0,1.0,3.0,2.0,5.0,12.0,10.0,4.0,4.0,3.0,Republican,Male,BA+,45-59,3.0
Control (unrelated text),2.0,62.0,2.0,2.0,2.0,2.0,1.0,2.0,7.0,4.0,2.0,2.0,2.0,Democrat,Female,No degree,18-29,3.0
Control (unrelated text),2.0,12.0,1.0,1.0,2.0,1.0,1.0,1.0,6.0,7.0,2.0,2.0,1.0,Independent,Male,No degree,18-29,3.0
Scientific consensus,1.0,97.0,1.0,1.0,3.0,1.0,3.0,1.0,6.0,4.0,1.0,2.0,1.0,Democrat,Male,BA+,18-29,2.0
Causal evidence,2.0,79.0,1.0,1.0,2.0,1.0,2.0,2.0,10.0,5.0,2.0,2.0,1.0,Democrat,Male,No degree,30-44,2.0
Scientific consensus,1.0,97.0,1.0,1.0,4.0,1.0,3.0,1.0,6.0,4.0,1.0,1.0,1.0,Democrat,Female,Some college,60+,1.0
Causal evidence,3.0,60.0,2.0,2.0,1.0,2.0,1.0,4.0,12.0,10.0,4.0,4.0,2.0,Republican,Female,BA+,60+,2.0
Causal evidence,1.0,90.0,1.0,1.0,4.0,1.0,4.0,1.0,6.0,5.0,1.0,1.0,2.0,Democrat,Female,Some college,45-59,2.0
Scientific consensus,4.0,10.0,3.0,4.0,1.0,4.0,1.0,5.0,12.0,10.0,4.0,4.0,3.0,Independent,Female,BA+,60+,1.0
Scientific consensus,1.0,99.0,1.0,1.0,3.0,1.0,4.0,1.0,6.0,4.0,1.0,1.0,1.0,Democrat,Male,BA+,30-44,1.0
Scientific consensus,1.0,97.0,1.0,1.0,2.0,1.0,3.0,1.0,6.0,7.0,1.0,2.0,2.0,Democrat,Female,No degree,30-44,1.0
Causal evidence,1.0,95.0,1.0,1.0,2.0,1.0,2.0,1.0,6.0,4.0,1.0,1.0,1.0,Democrat,Male,No degree,18-29,2.0
Causal evidence,1.0,90.0,1.0,1.0,2.0,1.0,3.0,1.0,6.0,4.0,2.0,1.0,2.0,Democrat,Female,No degree,30-44,2.0
Causal evidence,2.0,74.0,1.0,1.0,3.0,2.0,3.0,1.0,6.0,5.0,1.0,2.0,1.0,Democrat,Male,BA+,30-44,2.0
Scientific consensus,1.0,97.0,1.0,1.0,3.0,1.0,3.0,1.0,7.0,5.0,1.0,1.0,1.0,Democrat,Female,BA+,30-44,1.0
Control (unrelated text),2.0,79.0,1.0,1.0,3.0,1.0,3.0,1.0,6.0,7.0,2.0,2.0,1.0,Democrat,Female,No degree,30-44,3.0
Causal evidence,1.0,70.0,1.0,1.0,3.0,1.0,3.0,1.0,8.0,4.0,2.0,1.0,1.0,Democrat,Male,BA+,18-29,2.0
Scientific consensus,2.0,97.0,1.0,1.0,2.0,1.0,2.0,2.0,9.0,7.0,3.0,2.0,2.0,Independent,Male,BA+,18-29,2.0
Scientific consensus,1.0,95.0,1.0,1.0,3.0,1.0,3.0,1.0,7.0,4.0,2.0,2.0,1.0,Democrat,Male,No degree,30-44,1.0
Control (unrelated text),1.0,90.0,1.0,1.0,2.0,1.0,2.0,1.0,7.0,4.0,2.0,1.0,1.0,Democrat,Male,BA+,45-59,3.0
Control (unrelated text),1.0,97.0,1.0,1.0,1.0,1.0,1.0,1.0,10.0,4.0,1.0,1.0,1.0,Democrat,Male,BA+,30-44,3.0
Causal evidence,1.0,82.0,1.0,2.0,1.0,1.0,2.0,1.0,6.0,4.0,1.0,1.0,1.0,Democrat,Female,No degree,30-44,2.0
Control (unrelated text),1.0,96.0,1.0,1.0,2.0,1.0,2.0,1.0,6.0,4.0,2.0,1.0,1.0,Democrat,Male,Some college,30-44,3.0
Scientific consensus,3.0,97.0,2.0,2.0,2.0,2.0,2.0,2.0,12.0,9.0,2.0,3.0,2.0,Republican,Female,BA+,30-44,1.0
Causal evidence,2.0,80.0,1.0,2.0,3.0,2.0,3.0,2.0,9.0,7.0,2.0,2.0,2.0,Republican,Male,Some college,30-44,2.0
Causal evidence,1.0,99.0,1.0,1.0,3.0,1.0,3.0,1.0,6.0,4.0,1.0,1.0,1.0,Democrat,Female,No degree,30-44,2.0
Scientific consensus,1.0,95.0,1.0,1.0,3.0,1.0,3.0,1.0,6.0,4.0,1.0,1.0,1.0,Democrat,Female,BA+,18-29,1.0
Control (unrelated text),2.0,96.0,1.0,2.0,3.0,1.0,3.0,1.0,8.0,6.0,2.0,2.0,1.0,Democrat,Male,BA+,30-44,3.0
Causal evidence,1.0,98.0,1.0,1.0,2.0,1.0,2.0,1.0,6.0,4.0,1.0,1.0,1.0,Democrat,Female,BA+,30-44,1.0
Scientific consensus,1.0,97.0,1.0,1.0,2.0,1.0,2.0,2.0,7.0,5.0,2.0,1.0,1.0,Democrat,Female,BA+,30-44,1.0
Causal evidence,1.0,100.0,2.0,1.0,1.0,1.0,1.0,1.0,6.0,4.0,1.0,1.0,1.0,Democrat,Female,Some college,18-29,2.0
Control (unrelated text),2.0,93.0,2.0,2.0,2.0,2.0,2.0,2.0,8.0,5.0,2.0,2.0,2.0,Democrat,Male,BA+,45-59,3.0
Scientific consensus,1.0,97.0,1.0,1.0,3.0,1.0,3.0,1.0,7.0,4.0,1.0,1.0,1.0,Democrat,Male,BA+,30-44,1.0
Causal evidence,1.0,99.0,1.0,1.0,2.0,1.0,2.0,1.0,6.0,4.0,1.0,1.0,1.0,Democrat,Female,BA+,45-59,2.0
Control (unrelated text),2.0,81.0,1.0,1.0,2.0,1.0,2.0,1.0,7.0,5.0,1.0,2.0,1.0,Democrat,Male,No degree,18-29,3.0
Scientific consensus,1.0,97.0,1.0,1.0,3.0,1.0,1.0,2.0,10.0,5.0,2.0,1.0,1.0,Democrat,Male,BA+,18-29,1.0
Causal evidence,2.0,98.0,1.0,1.0,2.0,1.0,2.0,3.0,9.0,6.0,2.0,2.0,1.0,Democrat,Female,BA+,18-29,2.0
Control (unrelated text),1.0,100.0,1.0,1.0,3.0,1.0,3.0,1.0,6.0,4.0,1.0,1.0,1.0,Democrat,Male,No degree,30-44,3.0
Causal evidence,1.0,95.0,1.0,1.0,2.0,1.0,2.0,1.0,6.0,4.0,2.0,1.0,1.0,Democrat,Male,BA+,18-29,2.0
Causal evidence,1.0,95.0,1.0,1.0,2.0,1.0,2.0,1.0,9.0,4.0,2.0,1.0,1.0,Democrat,Male,BA+,30-44,2.0
Control (unrelated text),2.0,40.0,2.0,2.0,2.0,2.0,2.0,3.0,11.0,9.0,2.0,2.0,2.0,Republican,Female,Some college,30-44,3.0
Causal evidence,1.0,95.0,1.0,1.0,3.0,1.0,3.0,1.0,9.0,4.0,1.0,1.0,1.0,Independent,Male,BA+,18-29,2.0
Causal evidence,1.0,70.0,1.0,2.0,2.0,2.0,2.0,2.0,9.0,7.0,2.0,1.0,2.0,Democrat,Male,BA+,18-29,2.0
Scientific consensus,2.0,81.0,1.0,1.0,1.0,2.0,1.0,2.0,7.0,8.0,1.0,2.0,2.0,Independent,Male,No degree,18-29,1.0
Causal evidence,2.0,85.0,1.0,1.0,4.0,1.0,4.0,1.0,6.0,4.0,1.0,2.0,1.0,Democrat,Female,No degree,30-44,2.0
Causal evidence,1.0,95.0,1.0,1.0,3.0,1.0,3.0,1.0,6.0,4.0,1.0,1.0,1.0,Democrat,Female,BA+,60+,2.0
Causal evidence,1.0,97.0,1.0,1.0,3.0,1.0,3.0,1.0,6.0,4.0,1.0,1.0,1.0,Democrat,Female,No degree,30-44,2.0
Scientific consensus,1.0,97.0,1.0,1.0,2.0,1.0,2.0,1.0,8.0,5.0,2.0,2.0,1.0,Democrat,Male,Some college,30-44,1.0
Causal evidence,1.0,95.0,1.0,2.0,2.0,1.0,3.0,3.0,11.0,6.0,2.0,1.0,2.0,Independent,Male,Some college,45-59,2.0
Control (unrelated text),1.0,95.0,1.0,1.0,3.0,1.0,3.0,1.0,6.0,4.0,1.0,1.0,1.0,Democrat,Female,BA+,30-44,3.0
Control (unrelated text),1.0,99.0,1.0,1.0,3.0,1.0,3.0,1.0,7.0,4.0,1.0,1.0,1.0,Democrat,Female,BA+,45-59,3.0
Scientific consensus,2.0,97.0,1.0,1.0,3.0,1.0,3.0,1.0,6.0,4.0,1.0,2.0,1.0,Democrat,Male,BA+,60+,1.0
Control (unrelated text),1.0,98.0,1.0,1.0,3.0,1.0,2.0,1.0,7.0,4.0,1.0,1.0,1.0,Democrat,Male,BA+,30-44,3.0
Causal evidence,1.0,90.0,1.0,1.0,3.0,1.0,1.0,1.0,7.0,4.0,2.0,1.0,1.0,Democrat,Female,BA+,30-44,2.0
Causal evidence,1.0,100.0,1.0,1.0,4.0,1.0,4.0,1.0,6.0,4.0,1.0,1.0,1.0,Democrat,Male,BA+,18-29,2.0
Control (unrelated text),1.0,93.0,1.0,1.0,2.0,1.0,2.0,1.0,7.0,4.0,2.0,1.0,1.0,Independent,Male,No degree,30-44,3.0
Control (unrelated text),1.0,81.0,1.0,1.0,3.0,1.0,2.0,1.0,6.0,4.0,1.0,1.0,1.0,Democrat,Female,No degree,18-29,3.0
Control (unrelated text),1.0,99.0,1.0,1.0,2.0,1.0,2.0,5.0,12.0,10.0,4.0,1.0,1.0,Republican,Male,BA+,60+,3.0
Control (unrelated text),1.0,99.0,1.0,1.0,3.0,1.0,3.0,1.0,6.0,4.0,1.0,1.0,1.0,Democrat,Male,No degree,30-44,3.0
Scientific consensus,1.0,97.0,1.0,1.0,2.0,1.0,2.0,1.0,6.0,4.0,2.0,1.0,1.0,Democrat,Male,BA+,30-44,1.0
Control (unrelated text),3.0,80.0,2.0,2.0,1.0,2.0,1.0,3.0,12.0,9.0,2.0,3.0,2.0,Republican,Female,BA+,45-59,3.0
Scientific consensus,2.0,97.0,1.0,1.0,4.0,1.0,3.0,1.0,6.0,4.0,1.0,2.0,1.0,Independent,Male,BA+,30-44,1.0
Scientific consensus,1.0,97.0,1.0,1.0,3.0,1.0,3.0,1.0,8.0,5.0,1.0,1.0,1.0,Independent,Male,BA+,45-59,1.0
Control (unrelated text),1.0,99.0,1.0,1.0,2.0,1.0,1.0,1.0,6.0,4.0,1.0,1.0,1.0,Democrat,Male,No degree,30-44,3.0
Control (unrelated text),3.0,55.0,2.0,2.0,2.0,2.0,2.0,3.0,9.0,8.0,2.0,2.0,2.0,Republican,Female,BA+,45-59,3.0
Control (unrelated text),1.0,95.0,1.0,1.0,2.0,1.0,2.0,2.0,11.0,5.0,2.0,1.0,2.0,Democrat,Male,BA+,45-59,3.0
Scientific consensus,1.0,97.0,1.0,1.0,3.0,1.0,3.0,1.0,6.0,4.0,1.0,1.0,1.0,Democrat,Male,No degree,18-29,2.0
Scientific consensus,1.0,97.0,1.0,1.0,3.0,1.0,3.0,1.0,6.0,4.0,1.0,1.0,1.0,Democrat,Male,BA+,30-44,1.0
Causal evidence,1.0,81.0,1.0,1.0,3.0,1.0,3.0,1.0,6.0,4.0,2.0,1.0,1.0,Democrat,Female,No degree,45-59,2.0
Control (unrelated text),2.0,70.0,3.0,2.0,1.0,2.0,2.0,5.0,12.0,10.0,4.0,2.0,3.0,Independent,Male,No degree,18-29,3.0
Control (unrelated text),1.0,99.0,1.0,1.0,4.0,1.0,3.0,1.0,6.0,4.0,1.0,1.0,1.0,Democrat,Female,No degree,30-44,3.0
Control (unrelated text),1.0,95.0,1.0,1.0,3.0,1.0,3.0,1.0,6.0,4.0,1.0,1.0,1.0,Democrat,Female,BA+,45-59,3.0
Scientific consensus,1.0,97.0,1.0,1.0,2.0,1.0,2.0,1.0,6.0,4.0,1.0,1.0,1.0,Democrat,Female,No degree,18-29,2.0
Scientific consensus,3.0,88.0,1.0,1.0,1.0,2.0,2.0,2.0,9.0,5.0,2.0,3.0,2.0,Democrat,Female,No degree,18-29,2.0
Causal evidence,2.0,61.0,1.0,2.0,2.0,2.0,3.0,3.0,9.0,7.0,2.0,3.0,2.0,Independent,Female,No degree,30-44,2.0
Control (unrelated text),2.0,84.0,1.0,1.0,2.0,1.0,2.0,1.0,7.0,4.0,1.0,2.0,1.0,Democrat,Female,No degree,18-29,3.0
Control (unrelated text),1.0,95.0,2.0,1.0,1.0,2.0,2.0,2.0,8.0,5.0,2.0,1.0,2.0,Democrat,Male,No degree,30-44,3.0
Control (unrelated text),2.0,72.0,1.0,1.0,1.0,2.0,2.0,2.0,8.0,7.0,2.0,2.0,1.0,Democrat,Female,No degree,30-44,3.0
Scientific consensus,1.0,97.0,1.0,1.0,2.0,1.0,2.0,2.0,9.0,7.0,3.0,1.0,2.0,Democrat,Female,No degree,30-44,1.0
Control (unrelated text),2.0,75.0,1.0,1.0,3.0,2.0,3.0,3.0,8.0,7.0,2.0,2.0,1.0,Democrat,Male,No degree,30-44,3.0
Scientific consensus,2.0,97.0,1.0,1.0,3.0,2.0,3.0,2.0,8.0,7.0,2.0,2.0,2.0,Democrat,Female,No degree,60+,1.0
Causal evidence,1.0,80.0,1.0,1.0,3.0,1.0,3.0,1.0,7.0,5.0,2.0,2.0,1.0,Democrat,Female,No degree,18-29,2.0
Control (unrelated text),4.0,70.0,3.0,3.0,1.0,3.0,2.0,5.0,12.0,10.0,3.0,4.0,3.0,Republican,Female,No degree,30-44,3.0
Causal evidence,1.0,99.0,1.0,1.0,4.0,1.0,4.0,1.0,6.0,4.0,1.0,1.0,1.0,Democrat,Male,BA+,30-44,2.0
Scientific consensus,1.0,97.0,1.0,1.0,3.0,1.0,3.0,1.0,6.0,4.0,2.0,1.0,1.0,Independent,Male,No degree,18-29,1.0
Control (unrelated text),1.0,92.0,1.0,1.0,3.0,1.0,3.0,1.0,6.0,4.0,1.0,1.0,1.0,Democrat,Female,BA+,30-44,3.0
Scientific consensus,1.0,97.0,1.0,2.0,4.0,2.0,4.0,1.0,6.0,4.0,1.0,1.0,1.0,Democrat,Female,No degree,45-59,1.0
Scientific consensus,1.0,97.0,1.0,1.0,2.0,1.0,3.0,1.0,6.0,4.0,1.0,1.0,1.0,Democrat,Male,BA+,30-44,2.0
Scientific consensus,1.0,97.0,1.0,1.0,3.0,1.0,3.0,1.0,8.0,4.0,2.0,1.0,1.0,Democrat,Male,BA+,30-44,1.0
Control (unrelated text),1.0,96.0,1.0,1.0,2.0,1.0,2.0,1.0,6.0,4.0,1.0,1.0,1.0,Democrat,Female,BA+,60+,3.0
Causal evidence,1.0,96.0,1.0,1.0,3.0,1.0,3.0,1.0,8.0,4.0,2.0,1.0,1.0,Democrat,Female,BA+,45-59,2.0
Causal evidence,1.0,99.0,1.0,1.0,2.0,1.0,3.0,1.0,7.0,4.0,2.0,1.0,1.0,Democrat,Male,BA+,30-44,2.0
Scientific consensus,1.0,95.0,1.0,1.0,3.0,1.0,3.0,1.0,7.0,4.0,2.0,1.0,1.0,Democrat,Male,No degree,45-59,1.0
Scientific consensus,1.0,97.0,1.0,1.0,4.0,1.0,4.0,1.0,6.0,4.0,1.0,1.0,1.0,Democrat,Female,No degree,30-44,1.0
Causal evidence,2.0,90.0,1.0,1.0,4.0,1.0,3.0,1.0,9.0,4.0,1.0,2.0,1.0,Democrat,Male,No degree,30-44,2.0
Scientific consensus,1.0,97.0,1.0,1.0,3.0,1.0,3.0,1.0,6.0,4.0,1.0,1.0,1.0,Democrat,Female,BA+,45-59,1.0
Causal evidence,3.0,80.0,3.0,3.0,1.0,3.0,2.0,5.0,11.0,10.0,3.0,3.0,3.0,Independent,Male,No degree,18-29,2.0
Causal evidence,2.0,90.0,1.0,1.0,2.0,2.0,2.0,2.0,9.0,5.0,2.0,2.0,2.0,Democrat,Male,BA+,30-44,2.0
Causal evidence,2.0,62.0,3.0,2.0,2.0,3.0,1.0,3.0,12.0,10.0,4.0,2.0,3.0,Republican,Female,No degree,30-44,2.0
Scientific consensus,2.0,97.0,1.0,1.0,2.0,2.0,1.0,1.0,11.0,4.0,1.0,2.0,2.0,Republican,Male,No degree,45-59,1.0
Causal evidence,1.0,75.0,1.0,1.0,4.0,1.0,3.0,1.0,7.0,5.0,2.0,1.0,1.0,Democrat,Female,Some college,18-29,2.0
Scientific consensus,1.0,93.0,1.0,1.0,3.0,1.0,2.0,1.0,7.0,4.0,1.0,1.0,1.0,Democrat,Female,BA+,18-29,1.0
Control (unrelated text),1.0,80.0,2.0,1.0,1.0,1.0,1.0,1.0,6.0,4.0,2.0,1.0,2.0,Democrat,Male,No degree,30-44,3.0
Control (unrelated text),1.0,92.0,1.0,1.0,2.0,1.0,1.0,1.0,7.0,4.0,1.0,1.0,1.0,Democrat,Female,BA+,60+,3.0
Causal evidence,3.0,50.0,1.0,2.0,2.0,2.0,3.0,4.0,9.0,7.0,3.0,3.0,2.0,Independent,Female,BA+,30-44,2.0
Scientific consensus,1.0,97.0,1.0,1.0,3.0,1.0,2.0,1.0,6.0,4.0,1.0,1.0,1.0,Democrat,Female,BA+,18-29,1.0
Causal evidence,1.0,90.0,1.0,1.0,3.0,1.0,3.0,1.0,6.0,4.0,1.0,1.0,1.0,Democrat,Male,BA+,30-44,2.0
Control (unrelated text),1.0,80.0,1.0,1.0,3.0,1.0,4.0,2.0,9.0,7.0,1.0,1.0,1.0,Democrat,Female,BA+,30-44,3.0
Causal evidence,1.0,99.0,1.0,1.0,3.0,1.0,4.0,1.0,7.0,4.0,2.0,1.0,1.0,Democrat,Female,BA+,45-59,2.0
Causal evidence,1.0,90.0,1.0,1.0,3.0,1.0,3.0,1.0,8.0,4.0,1.0,1.0,1.0,Democrat,Male,BA+,45-59,2.0
Control (unrelated text),2.0,84.0,1.0,1.0,2.0,1.0,1.0,1.0,11.0,4.0,1.0,1.0,1.0,Independent,Female,BA+,45-59,3.0
Scientific consensus,3.0,97.0,3.0,2.0,1.0,3.0,2.0,3.0,11.0,9.0,2.0,3.0,2.0,Independent,Male,BA+,45-59,1.0
Control (unrelated text),1.0,96.0,1.0,1.0,3.0,1.0,3.0,1.0,6.0,4.0,1.0,1.0,1.0,Democrat,Male,BA+,45-59,3.0
Scientific consensus,1.0,97.0,1.0,1.0,3.0,1.0,3.0,1.0,6.0,4.0,1.0,1.0,1.0,Democrat,Male,No degree,30-44,1.0
Control (unrelated text),1.0,96.0,1.0,1.0,3.0,1.0,2.0,1.0,7.0,4.0,2.0,1.0,1.0,Democrat,Female,BA+,30-44,3.0
Control (unrelated text),1.0,96.0,1.0,1.0,3.0,1.0,3.0,1.0,6.0,6.0,1.0,1.0,1.0,Democrat,Male,BA+,30-44,3.0
Control (unrelated text),1.0,98.0,1.0,1.0,3.0,1.0,3.0,1.0,7.0,4.0,1.0,1.0,1.0,Democrat,Female,No degree,30-44,3.0
Scientific consensus,1.0,97.0,1.0,1.0,3.0,1.0,2.0,1.0,6.0,,1.0,1.0,1.0,Democrat,Female,BA+,18-29,2.0
Scientific consensus,1.0,97.0,1.0,1.0,2.0,1.0,2.0,1.0,8.0,4.0,2.0,1.0,1.0,Democrat,Male,BA+,60+,1.0
Control (unrelated text),1.0,99.0,1.0,1.0,2.0,1.0,2.0,1.0,6.0,4.0,1.0,1.0,1.0,Democrat,Male,No degree,30-44,3.0
Scientific consensus,1.0,95.0,1.0,1.0,3.0,1.0,3.0,1.0,9.0,4.0,2.0,1.0,1.0,Democrat,Female,BA+,30-44,1.0
Control (unrelated text),1.0,90.0,1.0,1.0,3.0,1.0,2.0,1.0,8.0,4.0,2.0,1.0,1.0,Democrat,Male,BA+,30-44,3.0
Control (unrelated text),2.0,63.0,1.0,2.0,1.0,2.0,1.0,2.0,6.0,5.0,2.0,1.0,1.0,Democrat,Male,BA+,18-29,3.0
Scientific consensus,2.0,91.0,1.0,1.0,3.0,1.0,3.0,2.0,6.0,7.0,1.0,2.0,1.0,Democrat,Male,BA+,30-44,2.0
Control (unrelated text),2.0,80.0,2.0,2.0,2.0,1.0,1.0,1.0,9.0,7.0,2.0,2.0,2.0,Independent,Male,No degree,18-29,3.0
Causal evidence,2.0,85.0,1.0,1.0,2.0,1.0,2.0,1.0,7.0,5.0,1.0,2.0,2.0,Democrat,Female,BA+,45-59,2.0
Causal evidence,1.0,95.0,1.0,1.0,3.0,1.0,3.0,1.0,6.0,4.0,1.0,1.0,1.0,Independent,Female,BA+,30-44,2.0
Scientific consensus,1.0,97.0,1.0,1.0,3.0,1.0,2.0,1.0,7.0,4.0,2.0,1.0,1.0,Democrat,Female,BA+,30-44,1.0
Control (unrelated text),2.0,90.0,1.0,1.0,3.0,2.0,3.0,1.0,8.0,5.0,1.0,2.0,1.0,Democrat,Male,No degree,30-44,3.0
Scientific consensus,1.0,90.0,1.0,1.0,3.0,1.0,2.0,2.0,7.0,4.0,3.0,1.0,1.0,Democrat,Male,BA+,30-44,1.0
Causal evidence,2.0,50.0,2.0,2.0,2.0,3.0,2.0,2.0,8.0,7.0,3.0,2.0,2.0,Democrat,Male,No degree,18-29,2.0
Scientific consensus,1.0,97.0,1.0,1.0,2.0,2.0,2.0,1.0,7.0,4.0,2.0,2.0,2.0,Democrat,Female,BA+,45-59,1.0
Causal evidence,1.0,99.0,1.0,1.0,4.0,1.0,3.0,1.0,6.0,4.0,1.0,1.0,1.0,Democrat,Male,BA+,30-44,2.0
Causal evidence,1.0,95.0,1.0,1.0,3.0,1.0,3.0,1.0,6.0,4.0,1.0,1.0,1.0,Democrat,Female,BA+,18-29,2.0
Causal evidence,1.0,96.0,1.0,1.0,4.0,1.0,4.0,1.0,7.0,4.0,2.0,1.0,1.0,Democrat,Male,No degree,45-59,2.0
Scientific consensus,1.0,90.0,1.0,1.0,2.0,1.0,2.0,1.0,7.0,4.0,1.0,1.0,1.0,Democrat,Male,BA+,45-59,2.0
Causal evidence,1.0,100.0,1.0,1.0,3.0,1.0,3.0,1.0,6.0,4.0,1.0,1.0,1.0,Democrat,Male,Some college,30-44,2.0
Causal evidence,1.0,97.0,1.0,1.0,3.0,1.0,3.0,1.0,6.0,4.0,1.0,1.0,1.0,Democrat,Male,No degree,45-59,2.0
Scientific consensus,3.0,97.0,3.0,3.0,1.0,3.0,1.0,5.0,12.0,10.0,4.0,3.0,3.0,Republican,Male,BA+,45-59,1.0
Control (unrelated text),1.0,100.0,1.0,1.0,2.0,1.0,2.0,1.0,8.0,7.0,1.0,1.0,1.0,Independent,Male,BA+,18-29,3.0
Scientific consensus,1.0,97.0,1.0,1.0,3.0,1.0,4.0,2.0,11.0,9.0,2.0,2.0,1.0,Republican,Female,BA+,30-44,1.0
Causal evidence,2.0,85.0,1.0,1.0,3.0,1.0,3.0,1.0,6.0,5.0,2.0,2.0,1.0,Democrat,Male,No degree,30-44,2.0
Causal evidence,1.0,99.0,1.0,1.0,4.0,1.0,4.0,1.0,6.0,4.0,1.0,1.0,1.0,Democrat,Male,BA+,60+,2.0
Scientific consensus,1.0,97.0,1.0,1.0,3.0,1.0,3.0,1.0,7.0,5.0,2.0,1.0,1.0,Democrat,Female,No degree,30-44,1.0
Control (unrelated text),1.0,85.0,1.0,1.0,2.0,2.0,2.0,1.0,6.0,4.0,1.0,1.0,1.0,Democrat,Female,No degree,30-44,3.0
Causal evidence,4.0,95.0,2.0,2.0,2.0,2.0,2.0,3.0,9.0,7.0,3.0,4.0,2.0,Democrat,Male,BA+,30-44,2.0
Causal evidence,1.0,95.0,1.0,1.0,4.0,1.0,4.0,1.0,8.0,4.0,1.0,1.0,1.0,Democrat,Male,No degree,30-44,2.0
Causal evidence,2.0,71.0,2.0,2.0,1.0,1.0,2.0,2.0,9.0,8.0,3.0,2.0,3.0,Democrat,Female,BA+,18-29,2.0
Causal evidence,1.0,90.0,1.0,1.0,3.0,1.0,3.0,1.0,9.0,4.0,1.0,1.0,1.0,Independent,Female,BA+,45-59,2.0
Control (unrelated text),1.0,99.0,1.0,1.0,3.0,1.0,4.0,1.0,6.0,4.0,1.0,2.0,1.0,Democrat,Male,No degree,18-29,3.0
Control (unrelated text),1.0,94.0,1.0,1.0,4.0,1.0,3.0,1.0,6.0,4.0,1.0,1.0,1.0,Democrat,Female,Some college,45-59,3.0
Control (unrelated text),1.0,80.0,1.0,1.0,3.0,1.0,3.0,2.0,8.0,4.0,2.0,1.0,1.0,Democrat,Female,No degree,60+,3.0
Scientific consensus,1.0,97.0,1.0,1.0,2.0,1.0,2.0,1.0,6.0,4.0,2.0,1.0,1.0,Democrat,Female,No degree,45-59,1.0
Control (unrelated text),2.0,81.0,2.0,2.0,2.0,2.0,2.0,3.0,8.0,6.0,3.0,2.0,2.0,Republican,Female,BA+,30-44,3.0
Scientific consensus,1.0,97.0,1.0,1.0,2.0,1.0,2.0,1.0,7.0,6.0,2.0,2.0,1.0,Democrat,Female,BA+,18-29,1.0
Control (unrelated text),1.0,96.0,1.0,1.0,2.0,1.0,3.0,1.0,8.0,4.0,1.0,1.0,1.0,Democrat,Male,BA+,45-59,3.0
Causal evidence,1.0,93.0,1.0,1.0,3.0,1.0,3.0,1.0,6.0,4.0,1.0,1.0,1.0,Democrat,Female,BA+,45-59,2.0
Scientific consensus,3.0,97.0,3.0,2.0,1.0,2.0,1.0,5.0,12.0,10.0,4.0,3.0,3.0,Republican,Male,No degree,60+,1.0
Causal evidence,1.0,84.0,1.0,1.0,3.0,1.0,3.0,1.0,6.0,4.0,1.0,1.0,1.0,Republican,Female,BA+,45-59,2.0
Causal evidence,1.0,97.0,1.0,1.0,3.0,1.0,3.0,1.0,6.0,4.0,1.0,1.0,1.0,Democrat,Male,Some college,60+,2.0
Scientific consensus,1.0,90.0,1.0,1.0,3.0,1.0,3.0,1.0,6.0,4.0,1.0,1.0,1.0,Democrat,Male,No degree,60+,1.0
Control (unrelated text),1.0,77.0,1.0,1.0,2.0,1.0,2.0,1.0,6.0,5.0,1.0,1.0,1.0,Democrat,Male,BA+,45-59,3.0
Scientific consensus,1.0,91.0,2.0,2.0,2.0,3.0,2.0,3.0,8.0,6.0,2.0,2.0,2.0,Republican,Male,No degree,60+,1.0
Scientific consensus,1.0,78.0,1.0,1.0,2.0,1.0,1.0,1.0,7.0,5.0,2.0,1.0,1.0,Independent,Female,BA+,18-29,1.0
Control (unrelated text),1.0,94.0,1.0,1.0,3.0,1.0,2.0,1.0,7.0,5.0,2.0,1.0,1.0,Democrat,Female,BA+,18-29,3.0
Causal evidence,2.0,61.0,1.0,1.0,3.0,2.0,3.0,2.0,7.0,6.0,3.0,2.0,1.0,Republican,Male,No degree,30-44,2.0
Causal evidence,1.0,95.0,1.0,1.0,3.0,1.0,3.0,1.0,7.0,4.0,1.0,1.0,1.0,Independent,Male,BA+,45-59,2.0
Control (unrelated text),1.0,93.0,1.0,1.0,2.0,1.0,1.0,1.0,7.0,4.0,1.0,1.0,1.0,Democrat,Male,No degree,45-59,3.0
Scientific consensus,1.0,95.0,1.0,1.0,2.0,1.0,1.0,1.0,7.0,4.0,1.0,1.0,1.0,Democrat,Female,BA+,30-44,1.0
Scientific consensus,1.0,95.0,1.0,1.0,3.0,1.0,2.0,1.0,7.0,5.0,2.0,1.0,1.0,Democrat,Female,BA+,18-29,1.0
Causal evidence,1.0,99.0,1.0,1.0,3.0,1.0,3.0,1.0,6.0,4.0,1.0,1.0,1.0,Democrat,Female,Some college,45-59,2.0
Scientific consensus,2.0,97.0,1.0,2.0,2.0,1.0,2.0,2.0,7.0,6.0,2.0,2.0,2.0,Democrat,Female,No degree,18-29,1.0
Scientific consensus,1.0,97.0,1.0,1.0,3.0,1.0,3.0,1.0,6.0,4.0,1.0,1.0,1.0,Democrat,Female,BA+,60+,1.0
Control (unrelated text),2.0,92.0,1.0,1.0,2.0,2.0,2.0,2.0,8.0,5.0,2.0,2.0,1.0,Democrat,Male,BA+,45-59,3.0
Control (unrelated text),2.0,60.0,2.0,2.0,2.0,2.0,2.0,1.0,7.0,9.0,2.0,2.0,2.0,Independent,Male,Some college,45-59,3.0
Causal evidence,2.0,80.0,3.0,3.0,1.0,3.0,2.0,5.0,11.0,9.0,4.0,3.0,3.0,Republican,Male,No degree,45-59,2.0
Causal evidence,1.0,91.0,1.0,1.0,2.0,1.0,3.0,1.0,7.0,4.0,1.0,1.0,2.0,Democrat,Female,BA+,60+,2.0
Causal evidence,2.0,80.0,2.0,1.0,1.0,2.0,1.0,3.0,12.0,7.0,3.0,2.0,2.0,Independent,Male,BA+,30-44,2.0
Control (unrelated text),2.0,90.0,1.0,1.0,2.0,1.0,2.0,1.0,7.0,7.0,1.0,2.0,1.0,Independent,Female,No degree,45-59,3.0
Scientific consensus,1.0,96.0,1.0,1.0,3.0,1.0,3.0,1.0,6.0,4.0,1.0,1.0,1.0,Democrat,Female,BA+,45-59,2.0
Scientific consensus,2.0,97.0,1.0,1.0,2.0,2.0,2.0,1.0,8.0,6.0,1.0,2.0,1.0,Independent,Male,BA+,18-29,2.0
Control (unrelated text),2.0,90.0,1.0,1.0,2.0,1.0,2.0,1.0,8.0,4.0,1.0,2.0,1.0,Democrat,Male,BA+,30-44,3.0
Scientific consensus,1.0,62.0,2.0,2.0,2.0,1.0,1.0,1.0,8.0,6.0,2.0,2.0,1.0,Democrat,Female,BA+,18-29,2.0
Scientific consensus,2.0,97.0,1.0,1.0,3.0,1.0,3.0,1.0,6.0,4.0,1.0,1.0,1.0,Democrat,Male,No degree,18-29,1.0
Causal evidence,1.0,93.0,1.0,1.0,3.0,1.0,3.0,1.0,6.0,4.0,1.0,1.0,1.0,Democrat,Female,Some college,45-59,2.0
Control (unrelated text),1.0,93.0,1.0,1.0,2.0,1.0,3.0,1.0,6.0,4.0,1.0,1.0,1.0,Democrat,Male,No degree,30-44,3.0
Causal evidence,1.0,91.0,1.0,1.0,1.0,1.0,1.0,1.0,6.0,4.0,1.0,1.0,1.0,Democrat,Female,BA+,60+,2.0
Causal evidence,1.0,79.0,1.0,1.0,3.0,1.0,3.0,1.0,6.0,4.0,1.0,1.0,1.0,Democrat,Female,BA+,30-44,2.0
Scientific consensus,1.0,97.0,1.0,1.0,3.0,1.0,3.0,1.0,6.0,5.0,1.0,1.0,1.0,Democrat,Female,No degree,18-29,1.0
Control (unrelated text),1.0,87.0,1.0,1.0,2.0,1.0,2.0,1.0,6.0,4.0,1.0,1.0,1.0,Democrat,Male,BA+,45-59,3.0
Causal evidence,2.0,86.0,1.0,2.0,2.0,2.0,2.0,2.0,9.0,8.0,2.0,3.0,2.0,Independent,Male,No degree,18-29,2.0
Causal evidence,1.0,95.0,1.0,1.0,3.0,1.0,3.0,1.0,6.0,4.0,1.0,1.0,1.0,Democrat,Male,BA+,18-29,2.0
Scientific consensus,2.0,97.0,1.0,1.0,3.0,1.0,3.0,1.0,6.0,5.0,1.0,2.0,1.0,Democrat,Female,No degree,30-44,1.0
Scientific consensus,1.0,97.0,1.0,1.0,2.0,1.0,2.0,1.0,9.0,4.0,1.0,1.0,1.0,Independent,Male,No degree,45-59,1.0
Scientific consensus,2.0,62.0,2.0,1.0,2.0,2.0,2.0,1.0,8.0,6.0,2.0,2.0,2.0,Democrat,Male,BA+,30-44,2.0
Control (unrelated text),1.0,97.0,1.0,1.0,4.0,1.0,4.0,1.0,6.0,4.0,1.0,1.0,1.0,Democrat,Female,No degree,45-59,3.0
Control (unrelated text),1.0,90.0,1.0,1.0,3.0,1.0,3.0,1.0,7.0,4.0,1.0,1.0,1.0,Independent,Male,No degree,30-44,3.0
Causal evidence,1.0,99.0,1.0,1.0,3.0,1.0,3.0,1.0,6.0,4.0,1.0,1.0,1.0,Democrat,Female,BA+,30-44,2.0
Control (unrelated text),2.0,58.0,1.0,1.0,1.0,1.0,1.0,1.0,8.0,6.0,2.0,3.0,1.0,Democrat,Male,BA+,30-44,3.0
Scientific consensus,1.0,97.0,1.0,1.0,2.0,1.0,2.0,1.0,7.0,4.0,2.0,1.0,1.0,Democrat,Male,No degree,30-44,1.0
Control (unrelated text),1.0,90.0,2.0,1.0,2.0,1.0,2.0,1.0,6.0,4.0,1.0,2.0,2.0,Democrat,Female,BA+,30-44,3.0
Control (unrelated text),1.0,75.0,1.0,1.0,2.0,1.0,2.0,1.0,6.0,4.0,1.0,1.0,1.0,Democrat,Male,BA+,18-29,3.0
Control (unrelated text),1.0,93.0,1.0,1.0,4.0,1.0,4.0,1.0,9.0,4.0,1.0,1.0,1.0,Democrat,Female,BA+,45-59,3.0
Scientific consensus,1.0,97.0,1.0,1.0,2.0,1.0,2.0,1.0,8.0,4.0,2.0,1.0,1.0,Democrat,Male,BA+,30-44,1.0
Causal evidence,1.0,90.0,1.0,1.0,3.0,1.0,3.0,1.0,7.0,5.0,1.0,1.0,1.0,Democrat,Female,BA+,30-44,2.0
Causal evidence,1.0,97.0,1.0,1.0,3.0,1.0,3.0,1.0,7.0,4.0,2.0,1.0,1.0,Democrat,Female,BA+,30-44,2.0
Causal evidence,2.0,93.0,1.0,2.0,1.0,2.0,1.0,2.0,7.0,4.0,2.0,2.0,1.0,Democrat,Male,BA+,30-44,1.0
Scientific consensus,4.0,66.0,2.0,3.0,1.0,3.0,2.0,4.0,10.0,8.0,3.0,4.0,2.0,Democrat,Male,No degree,30-44,2.0
Causal evidence,1.0,97.0,1.0,1.0,3.0,1.0,3.0,1.0,7.0,5.0,1.0,1.0,1.0,Democrat,Male,BA+,30-44,2.0
Causal evidence,1.0,100.0,1.0,1.0,4.0,1.0,4.0,1.0,6.0,4.0,1.0,1.0,1.0,Democrat,Male,BA+,30-44,2.0
Control (unrelated text),1.0,99.0,1.0,1.0,2.0,1.0,3.0,1.0,7.0,4.0,2.0,1.0,1.0,Democrat,Male,BA+,30-44,3.0
Causal evidence,3.0,68.0,1.0,3.0,2.0,2.0,3.0,4.0,9.0,7.0,2.0,3.0,2.0,Independent,Male,BA+,18-29,2.0
Control (unrelated text),3.0,73.0,3.0,2.0,1.0,2.0,1.0,3.0,12.0,10.0,3.0,3.0,2.0,Republican,Female,BA+,30-44,3.0
Control (unrelated text),2.0,99.0,1.0,3.0,2.0,1.0,2.0,2.0,6.0,4.0,2.0,1.0,1.0,Democrat,Male,BA+,30-44,3.0
Causal evidence,2.0,52.0,2.0,2.0,2.0,2.0,2.0,3.0,12.0,8.0,3.0,3.0,2.0,Republican,Male,BA+,60+,2.0
Scientific consensus,3.0,97.0,1.0,1.0,2.0,1.0,3.0,2.0,11.0,8.0,2.0,3.0,1.0,Democrat,Male,No degree,30-44,1.0
Control (unrelated text),3.0,69.0,1.0,1.0,3.0,2.0,3.0,2.0,10.0,8.0,1.0,3.0,1.0,Republican,Male,No degree,45-59,3.0
Scientific consensus,1.0,70.0,2.0,1.0,1.0,2.0,1.0,3.0,9.0,7.0,2.0,2.0,2.0,Independent,Female,BA+,30-44,2.0
Causal evidence,4.0,93.0,2.0,2.0,2.0,1.0,2.0,5.0,12.0,9.0,4.0,4.0,2.0,Republican,Male,No degree,30-44,2.0
Scientific consensus,1.0,97.0,1.0,1.0,3.0,1.0,3.0,1.0,6.0,4.0,1.0,1.0,1.0,Republican,Female,BA+,30-44,1.0
Causal evidence,1.0,98.0,1.0,1.0,3.0,1.0,4.0,1.0,7.0,5.0,1.0,1.0,1.0,Democrat,Male,No degree,30-44,2.0
Causal evidence,1.0,99.0,1.0,1.0,3.0,1.0,3.0,1.0,7.0,4.0,1.0,1.0,2.0,Democrat,Female,No degree,45-59,2.0
Scientific consensus,1.0,97.0,1.0,1.0,2.0,1.0,2.0,1.0,7.0,4.0,1.0,1.0,1.0,Democrat,Male,BA+,30-44,1.0
Scientific consensus,1.0,97.0,1.0,1.0,2.0,1.0,2.0,1.0,6.0,4.0,1.0,1.0,1.0,Democrat,Male,BA+,30-44,1.0
Control (unrelated text),1.0,75.0,2.0,1.0,1.0,1.0,1.0,1.0,6.0,4.0,1.0,1.0,2.0,Democrat,Female,No degree,30-44,3.0
Control (unrelated text),2.0,82.0,1.0,1.0,2.0,1.0,3.0,2.0,9.0,7.0,1.0,2.0,1.0,Independent,Male,No degree,30-44,3.0
Control (unrelated text),1.0,73.0,1.0,1.0,3.0,1.0,3.0,2.0,8.0,6.0,2.0,1.0,1.0,Democrat,Female,BA+,30-44,3.0
Scientific consensus,1.0,85.0,1.0,1.0,1.0,1.0,1.0,1.0,7.0,5.0,1.0,1.0,2.0,Independent,Male,No degree,18-29,1.0
Causal evidence,1.0,99.0,1.0,1.0,4.0,1.0,4.0,1.0,6.0,4.0,1.0,1.0,1.0,Democrat,Male,BA+,30-44,2.0
Control (unrelated text),1.0,75.0,1.0,1.0,2.0,2.0,2.0,1.0,6.0,7.0,2.0,1.0,2.0,Independent,Female,BA+,30-44,3.0
Causal evidence,1.0,99.0,1.0,1.0,3.0,1.0,3.0,1.0,6.0,4.0,1.0,1.0,1.0,Democrat,Male,No degree,30-44,2.0
Causal evidence,1.0,70.0,2.0,1.0,2.0,2.0,2.0,1.0,6.0,4.0,2.0,1.0,2.0,Democrat,Male,No degree,45-59,2.0
Scientific consensus,2.0,74.0,1.0,1.0,3.0,2.0,2.0,2.0,7.0,6.0,2.0,2.0,2.0,Democrat,Female,BA+,30-44,2.0
Scientific consensus,1.0,97.0,1.0,1.0,2.0,1.0,2.0,1.0,7.0,4.0,1.0,1.0,1.0,Democrat,Female,Some college,18-29,1.0
Scientific consensus,2.0,97.0,2.0,2.0,2.0,1.0,2.0,1.0,7.0,6.0,1.0,2.0,2.0,Independent,Female,No degree,30-44,1.0
Causal evidence,2.0,83.0,1.0,1.0,2.0,2.0,2.0,1.0,7.0,6.0,2.0,2.0,1.0,Democrat,Male,BA+,18-29,2.0
Causal evidence,1.0,70.0,1.0,1.0,2.0,1.0,2.0,2.0,9.0,6.0,2.0,2.0,2.0,Republican,Female,BA+,30-44,2.0
Scientific consensus,1.0,91.0,1.0,1.0,1.0,1.0,1.0,1.0,6.0,5.0,1.0,1.0,1.0,Democrat,Male,BA+,30-44,2.0
Scientific consensus,1.0,97.0,1.0,1.0,3.0,1.0,3.0,1.0,7.0,4.0,1.0,1.0,1.0,Democrat,Male,BA+,18-29,1.0
Causal evidence,1.0,99.0,1.0,1.0,3.0,1.0,3.0,1.0,6.0,4.0,2.0,1.0,1.0,Democrat,Female,BA+,45-59,2.0
Control (unrelated text),2.0,80.0,2.0,2.0,2.0,2.0,2.0,3.0,11.0,9.0,2.0,2.0,2.0,Republican,Male,No degree,30-44,3.0
Control (unrelated text),1.0,90.0,1.0,1.0,3.0,1.0,1.0,1.0,7.0,4.0,1.0,1.0,1.0,Democrat,Male,BA+,30-44,3.0
Control (unrelated text),1.0,95.0,1.0,1.0,4.0,1.0,4.0,1.0,6.0,4.0,1.0,1.0,1.0,Democrat,Male,BA+,30-44,3.0
Control (unrelated text),1.0,72.0,1.0,1.0,1.0,2.0,2.0,1.0,6.0,4.0,2.0,1.0,1.0,Democrat,Female,BA+,18-29,3.0
Control (unrelated text),1.0,90.0,1.0,2.0,3.0,1.0,2.0,1.0,7.0,5.0,2.0,2.0,1.0,Democrat,Male,Some college,30-44,3.0
Control (unrelated text),2.0,70.0,2.0,1.0,2.0,1.0,2.0,2.0,6.0,5.0,1.0,2.0,1.0,Democrat,Female,BA+,18-29,3.0
Control (unrelated text),3.0,35.0,2.0,2.0,2.0,2.0,2.0,2.0,9.0,8.0,2.0,3.0,2.0,Independent,Male,No degree,30-44,3.0
Causal evidence,1.0,100.0,1.0,1.0,2.0,1.0,2.0,1.0,6.0,4.0,2.0,1.0,1.0,Democrat,Female,BA+,18-29,2.0
Causal evidence,1.0,88.0,1.0,1.0,3.0,1.0,2.0,1.0,8.0,4.0,1.0,2.0,1.0,Democrat,Female,No degree,18-29,2.0
Scientific consensus,1.0,97.0,1.0,1.0,3.0,1.0,3.0,1.0,7.0,4.0,1.0,1.0,1.0,Democrat,Male,Some college,60+,1.0
Scientific consensus,2.0,97.0,1.0,1.0,3.0,1.0,3.0,1.0,7.0,4.0,1.0,2.0,1.0,Democrat,Male,BA+,30-44,1.0
Causal evidence,1.0,97.0,1.0,1.0,3.0,1.0,2.0,1.0,7.0,5.0,1.0,1.0,1.0,Democrat,Female,Some college,18-29,2.0
Causal evidence,2.0,85.0,1.0,2.0,1.0,2.0,1.0,4.0,7.0,5.0,2.0,2.0,1.0,Democrat,Female,BA+,30-44,1.0
Control (unrelated text),1.0,95.0,1.0,1.0,3.0,1.0,2.0,1.0,9.0,6.0,1.0,1.0,1.0,Republican,Male,BA+,45-59,3.0
Control (unrelated text),4.0,70.0,3.0,4.0,1.0,3.0,1.0,5.0,12.0,10.0,4.0,4.0,3.0,Republican,Female,No degree,60+,3.0
Scientific consensus,1.0,97.0,1.0,1.0,4.0,1.0,4.0,1.0,6.0,4.0,1.0,1.0,1.0,Independent,Male,BA+,30-44,1.0
Scientific consensus,1.0,86.0,1.0,1.0,3.0,1.0,3.0,1.0,6.0,5.0,1.0,1.0,1.0,Democrat,Male,Some college,30-44,2.0
Scientific consensus,2.0,97.0,2.0,2.0,1.0,2.0,1.0,2.0,7.0,5.0,2.0,2.0,3.0,Democrat,Female,No degree,45-59,1.0
Control (unrelated text),1.0,94.0,1.0,1.0,2.0,1.0,1.0,1.0,6.0,4.0,1.0,1.0,1.0,Democrat,Female,BA+,30-44,3.0
Causal evidence,1.0,99.0,1.0,1.0,3.0,1.0,3.0,1.0,6.0,4.0,1.0,1.0,1.0,Democrat,Male,BA+,30-44,2.0
Control (unrelated text),1.0,99.0,1.0,1.0,3.0,1.0,4.0,1.0,6.0,4.0,1.0,1.0,1.0,Democrat,Male,BA+,30-44,3.0
Causal evidence,1.0,93.0,1.0,1.0,2.0,1.0,3.0,1.0,6.0,4.0,1.0,1.0,1.0,Democrat,Female,BA+,30-44,2.0
Control (unrelated text),1.0,99.0,1.0,1.0,3.0,1.0,2.0,1.0,6.0,4.0,1.0,1.0,1.0,Democrat,Male,No degree,30-44,3.0
Scientific consensus,1.0,97.0,1.0,1.0,2.0,1.0,3.0,1.0,8.0,5.0,1.0,1.0,1.0,Democrat,Female,Some college,30-44,1.0
Control (unrelated text),1.0,74.0,1.0,1.0,3.0,1.0,4.0,1.0,7.0,4.0,2.0,1.0,1.0,Democrat,Male,BA+,30-44,3.0
Scientific consensus,1.0,97.0,1.0,1.0,3.0,1.0,3.0,1.0,6.0,4.0,1.0,1.0,1.0,Democrat,Female,BA+,45-59,1.0
Scientific consensus,1.0,92.0,1.0,1.0,3.0,1.0,2.0,1.0,8.0,4.0,2.0,1.0,1.0,Democrat,Male,BA+,30-44,2.0
Control (unrelated text),2.0,92.0,1.0,1.0,2.0,1.0,1.0,1.0,8.0,5.0,1.0,2.0,1.0,Independent,Male,BA+,18-29,3.0
Scientific consensus,1.0,97.0,1.0,1.0,3.0,1.0,3.0,1.0,8.0,4.0,1.0,1.0,1.0,Democrat,Male,No degree,30-44,1.0
Causal evidence,1.0,91.0,1.0,1.0,4.0,1.0,4.0,1.0,6.0,4.0,1.0,1.0,1.0,Democrat,Female,No degree,45-59,2.0
Causal evidence,2.0,85.0,1.0,1.0,2.0,1.0,2.0,1.0,8.0,5.0,2.0,2.0,1.0,Democrat,Male,No degree,45-59,2.0
Control (unrelated text),1.0,94.0,1.0,1.0,3.0,1.0,3.0,1.0,6.0,4.0,1.0,1.0,1.0,Democrat,Female,Some college,60+,3.0
Causal evidence,1.0,95.0,1.0,1.0,4.0,1.0,3.0,1.0,6.0,4.0,1.0,1.0,1.0,Democrat,Female,Some college,30-44,2.0
Scientific consensus,1.0,97.0,1.0,1.0,3.0,1.0,3.0,1.0,6.0,4.0,1.0,1.0,1.0,Democrat,Female,BA+,45-59,1.0
Causal evidence,1.0,90.0,1.0,1.0,2.0,1.0,1.0,1.0,7.0,5.0,1.0,1.0,1.0,Democrat,Male,BA+,30-44,2.0
Scientific consensus,1.0,97.0,1.0,1.0,3.0,1.0,4.0,1.0,9.0,4.0,2.0,1.0,1.0,Democrat,Female,No degree,18-29,1.0
Causal evidence,1.0,60.0,1.0,1.0,2.0,1.0,1.0,3.0,7.0,7.0,2.0,1.0,1.0,Democrat,Male,BA+,45-59,2.0
Scientific consensus,1.0,97.0,2.0,2.0,2.0,2.0,2.0,2.0,7.0,5.0,2.0,1.0,2.0,Democrat,Male,No degree,30-44,1.0
Control (unrelated text),1.0,87.0,1.0,1.0,3.0,1.0,3.0,1.0,7.0,4.0,1.0,1.0,1.0,Democrat,Male,BA+,30-44,3.0
Control (unrelated text),1.0,97.0,1.0,1.0,2.0,1.0,2.0,1.0,7.0,4.0,2.0,1.0,1.0,Democrat,Male,No degree,30-44,3.0
Causal evidence,1.0,79.0,1.0,2.0,2.0,1.0,2.0,1.0,7.0,5.0,1.0,2.0,1.0,Democrat,Male,No degree,30-44,2.0
Causal evidence,1.0,90.0,1.0,1.0,3.0,1.0,4.0,1.0,6.0,4.0,1.0,1.0,1.0,Democrat,Female,Some college,45-59,2.0
Scientific consensus,1.0,97.0,1.0,1.0,3.0,1.0,3.0,1.0,8.0,4.0,1.0,1.0,1.0,Democrat,Male,Some college,30-44,1.0
Control (unrelated text),1.0,72.0,1.0,1.0,2.0,1.0,2.0,1.0,6.0,4.0,1.0,1.0,1.0,Democrat,Female,Some college,30-44,3.0
Scientific consensus,2.0,74.0,1.0,1.0,2.0,1.0,3.0,1.0,7.0,6.0,2.0,2.0,1.0,Democrat,Male,BA+,30-44,1.0
Causal evidence,2.0,57.0,2.0,2.0,2.0,2.0,2.0,1.0,7.0,5.0,1.0,1.0,1.0,Democrat,Female,BA+,30-44,2.0
Scientific consensus,1.0,97.0,1.0,1.0,3.0,1.0,3.0,1.0,7.0,4.0,1.0,1.0,1.0,Democrat,Female,BA+,30-44,1.0
Control (unrelated text),1.0,97.0,1.0,1.0,3.0,1.0,3.0,1.0,8.0,4.0,1.0,1.0,1.0,Democrat,Female,BA+,60+,3.0
Causal evidence,2.0,71.0,1.0,1.0,2.0,2.0,2.0,2.0,10.0,5.0,2.0,2.0,1.0,Democrat,Male,BA+,30-44,1.0
Scientific consensus,1.0,97.0,1.0,1.0,3.0,1.0,3.0,1.0,8.0,4.0,1.0,1.0,1.0,Democrat,Male,Some college,18-29,1.0
Scientific consensus,1.0,97.0,2.0,1.0,2.0,1.0,2.0,1.0,7.0,4.0,1.0,1.0,2.0,Democrat,Male,Some college,45-59,1.0
Scientific consensus,1.0,95.0,1.0,2.0,3.0,2.0,3.0,1.0,6.0,5.0,1.0,1.0,1.0,Independent,Male,No degree,30-44,1.0
Control (unrelated text),1.0,97.0,1.0,1.0,2.0,1.0,2.0,1.0,6.0,4.0,1.0,1.0,1.0,Democrat,Male,BA+,30-44,3.0
Control (unrelated text),1.0,100.0,1.0,1.0,1.0,1.0,1.0,1.0,6.0,4.0,1.0,1.0,1.0,Democrat,Male,BA+,18-29,2.0
Scientific consensus,1.0,77.0,1.0,1.0,1.0,1.0,1.0,1.0,6.0,4.0,1.0,1.0,1.0,Democrat,Male,BA+,18-29,1.0
Causal evidence,2.0,92.0,1.0,1.0,2.0,1.0,2.0,3.0,12.0,10.0,3.0,2.0,1.0,Republican,Male,No degree,30-44,2.0
Causal evidence,2.0,80.0,1.0,1.0,4.0,1.0,1.0,1.0,8.0,7.0,2.0,3.0,1.0,Independent,Male,BA+,30-44,1.0
Causal evidence,1.0,98.0,1.0,1.0,2.0,1.0,2.0,1.0,7.0,4.0,1.0,1.0,1.0,Democrat,Male,BA+,30-44,2.0
Scientific consensus,1.0,97.0,1.0,1.0,2.0,1.0,1.0,1.0,9.0,5.0,1.0,1.0,1.0,Democrat,Female,Some college,18-29,1.0
Control (unrelated text),1.0,90.0,1.0,1.0,4.0,1.0,4.0,1.0,7.0,4.0,1.0,1.0,1.0,Democrat,Female,Some college,30-44,3.0
Causal evidence,1.0,90.0,1.0,1.0,2.0,2.0,2.0,1.0,7.0,4.0,2.0,2.0,1.0,Democrat,Female,BA+,30-44,2.0
Control (unrelated text),2.0,96.0,1.0,1.0,2.0,1.0,1.0,1.0,9.0,9.0,1.0,2.0,1.0,Independent,Male,No degree,30-44,3.0
Causal evidence,1.0,90.0,1.0,1.0,3.0,1.0,3.0,1.0,9.0,4.0,1.0,1.0,1.0,Independent,Female,Some college,45-59,2.0
Scientific consensus,1.0,97.0,1.0,1.0,4.0,1.0,3.0,1.0,7.0,4.0,1.0,1.0,1.0,Democrat,Male,BA+,30-44,1.0
Control (unrelated text),1.0,90.0,1.0,1.0,3.0,1.0,3.0,1.0,6.0,4.0,1.0,1.0,1.0,Democrat,Female,BA+,18-29,3.0
Causal evidence,2.0,80.0,2.0,2.0,2.0,1.0,1.0,1.0,8.0,5.0,2.0,2.0,2.0,Democrat,Male,No degree,30-44,2.0
Scientific consensus,1.0,97.0,1.0,1.0,2.0,1.0,3.0,1.0,6.0,4.0,1.0,1.0,1.0,Independent,Female,BA+,18-29,1.0
Causal evidence,1.0,100.0,1.0,1.0,3.0,1.0,3.0,2.0,7.0,4.0,1.0,1.0,1.0,Democrat,Female,Some college,18-29,2.0
Control (unrelated text),1.0,75.0,1.0,1.0,1.0,1.0,2.0,1.0,6.0,4.0,1.0,1.0,1.0,Democrat,Female,BA+,30-44,3.0
Causal evidence,1.0,90.0,1.0,1.0,3.0,1.0,3.0,1.0,8.0,5.0,1.0,1.0,1.0,Independent,Male,No degree,30-44,2.0
Control (unrelated text),2.0,95.0,1.0,1.0,2.0,1.0,2.0,4.0,12.0,9.0,3.0,2.0,1.0,Republican,Male,BA+,30-44,3.0
Scientific consensus,2.0,97.0,1.0,1.0,2.0,1.0,2.0,2.0,10.0,4.0,2.0,2.0,1.0,Republican,Male,BA+,45-59,1.0
Causal evidence,1.0,83.0,1.0,1.0,3.0,1.0,2.0,1.0,6.0,4.0,1.0,1.0,1.0,Democrat,Female,BA+,60+,2.0
Scientific consensus,1.0,97.0,1.0,1.0,3.0,1.0,3.0,1.0,7.0,4.0,2.0,1.0,1.0,Democrat,Male,BA+,18-29,1.0
Control (unrelated text),1.0,97.0,1.0,1.0,3.0,1.0,3.0,1.0,6.0,4.0,1.0,1.0,1.0,Democrat,Male,No degree,18-29,3.0
Control (unrelated text),2.0,90.0,1.0,2.0,3.0,1.0,3.0,1.0,7.0,5.0,1.0,2.0,1.0,Democrat,Male,BA+,30-44,3.0
Causal evidence,1.0,99.0,1.0,1.0,4.0,1.0,4.0,1.0,7.0,4.0,1.0,1.0,1.0,Democrat,Male,BA+,30-44,2.0
Scientific consensus,1.0,97.0,1.0,1.0,2.0,1.0,2.0,1.0,6.0,4.0,1.0,1.0,1.0,Democrat,Female,BA+,45-59,1.0
Control (unrelated text),1.0,83.0,1.0,1.0,3.0,1.0,2.0,1.0,6.0,5.0,1.0,1.0,1.0,Republican,Male,No degree,30-44,3.0
Scientific consensus,1.0,97.0,1.0,1.0,3.0,1.0,3.0,1.0,6.0,4.0,1.0,1.0,1.0,Democrat,Male,BA+,30-44,1.0
Causal evidence,1.0,100.0,1.0,1.0,3.0,1.0,3.0,1.0,6.0,4.0,2.0,1.0,1.0,Democrat,Male,BA+,30-44,2.0
Control (unrelated text),1.0,80.0,1.0,1.0,1.0,1.0,1.0,2.0,7.0,5.0,1.0,1.0,1.0,Democrat,Male,BA+,30-44,3.0
Scientific consensus,3.0,91.0,2.0,3.0,1.0,2.0,1.0,5.0,12.0,10.0,4.0,3.0,2.0,,Female,Some college,30-44,1.0
Scientific consensus,1.0,97.0,1.0,1.0,2.0,1.0,2.0,2.0,7.0,4.0,2.0,1.0,1.0,Democrat,Male,BA+,30-44,1.0
Causal evidence,1.0,91.0,1.0,1.0,3.0,1.0,4.0,1.0,6.0,5.0,2.0,1.0,1.0,Democrat,Male,BA+,18-29,2.0
Causal evidence,1.0,90.0,1.0,1.0,3.0,1.0,3.0,1.0,6.0,4.0,2.0,1.0,1.0,Democrat,Male,BA+,30-44,2.0
Control (unrelated text),3.0,74.0,1.0,1.0,2.0,1.0,2.0,1.0,6.0,4.0,1.0,3.0,1.0,Democrat,Male,No degree,18-29,3.0
Control (unrelated text),2.0,74.0,2.0,2.0,2.0,3.0,2.0,2.0,8.0,5.0,3.0,2.0,1.0,Independent,Male,No degree,18-29,3.0
Control (unrelated text),1.0,92.0,1.0,1.0,3.0,1.0,3.0,1.0,8.0,6.0,1.0,1.0,1.0,Democrat,Male,Some college,30-44,3.0
Causal evidence,1.0,96.0,1.0,1.0,2.0,1.0,3.0,1.0,6.0,4.0,1.0,2.0,1.0,Democrat,Male,Some college,30-44,2.0
Scientific consensus,1.0,97.0,1.0,1.0,2.0,1.0,1.0,1.0,6.0,4.0,1.0,1.0,1.0,Democrat,Male,No degree,30-44,1.0
Scientific consensus,2.0,62.0,1.0,1.0,1.0,2.0,2.0,2.0,7.0,5.0,2.0,2.0,1.0,Independent,Female,No degree,30-44,2.0
Scientific consensus,1.0,97.0,1.0,1.0,2.0,1.0,1.0,1.0,6.0,4.0,1.0,1.0,1.0,Democrat,Male,BA+,30-44,1.0
Scientific consensus,2.0,91.0,1.0,2.0,2.0,1.0,2.0,1.0,8.0,6.0,1.0,2.0,1.0,Democrat,Female,BA+,30-44,1.0
Causal evidence,1.0,81.0,1.0,1.0,3.0,1.0,3.0,1.0,6.0,4.0,1.0,1.0,1.0,Democrat,Female,BA+,45-59,2.0
Causal evidence,1.0,85.0,2.0,1.0,1.0,1.0,1.0,1.0,7.0,5.0,1.0,1.0,1.0,Democrat,Male,BA+,30-44,1.0
Causal evidence,1.0,97.0,1.0,1.0,3.0,1.0,3.0,1.0,7.0,4.0,1.0,1.0,1.0,Democrat,Female,No degree,18-29,2.0
Control (unrelated text),1.0,80.0,1.0,2.0,3.0,2.0,3.0,3.0,8.0,6.0,2.0,1.0,1.0,Democrat,Female,BA+,18-29,3.0
Scientific consensus,2.0,97.0,1.0,1.0,2.0,1.0,2.0,2.0,11.0,6.0,2.0,2.0,1.0,Independent,Male,BA+,45-59,1.0
Scientific consensus,2.0,97.0,1.0,2.0,3.0,1.0,2.0,1.0,6.0,5.0,1.0,2.0,1.0,Independent,Male,BA+,30-44,1.0
Scientific consensus,3.0,97.0,2.0,2.0,2.0,2.0,2.0,2.0,8.0,6.0,3.0,3.0,2.0,Democrat,Male,No degree,45-59,1.0
Control (unrelated text),2.0,72.0,2.0,2.0,2.0,2.0,2.0,3.0,12.0,10.0,4.0,2.0,2.0,Independent,Male,BA+,30-44,3.0
Control (unrelated text),2.0,29.0,2.0,4.0,1.0,3.0,3.0,3.0,12.0,10.0,4.0,4.0,3.0,Republican,Female,Some college,18-29,3.0
Scientific consensus,1.0,97.0,1.0,1.0,3.0,1.0,2.0,1.0,7.0,4.0,1.0,2.0,1.0,Democrat,Male,BA+,18-29,1.0
Scientific consensus,1.0,97.0,1.0,1.0,3.0,1.0,4.0,1.0,6.0,4.0,1.0,1.0,1.0,Democrat,Female,BA+,18-29,1.0
Control (unrelated text),1.0,95.0,1.0,1.0,2.0,1.0,1.0,1.0,9.0,5.0,2.0,1.0,1.0,Democrat,Male,No degree,45-59,3.0
Causal evidence,2.0,70.0,1.0,2.0,2.0,2.0,2.0,2.0,7.0,5.0,2.0,2.0,1.0,Independent,Male,No degree,45-59,2.0
Control (unrelated text),1.0,90.0,1.0,1.0,2.0,1.0,2.0,1.0,8.0,5.0,2.0,1.0,2.0,Independent,Male,BA+,30-44,3.0
Control (unrelated text),1.0,92.0,1.0,1.0,2.0,1.0,1.0,1.0,6.0,4.0,1.0,1.0,1.0,Democrat,Male,No degree,30-44,3.0
Scientific consensus,2.0,97.0,1.0,2.0,2.0,2.0,2.0,3.0,11.0,7.0,2.0,2.0,2.0,Republican,Female,BA+,45-59,1.0
Control (unrelated text),1.0,74.0,1.0,1.0,3.0,1.0,4.0,1.0,6.0,5.0,1.0,1.0,1.0,Democrat,Male,No degree,18-29,3.0
Control (unrelated text),1.0,95.0,1.0,1.0,3.0,1.0,3.0,1.0,6.0,4.0,1.0,1.0,1.0,Democrat,Male,BA+,30-44,3.0
Causal evidence,2.0,80.0,1.0,1.0,2.0,2.0,2.0,2.0,7.0,8.0,2.0,2.0,1.0,Republican,Female,BA+,18-29,1.0
Control (unrelated text),1.0,99.0,1.0,1.0,3.0,1.0,3.0,1.0,6.0,4.0,1.0,1.0,1.0,Democrat,Male,BA+,18-29,3.0
Scientific consensus,2.0,97.0,1.0,2.0,2.0,1.0,1.0,1.0,10.0,4.0,1.0,2.0,1.0,Democrat,Male,BA+,30-44,1.0
Scientific consensus,1.0,97.0,1.0,1.0,2.0,1.0,2.0,1.0,8.0,4.0,1.0,1.0,1.0,Democrat,Female,BA+,60+,1.0
Scientific consensus,1.0,99.0,1.0,1.0,3.0,1.0,1.0,1.0,6.0,4.0,1.0,1.0,1.0,Democrat,Female,No degree,18-29,1.0
Scientific consensus,1.0,97.0,1.0,1.0,3.0,1.0,3.0,1.0,6.0,4.0,1.0,1.0,1.0,Democrat,Female,BA+,30-44,1.0
Causal evidence,1.0,92.0,1.0,1.0,2.0,1.0,2.0,2.0,6.0,4.0,1.0,1.0,2.0,Democrat,Male,No degree,45-59,2.0
Scientific consensus,2.0,60.0,3.0,2.0,1.0,3.0,2.0,3.0,10.0,8.0,2.0,3.0,3.0,Republican,Male,BA+,45-59,2.0
Causal evidence,1.0,93.0,1.0,1.0,3.0,1.0,4.0,1.0,8.0,4.0,1.0,1.0,1.0,Democrat,Male,No degree,45-59,2.0
Causal evidence,1.0,91.0,1.0,1.0,3.0,1.0,3.0,1.0,9.0,4.0,1.0,1.0,1.0,Democrat,Male,BA+,30-44,2.0
Scientific consensus,1.0,97.0,1.0,1.0,3.0,1.0,3.0,1.0,6.0,4.0,2.0,1.0,1.0,Democrat,Male,BA+,18-29,1.0
Scientific consensus,2.0,84.0,1.0,1.0,3.0,1.0,3.0,1.0,8.0,4.0,1.0,2.0,1.0,Democrat,Male,No degree,18-29,2.0
Control (unrelated text),1.0,96.0,1.0,1.0,2.0,1.0,1.0,1.0,8.0,5.0,1.0,1.0,1.0,Democrat,Female,BA+,18-29,3.0
Control (unrelated text),2.0,90.0,1.0,1.0,3.0,1.0,2.0,2.0,7.0,4.0,2.0,2.0,1.0,Democrat,Male,BA+,60+,3.0
Scientific consensus,1.0,97.0,1.0,1.0,2.0,1.0,2.0,1.0,7.0,5.0,1.0,2.0,1.0,Democrat,Male,No degree,,1.0
Causal evidence,2.0,50.0,3.0,2.0,1.0,3.0,1.0,5.0,12.0,10.0,4.0,2.0,3.0,Independent,Male,BA+,30-44,2.0
Causal evidence,1.0,99.0,1.0,1.0,3.0,1.0,3.0,1.0,7.0,4.0,1.0,1.0,1.0,Democrat,Male,No degree,18-29,2.0
Causal evidence,2.0,99.0,1.0,1.0,4.0,1.0,4.0,1.0,8.0,4.0,1.0,2.0,1.0,Democrat,Female,Some college,30-44,2.0
Causal evidence,1.0,100.0,1.0,1.0,3.0,1.0,3.0,1.0,6.0,4.0,1.0,1.0,1.0,Democrat,Female,BA+,45-59,2.0
Causal evidence,2.0,76.0,1.0,1.0,2.0,1.0,2.0,3.0,8.0,6.0,1.0,2.0,1.0,Independent,Male,BA+,18-29,2.0
Scientific consensus,1.0,97.0,1.0,1.0,2.0,1.0,3.0,1.0,6.0,4.0,1.0,1.0,1.0,Democrat,Male,BA+,45-59,1.0
Scientific consensus,1.0,97.0,1.0,1.0,3.0,1.0,3.0,1.0,6.0,4.0,1.0,1.0,1.0,Democrat,Female,No degree,30-44,1.0
Control (unrelated text),2.0,88.0,2.0,1.0,1.0,1.0,1.0,2.0,12.0,10.0,3.0,2.0,2.0,Republican,Male,Some college,18-29,3.0
Causal evidence,1.0,95.0,1.0,1.0,2.0,1.0,2.0,1.0,7.0,4.0,1.0,1.0,1.0,Democrat,Male,BA+,30-44,2.0
Scientific consensus,2.0,90.0,1.0,1.0,3.0,1.0,2.0,1.0,6.0,5.0,1.0,2.0,1.0,Democrat,Female,No degree,30-44,1.0
Causal evidence,2.0,60.0,2.0,2.0,1.0,2.0,2.0,4.0,12.0,10.0,4.0,3.0,3.0,Republican,Male,Some college,30-44,2.0
Scientific consensus,1.0,97.0,1.0,1.0,3.0,1.0,3.0,1.0,6.0,4.0,1.0,1.0,1.0,Democrat,Female,BA+,45-59,1.0
Causal evidence,2.0,68.0,1.0,2.0,2.0,2.0,1.0,3.0,8.0,8.0,2.0,2.0,2.0,Republican,Female,Some college,30-44,2.0
Control (unrelated text),1.0,97.0,1.0,1.0,2.0,1.0,3.0,2.0,10.0,5.0,2.0,1.0,1.0,Independent,Male,BA+,30-44,3.0
Control (unrelated text),2.0,75.0,2.0,2.0,2.0,2.0,2.0,3.0,11.0,7.0,3.0,2.0,2.0,Republican,Female,BA+,18-29,3.0
Scientific consensus,2.0,97.0,1.0,1.0,2.0,1.0,2.0,1.0,7.0,5.0,1.0,2.0,1.0,Democrat,Male,No degree,30-44,1.0
Causal evidence,3.0,50.0,2.0,2.0,2.0,2.0,1.0,2.0,8.0,6.0,2.0,3.0,3.0,Republican,Male,BA+,30-44,2.0
Control (unrelated text),1.0,98.0,1.0,1.0,3.0,1.0,3.0,1.0,6.0,4.0,1.0,1.0,1.0,Democrat,Male,No degree,30-44,3.0
Scientific consensus,1.0,95.0,1.0,1.0,3.0,1.0,3.0,1.0,7.0,4.0,2.0,1.0,1.0,Democrat,Male,BA+,30-44,1.0
Causal evidence,1.0,90.0,1.0,2.0,2.0,1.0,2.0,1.0,7.0,5.0,1.0,2.0,2.0,Republican,Male,No degree,30-44,2.0
Control (unrelated text),1.0,99.0,1.0,1.0,3.0,1.0,4.0,1.0,6.0,4.0,1.0,1.0,1.0,Democrat,Female,BA+,18-29,3.0
Control (unrelated text),1.0,97.0,1.0,2.0,3.0,1.0,3.0,1.0,6.0,4.0,1.0,1.0,1.0,Democrat,Male,BA+,30-44,3.0
Control (unrelated text),1.0,99.0,1.0,1.0,3.0,1.0,3.0,1.0,9.0,4.0,1.0,2.0,1.0,Democrat,Male,BA+,30-44,3.0
Causal evidence,1.0,94.0,1.0,1.0,1.0,1.0,1.0,1.0,8.0,5.0,2.0,1.0,2.0,Democrat,Male,No degree,18-29,2.0
Control (unrelated text),1.0,97.0,1.0,1.0,4.0,1.0,4.0,1.0,6.0,4.0,1.0,1.0,1.0,Democrat,Female,BA+,18-29,3.0
Causal evidence,1.0,100.0,1.0,1.0,3.0,1.0,4.0,1.0,6.0,4.0,1.0,1.0,1.0,Democrat,Female,No degree,18-29,2.0
Control (unrelated text),1.0,90.0,1.0,1.0,2.0,1.0,1.0,1.0,8.0,4.0,2.0,1.0,1.0,Democrat,Male,No degree,45-59,3.0
Control (unrelated text),1.0,80.0,1.0,1.0,2.0,1.0,2.0,1.0,6.0,4.0,1.0,1.0,1.0,Democrat,Female,No degree,30-44,3.0
Causal evidence,1.0,80.0,1.0,1.0,3.0,1.0,2.0,1.0,7.0,5.0,1.0,1.0,1.0,Democrat,Female,No degree,30-44,2.0
Control (unrelated text),1.0,80.0,2.0,2.0,2.0,1.0,1.0,2.0,9.0,6.0,2.0,1.0,2.0,Democrat,Male,BA+,30-44,3.0
Scientific consensus,1.0,99.0,1.0,1.0,2.0,1.0,3.0,1.0,6.0,4.0,1.0,1.0,1.0,Democrat,Female,BA+,30-44,1.0
Scientific consensus,3.0,91.0,1.0,2.0,2.0,2.0,2.0,3.0,9.0,7.0,2.0,3.0,2.0,Independent,Male,No degree,30-44,1.0
Causal evidence,2.0,91.0,1.0,1.0,3.0,1.0,3.0,2.0,11.0,9.0,2.0,2.0,1.0,Republican,Male,BA+,45-59,2.0
Scientific consensus,2.0,95.0,2.0,2.0,2.0,2.0,2.0,2.0,8.0,6.0,3.0,2.0,2.0,Republican,Male,BA+,30-44,1.0
Control (unrelated text),1.0,94.0,1.0,1.0,2.0,1.0,1.0,1.0,8.0,4.0,1.0,2.0,1.0,Democrat,Male,No degree,45-59,3.0
Control (unrelated text),1.0,83.0,1.0,1.0,1.0,1.0,2.0,1.0,6.0,4.0,1.0,1.0,1.0,Democrat,Female,BA+,30-44,3.0
Scientific consensus,1.0,97.0,1.0,1.0,4.0,1.0,4.0,1.0,6.0,4.0,1.0,1.0,1.0,Democrat,Female,BA+,18-29,1.0
Scientific consensus,1.0,97.0,1.0,1.0,2.0,1.0,2.0,1.0,6.0,4.0,1.0,1.0,1.0,Democrat,Female,BA+,30-44,1.0
Causal evidence,1.0,66.0,1.0,1.0,2.0,1.0,2.0,2.0,6.0,5.0,2.0,1.0,1.0,Democrat,Female,No degree,30-44,2.0
Scientific consensus,2.0,74.0,1.0,1.0,3.0,1.0,3.0,1.0,6.0,4.0,1.0,1.0,1.0,Democrat,Female,BA+,18-29,2.0
Scientific consensus,2.0,90.0,1.0,1.0,1.0,1.0,2.0,1.0,6.0,7.0,2.0,3.0,1.0,Independent,Female,No degree,18-29,2.0
Scientific consensus,2.0,97.0,1.0,1.0,3.0,1.0,2.0,1.0,6.0,5.0,1.0,2.0,1.0,Republican,Male,BA+,18-29,2.0
Control (unrelated text),1.0,95.0,1.0,1.0,3.0,1.0,3.0,1.0,7.0,4.0,2.0,1.0,1.0,Democrat,Male,BA+,30-44,3.0
Control (unrelated text),2.0,81.0,1.0,1.0,3.0,1.0,3.0,1.0,7.0,5.0,2.0,2.0,1.0,Democrat,Female,BA+,30-44,3.0
Control (unrelated text),1.0,98.0,1.0,1.0,3.0,1.0,3.0,1.0,7.0,4.0,1.0,1.0,1.0,Democrat,Male,BA+,30-44,3.0
Causal evidence,1.0,98.0,1.0,1.0,2.0,1.0,1.0,1.0,7.0,4.0,1.0,1.0,1.0,Democrat,Male,BA+,45-59,2.0
Causal evidence,1.0,95.0,1.0,1.0,3.0,1.0,3.0,1.0,7.0,4.0,2.0,1.0,1.0,Democrat,Female,BA+,30-44,2.0
Scientific consensus,1.0,92.0,1.0,1.0,3.0,1.0,1.0,1.0,6.0,4.0,1.0,1.0,1.0,Democrat,Male,BA+,18-29,1.0
Scientific consensus,2.0,95.0,2.0,2.0,1.0,1.0,1.0,1.0,8.0,7.0,2.0,2.0,2.0,Republican,Female,Some college,45-59,1.0
Causal evidence,1.0,85.0,2.0,2.0,2.0,2.0,2.0,2.0,8.0,5.0,2.0,2.0,2.0,Democrat,Male,No degree,18-29,2.0
Scientific consensus,3.0,97.0,3.0,2.0,1.0,3.0,1.0,5.0,12.0,10.0,4.0,3.0,3.0,Independent,Male,BA+,60+,1.0
Causal evidence,1.0,95.0,1.0,1.0,4.0,1.0,4.0,1.0,6.0,4.0,1.0,1.0,1.0,Democrat,Female,No degree,18-29,2.0
Control (unrelated text),4.0,70.0,3.0,4.0,1.0,3.0,1.0,5.0,12.0,10.0,4.0,4.0,3.0,Independent,Male,No degree,30-44,3.0
Causal evidence,1.0,97.0,1.0,1.0,4.0,1.0,4.0,1.0,6.0,4.0,1.0,1.0,1.0,Democrat,Male,BA+,60+,2.0
Causal evidence,1.0,81.0,1.0,1.0,3.0,1.0,3.0,1.0,6.0,4.0,1.0,2.0,1.0,Democrat,Female,BA+,30-44,2.0
Causal evidence,1.0,95.0,1.0,1.0,2.0,1.0,1.0,1.0,7.0,4.0,1.0,1.0,1.0,Democrat,Female,Some college,30-44,2.0
Causal evidence,2.0,82.0,1.0,2.0,4.0,2.0,3.0,3.0,10.0,7.0,2.0,2.0,1.0,Republican,Female,No degree,30-44,2.0
Control (unrelated text),1.0,100.0,1.0,1.0,3.0,1.0,4.0,1.0,7.0,4.0,1.0,1.0,1.0,Independent,Male,BA+,30-44,3.0
Causal evidence,1.0,95.0,1.0,1.0,3.0,1.0,4.0,1.0,6.0,4.0,1.0,1.0,2.0,Democrat,Male,Some college,18-29,2.0
Causal evidence,2.0,74.0,1.0,1.0,2.0,2.0,2.0,1.0,8.0,5.0,2.0,2.0,1.0,Democrat,Male,BA+,30-44,2.0
Control (unrelated text),1.0,99.0,1.0,1.0,2.0,1.0,2.0,1.0,8.0,4.0,2.0,1.0,1.0,Democrat,Male,No degree,30-44,3.0
Control (unrelated text),1.0,97.0,2.0,2.0,2.0,1.0,1.0,2.0,8.0,5.0,1.0,1.0,2.0,Democrat,Male,Some college,30-44,3.0
Scientific consensus,3.0,25.0,1.0,3.0,3.0,3.0,3.0,3.0,9.0,7.0,3.0,3.0,1.0,Independent,Male,No degree,18-29,2.0
Control (unrelated text),2.0,50.0,1.0,1.0,3.0,2.0,3.0,1.0,8.0,7.0,2.0,2.0,1.0,Republican,Female,No degree,30-44,3.0
Scientific consensus,1.0,97.0,1.0,1.0,2.0,1.0,2.0,2.0,7.0,5.0,2.0,1.0,1.0,Democrat,Male,BA+,30-44,1.0
Scientific consensus,2.0,90.0,2.0,1.0,1.0,1.0,1.0,2.0,9.0,4.0,1.0,2.0,2.0,Independent,Male,No degree,30-44,1.0
Causal evidence,1.0,75.0,1.0,1.0,3.0,1.0,3.0,1.0,7.0,4.0,2.0,2.0,1.0,Democrat,Female,No degree,45-59,2.0
Causal evidence,4.0,19.0,3.0,4.0,1.0,3.0,1.0,5.0,12.0,10.0,4.0,4.0,3.0,Independent,Male,No degree,60+,2.0
Control (unrelated text),1.0,84.0,1.0,1.0,2.0,1.0,2.0,1.0,6.0,5.0,1.0,1.0,1.0,Democrat,Female,Some college,30-44,3.0
Scientific consensus,2.0,95.0,1.0,2.0,2.0,2.0,2.0,1.0,9.0,7.0,3.0,2.0,2.0,Republican,Female,No degree,18-29,2.0
Control (unrelated text),3.0,80.0,3.0,3.0,1.0,3.0,1.0,4.0,12.0,10.0,4.0,3.0,3.0,Republican,Male,BA+,30-44,3.0
Scientific consensus,1.0,97.0,1.0,1.0,3.0,1.0,3.0,1.0,7.0,6.0,1.0,1.0,1.0,Republican,Male,BA+,30-44,1.0
Scientific consensus,1.0,97.0,1.0,1.0,2.0,1.0,2.0,1.0,8.0,5.0,1.0,1.0,1.0,Democrat,Female,BA+,18-29,1.0
Causal evidence,1.0,91.0,1.0,1.0,3.0,1.0,4.0,1.0,9.0,7.0,1.0,1.0,1.0,Democrat,Female,Some college,45-59,2.0
Control (unrelated text),1.0,99.0,1.0,1.0,3.0,1.0,2.0,1.0,6.0,4.0,1.0,1.0,1.0,Democrat,Female,BA+,18-29,3.0
Causal evidence,1.0,95.0,1.0,1.0,3.0,1.0,3.0,1.0,6.0,4.0,1.0,1.0,1.0,Democrat,Female,BA+,30-44,2.0
Scientific consensus,2.0,97.0,1.0,1.0,3.0,1.0,2.0,2.0,7.0,4.0,1.0,2.0,1.0,Democrat,Male,No degree,18-29,1.0
Scientific consensus,2.0,97.0,2.0,2.0,2.0,2.0,3.0,2.0,7.0,5.0,1.0,2.0,2.0,Democrat,Male,BA+,60+,2.0
Control (unrelated text),2.0,61.0,2.0,2.0,2.0,2.0,2.0,3.0,9.0,6.0,2.0,2.0,2.0,Democrat,Male,BA+,60+,3.0
Control (unrelated text),1.0,83.0,1.0,1.0,2.0,1.0,1.0,1.0,6.0,6.0,1.0,1.0,3.0,Independent,Male,No degree,45-59,3.0
Scientific consensus,1.0,97.0,1.0,1.0,3.0,1.0,3.0,1.0,7.0,4.0,1.0,1.0,1.0,Democrat,Male,BA+,45-59,1.0
Causal evidence,1.0,75.0,1.0,1.0,3.0,1.0,3.0,2.0,7.0,5.0,2.0,1.0,1.0,Democrat,Male,BA+,30-44,2.0
Control (unrelated text),2.0,81.0,2.0,2.0,2.0,2.0,2.0,2.0,9.0,7.0,2.0,2.0,2.0,Democrat,Female,No degree,18-29,2.0
Control (unrelated text),2.0,83.0,1.0,3.0,2.0,1.0,2.0,1.0,6.0,4.0,2.0,2.0,1.0,Democrat,Female,No degree,18-29,3.0
Scientific consensus,1.0,89.0,1.0,1.0,1.0,1.0,1.0,1.0,7.0,5.0,2.0,1.0,1.0,Democrat,Male,No degree,45-59,2.0
Scientific consensus,1.0,97.0,1.0,1.0,3.0,1.0,3.0,1.0,7.0,4.0,1.0,1.0,1.0,Democrat,Female,BA+,45-59,1.0
Causal evidence,2.0,75.0,2.0,1.0,2.0,1.0,2.0,1.0,8.0,7.0,2.0,2.0,2.0,Democrat,Female,Some college,30-44,2.0
Scientific consensus,2.0,93.0,1.0,1.0,3.0,1.0,2.0,1.0,7.0,5.0,2.0,3.0,1.0,Democrat,Female,Some college,45-59,1.0
Causal evidence,1.0,95.0,1.0,1.0,2.0,1.0,2.0,1.0,9.0,5.0,1.0,1.0,1.0,Democrat,Female,BA+,30-44,2.0
Scientific consensus,1.0,97.0,1.0,1.0,3.0,1.0,3.0,1.0,6.0,4.0,1.0,1.0,1.0,Democrat,Male,No degree,45-59,1.0
Control (unrelated text),2.0,90.0,3.0,3.0,1.0,3.0,2.0,4.0,12.0,9.0,3.0,2.0,3.0,Republican,Male,BA+,60+,3.0
Control (unrelated text),1.0,97.0,1.0,1.0,3.0,1.0,3.0,1.0,6.0,4.0,1.0,1.0,1.0,Democrat,Male,BA+,30-44,3.0
Scientific consensus,1.0,97.0,1.0,1.0,1.0,1.0,1.0,1.0,6.0,4.0,1.0,1.0,1.0,Democrat,Male,BA+,18-29,1.0
Causal evidence,1.0,92.0,1.0,1.0,3.0,1.0,3.0,1.0,6.0,4.0,2.0,2.0,1.0,Democrat,Female,BA+,18-29,2.0
Control (unrelated text),2.0,90.0,1.0,1.0,3.0,1.0,4.0,1.0,6.0,5.0,1.0,2.0,1.0,Independent,Male,BA+,30-44,3.0
Causal evidence,1.0,90.0,1.0,1.0,2.0,1.0,2.0,1.0,6.0,6.0,2.0,1.0,1.0,Independent,Male,BA+,18-29,2.0
Causal evidence,2.0,70.0,2.0,2.0,2.0,2.0,2.0,3.0,11.0,8.0,2.0,2.0,2.0,Republican,Male,BA+,30-44,2.0
Scientific consensus,1.0,97.0,1.0,1.0,2.0,1.0,2.0,3.0,7.0,4.0,1.0,1.0,2.0,Democrat,Male,BA+,60+,1.0
Causal evidence,3.0,90.0,2.0,2.0,2.0,2.0,2.0,1.0,9.0,5.0,2.0,3.0,2.0,Republican,Male,No degree,60+,2.0
Control (unrelated text),1.0,81.0,1.0,1.0,3.0,1.0,3.0,1.0,8.0,5.0,2.0,1.0,1.0,Democrat,Female,BA+,30-44,3.0
Control (unrelated text),1.0,95.0,1.0,1.0,3.0,1.0,3.0,1.0,6.0,4.0,1.0,1.0,1.0,Democrat,Male,BA+,30-44,3.0
Causal evidence,1.0,92.0,1.0,1.0,3.0,1.0,3.0,1.0,8.0,4.0,1.0,1.0,1.0,Democrat,Male,BA+,45-59,2.0
Scientific consensus,3.0,97.0,3.0,2.0,2.0,3.0,2.0,2.0,12.0,10.0,3.0,3.0,3.0,Republican,Male,BA+,30-44,1.0
Control (unrelated text),1.0,80.0,1.0,1.0,2.0,1.0,2.0,2.0,9.0,5.0,2.0,1.0,1.0,Democrat,Female,BA+,30-44,3.0
Causal evidence,3.0,20.0,3.0,4.0,1.0,3.0,1.0,5.0,12.0,10.0,4.0,3.0,3.0,Independent,Male,No degree,45-59,2.0
Causal evidence,3.0,31.0,2.0,2.0,1.0,2.0,2.0,4.0,12.0,9.0,3.0,3.0,2.0,Republican,Male,BA+,30-44,2.0
Causal evidence,1.0,92.0,1.0,1.0,3.0,1.0,3.0,1.0,6.0,4.0,3.0,1.0,2.0,Independent,Female,BA+,45-59,2.0
Scientific consensus,1.0,97.0,1.0,2.0,2.0,1.0,1.0,2.0,7.0,5.0,2.0,1.0,1.0,Democrat,Male,Some college,30-44,1.0
Scientific consensus,1.0,96.0,1.0,1.0,4.0,1.0,4.0,1.0,7.0,4.0,1.0,1.0,1.0,Democrat,Female,BA+,30-44,2.0
Control (unrelated text),1.0,83.0,1.0,1.0,1.0,1.0,1.0,1.0,12.0,4.0,1.0,1.0,1.0,Independent,Female,BA+,30-44,3.0
Causal evidence,2.0,96.0,1.0,1.0,3.0,1.0,3.0,1.0,6.0,4.0,2.0,2.0,1.0,Democrat,Male,No degree,18-29,2.0
Control (unrelated text),3.0,90.0,2.0,2.0,2.0,2.0,2.0,3.0,11.0,9.0,3.0,3.0,2.0,Republican,Male,BA+,30-44,3.0
Control (unrelated text),1.0,75.0,1.0,1.0,3.0,2.0,2.0,2.0,6.0,4.0,2.0,1.0,1.0,Democrat,Female,BA+,45-59,3.0
Scientific consensus,1.0,97.0,1.0,1.0,3.0,1.0,3.0,1.0,6.0,4.0,1.0,1.0,1.0,Democrat,Male,BA+,30-44,1.0
Scientific consensus,1.0,97.0,1.0,1.0,3.0,1.0,2.0,1.0,6.0,4.0,1.0,1.0,1.0,Democrat,Female,BA+,18-29,1.0
Causal evidence,2.0,90.0,1.0,1.0,2.0,1.0,2.0,1.0,6.0,4.0,1.0,2.0,1.0,Democrat,Female,BA+,30-44,2.0
Causal evidence,1.0,95.0,1.0,1.0,3.0,1.0,3.0,1.0,8.0,7.0,2.0,1.0,1.0,Independent,Male,Some college,30-44,2.0
Control (unrelated text),1.0,95.0,1.0,1.0,3.0,1.0,3.0,1.0,6.0,4.0,1.0,1.0,1.0,Independent,Female,BA+,18-29,3.0
Scientific consensus,1.0,97.0,1.0,1.0,3.0,1.0,3.0,1.0,6.0,4.0,1.0,1.0,1.0,Democrat,Female,BA+,30-44,1.0
Scientific consensus,3.0,97.0,3.0,3.0,1.0,3.0,2.0,2.0,9.0,7.0,3.0,3.0,3.0,Democrat,Male,No degree,45-59,1.0
Causal evidence,1.0,99.0,1.0,1.0,3.0,1.0,4.0,1.0,6.0,4.0,1.0,1.0,1.0,Democrat,Male,BA+,60+,2.0
Control (unrelated text),1.0,71.0,1.0,1.0,2.0,1.0,2.0,1.0,6.0,4.0,1.0,1.0,1.0,Democrat,Female,No degree,18-29,3.0
Scientific consensus,2.0,56.0,1.0,1.0,2.0,1.0,2.0,1.0,7.0,7.0,2.0,1.0,1.0,Republican,Female,BA+,30-44,2.0
Control (unrelated text),1.0,90.0,1.0,1.0,2.0,1.0,2.0,1.0,6.0,4.0,1.0,1.0,1.0,Democrat,Male,No degree,45-59,3.0
Control (unrelated text),2.0,67.0,1.0,2.0,3.0,2.0,3.0,2.0,7.0,6.0,2.0,2.0,1.0,Democrat,Male,BA+,45-59,3.0
Causal evidence,2.0,91.0,1.0,1.0,3.0,1.0,2.0,1.0,6.0,4.0,1.0,2.0,1.0,Democrat,Female,Some college,30-44,2.0
Scientific consensus,1.0,90.0,1.0,1.0,3.0,1.0,3.0,1.0,6.0,4.0,1.0,1.0,1.0,Democrat,Female,BA+,30-44,1.0
Scientific consensus,3.0,97.0,1.0,2.0,2.0,2.0,2.0,2.0,9.0,9.0,3.0,4.0,2.0,Republican,Male,BA+,30-44,1.0
Causal evidence,1.0,70.0,1.0,1.0,2.0,1.0,2.0,2.0,8.0,5.0,2.0,1.0,1.0,Democrat,Female,BA+,30-44,2.0
Causal evidence,1.0,85.0,2.0,1.0,3.0,1.0,3.0,1.0,6.0,4.0,1.0,1.0,2.0,Independent,Male,BA+,45-59,2.0
Scientific consensus,2.0,97.0,3.0,3.0,1.0,3.0,1.0,3.0,12.0,10.0,4.0,2.0,3.0,Republican,Male,No degree,30-44,1.0
Causal evidence,1.0,90.0,1.0,1.0,3.0,1.0,4.0,1.0,6.0,5.0,1.0,1.0,1.0,Democrat,Female,BA+,18-29,2.0
Causal evidence,2.0,88.0,1.0,1.0,3.0,1.0,3.0,1.0,6.0,4.0,2.0,2.0,1.0,Democrat,Male,No degree,30-44,2.0
Control (unrelated text),2.0,89.0,1.0,1.0,2.0,1.0,3.0,1.0,7.0,6.0,2.0,2.0,1.0,Democrat,Male,No degree,18-29,3.0
Control (unrelated text),3.0,85.0,3.0,3.0,1.0,3.0,2.0,4.0,12.0,10.0,3.0,3.0,3.0,Republican,Female,BA+,45-59,3.0
Causal evidence,2.0,97.0,1.0,1.0,4.0,1.0,4.0,1.0,6.0,4.0,1.0,2.0,1.0,Democrat,Male,BA+,60+,2.0
Causal evidence,4.0,74.0,1.0,2.0,2.0,2.0,3.0,4.0,12.0,10.0,4.0,3.0,1.0,Republican,Female,BA+,30-44,1.0
Scientific consensus,2.0,70.0,2.0,2.0,2.0,2.0,2.0,5.0,11.0,9.0,4.0,2.0,2.0,Independent,Male,No degree,30-44,1.0
Causal evidence,1.0,70.0,1.0,1.0,2.0,1.0,3.0,1.0,6.0,4.0,1.0,1.0,1.0,Democrat,Female,BA+,60+,2.0
Causal evidence,2.0,94.0,1.0,2.0,3.0,1.0,1.0,1.0,7.0,4.0,1.0,2.0,1.0,Democrat,Female,Some college,30-44,2.0
Scientific consensus,1.0,97.0,1.0,1.0,3.0,1.0,1.0,1.0,9.0,4.0,1.0,1.0,1.0,Democrat,Male,BA+,30-44,1.0
Causal evidence,1.0,96.0,1.0,1.0,3.0,1.0,4.0,1.0,6.0,4.0,1.0,1.0,1.0,Democrat,Female,BA+,45-59,2.0
Scientific consensus,2.0,97.0,1.0,2.0,3.0,1.0,3.0,2.0,10.0,6.0,3.0,2.0,2.0,Independent,Female,No degree,18-29,1.0
Causal evidence,1.0,99.0,1.0,1.0,4.0,1.0,4.0,1.0,6.0,5.0,1.0,1.0,1.0,Democrat,Female,No degree,18-29,2.0
Scientific consensus,2.0,97.0,1.0,1.0,2.0,1.0,2.0,3.0,9.0,6.0,2.0,2.0,1.0,Republican,Male,BA+,45-59,1.0
Scientific consensus,1.0,97.0,1.0,1.0,2.0,1.0,2.0,1.0,8.0,4.0,1.0,1.0,1.0,Democrat,Male,BA+,30-44,1.0
Control (unrelated text),2.0,93.0,1.0,2.0,3.0,2.0,3.0,2.0,10.0,6.0,1.0,2.0,2.0,Republican,Female,BA+,30-44,3.0
Control (unrelated text),2.0,73.0,1.0,2.0,2.0,2.0,2.0,2.0,6.0,4.0,1.0,1.0,1.0,Democrat,Male,BA+,18-29,3.0
Control (unrelated text),3.0,20.0,1.0,1.0,3.0,1.0,2.0,2.0,7.0,5.0,1.0,3.0,1.0,Independent,Female,No degree,18-29,3.0
Control (unrelated text),1.0,99.0,1.0,1.0,2.0,1.0,3.0,1.0,6.0,4.0,2.0,1.0,1.0,Democrat,Male,BA+,18-29,3.0
Control (unrelated text),2.0,80.0,2.0,1.0,2.0,1.0,2.0,2.0,7.0,5.0,2.0,2.0,2.0,Democrat,Male,No degree,18-29,3.0
Control (unrelated text),1.0,100.0,1.0,1.0,2.0,1.0,2.0,1.0,6.0,4.0,1.0,1.0,1.0,Democrat,Male,No degree,18-29,3.0
Causal evidence,1.0,95.0,1.0,1.0,3.0,1.0,3.0,1.0,6.0,4.0,2.0,1.0,1.0,Democrat,Male,No degree,45-59,2.0
Control (unrelated text),2.0,70.0,1.0,2.0,2.0,2.0,2.0,1.0,6.0,4.0,2.0,2.0,2.0,,Female,No degree,60+,3.0
Control (unrelated text),2.0,60.0,1.0,1.0,3.0,1.0,3.0,2.0,7.0,5.0,2.0,2.0,1.0,Democrat,Male,BA+,30-44,3.0
Causal evidence,2.0,70.0,2.0,2.0,2.0,2.0,2.0,2.0,6.0,6.0,2.0,2.0,2.0,Republican,Female,Some college,30-44,2.0
Causal evidence,2.0,79.0,1.0,1.0,2.0,1.0,2.0,1.0,6.0,4.0,1.0,2.0,1.0,Independent,Female,BA+,30-44,2.0
Control (unrelated text),1.0,100.0,1.0,1.0,2.0,1.0,2.0,1.0,6.0,4.0,1.0,1.0,1.0,Democrat,Female,BA+,30-44,3.0
Control (unrelated text),2.0,50.0,2.0,1.0,2.0,1.0,2.0,2.0,9.0,7.0,2.0,2.0,2.0,Independent,Female,BA+,30-44,3.0
Control (unrelated text),2.0,60.0,2.0,2.0,2.0,2.0,2.0,3.0,8.0,6.0,2.0,2.0,2.0,Democrat,Male,BA+,45-59,3.0
Control (unrelated text),2.0,82.0,1.0,1.0,2.0,1.0,3.0,2.0,8.0,6.0,2.0,2.0,1.0,Democrat,Female,BA+,30-44,3.0
Scientific consensus,2.0,96.0,1.0,1.0,2.0,1.0,3.0,1.0,6.0,4.0,2.0,2.0,2.0,Democrat,Female,No degree,30-44,1.0
Causal evidence,2.0,75.0,1.0,2.0,2.0,2.0,2.0,3.0,12.0,8.0,2.0,2.0,1.0,Republican,Male,BA+,45-59,2.0
Control (unrelated text),3.0,19.0,2.0,1.0,2.0,2.0,2.0,2.0,8.0,7.0,2.0,2.0,1.0,Democrat,Male,BA+,30-44,3.0
Scientific consensus,1.0,97.0,1.0,1.0,4.0,1.0,4.0,1.0,6.0,4.0,1.0,1.0,1.0,Democrat,Male,BA+,30-44,1.0
Scientific consensus,1.0,97.0,1.0,1.0,2.0,1.0,2.0,1.0,7.0,5.0,2.0,1.0,1.0,Democrat,Male,Some college,30-44,1.0
Scientific consensus,1.0,80.0,1.0,1.0,3.0,1.0,3.0,1.0,6.0,4.0,1.0,1.0,1.0,Democrat,Female,BA+,60+,1.0
Control (unrelated text),1.0,93.0,1.0,1.0,3.0,1.0,2.0,1.0,6.0,4.0,2.0,1.0,1.0,Democrat,Female,No degree,30-44,3.0
Scientific consensus,2.0,93.0,1.0,1.0,2.0,1.0,2.0,2.0,7.0,4.0,1.0,2.0,1.0,Democrat,Female,No degree,45-59,2.0
Scientific consensus,1.0,97.0,1.0,1.0,3.0,1.0,1.0,1.0,7.0,7.0,1.0,2.0,1.0,Democrat,Female,No degree,45-59,1.0
Control (unrelated text),1.0,97.0,1.0,1.0,3.0,1.0,3.0,1.0,7.0,4.0,1.0,1.0,1.0,Democrat,Male,BA+,60+,3.0
Scientific consensus,1.0,97.0,1.0,1.0,3.0,1.0,3.0,1.0,6.0,4.0,1.0,1.0,1.0,Democrat,Female,BA+,60+,1.0
Control (unrelated text),2.0,72.0,1.0,1.0,1.0,1.0,1.0,1.0,6.0,4.0,1.0,2.0,1.0,Democrat,Male,BA+,,3.0
Causal evidence,2.0,79.0,2.0,2.0,4.0,3.0,2.0,3.0,10.0,4.0,3.0,2.0,1.0,Democrat,Male,BA+,30-44,2.0
Causal evidence,2.0,100.0,1.0,1.0,1.0,1.0,1.0,2.0,6.0,4.0,2.0,2.0,1.0,Republican,Male,No degree,30-44,2.0
Control (unrelated text),1.0,98.0,1.0,1.0,4.0,1.0,4.0,1.0,6.0,4.0,1.0,1.0,1.0,Democrat,Female,No degree,45-59,3.0
Control (unrelated text),1.0,96.0,1.0,1.0,3.0,1.0,3.0,1.0,6.0,4.0,1.0,1.0,1.0,Democrat,Male,BA+,30-44,3.0
Causal evidence,2.0,90.0,2.0,2.0,2.0,2.0,2.0,3.0,11.0,7.0,3.0,2.0,2.0,Independent,Female,BA+,45-59,2.0
Scientific consensus,2.0,97.0,1.0,1.0,4.0,1.0,4.0,1.0,9.0,7.0,2.0,4.0,3.0,Democrat,Female,No degree,45-59,2.0
Control (unrelated text),1.0,86.0,1.0,1.0,2.0,1.0,2.0,1.0,6.0,4.0,1.0,1.0,2.0,Democrat,Female,BA+,18-29,3.0
Scientific consensus,2.0,80.0,1.0,1.0,2.0,1.0,3.0,1.0,6.0,7.0,1.0,2.0,1.0,Independent,Female,BA+,30-44,1.0
Causal evidence,1.0,78.0,1.0,1.0,2.0,1.0,2.0,2.0,6.0,7.0,2.0,1.0,1.0,Democrat,Female,No degree,30-44,2.0
Causal evidence,1.0,95.0,1.0,1.0,3.0,1.0,3.0,1.0,6.0,4.0,1.0,1.0,1.0,Democrat,Male,BA+,30-44,2.0
Control (unrelated text),2.0,61.0,2.0,2.0,1.0,2.0,1.0,4.0,9.0,7.0,3.0,2.0,2.0,Democrat,Female,BA+,30-44,3.0
Control (unrelated text),1.0,97.0,1.0,1.0,3.0,1.0,3.0,1.0,6.0,4.0,1.0,1.0,1.0,Democrat,Male,BA+,18-29,3.0
Scientific consensus,1.0,97.0,1.0,1.0,3.0,1.0,3.0,1.0,6.0,4.0,2.0,1.0,1.0,Democrat,Male,BA+,18-29,1.0
Scientific consensus,2.0,79.0,1.0,1.0,2.0,2.0,2.0,3.0,7.0,5.0,2.0,2.0,2.0,Democrat,Male,Some college,30-44,2.0
Control (unrelated text),1.0,90.0,1.0,1.0,2.0,1.0,3.0,1.0,9.0,5.0,1.0,1.0,1.0,Democrat,Male,No degree,30-44,3.0
Causal evidence,1.0,97.0,1.0,1.0,3.0,1.0,4.0,1.0,6.0,4.0,1.0,1.0,1.0,Democrat,Male,BA+,30-44,2.0
Control (unrelated text),4.0,80.0,3.0,4.0,1.0,4.0,1.0,5.0,12.0,10.0,4.0,4.0,3.0,Republican,Female,BA+,60+,3.0
Scientific consensus,1.0,96.0,1.0,1.0,2.0,1.0,3.0,1.0,6.0,4.0,1.0,1.0,1.0,Democrat,Female,No degree,60+,1.0
Control (unrelated text),2.0,74.0,2.0,1.0,3.0,1.0,1.0,1.0,6.0,5.0,2.0,3.0,2.0,Democrat,Female,No degree,60+,3.0
Causal evidence,1.0,95.0,1.0,1.0,3.0,1.0,1.0,1.0,6.0,4.0,1.0,1.0,1.0,Democrat,Female,BA+,45-59,2.0
Control (unrelated text),1.0,98.0,1.0,1.0,2.0,1.0,2.0,1.0,8.0,5.0,2.0,1.0,1.0,Democrat,Male,BA+,30-44,3.0
Causal evidence,1.0,80.0,1.0,1.0,4.0,1.0,4.0,1.0,7.0,5.0,1.0,1.0,1.0,Independent,Female,Some college,30-44,2.0
Causal evidence,2.0,70.0,1.0,2.0,2.0,1.0,2.0,1.0,10.0,6.0,2.0,3.0,2.0,Republican,Female,No degree,45-59,2.0
Control (unrelated text),2.0,71.0,1.0,2.0,3.0,2.0,3.0,2.0,9.0,5.0,2.0,2.0,1.0,Independent,Female,BA+,45-59,3.0
Causal evidence,2.0,87.0,2.0,2.0,2.0,2.0,2.0,4.0,11.0,10.0,3.0,2.0,2.0,Republican,Male,No degree,30-44,2.0
Scientific consensus,2.0,97.0,1.0,1.0,3.0,1.0,3.0,3.0,9.0,7.0,2.0,3.0,2.0,Republican,Female,No degree,45-59,2.0
Scientific consensus,1.0,95.0,1.0,1.0,3.0,1.0,3.0,1.0,9.0,4.0,1.0,1.0,1.0,Democrat,Male,BA+,45-59,1.0
Scientific consensus,1.0,79.0,1.0,1.0,2.0,1.0,3.0,1.0,6.0,4.0,1.0,1.0,1.0,Democrat,Female,BA+,18-29,1.0
Causal evidence,1.0,95.0,1.0,1.0,3.0,1.0,3.0,1.0,7.0,5.0,1.0,1.0,1.0,Democrat,Female,BA+,30-44,2.0
Causal evidence,1.0,98.0,1.0,1.0,3.0,1.0,3.0,1.0,7.0,4.0,1.0,1.0,1.0,Democrat,Male,BA+,18-29,2.0
Causal evidence,1.0,80.0,1.0,1.0,2.0,1.0,2.0,2.0,7.0,4.0,2.0,2.0,1.0,Democrat,Male,BA+,45-59,2.0
Scientific consensus,1.0,97.0,1.0,1.0,3.0,1.0,2.0,1.0,7.0,4.0,1.0,2.0,1.0,Independent,Male,BA+,45-59,1.0
Scientific consensus,1.0,97.0,1.0,1.0,3.0,1.0,3.0,1.0,6.0,4.0,1.0,1.0,1.0,Democrat,Female,No degree,45-59,1.0
Scientific consensus,2.0,82.0,1.0,1.0,3.0,2.0,3.0,2.0,7.0,6.0,2.0,2.0,1.0,Democrat,Female,BA+,30-44,2.0
Causal evidence,1.0,85.0,1.0,2.0,2.0,1.0,2.0,2.0,8.0,4.0,2.0,1.0,2.0,Democrat,Female,BA+,60+,2.0
Causal evidence,1.0,85.0,1.0,1.0,3.0,1.0,3.0,1.0,6.0,4.0,1.0,1.0,1.0,Democrat,Female,BA+,30-44,2.0
Causal evidence,1.0,90.0,1.0,1.0,2.0,1.0,3.0,1.0,9.0,6.0,1.0,1.0,1.0,Independent,Male,Some college,30-44,2.0
Scientific consensus,1.0,76.0,1.0,1.0,3.0,1.0,1.0,1.0,9.0,6.0,3.0,1.0,1.0,Independent,Male,BA+,18-29,2.0
Control (unrelated text),1.0,70.0,1.0,1.0,2.0,1.0,2.0,1.0,7.0,4.0,1.0,1.0,1.0,Republican,Male,No degree,45-59,3.0
Causal evidence,2.0,95.0,1.0,1.0,3.0,1.0,3.0,1.0,6.0,4.0,1.0,2.0,1.0,Democrat,Male,BA+,30-44,2.0
Control (unrelated text),1.0,92.0,1.0,1.0,3.0,1.0,3.0,1.0,7.0,7.0,1.0,1.0,1.0,Democrat,Female,No degree,18-29,3.0
Causal evidence,2.0,80.0,1.0,2.0,3.0,2.0,3.0,3.0,11.0,9.0,2.0,2.0,1.0,Republican,Female,BA+,45-59,2.0
Causal evidence,2.0,71.0,1.0,2.0,1.0,1.0,2.0,1.0,7.0,5.0,1.0,2.0,3.0,Democrat,Male,BA+,30-44,2.0
Scientific consensus,1.0,97.0,1.0,1.0,3.0,1.0,3.0,1.0,6.0,4.0,1.0,1.0,1.0,Democrat,Male,Some college,30-44,1.0
Control (unrelated text),2.0,53.0,2.0,1.0,1.0,2.0,2.0,3.0,9.0,7.0,2.0,2.0,2.0,Democrat,Female,Some college,45-59,2.0
Causal evidence,1.0,95.0,1.0,1.0,2.0,1.0,2.0,1.0,9.0,4.0,1.0,1.0,1.0,Democrat,Female,BA+,45-59,2.0
Control (unrelated text),2.0,76.0,1.0,2.0,3.0,2.0,3.0,2.0,9.0,7.0,2.0,2.0,1.0,Independent,Female,No degree,30-44,3.0
Scientific consensus,1.0,75.0,1.0,1.0,2.0,1.0,2.0,3.0,9.0,7.0,2.0,1.0,1.0,Independent,Male,Some college,30-44,1.0
Causal evidence,1.0,97.0,1.0,1.0,3.0,1.0,3.0,1.0,7.0,4.0,1.0,1.0,1.0,Democrat,Male,BA+,30-44,2.0
Control (unrelated text),3.0,84.0,2.0,2.0,1.0,2.0,1.0,2.0,7.0,5.0,2.0,3.0,2.0,Democrat,Female,BA+,45-59,3.0
Scientific consensus,1.0,97.0,1.0,1.0,3.0,1.0,3.0,1.0,6.0,4.0,1.0,1.0,1.0,Democrat,Female,BA+,30-44,1.0
Control (unrelated text),1.0,99.0,1.0,1.0,3.0,1.0,3.0,1.0,9.0,4.0,1.0,1.0,1.0,Democrat,Female,Some college,30-44,3.0
Control (unrelated text),1.0,100.0,1.0,1.0,2.0,1.0,2.0,1.0,6.0,4.0,1.0,1.0,1.0,Democrat,Female,BA+,30-44,3.0
Control (unrelated text),1.0,70.0,1.0,1.0,2.0,1.0,1.0,1.0,6.0,5.0,2.0,1.0,1.0,Democrat,Female,BA+,30-44,3.0
Control (unrelated text),1.0,98.0,1.0,1.0,3.0,1.0,3.0,1.0,6.0,4.0,1.0,1.0,1.0,Democrat,Female,BA+,45-59,3.0
Causal evidence,2.0,76.0,1.0,1.0,2.0,2.0,2.0,2.0,7.0,4.0,2.0,2.0,1.0,Democrat,Male,BA+,45-59,2.0
Scientific consensus,2.0,97.0,1.0,1.0,4.0,1.0,4.0,1.0,7.0,4.0,1.0,2.0,1.0,Democrat,Male,No degree,30-44,1.0
Control (unrelated text),1.0,99.0,1.0,1.0,2.0,1.0,2.0,1.0,6.0,4.0,1.0,1.0,1.0,Democrat,Female,Some college,30-44,3.0
Causal evidence,2.0,63.0,2.0,2.0,3.0,2.0,1.0,2.0,8.0,5.0,2.0,2.0,2.0,Democrat,Male,BA+,18-29,2.0
Scientific consensus,1.0,99.0,1.0,1.0,4.0,1.0,4.0,1.0,6.0,4.0,1.0,1.0,1.0,Democrat,Male,BA+,30-44,1.0
Scientific consensus,2.0,72.0,1.0,2.0,1.0,1.0,2.0,2.0,6.0,6.0,1.0,2.0,2.0,Republican,Male,BA+,30-44,1.0
Causal evidence,1.0,96.0,1.0,1.0,3.0,1.0,3.0,1.0,6.0,4.0,1.0,2.0,1.0,Democrat,Female,No degree,30-44,2.0
Scientific consensus,1.0,97.0,2.0,1.0,2.0,1.0,1.0,2.0,6.0,5.0,1.0,1.0,2.0,Independent,Male,BA+,18-29,1.0
Scientific consensus,2.0,40.0,1.0,1.0,2.0,2.0,2.0,1.0,6.0,4.0,1.0,2.0,2.0,Democrat,Female,BA+,30-44,1.0
Control (unrelated text),1.0,76.0,1.0,1.0,3.0,1.0,3.0,1.0,7.0,7.0,1.0,1.0,1.0,Democrat,Female,No degree,30-44,3.0
Scientific consensus,1.0,97.0,1.0,1.0,3.0,1.0,3.0,1.0,6.0,4.0,1.0,1.0,1.0,Democrat,Male,No degree,18-29,1.0
Causal evidence,1.0,92.0,1.0,1.0,2.0,1.0,3.0,3.0,12.0,5.0,2.0,2.0,1.0,Independent,Female,BA+,18-29,2.0
Scientific consensus,1.0,97.0,1.0,1.0,2.0,1.0,2.0,1.0,8.0,4.0,2.0,1.0,1.0,Democrat,Female,BA+,30-44,1.0
Scientific consensus,2.0,97.0,2.0,2.0,2.0,3.0,2.0,2.0,9.0,6.0,2.0,2.0,2.0,Republican,Male,No degree,,1.0
Control (unrelated text),1.0,99.0,1.0,1.0,3.0,1.0,3.0,1.0,6.0,4.0,1.0,1.0,1.0,Democrat,Female,BA+,30-44,3.0
Control (unrelated text),1.0,99.0,1.0,1.0,2.0,1.0,2.0,1.0,7.0,4.0,1.0,1.0,1.0,Democrat,Male,BA+,18-29,3.0
Causal evidence,2.0,83.0,1.0,1.0,3.0,1.0,3.0,2.0,7.0,7.0,1.0,2.0,2.0,Democrat,Male,Some college,30-44,2.0
Scientific consensus,1.0,97.0,2.0,1.0,2.0,1.0,1.0,1.0,6.0,4.0,1.0,1.0,2.0,Democrat,Female,No degree,18-29,1.0
Causal evidence,1.0,92.0,1.0,1.0,4.0,1.0,3.0,1.0,6.0,4.0,1.0,1.0,1.0,Democrat,Male,No degree,30-44,2.0
Causal evidence,1.0,90.0,1.0,1.0,3.0,1.0,3.0,3.0,8.0,5.0,2.0,1.0,1.0,Independent,Male,BA+,30-44,2.0
Control (unrelated text),1.0,93.0,1.0,1.0,3.0,1.0,3.0,1.0,8.0,4.0,2.0,1.0,1.0,Independent,Female,BA+,30-44,3.0
Scientific consensus,2.0,97.0,1.0,1.0,2.0,1.0,1.0,1.0,8.0,4.0,2.0,2.0,1.0,Democrat,Male,No degree,45-59,1.0
Scientific consensus,2.0,70.0,1.0,1.0,3.0,2.0,3.0,2.0,7.0,5.0,2.0,2.0,1.0,Republican,Male,BA+,45-59,2.0
Causal evidence,1.0,50.0,1.0,1.0,3.0,1.0,3.0,2.0,7.0,7.0,2.0,1.0,2.0,Democrat,Male,No degree,18-29,2.0
Causal evidence,1.0,96.0,1.0,1.0,3.0,1.0,3.0,1.0,7.0,4.0,1.0,1.0,1.0,Democrat,Male,BA+,60+,2.0
Control (unrelated text),1.0,81.0,1.0,1.0,3.0,1.0,3.0,1.0,6.0,4.0,1.0,1.0,1.0,Democrat,Male,No degree,18-29,3.0
Control (unrelated text),1.0,71.0,1.0,1.0,2.0,1.0,1.0,1.0,6.0,4.0,1.0,1.0,2.0,Democrat,Male,No degree,45-59,3.0
Control (unrelated text),1.0,80.0,2.0,2.0,2.0,2.0,2.0,2.0,7.0,5.0,2.0,1.0,2.0,Independent,Male,BA+,18-29,3.0
Causal evidence,1.0,96.0,1.0,1.0,4.0,1.0,4.0,1.0,6.0,4.0,1.0,1.0,1.0,Democrat,Female,No degree,30-44,2.0
Causal evidence,2.0,80.0,1.0,1.0,3.0,1.0,2.0,1.0,6.0,4.0,1.0,2.0,1.0,Democrat,Female,Some college,30-44,2.0
Scientific consensus,1.0,96.0,1.0,1.0,2.0,1.0,3.0,1.0,7.0,4.0,2.0,1.0,2.0,Democrat,Male,No degree,60+,1.0
Scientific consensus,2.0,97.0,1.0,1.0,2.0,1.0,2.0,1.0,8.0,4.0,2.0,2.0,1.0,Democrat,Male,BA+,18-29,1.0
Control (unrelated text),2.0,37.0,1.0,2.0,2.0,3.0,2.0,2.0,8.0,10.0,1.0,2.0,1.0,Democrat,Male,BA+,18-29,1.0
Causal evidence,2.0,23.0,2.0,2.0,2.0,2.0,2.0,2.0,9.0,7.0,2.0,2.0,2.0,Independent,Male,Some college,18-29,2.0
Scientific consensus,1.0,77.0,1.0,1.0,3.0,1.0,4.0,1.0,6.0,4.0,1.0,2.0,1.0,Democrat,Male,BA+,18-29,1.0
Scientific consensus,1.0,96.0,1.0,1.0,2.0,1.0,1.0,1.0,7.0,4.0,2.0,1.0,1.0,Democrat,Female,BA+,30-44,1.0
Scientific consensus,2.0,96.0,1.0,1.0,2.0,1.0,1.0,2.0,12.0,4.0,2.0,2.0,1.0,Democrat,Male,No degree,30-44,1.0
Control (unrelated text),1.0,98.0,1.0,1.0,3.0,1.0,3.0,1.0,7.0,4.0,1.0,1.0,1.0,Democrat,Male,BA+,45-59,3.0
Causal evidence,2.0,100.0,2.0,1.0,1.0,1.0,1.0,1.0,6.0,5.0,1.0,1.0,1.0,Democrat,Male,BA+,18-29,2.0
Causal evidence,2.0,92.0,1.0,2.0,3.0,2.0,2.0,3.0,12.0,8.0,2.0,2.0,2.0,Independent,Male,BA+,30-44,2.0
Control (unrelated text),2.0,48.0,3.0,2.0,2.0,2.0,2.0,3.0,9.0,7.0,2.0,2.0,2.0,Independent,Male,BA+,30-44,3.0
Control (unrelated text),1.0,90.0,1.0,1.0,1.0,1.0,2.0,1.0,8.0,4.0,2.0,1.0,1.0,Democrat,Female,BA+,30-44,3.0
Causal evidence,1.0,99.0,1.0,1.0,2.0,1.0,2.0,1.0,12.0,4.0,2.0,1.0,1.0,Democrat,Male,BA+,30-44,2.0
Control (unrelated text),2.0,83.0,1.0,2.0,2.0,2.0,2.0,2.0,7.0,5.0,2.0,2.0,1.0,Independent,Male,BA+,30-44,3.0
Scientific consensus,3.0,94.0,2.0,2.0,2.0,2.0,2.0,3.0,9.0,7.0,3.0,3.0,2.0,Republican,Female,No degree,45-59,1.0
Scientific consensus,1.0,97.0,1.0,1.0,2.0,1.0,2.0,1.0,6.0,4.0,2.0,1.0,1.0,Democrat,Male,BA+,18-29,1.0
Control (unrelated text),1.0,99.0,1.0,1.0,3.0,2.0,3.0,1.0,8.0,4.0,2.0,1.0,1.0,Democrat,Male,Some college,30-44,3.0
Control (unrelated text),1.0,75.0,2.0,1.0,1.0,1.0,1.0,2.0,8.0,5.0,2.0,1.0,2.0,Democrat,Female,No degree,30-44,3.0
Causal evidence,1.0,90.0,1.0,1.0,4.0,1.0,4.0,1.0,6.0,4.0,2.0,1.0,1.0,Democrat,Female,Some college,30-44,2.0
Scientific consensus,4.0,50.0,3.0,4.0,1.0,4.0,1.0,5.0,12.0,10.0,4.0,4.0,3.0,Republican,Male,No degree,60+,1.0
Control (unrelated text),2.0,87.0,2.0,2.0,2.0,2.0,2.0,3.0,12.0,7.0,2.0,2.0,2.0,Independent,Male,BA+,30-44,3.0
Scientific consensus,1.0,95.0,1.0,1.0,2.0,1.0,2.0,1.0,6.0,4.0,1.0,1.0,1.0,Democrat,Male,BA+,18-29,1.0
Control (unrelated text),1.0,99.0,1.0,1.0,2.0,1.0,1.0,1.0,6.0,4.0,1.0,1.0,1.0,Democrat,Male,No degree,60+,3.0
Scientific consensus,1.0,97.0,1.0,1.0,3.0,1.0,1.0,1.0,9.0,4.0,1.0,1.0,1.0,Democrat,Female,Some college,60+,1.0
Causal evidence,2.0,85.0,1.0,1.0,1.0,2.0,2.0,2.0,7.0,4.0,2.0,2.0,3.0,Democrat,Female,No degree,45-59,2.0
Control (unrelated text),1.0,91.0,1.0,1.0,1.0,1.0,1.0,1.0,6.0,4.0,1.0,1.0,1.0,Democrat,Male,BA+,30-44,3.0
Control (unrelated text),2.0,90.0,1.0,1.0,2.0,1.0,1.0,1.0,9.0,5.0,2.0,2.0,1.0,Democrat,Male,BA+,30-44,3.0
Scientific consensus,3.0,97.0,2.0,1.0,1.0,1.0,1.0,3.0,12.0,10.0,3.0,3.0,2.0,Independent,Male,Some college,18-29,1.0
Scientific consensus,1.0,97.0,1.0,1.0,3.0,1.0,3.0,1.0,7.0,5.0,2.0,2.0,1.0,Republican,Female,BA+,45-59,1.0
Causal evidence,1.0,99.0,1.0,1.0,3.0,1.0,4.0,1.0,6.0,4.0,1.0,1.0,1.0,Democrat,Female,Some college,18-29,2.0
Causal evidence,1.0,87.0,1.0,1.0,2.0,1.0,3.0,1.0,6.0,4.0,1.0,1.0,1.0,Democrat,Male,BA+,45-59,2.0
Scientific consensus,1.0,97.0,1.0,1.0,2.0,1.0,2.0,1.0,9.0,7.0,1.0,1.0,1.0,Democrat,Female,BA+,18-29,1.0
Scientific consensus,1.0,97.0,1.0,1.0,3.0,1.0,3.0,1.0,6.0,4.0,1.0,1.0,1.0,Democrat,Female,BA+,30-44,1.0
Causal evidence,2.0,89.0,1.0,1.0,3.0,1.0,3.0,1.0,6.0,4.0,1.0,2.0,1.0,Independent,Male,No degree,60+,2.0
Scientific consensus,1.0,97.0,1.0,1.0,2.0,1.0,2.0,1.0,7.0,4.0,1.0,1.0,1.0,Democrat,Male,BA+,45-59,1.0
Control (unrelated text),1.0,96.0,1.0,1.0,3.0,1.0,3.0,1.0,7.0,4.0,1.0,1.0,1.0,Democrat,Male,No degree,30-44,1.0
Control (unrelated text),1.0,97.0,1.0,1.0,3.0,1.0,3.0,1.0,6.0,4.0,1.0,1.0,1.0,Democrat,Male,No degree,45-59,3.0
Scientific consensus,1.0,97.0,2.0,1.0,2.0,1.0,3.0,1.0,6.0,4.0,1.0,1.0,2.0,Democrat,Male,No degree,18-29,1.0
Causal evidence,1.0,90.0,1.0,1.0,2.0,1.0,3.0,1.0,7.0,4.0,1.0,1.0,1.0,Democrat,Male,No degree,18-29,2.0
Scientific consensus,2.0,97.0,1.0,1.0,3.0,1.0,3.0,1.0,7.0,5.0,1.0,4.0,1.0,Independent,Female,BA+,60+,1.0
Control (unrelated text),2.0,90.0,1.0,1.0,2.0,1.0,1.0,2.0,11.0,7.0,2.0,2.0,1.0,Independent,Male,BA+,60+,3.0
Control (unrelated text),4.0,80.0,3.0,4.0,1.0,3.0,1.0,5.0,12.0,10.0,4.0,4.0,3.0,Independent,Male,BA+,60+,3.0
Scientific consensus,3.0,79.0,1.0,1.0,2.0,2.0,2.0,1.0,11.0,8.0,2.0,3.0,1.0,Republican,Male,BA+,18-29,1.0
Control (unrelated text),1.0,80.0,1.0,1.0,3.0,1.0,3.0,1.0,7.0,4.0,2.0,1.0,1.0,Independent,Female,No degree,30-44,3.0
Causal evidence,3.0,75.0,3.0,3.0,1.0,2.0,1.0,4.0,11.0,10.0,3.0,3.0,3.0,Republican,Male,BA+,30-44,2.0
Scientific consensus,1.0,72.0,1.0,1.0,2.0,1.0,2.0,1.0,7.0,4.0,1.0,1.0,1.0,Independent,Male,BA+,45-59,2.0
Control (unrelated text),1.0,95.0,1.0,1.0,2.0,1.0,1.0,1.0,7.0,4.0,1.0,1.0,1.0,Democrat,Male,BA+,60+,3.0
Control (unrelated text),2.0,75.0,1.0,2.0,3.0,2.0,3.0,3.0,12.0,6.0,2.0,2.0,1.0,Republican,Male,No degree,45-59,3.0
Causal evidence,2.0,91.0,1.0,1.0,3.0,1.0,3.0,2.0,6.0,5.0,1.0,2.0,1.0,Independent,Male,BA+,30-44,2.0
Causal evidence,1.0,86.0,1.0,2.0,2.0,2.0,2.0,2.0,8.0,4.0,2.0,1.0,2.0,Democrat,Female,BA+,45-59,2.0
Causal evidence,2.0,97.0,1.0,1.0,3.0,2.0,2.0,1.0,7.0,4.0,1.0,2.0,1.0,Democrat,Male,Some college,30-44,2.0
Causal evidence,3.0,95.0,2.0,2.0,1.0,2.0,2.0,2.0,9.0,9.0,3.0,3.0,2.0,Republican,Male,Some college,30-44,2.0
Causal evidence,2.0,70.0,3.0,2.0,1.0,2.0,1.0,3.0,11.0,8.0,2.0,2.0,3.0,Republican,Male,No degree,60+,2.0
Scientific consensus,1.0,96.0,1.0,1.0,3.0,1.0,3.0,1.0,6.0,4.0,2.0,1.0,1.0,Democrat,Male,BA+,30-44,1.0
Causal evidence,1.0,100.0,1.0,1.0,4.0,1.0,4.0,1.0,6.0,4.0,1.0,1.0,1.0,Democrat,Female,BA+,45-59,2.0
Control (unrelated text),1.0,98.0,1.0,1.0,2.0,1.0,2.0,1.0,6.0,4.0,1.0,1.0,2.0,Democrat,Female,BA+,60+,3.0
Control (unrelated text),2.0,75.0,2.0,2.0,2.0,2.0,2.0,2.0,12.0,9.0,2.0,2.0,2.0,Republican,Male,BA+,30-44,3.0
Causal evidence,1.0,90.0,1.0,1.0,3.0,1.0,3.0,1.0,8.0,4.0,1.0,1.0,1.0,Democrat,Female,BA+,45-59,2.0
Control (unrelated text),1.0,81.0,1.0,1.0,3.0,1.0,3.0,2.0,7.0,6.0,2.0,1.0,1.0,Democrat,Female,No degree,30-44,3.0
Control (unrelated text),4.0,25.0,3.0,3.0,1.0,2.0,1.0,5.0,12.0,10.0,4.0,3.0,3.0,Independent,Male,BA+,30-44,3.0
Causal evidence,1.0,95.0,1.0,1.0,3.0,1.0,3.0,1.0,8.0,4.0,2.0,1.0,1.0,Democrat,Male,BA+,18-29,2.0
Control (unrelated text),2.0,50.0,2.0,2.0,2.0,2.0,3.0,3.0,9.0,7.0,2.0,2.0,2.0,Republican,Male,No degree,30-44,3.0
Control (unrelated text),1.0,86.0,1.0,1.0,2.0,1.0,2.0,1.0,7.0,4.0,1.0,1.0,1.0,Democrat,Female,BA+,60+,3.0
Causal evidence,1.0,98.0,1.0,1.0,3.0,1.0,3.0,1.0,6.0,4.0,1.0,1.0,1.0,Democrat,Female,BA+,30-44,2.0
Control (unrelated text),1.0,97.0,1.0,1.0,2.0,1.0,2.0,1.0,6.0,4.0,1.0,1.0,1.0,Democrat,Male,No degree,30-44,3.0
Causal evidence,3.0,85.0,3.0,2.0,2.0,2.0,1.0,4.0,12.0,10.0,4.0,3.0,3.0,Republican,Male,BA+,45-59,2.0
Causal evidence,1.0,98.0,1.0,1.0,3.0,1.0,4.0,1.0,6.0,4.0,1.0,1.0,1.0,Democrat,Male,No degree,30-44,2.0
Control (unrelated text),1.0,90.0,1.0,1.0,3.0,1.0,2.0,1.0,7.0,4.0,1.0,1.0,1.0,Democrat,Male,BA+,45-59,3.0
Scientific consensus,2.0,97.0,2.0,2.0,1.0,2.0,2.0,3.0,12.0,8.0,3.0,3.0,2.0,Republican,Male,BA+,60+,1.0
Control (unrelated text),1.0,81.0,1.0,1.0,3.0,1.0,3.0,1.0,7.0,4.0,1.0,1.0,1.0,Democrat,Female,BA+,60+,3.0
Causal evidence,2.0,69.0,2.0,1.0,1.0,1.0,1.0,3.0,9.0,5.0,3.0,2.0,2.0,Independent,Male,BA+,18-29,2.0
Scientific consensus,1.0,97.0,1.0,1.0,3.0,1.0,3.0,1.0,7.0,4.0,1.0,1.0,1.0,Independent,Male,No degree,18-29,1.0
Control (unrelated text),1.0,99.0,1.0,1.0,3.0,1.0,3.0,1.0,6.0,4.0,2.0,1.0,1.0,Independent,Female,No degree,30-44,3.0
Control (unrelated text),3.0,81.0,3.0,2.0,2.0,3.0,3.0,4.0,12.0,10.0,3.0,3.0,3.0,Republican,Female,No degree,30-44,3.0
Control (unrelated text),1.0,95.0,1.0,1.0,3.0,1.0,3.0,1.0,7.0,4.0,1.0,1.0,1.0,Democrat,Female,BA+,18-29,3.0
Scientific consensus,1.0,97.0,1.0,1.0,3.0,1.0,3.0,1.0,6.0,4.0,1.0,1.0,1.0,Democrat,Female,No degree,30-44,1.0
Scientific consensus,1.0,97.0,1.0,1.0,2.0,2.0,3.0,1.0,9.0,4.0,2.0,1.0,1.0,Democrat,Male,BA+,30-44,1.0
Control (unrelated text),2.0,71.0,2.0,2.0,2.0,2.0,2.0,2.0,9.0,7.0,2.0,2.0,2.0,Independent,Male,No degree,30-44,3.0
Causal evidence,2.0,85.0,1.0,1.0,2.0,2.0,3.0,4.0,11.0,8.0,3.0,2.0,1.0,Republican,Female,BA+,45-59,2.0
Scientific consensus,4.0,74.0,2.0,2.0,2.0,3.0,2.0,4.0,12.0,10.0,3.0,4.0,2.0,Democrat,Male,No degree,30-44,1.0
Causal evidence,1.0,90.0,1.0,1.0,3.0,1.0,3.0,1.0,7.0,4.0,1.0,1.0,1.0,Democrat,Female,Some college,60+,2.0
Scientific consensus,4.0,97.0,3.0,3.0,2.0,3.0,2.0,4.0,12.0,10.0,3.0,3.0,3.0,Independent,Female,No degree,60+,2.0
Control (unrelated text),1.0,99.0,1.0,1.0,2.0,1.0,2.0,1.0,6.0,4.0,1.0,1.0,1.0,Democrat,Female,BA+,30-44,3.0
Scientific consensus,1.0,97.0,1.0,1.0,4.0,1.0,3.0,1.0,6.0,4.0,1.0,1.0,1.0,Democrat,Female,BA+,60+,1.0
Scientific consensus,2.0,97.0,1.0,1.0,2.0,1.0,1.0,1.0,6.0,4.0,2.0,2.0,1.0,Democrat,Male,Some college,30-44,1.0
Causal evidence,1.0,100.0,1.0,1.0,3.0,1.0,3.0,1.0,6.0,4.0,1.0,1.0,1.0,Democrat,Female,No degree,18-29,2.0
Scientific consensus,1.0,93.0,1.0,1.0,2.0,1.0,1.0,1.0,6.0,5.0,2.0,1.0,1.0,Democrat,Female,BA+,30-44,1.0
Scientific consensus,3.0,52.0,3.0,3.0,1.0,3.0,1.0,5.0,12.0,10.0,4.0,3.0,3.0,Republican,Male,No degree,30-44,1.0
Causal evidence,2.0,90.0,1.0,1.0,3.0,1.0,3.0,1.0,6.0,4.0,2.0,2.0,1.0,Democrat,Male,BA+,45-59,2.0
Scientific consensus,1.0,97.0,1.0,1.0,1.0,1.0,2.0,1.0,6.0,4.0,1.0,1.0,1.0,Democrat,Female,No degree,60+,1.0
Scientific consensus,1.0,97.0,1.0,1.0,2.0,2.0,2.0,1.0,7.0,7.0,2.0,1.0,1.0,Independent,Female,BA+,30-44,1.0
Causal evidence,1.0,95.0,1.0,1.0,2.0,1.0,2.0,1.0,8.0,4.0,1.0,1.0,1.0,Democrat,Male,BA+,45-59,2.0
Control (unrelated text),1.0,94.0,1.0,1.0,3.0,1.0,3.0,1.0,6.0,4.0,1.0,1.0,1.0,Democrat,Female,BA+,18-29,3.0
Control (unrelated text),1.0,94.0,1.0,1.0,3.0,1.0,3.0,1.0,6.0,4.0,1.0,1.0,1.0,Democrat,Female,No degree,45-59,3.0
Causal evidence,1.0,95.0,1.0,1.0,3.0,1.0,4.0,1.0,6.0,5.0,2.0,1.0,1.0,Democrat,Female,No degree,18-29,2.0
Control (unrelated text),2.0,59.0,3.0,2.0,1.0,2.0,1.0,1.0,6.0,4.0,1.0,2.0,3.0,Independent,Female,BA+,30-44,3.0
Scientific consensus,2.0,99.0,1.0,1.0,2.0,1.0,2.0,2.0,7.0,5.0,1.0,2.0,1.0,Independent,Female,Some college,45-59,1.0
Control (unrelated text),2.0,92.0,1.0,1.0,3.0,1.0,3.0,1.0,6.0,7.0,1.0,1.0,1.0,Democrat,Female,No degree,18-29,3.0
Control (unrelated text),1.0,98.0,1.0,1.0,3.0,1.0,3.0,2.0,7.0,4.0,2.0,1.0,1.0,Democrat,Female,BA+,30-44,3.0
Causal evidence,1.0,98.0,1.0,1.0,4.0,1.0,4.0,1.0,7.0,4.0,1.0,1.0,1.0,Democrat,Male,BA+,45-59,2.0
Causal evidence,2.0,98.0,1.0,1.0,3.0,1.0,3.0,1.0,8.0,5.0,2.0,2.0,1.0,Independent,Male,No degree,18-29,2.0
Scientific consensus,1.0,97.0,1.0,1.0,3.0,1.0,2.0,1.0,6.0,4.0,1.0,1.0,1.0,Democrat,Female,No degree,30-44,1.0
Causal evidence,3.0,50.0,3.0,3.0,1.0,3.0,1.0,4.0,12.0,10.0,4.0,3.0,3.0,Republican,Female,No degree,,2.0
Causal evidence,2.0,84.0,1.0,2.0,2.0,2.0,3.0,4.0,10.0,7.0,4.0,2.0,2.0,Independent,Female,BA+,30-44,2.0
Causal evidence,1.0,95.0,1.0,1.0,3.0,1.0,3.0,1.0,8.0,4.0,2.0,1.0,1.0,Republican,Female,No degree,45-59,2.0
Causal evidence,1.0,90.0,1.0,1.0,4.0,1.0,4.0,1.0,7.0,4.0,1.0,1.0,1.0,Democrat,Female,No degree,60+,2.0
Control (unrelated text),1.0,90.0,1.0,1.0,4.0,1.0,4.0,1.0,6.0,4.0,1.0,1.0,1.0,Democrat,Male,BA+,45-59,3.0
Causal evidence,2.0,90.0,2.0,2.0,2.0,2.0,2.0,1.0,8.0,4.0,2.0,2.0,2.0,Democrat,Female,BA+,45-59,2.0
Causal evidence,3.0,4.0,3.0,3.0,1.0,3.0,2.0,5.0,12.0,10.0,4.0,3.0,3.0,Republican,Male,No degree,60+,2.0
Scientific consensus,1.0,97.0,1.0,1.0,3.0,1.0,2.0,1.0,7.0,5.0,2.0,1.0,1.0,Democrat,Female,BA+,18-29,1.0
Control (unrelated text),2.0,62.0,3.0,3.0,1.0,2.0,2.0,4.0,12.0,9.0,3.0,3.0,3.0,Republican,Male,Some college,45-59,3.0
Scientific consensus,1.0,97.0,1.0,1.0,2.0,1.0,2.0,1.0,6.0,4.0,1.0,1.0,1.0,Democrat,Female,No degree,30-44,1.0
Scientific consensus,2.0,95.0,1.0,1.0,3.0,2.0,2.0,2.0,8.0,7.0,2.0,1.0,2.0,Independent,Male,BA+,30-44,2.0
Causal evidence,2.0,67.0,1.0,2.0,2.0,2.0,2.0,2.0,9.0,7.0,2.0,2.0,2.0,Democrat,Female,BA+,60+,2.0
Control (unrelated text),1.0,68.0,1.0,1.0,1.0,1.0,1.0,1.0,6.0,4.0,1.0,1.0,1.0,Democrat,Male,BA+,18-29,3.0
Control (unrelated text),1.0,97.0,1.0,1.0,4.0,1.0,4.0,1.0,6.0,4.0,1.0,1.0,1.0,Democrat,Male,BA+,60+,3.0
Control (unrelated text),2.0,97.0,1.0,1.0,2.0,2.0,2.0,1.0,7.0,4.0,1.0,2.0,1.0,Republican,Male,No degree,30-44,3.0
Control (unrelated text),2.0,68.0,1.0,2.0,3.0,2.0,2.0,2.0,8.0,6.0,2.0,2.0,1.0,Democrat,Female,BA+,60+,3.0
Scientific consensus,1.0,97.0,1.0,1.0,3.0,1.0,3.0,3.0,8.0,4.0,1.0,1.0,1.0,Democrat,Male,Some college,18-29,1.0
Scientific consensus,2.0,97.0,1.0,1.0,2.0,1.0,2.0,1.0,6.0,5.0,2.0,2.0,1.0,Democrat,Female,BA+,18-29,1.0
Control (unrelated text),1.0,99.0,1.0,1.0,3.0,1.0,3.0,1.0,6.0,4.0,2.0,1.0,1.0,Democrat,Male,BA+,45-59,3.0
Causal evidence,1.0,90.0,1.0,1.0,3.0,1.0,2.0,1.0,9.0,5.0,1.0,1.0,1.0,Democrat,Female,No degree,30-44,2.0
Control (unrelated text),3.0,95.0,1.0,1.0,2.0,2.0,2.0,1.0,6.0,7.0,1.0,3.0,1.0,Independent,Male,No degree,30-44,3.0
Causal evidence,1.0,96.0,1.0,1.0,3.0,1.0,3.0,1.0,6.0,4.0,1.0,1.0,1.0,Democrat,Female,BA+,30-44,2.0
Scientific consensus,1.0,85.0,1.0,2.0,3.0,2.0,3.0,1.0,8.0,4.0,2.0,1.0,1.0,Democrat,Male,BA+,45-59,1.0
Scientific consensus,3.0,97.0,3.0,2.0,1.0,2.0,2.0,2.0,11.0,8.0,2.0,3.0,3.0,Independent,Male,BA+,45-59,1.0
Causal evidence,1.0,75.0,1.0,1.0,2.0,1.0,3.0,1.0,6.0,4.0,1.0,1.0,1.0,Democrat,Female,Some college,30-44,2.0
Causal evidence,1.0,98.0,1.0,1.0,3.0,1.0,3.0,1.0,6.0,4.0,1.0,1.0,1.0,Democrat,Female,No degree,30-44,2.0
Control (unrelated text),4.0,80.0,3.0,4.0,1.0,3.0,1.0,5.0,12.0,10.0,4.0,4.0,3.0,Independent,Male,No degree,30-44,3.0
Scientific consensus,1.0,97.0,1.0,1.0,2.0,1.0,2.0,1.0,7.0,4.0,2.0,1.0,1.0,Democrat,Female,BA+,18-29,1.0
Causal evidence,1.0,93.0,1.0,1.0,3.0,1.0,3.0,1.0,6.0,4.0,1.0,1.0,1.0,Democrat,Male,Some college,45-59,2.0
Scientific consensus,1.0,97.0,1.0,1.0,2.0,1.0,2.0,1.0,8.0,4.0,2.0,2.0,1.0,Democrat,Male,No degree,30-44,1.0
Control (unrelated text),1.0,84.0,1.0,1.0,2.0,1.0,2.0,1.0,7.0,4.0,1.0,1.0,1.0,Democrat,Female,BA+,30-44,3.0
Causal evidence,3.0,85.0,3.0,3.0,1.0,3.0,1.0,4.0,12.0,10.0,4.0,3.0,3.0,Republican,Male,BA+,18-29,2.0
Causal evidence,1.0,85.0,1.0,1.0,2.0,2.0,2.0,2.0,8.0,5.0,2.0,1.0,1.0,Democrat,Female,No degree,45-59,2.0
Scientific consensus,1.0,97.0,1.0,1.0,2.0,1.0,2.0,1.0,6.0,4.0,1.0,1.0,1.0,Democrat,Male,BA+,30-44,1.0
Causal evidence,1.0,68.0,1.0,1.0,2.0,1.0,1.0,1.0,7.0,4.0,1.0,1.0,1.0,Democrat,Female,BA+,45-59,2.0
Scientific consensus,2.0,95.0,2.0,3.0,1.0,3.0,1.0,3.0,11.0,8.0,3.0,3.0,3.0,Republican,Female,No degree,30-44,1.0
Control (unrelated text),2.0,80.0,1.0,1.0,2.0,1.0,2.0,1.0,6.0,5.0,1.0,2.0,2.0,Democrat,Female,BA+,18-29,2.0
Control (unrelated text),2.0,70.0,1.0,1.0,3.0,2.0,3.0,1.0,7.0,5.0,2.0,2.0,1.0,Independent,Female,No degree,45-59,3.0
Scientific consensus,1.0,97.0,1.0,1.0,3.0,1.0,4.0,1.0,6.0,4.0,2.0,1.0,1.0,Democrat,Male,BA+,30-44,1.0
Control (unrelated text),2.0,95.0,1.0,1.0,2.0,1.0,2.0,1.0,6.0,4.0,1.0,2.0,1.0,Democrat,Female,No degree,60+,3.0
Control (unrelated text),3.0,90.0,2.0,2.0,2.0,2.0,2.0,4.0,12.0,10.0,3.0,3.0,2.0,Republican,Male,BA+,30-44,3.0
Causal evidence,1.0,90.0,1.0,1.0,3.0,1.0,3.0,1.0,7.0,4.0,1.0,1.0,1.0,Independent,Female,No degree,60+,2.0
Control (unrelated text),2.0,90.0,2.0,2.0,3.0,2.0,2.0,3.0,9.0,7.0,2.0,2.0,2.0,Democrat,Female,BA+,45-59,3.0
Control (unrelated text),1.0,99.0,1.0,1.0,4.0,1.0,4.0,1.0,6.0,5.0,1.0,1.0,1.0,Democrat,Male,No degree,30-44,3.0
Scientific consensus,1.0,97.0,1.0,1.0,1.0,1.0,1.0,1.0,6.0,4.0,2.0,1.0,2.0,Democrat,Female,Some college,30-44,2.0
Scientific consensus,1.0,97.0,1.0,1.0,3.0,1.0,1.0,1.0,6.0,4.0,1.0,1.0,1.0,Democrat,Male,No degree,30-44,1.0
Scientific consensus,2.0,79.0,1.0,1.0,1.0,1.0,1.0,1.0,8.0,7.0,1.0,2.0,1.0,Independent,Male,Some college,30-44,1.0
Control (unrelated text),2.0,64.0,3.0,4.0,1.0,3.0,2.0,4.0,9.0,9.0,3.0,2.0,3.0,Republican,Female,Some college,30-44,3.0
Scientific consensus,1.0,97.0,1.0,1.0,3.0,1.0,2.0,1.0,6.0,4.0,1.0,1.0,1.0,Democrat,Female,BA+,30-44,1.0
Scientific consensus,2.0,63.0,2.0,1.0,1.0,1.0,2.0,1.0,8.0,6.0,2.0,2.0,2.0,Democrat,Male,No degree,30-44,2.0
Scientific consensus,1.0,100.0,1.0,1.0,2.0,2.0,2.0,1.0,7.0,5.0,2.0,1.0,1.0,Independent,Female,No degree,30-44,1.0
Causal evidence,1.0,95.0,1.0,1.0,3.0,1.0,3.0,1.0,8.0,6.0,2.0,1.0,1.0,Democrat,Female,No degree,30-44,2.0
Control (unrelated text),1.0,81.0,2.0,1.0,1.0,1.0,1.0,1.0,6.0,4.0,1.0,1.0,2.0,Democrat,Female,No degree,45-59,3.0
Causal evidence,2.0,95.0,1.0,1.0,2.0,1.0,2.0,1.0,8.0,5.0,2.0,2.0,1.0,Democrat,Male,BA+,30-44,2.0
Control (unrelated text),1.0,99.0,1.0,1.0,3.0,1.0,2.0,1.0,7.0,5.0,1.0,1.0,1.0,Democrat,Female,Some college,18-29,3.0
Control (unrelated text),1.0,99.0,1.0,1.0,2.0,1.0,1.0,2.0,9.0,6.0,2.0,1.0,1.0,Republican,Male,BA+,30-44,3.0
Causal evidence,1.0,91.0,1.0,1.0,3.0,1.0,3.0,1.0,6.0,4.0,1.0,1.0,1.0,Democrat,Male,BA+,45-59,2.0
Control (unrelated text),2.0,90.0,1.0,1.0,1.0,1.0,1.0,1.0,6.0,5.0,1.0,2.0,1.0,Democrat,Male,BA+,30-44,3.0
Causal evidence,2.0,70.0,1.0,1.0,2.0,2.0,1.0,1.0,7.0,5.0,1.0,2.0,1.0,Independent,Female,No degree,30-44,2.0
Causal evidence,1.0,99.0,1.0,1.0,3.0,1.0,1.0,1.0,12.0,10.0,1.0,1.0,2.0,Democrat,Male,BA+,30-44,2.0
Scientific consensus,2.0,97.0,1.0,1.0,2.0,1.0,2.0,2.0,8.0,9.0,2.0,2.0,1.0,Republican,Female,BA+,45-59,1.0
Causal evidence,3.0,100.0,2.0,1.0,2.0,1.0,2.0,2.0,12.0,10.0,2.0,3.0,2.0,Republican,Female,BA+,60+,2.0
Control (unrelated text),2.0,82.0,2.0,2.0,2.0,2.0,2.0,2.0,8.0,5.0,2.0,2.0,2.0,Republican,Male,BA+,30-44,3.0
Scientific consensus,2.0,65.0,1.0,1.0,1.0,2.0,2.0,2.0,6.0,5.0,2.0,1.0,2.0,Republican,Male,BA+,30-44,2.0
Causal evidence,1.0,100.0,1.0,1.0,3.0,1.0,3.0,1.0,6.0,4.0,1.0,1.0,1.0,Democrat,Male,BA+,30-44,2.0
Scientific consensus,1.0,97.0,1.0,1.0,4.0,1.0,4.0,1.0,6.0,4.0,1.0,1.0,1.0,Democrat,Male,BA+,18-29,1.0
Causal evidence,1.0,98.0,1.0,1.0,2.0,1.0,2.0,2.0,8.0,5.0,2.0,1.0,1.0,Democrat,Male,BA+,30-44,2.0
Control (unrelated text),1.0,90.0,1.0,1.0,3.0,1.0,3.0,1.0,6.0,4.0,2.0,1.0,1.0,Democrat,Female,BA+,30-44,3.0
Causal evidence,2.0,80.0,1.0,2.0,3.0,1.0,2.0,2.0,7.0,6.0,2.0,2.0,2.0,Democrat,Female,BA+,18-29,2.0
Causal evidence,1.0,95.0,1.0,1.0,3.0,1.0,3.0,1.0,7.0,4.0,1.0,1.0,1.0,Democrat,Female,No degree,18-29,2.0
Scientific consensus,1.0,98.0,1.0,1.0,2.0,1.0,2.0,2.0,7.0,5.0,2.0,2.0,1.0,Democrat,Male,BA+,30-44,2.0
Causal evidence,1.0,95.0,1.0,1.0,4.0,1.0,4.0,1.0,6.0,4.0,1.0,1.0,1.0,Democrat,Female,Some college,60+,2.0
Control (unrelated text),1.0,93.0,1.0,1.0,2.0,1.0,2.0,1.0,6.0,4.0,1.0,1.0,1.0,Democrat,Female,BA+,30-44,3.0
Scientific consensus,2.0,78.0,2.0,1.0,1.0,2.0,1.0,1.0,6.0,4.0,2.0,2.0,2.0,Democrat,Female,Some college,45-59,2.0
Causal evidence,1.0,90.0,1.0,1.0,3.0,1.0,4.0,1.0,6.0,4.0,2.0,1.0,2.0,Democrat,Male,BA+,18-29,2.0
Scientific consensus,2.0,81.0,1.0,1.0,2.0,1.0,2.0,1.0,7.0,4.0,1.0,2.0,1.0,Democrat,Female,BA+,30-44,1.0
Causal evidence,1.0,70.0,1.0,1.0,2.0,1.0,2.0,1.0,7.0,4.0,2.0,1.0,1.0,Democrat,Male,No degree,30-44,2.0
Scientific consensus,1.0,100.0,1.0,1.0,3.0,1.0,4.0,1.0,6.0,4.0,1.0,1.0,1.0,Democrat,Female,BA+,45-59,2.0
Scientific consensus,1.0,97.0,1.0,1.0,3.0,1.0,2.0,1.0,6.0,5.0,1.0,1.0,1.0,Democrat,Female,BA+,30-44,1.0
Causal evidence,2.0,62.0,1.0,2.0,2.0,2.0,2.0,2.0,7.0,6.0,2.0,2.0,2.0,Democrat,Male,BA+,30-44,2.0
Control (unrelated text),2.0,60.0,2.0,2.0,2.0,2.0,2.0,3.0,8.0,7.0,2.0,2.0,2.0,Democrat,Female,No degree,30-44,3.0
Control (unrelated text),1.0,90.0,1.0,1.0,3.0,1.0,3.0,1.0,6.0,4.0,1.0,1.0,1.0,Democrat,Female,Some college,30-44,3.0
Scientific consensus,2.0,60.0,2.0,2.0,2.0,3.0,2.0,3.0,8.0,6.0,3.0,2.0,2.0,Democrat,Male,BA+,45-59,1.0
Scientific consensus,1.0,99.0,1.0,1.0,3.0,1.0,3.0,1.0,6.0,4.0,1.0,3.0,1.0,Democrat,Male,BA+,30-44,2.0
Control (unrelated text),2.0,65.0,3.0,2.0,2.0,2.0,2.0,2.0,9.0,6.0,2.0,2.0,2.0,Democrat,Female,BA+,60+,3.0
Causal evidence,1.0,70.0,1.0,2.0,2.0,2.0,1.0,1.0,8.0,6.0,1.0,1.0,1.0,Democrat,Female,BA+,30-44,2.0
Causal evidence,1.0,97.0,1.0,1.0,4.0,1.0,4.0,1.0,6.0,4.0,1.0,1.0,1.0,Democrat,Female,BA+,30-44,2.0
Scientific consensus,2.0,64.0,2.0,2.0,2.0,1.0,2.0,2.0,7.0,5.0,2.0,2.0,2.0,Independent,Male,BA+,45-59,2.0
Control (unrelated text),1.0,83.0,1.0,1.0,2.0,1.0,1.0,1.0,7.0,4.0,2.0,2.0,1.0,Democrat,Female,BA+,45-59,3.0
Scientific consensus,2.0,60.0,1.0,1.0,2.0,1.0,2.0,1.0,6.0,7.0,1.0,2.0,1.0,Independent,Male,Some college,,1.0
Control (unrelated text),1.0,98.0,2.0,1.0,2.0,1.0,2.0,2.0,7.0,4.0,2.0,1.0,2.0,Democrat,Female,BA+,30-44,3.0
Causal evidence,3.0,74.0,1.0,1.0,2.0,2.0,3.0,3.0,8.0,6.0,2.0,3.0,2.0,Democrat,Female,No degree,30-44,2.0
Scientific consensus,3.0,97.0,2.0,1.0,2.0,3.0,3.0,2.0,9.0,5.0,2.0,3.0,2.0,Democrat,Female,No degree,45-59,1.0
Causal evidence,2.0,80.0,1.0,1.0,3.0,1.0,3.0,1.0,6.0,4.0,2.0,2.0,1.0,Independent,Male,BA+,30-44,2.0
Scientific consensus,2.0,69.0,2.0,2.0,1.0,2.0,3.0,2.0,8.0,6.0,2.0,2.0,1.0,Democrat,Male,No degree,30-44,2.0
Control (unrelated text),1.0,99.0,1.0,1.0,3.0,1.0,2.0,1.0,7.0,4.0,1.0,1.0,1.0,Democrat,Male,BA+,30-44,3.0
Scientific consensus,3.0,99.0,2.0,1.0,2.0,1.0,1.0,1.0,9.0,7.0,1.0,4.0,2.0,Independent,Female,BA+,30-44,2.0
Control (unrelated text),1.0,99.0,1.0,1.0,3.0,1.0,3.0,1.0,6.0,4.0,2.0,1.0,1.0,Democrat,Female,BA+,30-44,3.0
Scientific consensus,1.0,97.0,1.0,1.0,3.0,1.0,3.0,1.0,7.0,4.0,1.0,1.0,1.0,Democrat,Female,BA+,18-29,1.0
Causal evidence,3.0,100.0,2.0,3.0,2.0,2.0,3.0,2.0,9.0,7.0,2.0,2.0,2.0,Democrat,Female,No degree,30-44,2.0
Causal evidence,1.0,100.0,1.0,1.0,2.0,1.0,2.0,1.0,6.0,4.0,1.0,1.0,1.0,Democrat,Male,BA+,18-29,2.0
Scientific consensus,1.0,97.0,1.0,1.0,2.0,1.0,2.0,1.0,6.0,4.0,2.0,2.0,1.0,Democrat,Male,BA+,45-59,1.0
Scientific consensus,2.0,59.0,2.0,2.0,3.0,2.0,3.0,3.0,8.0,6.0,2.0,2.0,2.0,Republican,Male,Some college,18-29,2.0
Causal evidence,1.0,95.0,1.0,1.0,3.0,1.0,3.0,2.0,9.0,5.0,2.0,1.0,1.0,Democrat,Male,BA+,18-29,2.0
Control (unrelated text),3.0,43.0,2.0,2.0,3.0,3.0,2.0,4.0,9.0,8.0,3.0,3.0,2.0,Independent,Male,No degree,30-44,3.0
Control (unrelated text),1.0,75.0,1.0,1.0,3.0,1.0,3.0,1.0,6.0,4.0,1.0,1.0,1.0,Democrat,Female,No degree,18-29,3.0
Control (unrelated text),2.0,86.0,1.0,1.0,2.0,1.0,2.0,2.0,10.0,6.0,1.0,2.0,1.0,Democrat,Female,BA+,45-59,3.0
Causal evidence,1.0,95.0,1.0,1.0,3.0,1.0,3.0,1.0,6.0,4.0,1.0,1.0,1.0,Democrat,Female,BA+,30-44,2.0
Causal evidence,2.0,98.0,1.0,1.0,2.0,1.0,2.0,2.0,11.0,6.0,2.0,2.0,1.0,Democrat,Male,BA+,30-44,2.0
Control (unrelated text),1.0,90.0,1.0,1.0,3.0,1.0,3.0,1.0,8.0,4.0,2.0,1.0,1.0,Democrat,Male,BA+,60+,3.0
Scientific consensus,1.0,97.0,1.0,1.0,2.0,1.0,2.0,1.0,8.0,6.0,2.0,2.0,1.0,Republican,Female,BA+,30-44,1.0
Causal evidence,1.0,94.0,1.0,1.0,2.0,1.0,1.0,1.0,7.0,4.0,2.0,1.0,2.0,Democrat,Female,BA+,45-59,2.0
Scientific consensus,4.0,97.0,3.0,4.0,1.0,4.0,1.0,5.0,12.0,10.0,4.0,3.0,3.0,Independent,Male,No degree,45-59,1.0
Scientific consensus,1.0,97.0,1.0,1.0,2.0,1.0,2.0,1.0,6.0,4.0,1.0,1.0,1.0,Democrat,Female,BA+,18-29,1.0
Control (unrelated text),2.0,43.0,2.0,2.0,2.0,2.0,2.0,1.0,7.0,5.0,1.0,2.0,2.0,Democrat,Female,Some college,30-44,3.0
Causal evidence,2.0,98.0,1.0,1.0,3.0,1.0,3.0,1.0,8.0,6.0,1.0,1.0,1.0,Democrat,Female,BA+,18-29,2.0
Control (unrelated text),2.0,80.0,1.0,1.0,2.0,2.0,2.0,2.0,9.0,6.0,2.0,2.0,1.0,Independent,Female,Some college,30-44,3.0
Control (unrelated text),1.0,98.0,1.0,1.0,3.0,1.0,3.0,1.0,6.0,4.0,1.0,1.0,1.0,Democrat,Male,No degree,30-44,3.0
Scientific consensus,2.0,96.0,1.0,1.0,3.0,1.0,2.0,1.0,7.0,4.0,1.0,1.0,1.0,Democrat,Female,BA+,18-29,1.0
Scientific consensus,2.0,97.0,1.0,2.0,3.0,1.0,2.0,2.0,9.0,7.0,2.0,2.0,1.0,Democrat,Female,BA+,,1.0
Control (unrelated text),1.0,92.0,1.0,1.0,3.0,1.0,3.0,1.0,7.0,4.0,1.0,1.0,1.0,Democrat,Female,BA+,60+,3.0
Causal evidence,1.0,78.0,1.0,1.0,3.0,1.0,3.0,1.0,6.0,4.0,2.0,1.0,1.0,Democrat,Female,No degree,30-44,2.0
Control (unrelated text),1.0,100.0,1.0,1.0,1.0,1.0,1.0,1.0,6.0,5.0,1.0,1.0,1.0,Independent,Female,No degree,30-44,3.0
Control (unrelated text),2.0,80.0,1.0,1.0,2.0,1.0,2.0,1.0,6.0,6.0,2.0,2.0,1.0,Independent,Female,No degree,18-29,3.0
Scientific consensus,1.0,97.0,1.0,1.0,3.0,1.0,3.0,1.0,6.0,4.0,1.0,1.0,1.0,Democrat,Female,BA+,45-59,1.0
Causal evidence,2.0,79.0,1.0,1.0,2.0,1.0,2.0,2.0,9.0,7.0,2.0,2.0,2.0,Republican,Female,No degree,18-29,2.0
Control (unrelated text),2.0,70.0,2.0,2.0,2.0,2.0,2.0,2.0,11.0,8.0,3.0,2.0,2.0,Republican,Male,Some college,30-44,3.0
Scientific consensus,1.0,98.0,1.0,1.0,3.0,1.0,4.0,1.0,6.0,4.0,1.0,1.0,1.0,Democrat,Male,BA+,30-44,2.0
Causal evidence,1.0,87.0,1.0,1.0,3.0,1.0,3.0,1.0,7.0,4.0,1.0,1.0,1.0,Democrat,Female,No degree,45-59,2.0
Control (unrelated text),1.0,85.0,1.0,1.0,2.0,1.0,2.0,1.0,6.0,4.0,1.0,1.0,1.0,Democrat,Male,BA+,30-44,3.0
Causal evidence,3.0,77.0,1.0,1.0,2.0,2.0,4.0,1.0,6.0,5.0,1.0,4.0,2.0,Republican,Female,Some college,30-44,2.0
Scientific consensus,1.0,97.0,1.0,1.0,2.0,1.0,2.0,1.0,6.0,4.0,1.0,1.0,1.0,Democrat,Female,No degree,18-29,1.0
Scientific consensus,2.0,92.0,1.0,1.0,2.0,2.0,3.0,1.0,9.0,4.0,1.0,2.0,1.0,Democrat,Male,BA+,30-44,1.0
Causal evidence,1.0,100.0,1.0,1.0,3.0,1.0,3.0,1.0,6.0,4.0,1.0,1.0,1.0,Democrat,Female,Some college,30-44,2.0
Control (unrelated text),1.0,97.0,1.0,1.0,2.0,1.0,2.0,1.0,8.0,5.0,1.0,1.0,1.0,Democrat,Female,BA+,30-44,3.0
Causal evidence,2.0,81.0,1.0,1.0,3.0,1.0,3.0,1.0,6.0,4.0,1.0,2.0,1.0,Democrat,Male,BA+,45-59,2.0
Scientific consensus,2.0,97.0,1.0,1.0,2.0,1.0,2.0,1.0,7.0,7.0,1.0,2.0,1.0,Independent,Female,No degree,18-29,2.0
Control (unrelated text),1.0,100.0,1.0,1.0,3.0,1.0,3.0,1.0,8.0,4.0,1.0,1.0,1.0,Democrat,Female,Some college,60+,3.0
Causal evidence,1.0,81.0,1.0,1.0,2.0,1.0,1.0,1.0,9.0,8.0,1.0,1.0,1.0,Independent,Female,No degree,45-59,2.0
Control (unrelated text),1.0,87.0,1.0,1.0,2.0,1.0,2.0,1.0,6.0,4.0,1.0,1.0,1.0,Democrat,Male,BA+,45-59,3.0
Control (unrelated text),2.0,51.0,2.0,2.0,2.0,2.0,2.0,2.0,9.0,6.0,2.0,2.0,2.0,Democrat,Female,BA+,45-59,3.0
Scientific consensus,1.0,97.0,1.0,1.0,3.0,1.0,3.0,1.0,6.0,4.0,1.0,1.0,1.0,Democrat,Female,BA+,60+,1.0
Control (unrelated text),1.0,95.0,1.0,1.0,2.0,1.0,2.0,1.0,6.0,4.0,1.0,1.0,1.0,Democrat,Male,BA+,18-29,3.0
Causal evidence,1.0,99.0,1.0,1.0,3.0,1.0,4.0,1.0,6.0,4.0,1.0,1.0,1.0,Democrat,Male,No degree,60+,2.0
Causal evidence,2.0,71.0,1.0,1.0,3.0,2.0,3.0,2.0,8.0,6.0,1.0,2.0,1.0,Republican,Male,No degree,30-44,2.0
Scientific consensus,1.0,97.0,1.0,1.0,4.0,1.0,4.0,1.0,6.0,4.0,1.0,1.0,1.0,Democrat,Male,BA+,30-44,1.0
Causal evidence,1.0,97.0,1.0,1.0,3.0,1.0,3.0,1.0,6.0,4.0,1.0,1.0,1.0,Democrat,Male,BA+,30-44,2.0
Control (unrelated text),1.0,100.0,1.0,1.0,1.0,1.0,1.0,1.0,6.0,4.0,2.0,1.0,1.0,Democrat,Female,BA+,18-29,3.0
Causal evidence,1.0,95.0,1.0,1.0,3.0,1.0,3.0,1.0,10.0,4.0,1.0,1.0,1.0,Democrat,Male,BA+,18-29,2.0
Scientific consensus,2.0,97.0,1.0,1.0,2.0,1.0,2.0,1.0,7.0,6.0,1.0,2.0,1.0,Democrat,Male,Some college,18-29,2.0
Causal evidence,2.0,70.0,1.0,1.0,2.0,1.0,2.0,1.0,9.0,7.0,1.0,2.0,1.0,Independent,Male,BA+,30-44,2.0
Control (unrelated text),1.0,81.0,1.0,1.0,2.0,1.0,3.0,1.0,6.0,4.0,1.0,1.0,1.0,Democrat,Female,BA+,60+,3.0
Causal evidence,2.0,97.0,1.0,1.0,3.0,1.0,3.0,1.0,7.0,4.0,2.0,2.0,1.0,Democrat,Female,BA+,30-44,2.0
Scientific consensus,1.0,97.0,1.0,1.0,2.0,1.0,3.0,1.0,6.0,4.0,1.0,1.0,1.0,Democrat,Male,No degree,30-44,1.0
Causal evidence,1.0,95.0,1.0,1.0,3.0,1.0,3.0,1.0,8.0,4.0,1.0,1.0,1.0,Democrat,Male,No degree,60+,2.0
Scientific consensus,1.0,97.0,1.0,2.0,3.0,1.0,3.0,2.0,8.0,5.0,1.0,1.0,2.0,Democrat,Male,No degree,60+,1.0
Causal evidence,1.0,85.0,1.0,1.0,3.0,1.0,3.0,3.0,8.0,5.0,2.0,1.0,1.0,Independent,Female,No degree,45-59,2.0
Scientific consensus,1.0,97.0,1.0,1.0,3.0,1.0,3.0,1.0,9.0,4.0,2.0,1.0,1.0,Democrat,Female,Some college,60+,1.0
Scientific consensus,2.0,97.0,2.0,1.0,3.0,1.0,3.0,2.0,7.0,4.0,2.0,2.0,1.0,Republican,Male,BA+,45-59,1.0
Causal evidence,1.0,98.0,1.0,1.0,4.0,1.0,4.0,1.0,6.0,4.0,1.0,1.0,1.0,Democrat,Male,Some college,18-29,2.0
Control (unrelated text),1.0,80.0,1.0,1.0,2.0,1.0,2.0,1.0,7.0,5.0,2.0,1.0,1.0,Democrat,Male,No degree,45-59,3.0
Scientific consensus,3.0,85.0,1.0,1.0,1.0,2.0,2.0,1.0,6.0,6.0,1.0,2.0,1.0,Republican,Male,BA+,30-44,2.0
Causal evidence,1.0,87.0,1.0,1.0,3.0,1.0,3.0,1.0,6.0,4.0,1.0,2.0,1.0,Democrat,Female,BA+,18-29,2.0
Scientific consensus,1.0,97.0,1.0,1.0,4.0,1.0,4.0,1.0,6.0,4.0,1.0,1.0,1.0,Democrat,Female,BA+,18-29,1.0
Causal evidence,1.0,98.0,1.0,1.0,3.0,1.0,3.0,3.0,7.0,5.0,1.0,1.0,1.0,Republican,Female,BA+,30-44,2.0
Control (unrelated text),1.0,90.0,1.0,1.0,3.0,1.0,3.0,1.0,6.0,4.0,1.0,1.0,1.0,Democrat,Female,BA+,60+,3.0
Control (unrelated text),2.0,80.0,1.0,2.0,2.0,2.0,2.0,2.0,9.0,7.0,3.0,2.0,1.0,Republican,Male,No degree,30-44,3.0
Scientific consensus,1.0,97.0,1.0,1.0,3.0,1.0,3.0,1.0,7.0,4.0,1.0,1.0,1.0,Independent,Male,BA+,30-44,1.0
Causal evidence,1.0,,1.0,1.0,4.0,1.0,4.0,1.0,6.0,4.0,2.0,1.0,1.0,Democrat,Female,BA+,18-29,2.0
Causal evidence,2.0,93.0,1.0,1.0,3.0,1.0,3.0,1.0,7.0,4.0,1.0,2.0,1.0,Democrat,Male,No degree,18-29,2.0
Control (unrelated text),1.0,95.0,1.0,1.0,3.0,1.0,2.0,1.0,7.0,4.0,1.0,1.0,1.0,Democrat,Male,BA+,30-44,3.0
Control (unrelated text),1.0,98.0,1.0,1.0,2.0,1.0,3.0,1.0,7.0,4.0,1.0,1.0,1.0,Democrat,Male,No degree,30-44,3.0
Scientific consensus,2.0,62.0,2.0,1.0,2.0,2.0,2.0,2.0,9.0,5.0,2.0,2.0,2.0,Democrat,Male,No degree,30-44,2.0
Control (unrelated text),1.0,80.0,1.0,1.0,2.0,1.0,2.0,1.0,7.0,8.0,2.0,1.0,1.0,Democrat,Female,BA+,18-29,3.0
Control (unrelated text),4.0,75.0,3.0,3.0,1.0,3.0,2.0,3.0,9.0,7.0,4.0,4.0,3.0,Republican,Male,BA+,45-59,3.0
Control (unrelated text),1.0,92.0,1.0,1.0,3.0,1.0,2.0,1.0,6.0,4.0,1.0,1.0,1.0,Democrat,Female,BA+,30-44,3.0
Scientific consensus,1.0,97.0,1.0,1.0,2.0,1.0,2.0,1.0,7.0,5.0,1.0,1.0,1.0,Democrat,Male,BA+,30-44,1.0
Causal evidence,1.0,91.0,1.0,1.0,3.0,1.0,4.0,1.0,6.0,4.0,2.0,1.0,1.0,Democrat,Female,Some college,18-29,2.0
Control (unrelated text),1.0,85.0,1.0,1.0,2.0,1.0,2.0,1.0,7.0,5.0,1.0,1.0,1.0,Democrat,Female,No degree,60+,3.0
Control (unrelated text),1.0,95.0,1.0,1.0,2.0,1.0,2.0,1.0,7.0,4.0,1.0,1.0,1.0,Democrat,Male,BA+,30-44,3.0
Causal evidence,1.0,84.0,1.0,2.0,2.0,1.0,3.0,2.0,6.0,6.0,1.0,2.0,1.0,Republican,Male,Some college,30-44,2.0
Control (unrelated text),2.0,95.0,1.0,1.0,3.0,1.0,3.0,1.0,8.0,5.0,1.0,2.0,1.0,Democrat,Male,BA+,30-44,3.0
Scientific consensus,1.0,97.0,1.0,1.0,3.0,1.0,3.0,1.0,7.0,4.0,2.0,1.0,1.0,Democrat,Female,BA+,45-59,1.0
Control (unrelated text),2.0,75.0,1.0,2.0,3.0,1.0,2.0,2.0,8.0,6.0,2.0,2.0,1.0,Independent,Female,Some college,30-44,3.0
Scientific consensus,2.0,90.0,2.0,1.0,2.0,2.0,2.0,2.0,9.0,7.0,2.0,2.0,2.0,Independent,Male,BA+,18-29,2.0
Causal evidence,1.0,96.0,1.0,1.0,3.0,1.0,3.0,1.0,7.0,7.0,2.0,1.0,1.0,Democrat,Female,No degree,30-44,2.0
Control (unrelated text),2.0,66.0,1.0,1.0,2.0,1.0,2.0,1.0,6.0,4.0,1.0,2.0,1.0,Democrat,Male,No degree,30-44,2.0
Control (unrelated text),1.0,96.0,1.0,1.0,2.0,1.0,2.0,1.0,6.0,4.0,1.0,1.0,1.0,Democrat,Female,BA+,60+,3.0
Causal evidence,1.0,90.0,1.0,1.0,2.0,1.0,2.0,1.0,6.0,5.0,1.0,2.0,1.0,Independent,Male,No degree,30-44,2.0
Causal evidence,1.0,99.0,1.0,1.0,3.0,1.0,4.0,1.0,6.0,4.0,1.0,1.0,1.0,Democrat,Female,BA+,45-59,2.0
Causal evidence,3.0,60.0,3.0,3.0,2.0,3.0,2.0,3.0,10.0,7.0,3.0,3.0,3.0,Republican,Female,BA+,30-44,2.0
Scientific consensus,1.0,97.0,1.0,1.0,2.0,1.0,2.0,1.0,8.0,4.0,1.0,1.0,1.0,Democrat,Male,BA+,60+,1.0
Scientific consensus,3.0,97.0,2.0,2.0,2.0,2.0,2.0,4.0,12.0,9.0,3.0,3.0,2.0,Republican,Male,BA+,30-44,1.0
Scientific consensus,2.0,85.0,1.0,1.0,3.0,2.0,3.0,1.0,6.0,4.0,2.0,2.0,1.0,Democrat,Female,No degree,18-29,2.0
Scientific consensus,4.0,60.0,3.0,3.0,3.0,3.0,3.0,5.0,12.0,10.0,4.0,4.0,3.0,Independent,Female,No degree,30-44,1.0
Causal evidence,2.0,65.0,1.0,1.0,3.0,1.0,2.0,2.0,8.0,6.0,1.0,2.0,2.0,Democrat,Female,No degree,30-44,2.0
Scientific consensus,2.0,39.0,2.0,2.0,2.0,3.0,2.0,2.0,11.0,6.0,3.0,2.0,2.0,Independent,Male,BA+,18-29,2.0
Causal evidence,1.0,100.0,1.0,1.0,3.0,1.0,3.0,1.0,6.0,4.0,1.0,1.0,1.0,Democrat,Female,BA+,45-59,2.0
Causal evidence,2.0,50.0,2.0,2.0,2.0,2.0,2.0,3.0,9.0,7.0,2.0,2.0,2.0,Independent,Female,Some college,18-29,2.0
Scientific consensus,1.0,93.0,1.0,2.0,2.0,1.0,2.0,1.0,8.0,5.0,1.0,1.0,2.0,Democrat,Female,BA+,30-44,1.0
Scientific consensus,3.0,97.0,2.0,2.0,2.0,1.0,2.0,4.0,10.0,8.0,3.0,3.0,2.0,Republican,Female,Some college,30-44,1.0
Causal evidence,2.0,80.0,1.0,1.0,3.0,1.0,4.0,1.0,6.0,4.0,1.0,1.0,1.0,Republican,Female,BA+,45-59,2.0
Scientific consensus,1.0,97.0,1.0,1.0,3.0,1.0,2.0,1.0,7.0,5.0,2.0,1.0,1.0,Independent,Male,BA+,18-29,1.0
Causal evidence,1.0,87.0,1.0,1.0,3.0,1.0,3.0,1.0,6.0,4.0,2.0,1.0,1.0,Democrat,Female,BA+,30-44,2.0
Control (unrelated text),1.0,95.0,1.0,1.0,2.0,1.0,2.0,1.0,10.0,4.0,1.0,1.0,1.0,Democrat,Male,BA+,30-44,3.0
Control (unrelated text),1.0,98.0,2.0,1.0,1.0,1.0,1.0,2.0,8.0,5.0,2.0,1.0,2.0,Democrat,Male,Some college,60+,3.0
Scientific consensus,1.0,100.0,1.0,1.0,3.0,1.0,3.0,1.0,7.0,5.0,1.0,1.0,1.0,Democrat,Male,BA+,18-29,1.0
Control (unrelated text),2.0,93.0,1.0,1.0,2.0,1.0,2.0,1.0,9.0,7.0,1.0,2.0,1.0,Democrat,Male,BA+,30-44,3.0
Control (unrelated text),1.0,90.0,1.0,1.0,2.0,1.0,2.0,1.0,8.0,5.0,1.0,1.0,1.0,Democrat,Male,No degree,18-29,3.0
Control (unrelated text),1.0,61.0,2.0,1.0,1.0,2.0,1.0,1.0,10.0,8.0,2.0,1.0,2.0,Republican,Female,BA+,60+,3.0
Scientific consensus,1.0,97.0,1.0,1.0,2.0,1.0,2.0,1.0,7.0,5.0,2.0,1.0,1.0,Democrat,Female,BA+,30-44,1.0
Control (unrelated text),2.0,90.0,1.0,1.0,2.0,1.0,3.0,1.0,8.0,6.0,1.0,2.0,1.0,Independent,Male,No degree,18-29,3.0
Control (unrelated text),3.0,63.0,2.0,1.0,1.0,1.0,1.0,1.0,9.0,7.0,2.0,3.0,2.0,Republican,Male,No degree,18-29,3.0
Scientific consensus,1.0,97.0,1.0,1.0,3.0,1.0,3.0,1.0,7.0,4.0,1.0,1.0,1.0,Democrat,Female,No degree,30-44,1.0
Scientific consensus,1.0,97.0,1.0,1.0,3.0,1.0,3.0,1.0,7.0,4.0,1.0,1.0,1.0,Democrat,Female,BA+,45-59,1.0
Causal evidence,2.0,90.0,2.0,2.0,2.0,2.0,2.0,4.0,12.0,10.0,3.0,2.0,2.0,Republican,Male,No degree,18-29,1.0
Control (unrelated text),2.0,85.0,2.0,1.0,2.0,2.0,2.0,2.0,7.0,5.0,2.0,2.0,2.0,Independent,Female,BA+,30-44,3.0
Control (unrelated text),2.0,85.0,1.0,1.0,3.0,1.0,2.0,1.0,7.0,4.0,2.0,2.0,1.0,Democrat,Male,BA+,30-44,3.0
Causal evidence,2.0,75.0,1.0,1.0,3.0,1.0,2.0,3.0,10.0,6.0,2.0,3.0,2.0,Republican,Female,BA+,60+,2.0
Causal evidence,3.0,50.0,3.0,3.0,1.0,3.0,3.0,4.0,10.0,8.0,3.0,3.0,3.0,Republican,Female,BA+,45-59,2.0
Scientific consensus,1.0,97.0,1.0,1.0,3.0,1.0,3.0,1.0,6.0,4.0,1.0,1.0,1.0,Democrat,Male,No degree,60+,1.0
Control (unrelated text),1.0,80.0,2.0,2.0,2.0,2.0,1.0,2.0,8.0,5.0,2.0,1.0,2.0,Democrat,Female,BA+,30-44,3.0
Causal evidence,1.0,100.0,1.0,1.0,3.0,1.0,3.0,1.0,6.0,4.0,1.0,1.0,1.0,Democrat,Female,BA+,30-44,2.0
Control (unrelated text),1.0,95.0,1.0,1.0,2.0,1.0,2.0,1.0,6.0,4.0,1.0,1.0,1.0,Democrat,Female,No degree,45-59,3.0
Control (unrelated text),1.0,97.0,1.0,1.0,2.0,1.0,1.0,1.0,7.0,5.0,2.0,1.0,1.0,Democrat,Male,No degree,45-59,3.0
Causal evidence,2.0,,2.0,2.0,2.0,2.0,2.0,3.0,9.0,7.0,2.0,2.0,2.0,Independent,Female,No degree,18-29,2.0
Control (unrelated text),2.0,95.0,1.0,1.0,2.0,2.0,2.0,1.0,10.0,6.0,1.0,2.0,1.0,Independent,Male,No degree,30-44,3.0
Causal evidence,1.0,90.0,1.0,1.0,3.0,1.0,3.0,1.0,6.0,4.0,1.0,1.0,1.0,Democrat,Female,BA+,30-44,2.0
Control (unrelated text),2.0,80.0,1.0,1.0,2.0,1.0,2.0,2.0,7.0,7.0,2.0,2.0,1.0,Independent,Female,No degree,18-29,3.0
Causal evidence,3.0,40.0,3.0,2.0,2.0,3.0,2.0,4.0,12.0,10.0,3.0,3.0,3.0,Republican,Male,Some college,60+,2.0
Scientific consensus,1.0,97.0,1.0,1.0,2.0,1.0,3.0,1.0,6.0,4.0,1.0,1.0,1.0,Democrat,Female,BA+,60+,1.0
Causal evidence,1.0,87.0,1.0,1.0,3.0,1.0,3.0,1.0,7.0,4.0,1.0,1.0,1.0,Democrat,Male,BA+,30-44,2.0
Control (unrelated text),1.0,90.0,1.0,1.0,2.0,1.0,2.0,1.0,7.0,4.0,1.0,1.0,1.0,Democrat,Male,BA+,30-44,3.0
Causal evidence,2.0,81.0,1.0,1.0,2.0,1.0,2.0,3.0,7.0,7.0,2.0,2.0,2.0,Democrat,Male,No degree,30-44,2.0
Scientific consensus,2.0,97.0,1.0,1.0,2.0,1.0,2.0,1.0,6.0,4.0,1.0,1.0,1.0,Democrat,Male,No degree,18-29,1.0
Control (unrelated text),3.0,31.0,2.0,2.0,2.0,2.0,2.0,3.0,9.0,7.0,3.0,3.0,2.0,Democrat,Female,Some college,45-59,3.0
Causal evidence,1.0,90.0,1.0,1.0,3.0,1.0,3.0,1.0,7.0,4.0,2.0,1.0,1.0,Democrat,Female,No degree,45-59,2.0
Scientific consensus,1.0,97.0,1.0,1.0,3.0,1.0,3.0,1.0,6.0,4.0,1.0,1.0,1.0,Democrat,Male,Some college,60+,1.0
Control (unrelated text),1.0,99.0,1.0,1.0,3.0,1.0,2.0,1.0,6.0,4.0,1.0,1.0,1.0,Democrat,Male,BA+,30-44,3.0
Control (unrelated text),2.0,80.0,2.0,2.0,2.0,3.0,3.0,3.0,9.0,6.0,2.0,2.0,2.0,Republican,Female,BA+,18-29,3.0
Causal evidence,2.0,80.0,1.0,1.0,2.0,2.0,2.0,1.0,7.0,5.0,2.0,2.0,1.0,Democrat,Male,BA+,30-44,2.0
Causal evidence,1.0,99.0,1.0,2.0,3.0,1.0,3.0,1.0,8.0,4.0,1.0,1.0,1.0,Democrat,Male,No degree,45-59,2.0
Scientific consensus,3.0,75.0,2.0,2.0,1.0,2.0,1.0,4.0,10.0,8.0,2.0,3.0,2.0,Independent,Male,BA+,60+,1.0
Control (unrelated text),2.0,80.0,1.0,1.0,2.0,1.0,2.0,1.0,8.0,5.0,1.0,2.0,1.0,Democrat,Male,Some college,45-59,3.0
Causal evidence,1.0,85.0,1.0,1.0,3.0,1.0,2.0,1.0,6.0,5.0,2.0,1.0,1.0,Democrat,Female,No degree,45-59,2.0
Causal evidence,3.0,67.0,1.0,1.0,3.0,2.0,3.0,1.0,6.0,4.0,2.0,3.0,1.0,Democrat,Male,BA+,45-59,2.0
Scientific consensus,2.0,97.0,1.0,1.0,2.0,1.0,3.0,2.0,7.0,5.0,2.0,2.0,1.0,Democrat,Male,No degree,30-44,1.0
Causal evidence,2.0,69.0,2.0,2.0,2.0,2.0,3.0,3.0,8.0,5.0,2.0,2.0,2.0,Democrat,Male,Some college,18-29,2.0
Causal evidence,2.0,24.0,1.0,2.0,3.0,2.0,3.0,2.0,9.0,5.0,2.0,2.0,1.0,Independent,Female,Some college,45-59,2.0
Control (unrelated text),2.0,77.0,1.0,2.0,2.0,2.0,1.0,2.0,8.0,6.0,2.0,1.0,1.0,Democrat,Female,BA+,18-29,1.0
Scientific consensus,1.0,97.0,1.0,1.0,3.0,1.0,3.0,1.0,6.0,4.0,1.0,1.0,1.0,Democrat,Male,BA+,18-29,2.0
Control (unrelated text),3.0,60.0,1.0,1.0,3.0,1.0,3.0,1.0,6.0,6.0,1.0,2.0,1.0,Republican,Female,No degree,30-44,3.0
Scientific consensus,1.0,97.0,1.0,1.0,2.0,1.0,1.0,1.0,7.0,4.0,1.0,1.0,1.0,Democrat,Female,BA+,45-59,1.0
Control (unrelated text),1.0,93.0,1.0,1.0,2.0,1.0,1.0,1.0,8.0,4.0,1.0,1.0,1.0,Democrat,Female,BA+,60+,3.0
Scientific consensus,1.0,97.0,1.0,1.0,3.0,1.0,3.0,1.0,6.0,4.0,2.0,1.0,1.0,Democrat,Female,No degree,30-44,1.0
Causal evidence,1.0,98.0,1.0,1.0,2.0,1.0,2.0,1.0,6.0,4.0,1.0,1.0,1.0,Democrat,Male,No degree,30-44,2.0
Control (unrelated text),2.0,83.0,1.0,1.0,2.0,1.0,1.0,1.0,7.0,7.0,2.0,2.0,1.0,Independent,Female,Some college,30-44,3.0
Control (unrelated text),3.0,90.0,2.0,2.0,1.0,2.0,2.0,2.0,8.0,6.0,2.0,2.0,2.0,Republican,Female,Some college,30-44,1.0
Causal evidence,1.0,50.0,1.0,1.0,1.0,2.0,2.0,1.0,6.0,4.0,1.0,1.0,1.0,Democrat,Male,No degree,30-44,2.0
Control (unrelated text),1.0,86.0,2.0,1.0,2.0,1.0,1.0,2.0,8.0,5.0,1.0,1.0,2.0,Democrat,Female,Some college,30-44,3.0
Scientific consensus,1.0,97.0,1.0,1.0,2.0,1.0,2.0,1.0,6.0,4.0,1.0,1.0,1.0,Democrat,Male,No degree,18-29,1.0
Causal evidence,1.0,100.0,1.0,1.0,3.0,1.0,4.0,1.0,8.0,4.0,1.0,1.0,1.0,Independent,Male,No degree,18-29,2.0
Scientific consensus,1.0,97.0,1.0,1.0,3.0,1.0,3.0,1.0,7.0,4.0,2.0,1.0,1.0,Democrat,Female,BA+,30-44,1.0
Causal evidence,1.0,81.0,1.0,1.0,2.0,2.0,2.0,1.0,9.0,7.0,2.0,2.0,1.0,Democrat,Female,BA+,30-44,1.0
Control (unrelated text),1.0,99.0,1.0,1.0,2.0,1.0,3.0,1.0,6.0,4.0,1.0,1.0,1.0,Democrat,Female,Some college,30-44,3.0
Scientific consensus,1.0,98.0,1.0,2.0,3.0,1.0,2.0,1.0,8.0,5.0,1.0,1.0,1.0,Democrat,Female,BA+,30-44,2.0
Scientific consensus,1.0,97.0,1.0,1.0,4.0,1.0,3.0,1.0,6.0,4.0,1.0,1.0,1.0,Democrat,Male,BA+,30-44,1.0
Scientific consensus,1.0,97.0,1.0,1.0,2.0,1.0,2.0,1.0,8.0,4.0,1.0,1.0,2.0,Democrat,Male,BA+,60+,1.0
Control (unrelated text),1.0,97.0,1.0,1.0,3.0,1.0,3.0,2.0,9.0,6.0,2.0,1.0,1.0,Republican,Female,Some college,45-59,3.0
Control (unrelated text),3.0,76.0,3.0,3.0,2.0,2.0,2.0,3.0,10.0,7.0,3.0,2.0,3.0,Independent,Male,No degree,18-29,3.0
Causal evidence,1.0,100.0,1.0,1.0,3.0,1.0,3.0,1.0,6.0,5.0,1.0,1.0,1.0,Democrat,Male,BA+,18-29,2.0
Scientific consensus,1.0,97.0,1.0,1.0,3.0,1.0,3.0,1.0,7.0,4.0,1.0,1.0,1.0,Democrat,Male,BA+,45-59,1.0
Scientific consensus,2.0,93.0,1.0,1.0,3.0,1.0,2.0,1.0,9.0,6.0,2.0,2.0,1.0,Democrat,Male,No degree,18-29,1.0
Scientific consensus,2.0,97.0,1.0,1.0,2.0,1.0,2.0,1.0,7.0,5.0,2.0,2.0,2.0,Democrat,Female,BA+,45-59,2.0
Causal evidence,3.0,33.0,1.0,1.0,2.0,3.0,3.0,3.0,9.0,7.0,2.0,2.0,1.0,Independent,Male,No degree,18-29,2.0
Control (unrelated text),1.0,98.0,1.0,1.0,3.0,1.0,4.0,1.0,7.0,4.0,2.0,1.0,1.0,Democrat,Female,No degree,30-44,3.0
Scientific consensus,1.0,95.0,1.0,1.0,3.0,1.0,3.0,2.0,7.0,5.0,1.0,1.0,1.0,Democrat,Male,BA+,30-44,1.0
Scientific consensus,1.0,80.0,1.0,1.0,1.0,1.0,2.0,1.0,8.0,7.0,2.0,2.0,2.0,Independent,Female,No degree,45-59,2.0
Causal evidence,2.0,60.0,2.0,2.0,2.0,2.0,2.0,2.0,7.0,7.0,2.0,2.0,2.0,Independent,Female,No degree,30-44,2.0
Scientific consensus,2.0,97.0,3.0,2.0,1.0,2.0,2.0,3.0,12.0,10.0,3.0,2.0,3.0,Republican,Female,BA+,60+,1.0
Control (unrelated text),2.0,87.0,2.0,1.0,2.0,2.0,2.0,2.0,7.0,4.0,1.0,2.0,2.0,Democrat,Female,No degree,60+,3.0
Scientific consensus,1.0,87.0,1.0,1.0,2.0,1.0,2.0,1.0,8.0,5.0,2.0,1.0,1.0,Democrat,Female,No degree,30-44,1.0
Causal evidence,1.0,80.0,1.0,1.0,2.0,1.0,2.0,1.0,6.0,4.0,1.0,2.0,2.0,Democrat,Female,Some college,30-44,2.0
Control (unrelated text),4.0,85.0,3.0,2.0,1.0,3.0,1.0,5.0,12.0,10.0,4.0,4.0,3.0,Republican,Male,BA+,18-29,3.0
Causal evidence,1.0,100.0,1.0,1.0,4.0,1.0,4.0,1.0,6.0,4.0,1.0,1.0,1.0,Democrat,Female,BA+,18-29,2.0
Causal evidence,2.0,91.0,2.0,2.0,2.0,1.0,1.0,3.0,8.0,6.0,2.0,2.0,2.0,Democrat,Female,BA+,60+,2.0
Causal evidence,1.0,97.0,1.0,1.0,3.0,1.0,4.0,1.0,7.0,5.0,2.0,1.0,1.0,Democrat,Male,BA+,18-29,2.0
Control (unrelated text),1.0,98.0,1.0,1.0,3.0,1.0,3.0,1.0,6.0,4.0,1.0,1.0,1.0,Democrat,Male,No degree,18-29,3.0
Scientific consensus,2.0,97.0,1.0,1.0,2.0,1.0,2.0,2.0,8.0,6.0,2.0,2.0,1.0,Independent,Female,BA+,45-59,1.0
Scientific consensus,2.0,95.0,1.0,1.0,1.0,1.0,1.0,1.0,7.0,7.0,1.0,2.0,2.0,Democrat,Female,No degree,18-29,1.0
Scientific consensus,1.0,97.0,1.0,2.0,3.0,1.0,2.0,1.0,8.0,5.0,2.0,2.0,2.0,Democrat,Male,BA+,30-44,2.0
Causal evidence,3.0,97.0,1.0,2.0,3.0,1.0,3.0,4.0,12.0,10.0,4.0,2.0,2.0,Republican,Male,BA+,60+,2.0
Scientific consensus,1.0,97.0,1.0,1.0,3.0,1.0,3.0,1.0,7.0,4.0,1.0,1.0,1.0,Democrat,Male,BA+,18-29,1.0
Control (unrelated text),1.0,91.0,1.0,1.0,2.0,1.0,3.0,1.0,6.0,4.0,1.0,1.0,1.0,Democrat,Male,BA+,30-44,3.0
Control (unrelated text),2.0,65.0,2.0,2.0,2.0,1.0,2.0,2.0,8.0,5.0,2.0,2.0,2.0,Democrat,Female,No degree,45-59,3.0
Causal evidence,2.0,89.0,1.0,1.0,3.0,1.0,3.0,2.0,9.0,7.0,2.0,2.0,1.0,Republican,Female,BA+,45-59,2.0
Scientific consensus,1.0,97.0,1.0,1.0,3.0,1.0,3.0,1.0,6.0,4.0,1.0,1.0,1.0,Democrat,Male,BA+,30-44,1.0
Causal evidence,1.0,97.0,1.0,1.0,3.0,1.0,3.0,2.0,7.0,4.0,2.0,1.0,1.0,Democrat,Male,BA+,60+,2.0
Control (unrelated text),1.0,80.0,1.0,1.0,2.0,1.0,3.0,1.0,7.0,4.0,1.0,1.0,1.0,Democrat,Male,BA+,30-44,3.0
Control (unrelated text),2.0,69.0,1.0,1.0,2.0,1.0,2.0,1.0,7.0,6.0,1.0,2.0,1.0,Democrat,Male,BA+,30-44,3.0
Control (unrelated text),2.0,51.0,3.0,2.0,1.0,2.0,2.0,3.0,9.0,7.0,3.0,3.0,3.0,Republican,Male,Some college,45-59,3.0
Scientific consensus,1.0,63.0,1.0,1.0,1.0,1.0,2.0,1.0,6.0,5.0,2.0,2.0,1.0,Democrat,Male,BA+,18-29,2.0
Causal evidence,2.0,70.0,1.0,2.0,1.0,2.0,2.0,3.0,9.0,8.0,2.0,3.0,2.0,Republican,Female,BA+,18-29,2.0
Causal evidence,3.0,86.0,2.0,1.0,2.0,2.0,2.0,5.0,12.0,10.0,4.0,3.0,2.0,Republican,Female,No degree,60+,2.0
Causal evidence,1.0,98.0,1.0,1.0,2.0,1.0,3.0,1.0,6.0,4.0,1.0,1.0,1.0,Democrat,Male,BA+,30-44,2.0
Scientific consensus,3.0,97.0,3.0,3.0,2.0,2.0,2.0,5.0,12.0,10.0,4.0,3.0,3.0,Independent,Male,BA+,30-44,1.0
Causal evidence,1.0,95.0,1.0,1.0,3.0,1.0,3.0,1.0,7.0,4.0,1.0,1.0,1.0,Democrat,Male,No degree,30-44,2.0
Scientific consensus,1.0,95.0,1.0,1.0,2.0,1.0,1.0,1.0,8.0,4.0,1.0,1.0,1.0,Democrat,Male,BA+,60+,1.0
Scientific consensus,1.0,97.0,1.0,1.0,3.0,1.0,3.0,1.0,7.0,4.0,2.0,1.0,1.0,Democrat,Female,BA+,45-59,1.0
Control (unrelated text),2.0,81.0,2.0,2.0,2.0,2.0,2.0,4.0,9.0,7.0,4.0,2.0,2.0,Democrat,Female,BA+,30-44,3.0
Control (unrelated text),2.0,67.0,2.0,2.0,2.0,2.0,2.0,2.0,9.0,7.0,2.0,2.0,2.0,Democrat,Female,No degree,18-29,2.0
Causal evidence,1.0,76.0,1.0,1.0,3.0,2.0,3.0,1.0,7.0,7.0,1.0,1.0,1.0,Democrat,Female,No degree,18-29,2.0
Causal evidence,1.0,98.0,1.0,1.0,3.0,1.0,2.0,1.0,7.0,4.0,1.0,1.0,1.0,Democrat,Male,BA+,45-59,2.0
Scientific consensus,1.0,97.0,1.0,1.0,4.0,1.0,4.0,1.0,6.0,4.0,1.0,2.0,1.0,Independent,Female,BA+,60+,1.0
Causal evidence,1.0,97.0,1.0,1.0,4.0,1.0,4.0,1.0,6.0,4.0,1.0,1.0,1.0,Democrat,Male,BA+,60+,2.0
Scientific consensus,2.0,93.0,1.0,2.0,2.0,1.0,2.0,2.0,11.0,4.0,3.0,2.0,1.0,Democrat,Female,BA+,30-44,1.0
Control (unrelated text),2.0,74.0,1.0,1.0,2.0,1.0,3.0,1.0,6.0,4.0,1.0,2.0,1.0,Democrat,Female,No degree,60+,3.0
Scientific consensus,1.0,97.0,1.0,1.0,2.0,1.0,2.0,1.0,6.0,,1.0,1.0,1.0,Democrat,Male,BA+,30-44,1.0
Control (unrelated text),1.0,90.0,1.0,1.0,3.0,1.0,2.0,1.0,6.0,4.0,1.0,1.0,1.0,Democrat,Female,BA+,18-29,3.0
Scientific consensus,1.0,97.0,1.0,2.0,1.0,1.0,2.0,4.0,12.0,7.0,3.0,2.0,3.0,Democrat,Female,No degree,30-44,1.0
Scientific consensus,2.0,97.0,2.0,3.0,3.0,2.0,3.0,3.0,11.0,8.0,2.0,2.0,2.0,Republican,Male,No degree,30-44,1.0
Control (unrelated text),2.0,78.0,1.0,1.0,3.0,1.0,1.0,2.0,11.0,5.0,1.0,1.0,1.0,Democrat,Female,BA+,30-44,3.0
Control (unrelated text),1.0,81.0,1.0,1.0,1.0,1.0,1.0,1.0,6.0,4.0,1.0,1.0,1.0,Democrat,Female,BA+,30-44,3.0
Control (unrelated text),1.0,95.0,1.0,1.0,2.0,1.0,1.0,1.0,7.0,4.0,1.0,1.0,1.0,Democrat,Female,BA+,30-44,3.0
Scientific consensus,1.0,97.0,1.0,1.0,3.0,1.0,2.0,1.0,6.0,4.0,1.0,1.0,1.0,Democrat,Female,BA+,18-29,1.0
Control (unrelated text),1.0,86.0,2.0,1.0,2.0,1.0,2.0,2.0,6.0,4.0,1.0,1.0,1.0,Democrat,Female,No degree,60+,3.0
Causal evidence,1.0,88.0,1.0,1.0,3.0,1.0,3.0,1.0,7.0,5.0,1.0,1.0,1.0,Democrat,Male,BA+,18-29,2.0
Scientific consensus,3.0,97.0,3.0,3.0,1.0,3.0,1.0,5.0,12.0,10.0,4.0,3.0,3.0,Independent,Male,Some college,30-44,1.0
Causal evidence,2.0,75.0,1.0,1.0,4.0,1.0,1.0,1.0,10.0,7.0,1.0,2.0,1.0,Independent,Female,BA+,45-59,2.0
Scientific consensus,2.0,93.0,2.0,2.0,2.0,1.0,2.0,2.0,9.0,8.0,2.0,2.0,2.0,Democrat,Male,No degree,60+,1.0
Scientific consensus,1.0,97.0,2.0,1.0,2.0,1.0,2.0,1.0,6.0,4.0,1.0,2.0,1.0,Democrat,Male,BA+,30-44,1.0
Causal evidence,1.0,81.0,1.0,1.0,2.0,1.0,2.0,1.0,8.0,4.0,1.0,1.0,1.0,Democrat,Female,BA+,60+,2.0
Causal evidence,2.0,81.0,1.0,1.0,2.0,1.0,2.0,2.0,7.0,5.0,2.0,2.0,2.0,Independent,Male,BA+,30-44,2.0
Control (unrelated text),2.0,70.0,2.0,2.0,2.0,2.0,2.0,2.0,7.0,5.0,2.0,2.0,2.0,Independent,Female,,30-44,3.0
Scientific consensus,1.0,97.0,1.0,1.0,3.0,1.0,4.0,1.0,7.0,4.0,2.0,1.0,1.0,Democrat,Male,No degree,30-44,1.0
Causal evidence,1.0,100.0,1.0,1.0,3.0,1.0,3.0,1.0,6.0,4.0,1.0,1.0,1.0,Democrat,Female,BA+,60+,2.0
Scientific consensus,2.0,75.0,1.0,2.0,2.0,1.0,1.0,1.0,7.0,4.0,1.0,1.0,1.0,Democrat,Male,BA+,30-44,2.0
Scientific consensus,1.0,95.0,1.0,1.0,2.0,1.0,2.0,1.0,6.0,7.0,2.0,1.0,1.0,Independent,Male,BA+,30-44,1.0
Control (unrelated text),2.0,91.0,1.0,1.0,3.0,1.0,4.0,1.0,6.0,4.0,1.0,2.0,1.0,Democrat,Male,No degree,45-59,3.0
Control (unrelated text),1.0,97.0,1.0,1.0,4.0,1.0,4.0,1.0,10.0,4.0,1.0,1.0,1.0,Democrat,Female,BA+,30-44,3.0
Scientific consensus,1.0,97.0,1.0,1.0,3.0,1.0,3.0,1.0,7.0,4.0,1.0,1.0,1.0,Democrat,Female,BA+,30-44,1.0
Causal evidence,1.0,68.0,1.0,1.0,2.0,1.0,2.0,1.0,6.0,4.0,1.0,1.0,1.0,Democrat,Female,BA+,30-44,2.0
Scientific consensus,1.0,58.0,1.0,1.0,1.0,1.0,1.0,1.0,6.0,4.0,1.0,3.0,2.0,Republican,Male,BA+,30-44,1.0
Causal evidence,1.0,98.0,1.0,1.0,3.0,1.0,3.0,1.0,6.0,4.0,1.0,1.0,1.0,Independent,Male,No degree,30-44,2.0
Causal evidence,2.0,61.0,3.0,2.0,1.0,2.0,2.0,4.0,12.0,9.0,4.0,2.0,3.0,Republican,Male,BA+,18-29,2.0
Control (unrelated text),1.0,100.0,1.0,1.0,2.0,1.0,2.0,1.0,7.0,4.0,1.0,1.0,1.0,Democrat,Female,No degree,18-29,3.0
Control (unrelated text),2.0,70.0,2.0,2.0,1.0,2.0,1.0,2.0,9.0,5.0,2.0,2.0,2.0,Republican,Male,BA+,45-59,3.0
Control (unrelated text),1.0,99.0,1.0,1.0,3.0,1.0,3.0,1.0,7.0,4.0,2.0,1.0,1.0,Democrat,Female,BA+,30-44,3.0
Scientific consensus,1.0,97.0,1.0,1.0,3.0,1.0,3.0,1.0,7.0,5.0,2.0,1.0,1.0,Democrat,Female,BA+,18-29,1.0
Scientific consensus,1.0,97.0,1.0,1.0,2.0,1.0,2.0,1.0,7.0,5.0,1.0,2.0,2.0,Independent,Male,BA+,30-44,2.0
Causal evidence,1.0,97.0,1.0,1.0,3.0,1.0,4.0,1.0,6.0,4.0,1.0,1.0,1.0,Democrat,Male,BA+,18-29,2.0
Causal evidence,4.0,86.0,1.0,2.0,2.0,2.0,2.0,2.0,12.0,10.0,3.0,4.0,1.0,Independent,Male,BA+,30-44,2.0
Scientific consensus,1.0,97.0,1.0,1.0,3.0,1.0,2.0,2.0,7.0,5.0,2.0,1.0,1.0,Democrat,Male,BA+,30-44,1.0
Control (unrelated text),1.0,75.0,1.0,1.0,2.0,2.0,2.0,1.0,7.0,7.0,1.0,1.0,1.0,Independent,Female,BA+,30-44,3.0
Causal evidence,2.0,85.0,1.0,1.0,2.0,2.0,3.0,1.0,8.0,5.0,1.0,1.0,1.0,Democrat,Male,BA+,45-59,2.0
Causal evidence,1.0,79.0,1.0,2.0,1.0,1.0,1.0,1.0,7.0,5.0,1.0,2.0,1.0,Democrat,Male,BA+,18-29,2.0
Scientific consensus,1.0,97.0,1.0,1.0,3.0,1.0,2.0,1.0,7.0,4.0,2.0,1.0,1.0,Democrat,Male,BA+,45-59,1.0
Scientific consensus,2.0,97.0,1.0,1.0,2.0,1.0,2.0,2.0,7.0,5.0,2.0,2.0,1.0,Democrat,Female,BA+,60+,1.0
Causal evidence,1.0,81.0,1.0,1.0,3.0,1.0,3.0,1.0,6.0,4.0,1.0,1.0,1.0,Democrat,Female,No degree,45-59,2.0
Scientific consensus,2.0,97.0,1.0,1.0,2.0,1.0,2.0,1.0,9.0,7.0,3.0,2.0,2.0,Republican,Female,BA+,30-44,1.0
Control (unrelated text),1.0,100.0,1.0,1.0,2.0,1.0,2.0,1.0,6.0,4.0,2.0,1.0,1.0,Democrat,Female,No degree,18-29,3.0
Control (unrelated text),1.0,99.0,1.0,1.0,4.0,1.0,4.0,1.0,8.0,4.0,2.0,1.0,1.0,Democrat,Male,BA+,30-44,3.0
Control (unrelated text),1.0,68.0,2.0,2.0,2.0,2.0,3.0,2.0,8.0,4.0,2.0,1.0,2.0,Democrat,Male,BA+,45-59,3.0
Scientific consensus,2.0,97.0,2.0,2.0,2.0,2.0,2.0,2.0,9.0,5.0,2.0,2.0,2.0,Democrat,Female,BA+,,1.0
Causal evidence,1.0,91.0,1.0,2.0,2.0,1.0,3.0,1.0,6.0,7.0,2.0,1.0,2.0,Democrat,Female,BA+,45-59,2.0
Scientific consensus,2.0,70.0,1.0,1.0,2.0,1.0,2.0,1.0,7.0,5.0,1.0,2.0,1.0,Democrat,Female,No degree,30-44,1.0
Causal evidence,1.0,92.0,1.0,1.0,1.0,1.0,2.0,1.0,12.0,9.0,1.0,1.0,2.0,Independent,Male,BA+,30-44,2.0
Causal evidence,2.0,90.0,1.0,1.0,2.0,1.0,2.0,1.0,6.0,4.0,1.0,2.0,1.0,Democrat,Male,BA+,30-44,2.0
Control (unrelated text),1.0,85.0,1.0,1.0,3.0,1.0,3.0,1.0,9.0,4.0,1.0,1.0,1.0,Republican,Male,No degree,45-59,3.0
Scientific consensus,2.0,97.0,1.0,1.0,4.0,1.0,3.0,1.0,8.0,5.0,2.0,2.0,1.0,Democrat,Female,BA+,18-29,1.0
Control (unrelated text),1.0,99.0,1.0,1.0,4.0,1.0,4.0,1.0,7.0,4.0,1.0,1.0,1.0,Democrat,Male,BA+,30-44,3.0
Control (unrelated text),1.0,99.0,1.0,1.0,2.0,1.0,3.0,1.0,6.0,4.0,1.0,1.0,1.0,Independent,Male,Some college,30-44,3.0
Scientific consensus,1.0,91.0,1.0,1.0,3.0,1.0,3.0,1.0,6.0,6.0,1.0,1.0,1.0,Republican,Male,BA+,18-29,2.0
Causal evidence,2.0,81.0,1.0,2.0,3.0,2.0,3.0,3.0,8.0,7.0,2.0,2.0,2.0,Democrat,Male,No degree,60+,2.0
Scientific consensus,2.0,90.0,1.0,1.0,2.0,1.0,2.0,1.0,8.0,7.0,1.0,2.0,1.0,Republican,Female,BA+,30-44,2.0
Causal evidence,1.0,89.0,1.0,2.0,3.0,1.0,3.0,2.0,7.0,4.0,2.0,1.0,1.0,Democrat,Female,BA+,30-44,2.0
Control (unrelated text),1.0,89.0,1.0,1.0,2.0,1.0,1.0,1.0,7.0,5.0,1.0,1.0,1.0,Democrat,Female,BA+,30-44,3.0
Causal evidence,1.0,90.0,1.0,1.0,3.0,1.0,3.0,1.0,7.0,8.0,1.0,2.0,1.0,Democrat,Male,Some college,30-44,2.0
Scientific consensus,1.0,100.0,1.0,1.0,3.0,1.0,1.0,1.0,6.0,4.0,1.0,1.0,1.0,Democrat,Female,BA+,30-44,2.0
Control (unrelated text),1.0,99.0,1.0,1.0,2.0,1.0,2.0,1.0,6.0,4.0,2.0,1.0,1.0,Democrat,Female,No degree,30-44,3.0
Control (unrelated text),3.0,82.0,3.0,3.0,1.0,3.0,1.0,5.0,11.0,10.0,3.0,3.0,3.0,Independent,Female,No degree,18-29,3.0
Causal evidence,1.0,95.0,1.0,1.0,3.0,1.0,4.0,1.0,7.0,5.0,1.0,1.0,1.0,Democrat,Female,BA+,60+,2.0
Causal evidence,2.0,73.0,1.0,1.0,3.0,1.0,3.0,1.0,8.0,7.0,2.0,2.0,2.0,Republican,Male,BA+,30-44,2.0
Control (unrelated text),2.0,91.0,1.0,2.0,2.0,2.0,2.0,1.0,11.0,8.0,2.0,2.0,1.0,Democrat,Male,BA+,30-44,3.0
Causal evidence,2.0,75.0,1.0,1.0,3.0,1.0,3.0,2.0,9.0,7.0,2.0,2.0,1.0,Republican,Male,No degree,18-29,2.0
Scientific consensus,2.0,25.0,2.0,1.0,2.0,2.0,2.0,2.0,8.0,6.0,1.0,2.0,2.0,Independent,Female,No degree,45-59,2.0
Causal evidence,2.0,72.0,2.0,2.0,2.0,2.0,2.0,2.0,7.0,5.0,2.0,2.0,2.0,Democrat,Male,Some college,30-44,2.0
Scientific consensus,1.0,97.0,1.0,1.0,3.0,1.0,3.0,1.0,6.0,4.0,1.0,1.0,1.0,Democrat,Female,BA+,30-44,1.0
Control (unrelated text),2.0,85.0,2.0,2.0,1.0,2.0,1.0,3.0,8.0,5.0,2.0,2.0,2.0,Republican,Male,BA+,30-44,3.0
Causal evidence,3.0,80.0,1.0,2.0,2.0,2.0,2.0,3.0,11.0,9.0,3.0,3.0,2.0,Democrat,Male,BA+,30-44,2.0
Causal evidence,1.0,95.0,1.0,1.0,3.0,1.0,3.0,1.0,6.0,4.0,2.0,1.0,1.0,Democrat,Male,No degree,30-44,2.0
Scientific consensus,3.0,100.0,1.0,1.0,3.0,1.0,3.0,1.0,6.0,4.0,1.0,3.0,1.0,Independent,Female,No degree,18-29,2.0
Causal evidence,,,,,,,,,,,,2.0,1.0,Republican,Male,BA+,18-29,
Control (unrelated text),2.0,60.0,1.0,1.0,1.0,2.0,2.0,3.0,7.0,6.0,1.0,2.0,2.0,Republican,Male,Some college,18-29,3.0
Control (unrelated text),4.0,70.0,3.0,3.0,1.0,4.0,1.0,5.0,12.0,10.0,3.0,4.0,3.0,Republican,Female,No degree,45-59,3.0
Control (unrelated text),1.0,95.0,1.0,1.0,3.0,1.0,3.0,1.0,8.0,4.0,1.0,1.0,1.0,Democrat,Male,BA+,60+,3.0
Control (unrelated text),2.0,80.0,1.0,1.0,3.0,1.0,3.0,1.0,6.0,4.0,1.0,1.0,1.0,Independent,Male,BA+,30-44,3.0
Control (unrelated text),1.0,96.0,2.0,1.0,2.0,1.0,1.0,1.0,8.0,4.0,1.0,1.0,2.0,Democrat,Male,Some college,45-59,3.0
Causal evidence,1.0,99.0,1.0,1.0,4.0,1.0,4.0,1.0,7.0,4.0,1.0,1.0,1.0,Democrat,Male,BA+,30-44,2.0
Scientific consensus,1.0,97.0,1.0,1.0,3.0,1.0,4.0,1.0,6.0,4.0,1.0,1.0,1.0,Democrat,Male,BA+,30-44,1.0
